# Blender v3.1.2 OBJ File: 'EmGii Sub-18-P.blend'
# www.blender.org
mtllib EmGiiSub-18-P.mtl
o BassBox_Cube.001
v 0.280000 0.280000 -0.240000
v 0.280000 -0.280000 -0.240000
v 0.280000 0.280000 0.240000
v 0.280000 -0.280000 0.240000
v 0.300000 0.290000 -0.240000
v 0.300000 0.290000 0.240000
v 0.300000 -0.280000 0.250000
v 0.300000 0.280000 0.250000
v 0.300000 0.290000 0.250000
v 0.300000 -0.280000 -0.250000
v 0.300000 0.280000 -0.250000
v 0.300000 0.290000 -0.250000
v 0.300000 -0.290000 0.240000
v 0.300000 -0.290000 -0.240000
v 0.300000 -0.290000 0.250000
v 0.300000 -0.290000 -0.250000
v 0.290000 0.290000 -0.240000
v 0.290000 0.280000 -0.240000
v 0.290000 0.290000 0.240000
v 0.290000 0.280000 0.240000
v 0.290000 -0.280000 -0.240000
v 0.290000 -0.280000 0.240000
v 0.290000 -0.280000 -0.250000
v 0.290000 0.280000 -0.250000
v 0.290000 0.290000 -0.250000
v 0.290000 -0.280000 0.250000
v 0.290000 0.280000 0.250000
v 0.290000 0.290000 0.250000
v 0.290000 -0.290000 0.240000
v 0.290000 -0.290000 -0.240000
v 0.290000 -0.290000 0.250000
v 0.290000 -0.290000 -0.250000
v -0.075000 -0.280000 -0.300000
v -0.075000 0.280000 -0.300000
v -0.075000 0.290000 -0.300000
v -0.075000 -0.290000 -0.300000
v 0.075000 -0.280000 -0.300000
v 0.075000 0.280000 -0.300000
v 0.075000 0.290000 -0.300000
v 0.075000 -0.290000 -0.300000
v 0.075000 -0.280000 0.300000
v -0.075000 -0.280000 0.300000
v 0.075000 0.280000 0.300000
v -0.075000 0.280000 0.300000
v 0.075000 0.290000 0.300000
v -0.075000 0.290000 0.300000
v 0.075000 -0.290000 0.300000
v -0.075000 -0.290000 0.300000
v 0.280000 0.050000 -0.240000
v 0.280000 0.050000 0.240000
v 0.300000 0.050000 0.250000
v 0.300000 0.050000 -0.250000
v 0.290000 0.050000 -0.240000
v 0.290000 0.050000 0.240000
v 0.290000 0.050000 0.250000
v 0.290000 0.050000 -0.250000
v -0.075000 0.050000 -0.300000
v 0.075000 0.050000 -0.300000
v 0.075000 0.050000 0.300000
v -0.075000 0.050000 0.300000
v 0.280000 -0.050000 -0.240000
v 0.280000 -0.050000 0.240000
v 0.300000 -0.050000 0.250000
v 0.300000 -0.050000 -0.250000
v 0.290000 -0.050000 -0.240000
v 0.290000 -0.050000 0.240000
v 0.290000 -0.050000 0.250000
v 0.290000 -0.050000 -0.250000
v -0.075000 -0.050000 -0.300000
v 0.075000 -0.050000 -0.300000
v 0.075000 -0.050000 0.300000
v -0.075000 -0.050000 0.300000
v 0.295000 0.300000 -0.240000
v 0.300000 0.295000 -0.240000
v 0.297500 0.299330 -0.240000
v 0.299330 0.297500 -0.240000
v 0.295000 0.300000 0.240000
v 0.300000 0.295000 0.240000
v 0.297500 0.299330 0.240000
v 0.299330 0.297500 0.240000
v 0.295000 0.300000 0.250000
v 0.300000 0.295000 0.250000
v 0.297500 0.299330 0.250000
v 0.299330 0.297500 0.250000
v 0.295000 0.300000 -0.250000
v 0.300000 0.295000 -0.250000
v 0.297500 0.299330 -0.250000
v 0.299330 0.297500 -0.250000
v -0.075000 0.300000 -0.295000
v -0.075000 0.295000 -0.300000
v -0.075000 0.299330 -0.297500
v -0.075000 0.297500 -0.299330
v 0.075000 0.300000 -0.295000
v 0.075000 0.295000 -0.300000
v 0.075000 0.299330 -0.297500
v 0.075000 0.297500 -0.299330
v 0.075000 0.300000 0.295000
v 0.075000 0.295000 0.300000
v 0.075000 0.299330 0.297500
v 0.075000 0.297500 0.299330
v -0.075000 0.295000 0.300000
v -0.075000 0.300000 0.295000
v -0.075000 0.297500 0.299330
v -0.075000 0.299330 0.297500
v 0.295000 -0.300000 0.240000
v 0.300000 -0.295000 0.240000
v 0.297500 -0.299330 0.240000
v 0.299330 -0.297500 0.240000
v 0.295000 -0.300000 -0.240000
v 0.300000 -0.295000 -0.240000
v 0.297500 -0.299330 -0.240000
v 0.299330 -0.297500 -0.240000
v 0.295000 -0.300000 0.250000
v 0.300000 -0.295000 0.250000
v 0.297500 -0.299330 0.250000
v 0.299330 -0.297500 0.250000
v 0.295000 -0.300000 -0.250000
v 0.300000 -0.295000 -0.250000
v 0.297500 -0.299330 -0.250000
v 0.299330 -0.297500 -0.250000
v -0.075000 -0.300000 -0.295000
v -0.075000 -0.295000 -0.300000
v -0.075000 -0.299330 -0.297500
v -0.075000 -0.297500 -0.299330
v 0.075000 -0.300000 -0.295000
v 0.075000 -0.295000 -0.300000
v 0.075000 -0.299330 -0.297500
v 0.075000 -0.297500 -0.299330
v 0.075000 -0.295000 0.300000
v 0.075000 -0.300000 0.295000
v 0.075000 -0.297500 0.299330
v 0.075000 -0.299330 0.297500
v -0.075000 -0.300000 0.295000
v -0.075000 -0.295000 0.300000
v -0.075000 -0.299330 0.297500
v -0.075000 -0.297500 0.299330
v -0.300000 -0.280000 0.090000
v -0.300000 -0.280000 -0.090000
v -0.300000 0.280000 0.090000
v -0.300000 0.280000 -0.090000
v -0.300000 0.290000 0.090000
v -0.300000 0.290000 -0.090000
v -0.300000 -0.290000 0.090000
v -0.300000 -0.290000 -0.090000
v -0.300000 0.050000 0.090000
v -0.300000 0.050000 -0.090000
v -0.300000 -0.050000 0.090000
v -0.300000 -0.050000 -0.090000
v -0.295000 0.300000 0.080010
v -0.295000 0.300000 -0.080010
v -0.297500 0.299330 -0.089655
v -0.297500 0.299330 0.089655
v -0.299330 0.297500 -0.089907
v -0.299330 0.297500 0.089908
v -0.300000 0.295000 -0.090000
v -0.300000 0.295000 0.090000
v -0.300000 -0.295000 0.090000
v -0.300000 -0.295000 -0.090000
v -0.299330 -0.297500 -0.089907
v -0.299330 -0.297500 0.089908
v -0.297500 -0.299330 -0.089655
v -0.297500 -0.299330 0.089655
v -0.295000 -0.300000 -0.089310
v -0.295000 -0.300000 0.089310
v 0.280000 0.280000 -0.080000
v 0.280000 0.280000 0.080000
v 0.300000 0.290000 -0.080000
v 0.300000 0.290000 0.080000
v 0.290000 0.280000 -0.080000
v 0.290000 0.280000 0.080000
v 0.290000 0.290000 -0.080000
v 0.290000 0.290000 0.080000
v 0.300000 0.295000 0.080000
v 0.300000 0.295000 -0.080000
v 0.299330 0.297500 -0.080000
v 0.299330 0.297500 0.080000
v 0.297500 0.299330 -0.080000
v 0.297500 0.299330 0.080000
v 0.295000 0.300000 -0.080000
v 0.295000 0.300000 0.080000
v -0.075000 0.300000 0.080006
v -0.075000 0.300000 -0.080006
v 0.075000 0.300000 -0.080004
v 0.075000 0.300000 0.080004
v -0.266963 -0.280000 0.300000
v -0.272147 -0.280000 0.297853
v -0.268769 -0.280000 0.299712
v -0.270667 -0.280000 0.298926
v -0.266963 0.280000 0.300000
v -0.272147 0.280000 0.297853
v -0.268769 0.280000 0.299712
v -0.270667 0.280000 0.298926
v -0.300000 0.280000 0.266963
v -0.297853 0.280000 0.272147
v -0.299712 0.280000 0.268769
v -0.298926 0.280000 0.270667
v -0.300000 -0.280000 0.266963
v -0.297853 -0.280000 0.272147
v -0.299712 -0.280000 0.268769
v -0.298926 -0.280000 0.270667
v -0.266963 0.280000 -0.300000
v -0.272147 0.280000 -0.297853
v -0.268769 0.280000 -0.299712
v -0.270667 0.280000 -0.298926
v -0.266963 -0.280000 -0.300000
v -0.272147 -0.280000 -0.297853
v -0.268769 -0.280000 -0.299712
v -0.270667 -0.280000 -0.298926
v -0.300000 -0.280000 -0.266963
v -0.297853 -0.280000 -0.272147
v -0.299712 -0.280000 -0.268769
v -0.298926 -0.280000 -0.270667
v -0.300000 0.280000 -0.266963
v -0.297853 0.280000 -0.272147
v -0.299712 0.280000 -0.268769
v -0.298926 0.280000 -0.270667
v 0.300000 0.280000 -0.266963
v 0.297853 0.280000 -0.272147
v 0.299712 0.280000 -0.268769
v 0.298926 0.280000 -0.270667
v 0.300000 -0.280000 -0.266963
v 0.297853 -0.280000 -0.272147
v 0.299712 -0.280000 -0.268769
v 0.298926 -0.280000 -0.270667
v 0.266963 -0.280000 -0.300000
v 0.272147 -0.280000 -0.297853
v 0.268769 -0.280000 -0.299712
v 0.270667 -0.280000 -0.298926
v 0.266963 0.280000 -0.300000
v 0.272147 0.280000 -0.297853
v 0.268769 0.280000 -0.299712
v 0.270667 0.280000 -0.298926
v 0.266963 0.280000 0.300000
v 0.272147 0.280000 0.297853
v 0.268769 0.280000 0.299712
v 0.270667 0.280000 0.298926
v 0.266963 -0.280000 0.300000
v 0.272147 -0.280000 0.297853
v 0.268769 -0.280000 0.299712
v 0.270667 -0.280000 0.298926
v 0.300000 -0.280000 0.266963
v 0.297853 -0.280000 0.272147
v 0.299712 -0.280000 0.268769
v 0.298926 -0.280000 0.270667
v 0.300000 0.280000 0.266963
v 0.297853 0.280000 0.272147
v 0.299712 0.280000 0.268769
v 0.298926 0.280000 0.270667
v -0.266957 0.290000 0.300000
v -0.272152 0.290000 0.297848
v -0.268767 0.290000 0.299712
v -0.270668 0.290000 0.298924
v -0.300000 0.290000 -0.266957
v -0.297848 0.290000 -0.272152
v -0.299712 0.290000 -0.268767
v -0.298924 0.290000 -0.270668
v 0.266957 0.290000 -0.300000
v 0.272152 0.290000 -0.297848
v 0.268767 0.290000 -0.299712
v 0.270668 0.290000 -0.298924
v 0.300000 0.290000 0.266957
v 0.297848 0.290000 0.272152
v 0.299712 0.290000 0.268767
v 0.298924 0.290000 0.270668
v -0.297848 0.290000 0.272152
v -0.300000 0.290000 0.266957
v -0.298924 0.290000 0.270668
v -0.299712 0.290000 0.268767
v -0.272152 0.290000 -0.297848
v -0.266957 0.290000 -0.300000
v -0.270668 0.290000 -0.298924
v -0.268767 0.290000 -0.299712
v 0.297848 0.290000 -0.272152
v 0.300000 0.290000 -0.266957
v 0.298924 0.290000 -0.270668
v 0.299712 0.290000 -0.268767
v 0.272152 0.290000 0.297848
v 0.266957 0.290000 0.300000
v 0.270668 0.290000 0.298924
v 0.268767 0.290000 0.299712
v -0.272152 -0.290000 0.297848
v -0.266957 -0.290000 0.300000
v -0.270668 -0.290000 0.298924
v -0.268767 -0.290000 0.299712
v -0.300000 -0.290000 0.266957
v -0.297848 -0.290000 0.272152
v -0.299712 -0.290000 0.268767
v -0.298924 -0.290000 0.270668
v -0.266957 -0.290000 -0.300000
v -0.272152 -0.290000 -0.297848
v -0.268767 -0.290000 -0.299712
v -0.270668 -0.290000 -0.298924
v 0.300000 -0.290000 -0.266957
v 0.297848 -0.290000 -0.272152
v 0.299712 -0.290000 -0.268767
v 0.298924 -0.290000 -0.270668
v 0.266957 -0.290000 0.300000
v 0.272152 -0.290000 0.297848
v 0.268767 -0.290000 0.299712
v 0.270668 -0.290000 0.298924
v -0.297848 -0.290000 -0.272152
v -0.300000 -0.290000 -0.266957
v -0.298924 -0.290000 -0.270668
v -0.299712 -0.290000 -0.268767
v 0.272152 -0.290000 -0.297848
v 0.266957 -0.290000 -0.300000
v 0.270668 -0.290000 -0.298924
v 0.268767 -0.290000 -0.299712
v 0.297848 -0.290000 0.272152
v 0.300000 -0.290000 0.266957
v 0.298924 -0.290000 0.270668
v 0.299712 -0.290000 0.268767
v -0.272146 0.050000 0.297854
v -0.266966 0.050000 0.300000
v -0.270666 0.050000 0.298927
v -0.268770 0.050000 0.299713
v -0.300000 0.050000 0.266966
v -0.297854 0.050000 0.272146
v -0.299713 0.050000 0.268770
v -0.298927 0.050000 0.270666
v -0.266966 0.050000 -0.300000
v -0.272146 0.050000 -0.297854
v -0.268770 0.050000 -0.299713
v -0.270666 0.050000 -0.298927
v -0.297854 0.050000 -0.272146
v -0.300000 0.050000 -0.266966
v -0.298927 0.050000 -0.270666
v -0.299713 0.050000 -0.268770
v 0.300000 0.050000 -0.266966
v 0.297854 0.050000 -0.272146
v 0.299713 0.050000 -0.268770
v 0.298927 0.050000 -0.270666
v 0.272146 0.050000 -0.297854
v 0.266966 0.050000 -0.300000
v 0.270666 0.050000 -0.298927
v 0.268770 0.050000 -0.299713
v 0.266966 0.050000 0.300000
v 0.272146 0.050000 0.297854
v 0.268770 0.050000 0.299713
v 0.270666 0.050000 0.298927
v 0.297854 0.050000 0.272146
v 0.300000 0.050000 0.266966
v 0.298927 0.050000 0.270666
v 0.299713 0.050000 0.268770
v -0.297854 -0.050000 0.272146
v -0.300000 -0.050000 0.266966
v -0.298927 -0.050000 0.270666
v -0.299713 -0.050000 0.268770
v -0.272146 -0.050000 -0.297854
v -0.266966 -0.050000 -0.300000
v -0.270666 -0.050000 -0.298927
v -0.268770 -0.050000 -0.299713
v 0.297854 -0.050000 -0.272146
v 0.300000 -0.050000 -0.266966
v 0.298927 -0.050000 -0.270666
v 0.299713 -0.050000 -0.268770
v 0.272146 -0.050000 0.297854
v 0.266966 -0.050000 0.300000
v 0.270666 -0.050000 0.298927
v 0.268770 -0.050000 0.299713
v -0.272146 -0.050000 0.297854
v -0.266966 -0.050000 0.300000
v -0.270666 -0.050000 0.298927
v -0.268770 -0.050000 0.299713
v -0.297854 -0.050000 -0.272146
v -0.300000 -0.050000 -0.266966
v -0.298927 -0.050000 -0.270666
v -0.299713 -0.050000 -0.268770
v 0.272146 -0.050000 -0.297854
v 0.266966 -0.050000 -0.300000
v 0.270666 -0.050000 -0.298927
v 0.268770 -0.050000 -0.299713
v 0.297854 -0.050000 0.272146
v 0.300000 -0.050000 0.266966
v 0.298927 -0.050000 0.270666
v 0.299713 -0.050000 0.268770
v -0.295000 0.300000 0.264845
v -0.292820 0.300000 0.270109
v -0.294708 0.300000 0.266679
v -0.293910 0.300000 0.268606
v -0.300000 0.295000 0.266948
v -0.297842 0.295000 0.272158
v -0.299711 0.295000 0.268763
v -0.298921 0.295000 0.270670
v -0.297500 0.299330 0.265887
v -0.295324 0.299330 0.271141
v -0.297208 0.299330 0.267717
v -0.296412 0.299330 0.269640
v -0.299330 0.297500 0.266658
v -0.297163 0.297500 0.271889
v -0.299040 0.297500 0.268481
v -0.298247 0.297500 0.270395
v -0.270109 0.300000 0.292820
v -0.264845 0.300000 0.295000
v -0.268606 0.300000 0.293910
v -0.266679 0.300000 0.294708
v -0.272158 0.295000 0.297842
v -0.266948 0.295000 0.300000
v -0.270670 0.295000 0.298921
v -0.268763 0.295000 0.299711
v -0.271141 0.299330 0.295324
v -0.265887 0.299330 0.297500
v -0.269640 0.299330 0.296412
v -0.267717 0.299330 0.297208
v -0.271889 0.297500 0.297163
v -0.266658 0.297500 0.299330
v -0.270395 0.297500 0.298247
v -0.268481 0.297500 0.299040
v -0.264845 0.300000 -0.295000
v -0.270109 0.300000 -0.292820
v -0.266679 0.300000 -0.294708
v -0.268606 0.300000 -0.293910
v -0.266948 0.295000 -0.300000
v -0.272158 0.295000 -0.297842
v -0.268763 0.295000 -0.299711
v -0.270670 0.295000 -0.298921
v -0.265887 0.299330 -0.297500
v -0.271141 0.299330 -0.295324
v -0.267717 0.299330 -0.297208
v -0.269640 0.299330 -0.296412
v -0.266658 0.297500 -0.299330
v -0.271889 0.297500 -0.297163
v -0.268481 0.297500 -0.299040
v -0.270395 0.297500 -0.298247
v -0.292820 0.300000 -0.270109
v -0.295000 0.300000 -0.264845
v -0.293910 0.300000 -0.268606
v -0.294708 0.300000 -0.266679
v -0.297842 0.295000 -0.272158
v -0.300000 0.295000 -0.266948
v -0.298921 0.295000 -0.270670
v -0.299711 0.295000 -0.268763
v -0.295324 0.299330 -0.271141
v -0.297500 0.299330 -0.265887
v -0.296412 0.299330 -0.269640
v -0.297208 0.299330 -0.267717
v -0.297163 0.297500 -0.271889
v -0.299330 0.297500 -0.266658
v -0.298247 0.297500 -0.270395
v -0.299040 0.297500 -0.268481
v 0.264845 0.300000 0.295000
v 0.270109 0.300000 0.292820
v 0.266679 0.300000 0.294708
v 0.268606 0.300000 0.293910
v 0.266948 0.295000 0.300000
v 0.272158 0.295000 0.297842
v 0.268763 0.295000 0.299711
v 0.270670 0.295000 0.298921
v 0.265887 0.299330 0.297500
v 0.271141 0.299330 0.295324
v 0.267717 0.299330 0.297208
v 0.269640 0.299330 0.296412
v 0.266658 0.297500 0.299330
v 0.271889 0.297500 0.297163
v 0.268481 0.297500 0.299040
v 0.270395 0.297500 0.298247
v 0.292820 0.300000 0.270109
v 0.295000 0.300000 0.264845
v 0.293910 0.300000 0.268606
v 0.294708 0.300000 0.266679
v 0.297842 0.295000 0.272158
v 0.300000 0.295000 0.266948
v 0.298921 0.295000 0.270670
v 0.299711 0.295000 0.268763
v 0.295324 0.299330 0.271141
v 0.297500 0.299330 0.265887
v 0.296412 0.299330 0.269640
v 0.297208 0.299330 0.267717
v 0.297163 0.297500 0.271889
v 0.299330 0.297500 0.266658
v 0.298247 0.297500 0.270395
v 0.299040 0.297500 0.268481
v 0.295000 0.300000 -0.264845
v 0.292820 0.300000 -0.270109
v 0.294708 0.300000 -0.266679
v 0.293910 0.300000 -0.268606
v 0.300000 0.295000 -0.266948
v 0.297842 0.295000 -0.272158
v 0.299711 0.295000 -0.268763
v 0.298921 0.295000 -0.270670
v 0.297500 0.299330 -0.265887
v 0.295324 0.299330 -0.271141
v 0.297208 0.299330 -0.267717
v 0.296412 0.299330 -0.269640
v 0.299330 0.297500 -0.266658
v 0.297163 0.297500 -0.271889
v 0.299040 0.297500 -0.268481
v 0.298247 0.297500 -0.270395
v 0.270109 0.300000 -0.292820
v 0.264845 0.300000 -0.295000
v 0.268606 0.300000 -0.293910
v 0.266679 0.300000 -0.294708
v 0.272158 0.295000 -0.297842
v 0.266948 0.295000 -0.300000
v 0.270670 0.295000 -0.298921
v 0.268763 0.295000 -0.299711
v 0.271141 0.299330 -0.295324
v 0.265887 0.299330 -0.297500
v 0.269640 0.299330 -0.296412
v 0.267717 0.299330 -0.297208
v 0.271889 0.297500 -0.297163
v 0.266658 0.297500 -0.299330
v 0.270395 0.297500 -0.298247
v 0.268481 0.297500 -0.299040
v -0.264845 -0.300000 0.295000
v -0.270109 -0.300000 0.292820
v -0.266679 -0.300000 0.294708
v -0.268606 -0.300000 0.293910
v -0.266948 -0.295000 0.300000
v -0.272158 -0.295000 0.297842
v -0.268763 -0.295000 0.299711
v -0.270670 -0.295000 0.298921
v -0.265887 -0.299330 0.297500
v -0.271141 -0.299330 0.295324
v -0.267717 -0.299330 0.297208
v -0.269640 -0.299330 0.296412
v -0.266658 -0.297500 0.299330
v -0.271889 -0.297500 0.297163
v -0.268481 -0.297500 0.299040
v -0.270395 -0.297500 0.298247
v -0.292820 -0.300000 0.270109
v -0.295000 -0.300000 0.264845
v -0.293910 -0.300000 0.268606
v -0.294708 -0.300000 0.266679
v -0.297842 -0.295000 0.272158
v -0.300000 -0.295000 0.266948
v -0.298921 -0.295000 0.270670
v -0.299711 -0.295000 0.268763
v -0.295324 -0.299330 0.271141
v -0.297500 -0.299330 0.265887
v -0.296412 -0.299330 0.269640
v -0.297208 -0.299330 0.267717
v -0.297163 -0.297500 0.271889
v -0.299330 -0.297500 0.266658
v -0.298247 -0.297500 0.270395
v -0.299040 -0.297500 0.268481
v -0.295000 -0.300000 -0.264845
v -0.292820 -0.300000 -0.270109
v -0.294708 -0.300000 -0.266679
v -0.293910 -0.300000 -0.268606
v -0.300000 -0.295000 -0.266948
v -0.297842 -0.295000 -0.272158
v -0.299711 -0.295000 -0.268763
v -0.298921 -0.295000 -0.270670
v -0.297500 -0.299330 -0.265887
v -0.295324 -0.299330 -0.271141
v -0.297208 -0.299330 -0.267717
v -0.296412 -0.299330 -0.269640
v -0.299330 -0.297500 -0.266658
v -0.297163 -0.297500 -0.271889
v -0.299040 -0.297500 -0.268481
v -0.298247 -0.297500 -0.270395
v -0.270109 -0.300000 -0.292820
v -0.264845 -0.300000 -0.295000
v -0.268606 -0.300000 -0.293910
v -0.266679 -0.300000 -0.294708
v -0.272158 -0.295000 -0.297842
v -0.266948 -0.295000 -0.300000
v -0.270670 -0.295000 -0.298921
v -0.268763 -0.295000 -0.299711
v -0.271141 -0.299330 -0.295324
v -0.265887 -0.299330 -0.297500
v -0.269640 -0.299330 -0.296412
v -0.267717 -0.299330 -0.297208
v -0.271889 -0.297500 -0.297163
v -0.266658 -0.297500 -0.299330
v -0.270395 -0.297500 -0.298247
v -0.268481 -0.297500 -0.299040
v 0.295000 -0.300000 0.264845
v 0.292820 -0.300000 0.270109
v 0.294708 -0.300000 0.266679
v 0.293910 -0.300000 0.268606
v 0.300000 -0.295000 0.266948
v 0.297842 -0.295000 0.272158
v 0.299711 -0.295000 0.268763
v 0.298921 -0.295000 0.270670
v 0.297500 -0.299330 0.265887
v 0.295324 -0.299330 0.271141
v 0.297208 -0.299330 0.267717
v 0.296412 -0.299330 0.269640
v 0.299330 -0.297500 0.266658
v 0.297163 -0.297500 0.271889
v 0.299040 -0.297500 0.268481
v 0.298247 -0.297500 0.270395
v 0.270109 -0.300000 0.292820
v 0.264845 -0.300000 0.295000
v 0.268606 -0.300000 0.293910
v 0.266679 -0.300000 0.294708
v 0.272158 -0.295000 0.297842
v 0.266948 -0.295000 0.300000
v 0.270670 -0.295000 0.298921
v 0.268763 -0.295000 0.299711
v 0.271141 -0.299330 0.295324
v 0.265887 -0.299330 0.297500
v 0.269640 -0.299330 0.296412
v 0.267717 -0.299330 0.297208
v 0.271889 -0.297500 0.297163
v 0.266658 -0.297500 0.299330
v 0.270395 -0.297500 0.298247
v 0.268481 -0.297500 0.299040
v 0.264845 -0.300000 -0.295000
v 0.270109 -0.300000 -0.292820
v 0.266679 -0.300000 -0.294708
v 0.268606 -0.300000 -0.293910
v 0.266948 -0.295000 -0.300000
v 0.272158 -0.295000 -0.297842
v 0.268763 -0.295000 -0.299711
v 0.270670 -0.295000 -0.298921
v 0.265887 -0.299330 -0.297500
v 0.271141 -0.299330 -0.295324
v 0.267717 -0.299330 -0.297208
v 0.269640 -0.299330 -0.296412
v 0.266658 -0.297500 -0.299330
v 0.271889 -0.297500 -0.297163
v 0.268481 -0.297500 -0.299040
v 0.270395 -0.297500 -0.298247
v 0.292820 -0.300000 -0.270109
v 0.295000 -0.300000 -0.264845
v 0.293910 -0.300000 -0.268606
v 0.294708 -0.300000 -0.266679
v 0.297842 -0.295000 -0.272158
v 0.300000 -0.295000 -0.266948
v 0.298921 -0.295000 -0.270670
v 0.299711 -0.295000 -0.268763
v 0.295324 -0.299330 -0.271141
v 0.297500 -0.299330 -0.265887
v 0.296412 -0.299330 -0.269640
v 0.297208 -0.299330 -0.267717
v 0.297163 -0.297500 -0.271889
v 0.299330 -0.297500 -0.266658
v 0.298247 -0.297500 -0.270395
v 0.299040 -0.297500 -0.268481
vt 0.583333 0.162500
vt 0.604167 0.162500
vt 0.604167 0.236228
vt 0.583333 0.236232
vt 0.583333 0.431250
vt 0.604167 0.431250
vt 0.604167 0.486620
vt 0.583333 0.486622
vt 0.604167 0.550000
vt 0.604167 0.518222
vt 0.614583 0.518766
vt 0.614583 0.550000
vt 0.583333 0.662500
vt 0.604167 0.662500
vt 0.604167 0.700000
vt 0.583333 0.700000
vt 0.604167 0.260702
vt 0.583333 0.260707
vt 0.583333 0.239293
vt 0.604167 0.239298
vt 0.583333 0.375000
vt 0.604167 0.375000
vt 0.604167 0.510702
vt 0.583333 0.510707
vt 0.583333 0.489293
vt 0.604167 0.489298
vt 0.395833 0.518222
vt 0.416667 0.518205
vt 0.416667 0.550000
vt 0.395833 0.550000
vt 0.395833 0.700000
vt 0.416667 0.700000
vt 0.416667 0.731795
vt 0.395833 0.731778
vt 0.479167 0.000894
vt 0.500000 0.000894
vt 0.500000 0.011606
vt 0.479167 0.011606
vt 0.395833 0.662500
vt 0.416667 0.662500
vt 0.583333 0.550000
vt 0.604167 0.587500
vt 0.583333 0.587500
vt 0.458333 0.700000
vt 0.416667 0.700000
vt 0.458333 0.700000
vt 0.500000 0.763667
vt 0.541667 0.763668
vt 0.541667 0.837500
vt 0.500000 0.837500
vt 0.458333 0.760710
vt 0.416667 0.760707
vt 0.416667 0.739293
vt 0.458333 0.739289
vt 0.500000 0.518189
vt 0.541667 0.518194
vt 0.541667 0.550000
vt 0.500000 0.550000
vt 0.458333 0.518194
vt 0.458333 0.550000
vt 0.500000 0.264251
vt 0.541667 0.264252
vt 0.541667 0.375000
vt 0.500000 0.375000
vt 0.458333 0.260710
vt 0.416667 0.260707
vt 0.416667 0.239293
vt 0.458333 0.239290
vt 0.458333 0.912500
vt 0.479167 0.912500
vt 0.479167 0.986333
vt 0.458333 0.986332
vt 0.541667 0.912500
vt 0.583333 0.912500
vt 0.583333 0.986330
vt 0.541667 0.986332
vt 0.458333 0.431250
vt 0.479167 0.431250
vt 0.479167 0.486625
vt 0.458333 0.486624
vt 0.541667 0.431250
vt 0.541667 0.486624
vt 0.458333 0.162500
vt 0.479167 0.162500
vt 0.479167 0.236236
vt 0.458333 0.236235
vt 0.541667 0.162500
vt 0.541667 0.236235
vt 0.541667 0.700000
vt 0.541667 0.700000
vt 0.583333 0.700000
vt 0.479167 0.700000
vt 0.479167 0.731811
vt 0.458333 0.731806
vt 0.583333 0.731795
vt 0.541667 0.731806
vt 0.416667 0.000896
vt 0.458333 0.000895
vt 0.458333 0.011605
vt 0.416667 0.011604
vt 0.541667 0.000895
vt 0.541667 0.011605
vt 0.583333 0.518205
vt 0.583333 0.763670
vt 0.604167 0.763674
vt 0.604167 0.837500
vt 0.583333 0.837500
vt 0.395833 0.912500
vt 0.416667 0.912500
vt 0.416667 0.986330
vt 0.395833 0.986326
vt 0.583333 0.587500
vt 0.583333 0.550000
vt 0.541667 0.013765
vt 0.583333 0.013768
vt 0.583333 0.087500
vt 0.541667 0.087500
vt 0.416667 0.587500
vt 0.416667 0.550000
vt 0.416667 0.587500
vt 0.583333 0.000896
vt 0.604167 0.000899
vt 0.604167 0.011601
vt 0.583333 0.011604
vt 0.583333 0.662500
vt 0.604167 0.912500
vt 0.604167 0.986326
vt 0.541667 0.510710
vt 0.541667 0.489290
vt 0.500000 0.510712
vt 0.500000 0.489288
vt 0.458333 0.510710
vt 0.416667 0.510707
vt 0.416667 0.489293
vt 0.458333 0.489290
vt 0.604167 0.760702
vt 0.583333 0.760707
vt 0.583333 0.739293
vt 0.604167 0.739298
vt 0.395833 0.375000
vt 0.416667 0.375000
vt 0.416667 0.431250
vt 0.395833 0.431250
vt 0.395833 0.587500
vt 0.416667 0.486622
vt 0.395833 0.486620
vt 0.395833 0.162500
vt 0.416667 0.162500
vt 0.416667 0.236232
vt 0.395833 0.236228
vt 0.395833 0.013772
vt 0.416667 0.013768
vt 0.416667 0.087500
vt 0.395833 0.087500
vt 0.395833 0.264261
vt 0.416667 0.264255
vt 0.395833 0.510702
vt 0.395833 0.489298
vt 0.395833 0.000899
vt 0.395833 0.011601
vt 0.385417 0.986215
vt 0.385417 0.912500
vt 0.416667 0.763670
vt 0.458333 0.763668
vt 0.458333 0.837500
vt 0.416667 0.837500
vt 0.458333 0.264252
vt 0.458333 0.375000
vt 0.458333 0.587500
vt 0.458333 0.662500
vt 0.416667 0.662500
vt 0.458333 0.550000
vt 0.500000 0.550000
vt 0.541667 0.550000
vt 0.541667 0.587500
vt 0.500000 0.587500
vt 0.541667 0.637500
vt 0.583333 0.637500
vt 0.541667 0.662500
vt 0.500000 0.662500
vt 0.500000 0.700000
vt 0.479167 0.700000
vt 0.583333 0.637500
vt 0.000000 0.000000
vt 0.000000 0.000000
vt 0.000000 0.000000
vt 0.000000 0.000000
vt 0.541667 0.612500
vt 0.000000 0.000000
vt 0.000000 0.000000
vt 0.000000 0.000000
vt 0.395833 0.763674
vt 0.395833 0.837500
vt 0.541667 0.260710
vt 0.541667 0.239290
vt 0.500000 0.260712
vt 0.500000 0.239288
vt 0.604167 0.731778
vt 0.500000 0.431250
vt 0.395833 0.760702
vt 0.395833 0.739298
vt 0.541667 0.760710
vt 0.541667 0.739289
vt 0.500000 0.760712
vt 0.500000 0.739288
vt 0.500000 0.912500
vt 0.604167 0.013772
vt 0.604167 0.087500
vt 0.479167 0.760712
vt 0.479167 0.739288
vt 0.479167 0.260712
vt 0.479167 0.239288
vt 0.000000 0.000000
vt 0.479167 0.587500
vt 0.000000 0.000000
vt 0.479167 0.662500
vt 0.479167 0.550000
vt 0.479167 0.550000
vt 0.500000 0.700000
vt 0.479167 0.510712
vt 0.479167 0.489288
vt 0.479167 0.013764
vt 0.500000 0.013764
vt 0.500000 0.087500
vt 0.479167 0.087500
vt 0.787037 0.747833
vt 0.781179 0.654322
vt 0.872868 0.662207
vt 0.872899 0.735399
vt 0.872783 0.736127
vt 0.872451 0.736906
vt 0.871996 0.737528
vt 0.862587 0.746988
vt 0.861970 0.747445
vt 0.861199 0.747779
vt 0.860490 0.747895
vt 0.479167 0.518189
vt 0.479167 0.763667
vt 0.479167 0.837500
vt 0.500000 0.986333
vt 0.479167 0.264251
vt 0.479167 0.375000
vt 0.500000 0.486625
vt 0.500000 0.162500
vt 0.500000 0.236236
vt 0.500000 0.731811
vt 0.604167 0.612500
vt 0.614583 0.587500
vt 0.614583 0.612500
vt 0.625964 0.581700
vt 0.625976 0.610566
vt 0.626925 0.576818
vt 0.626950 0.608939
vt 0.614583 0.662500
vt 0.614583 0.700000
vt 0.625999 0.668300
vt 0.626001 0.699275
vt 0.626999 0.673182
vt 0.627003 0.699378
vt 0.873935 0.662353
vt 0.873948 0.735778
vt 0.875000 0.662462
vt 0.875000 0.736108
vt 0.862997 0.748042
vt 0.873044 0.737967
vt 0.874015 0.738485
vt 0.863485 0.749015
vt 0.750558 0.501084
vt 0.860090 0.501052
vt 0.859460 0.502105
vt 0.751107 0.502167
vt 0.750000 0.500000
vt 0.860572 0.500000
vt 0.872988 0.512033
vt 0.862775 0.501958
vt 0.863485 0.500985
vt 0.874015 0.511515
vt 0.625969 0.550725
vt 0.625993 0.520676
vt 0.626980 0.522875
vt 0.626935 0.550622
vt 0.636863 0.502357
vt 0.626895 0.513823
vt 0.625985 0.511515
vt 0.636515 0.500985
vt 0.639436 0.747301
vt 0.712838 0.747684
vt 0.712672 0.748842
vt 0.639058 0.748677
vt 0.712500 0.750000
vt 0.638785 0.750000
vt 0.626918 0.736177
vt 0.636967 0.747643
vt 0.636515 0.749015
vt 0.625985 0.738485
vt 0.614583 0.162461
vt 0.614583 0.236107
vt 0.626975 0.641061
vt 0.718664 0.648946
vt 0.638725 0.747138
vt 0.637954 0.746699
vt 0.637340 0.746135
vt 0.627930 0.734049
vt 0.627472 0.733109
vt 0.627138 0.730559
vt 0.627023 0.727125
vt 0.873921 0.587647
vt 0.873907 0.514222
vt 0.875000 0.513892
vt 0.875000 0.587539
vt 0.614583 0.912500
vt 0.614583 0.986215
vt 0.781150 0.595678
vt 0.860503 0.502221
vt 0.861494 0.502555
vt 0.862153 0.503012
vt 0.871873 0.512472
vt 0.872336 0.513095
vt 0.872680 0.513873
vt 0.872806 0.514601
vt 0.872837 0.587793
vt 0.787265 0.748916
vt 0.860905 0.748948
vt 0.861215 0.750000
vt 0.787500 0.750000
vt 0.614583 0.489469
vt 0.614583 0.510531
vt 0.638654 0.501323
vt 0.694104 0.501157
vt 0.694455 0.502316
vt 0.638928 0.502699
vt 0.627094 0.519441
vt 0.627424 0.516891
vt 0.627879 0.515951
vt 0.637137 0.503865
vt 0.637730 0.503300
vt 0.638389 0.502862
vt 0.718637 0.601054
vt 0.614583 0.239469
vt 0.614583 0.260531
vt 0.604167 0.264261
vt 0.614583 0.264428
vt 0.614583 0.375000
vt 0.614583 0.731234
vt 0.626012 0.729324
vt 0.614583 0.431250
vt 0.693750 0.500000
vt 0.638464 0.500000
vt 0.128004 0.737528
vt 0.137413 0.746988
vt 0.137003 0.748041
vt 0.126956 0.737966
vt 0.614583 0.486536
vt 0.614583 0.763785
vt 0.614583 0.837500
vt 0.614583 0.739469
vt 0.614583 0.760531
vt 0.604167 0.637500
vt 0.385417 0.587500
vt 0.385417 0.550000
vt 0.374036 0.581700
vt 0.374031 0.550725
vt 0.373075 0.576818
vt 0.373065 0.550622
vt 0.385417 0.662500
vt 0.374001 0.668300
vt 0.373001 0.673182
vt 0.212735 0.748916
vt 0.139095 0.748948
vt 0.139510 0.747895
vt 0.212964 0.747833
vt 0.212500 0.750000
vt 0.138785 0.750000
vt 0.136515 0.749015
vt 0.125985 0.738485
vt 0.126079 0.587647
vt 0.126092 0.514222
vt 0.127194 0.514665
vt 0.127163 0.587793
vt 0.125000 0.587538
vt 0.125000 0.513892
vt 0.137225 0.501958
vt 0.127012 0.512033
vt 0.125985 0.511515
vt 0.136515 0.500985
vt 0.305896 0.501158
vt 0.361346 0.501323
vt 0.361072 0.502699
vt 0.305545 0.502316
vt 0.306250 0.500000
vt 0.361536 0.500000
vt 0.373105 0.513823
vt 0.363137 0.502357
vt 0.363485 0.500985
vt 0.374015 0.511515
vt 0.373999 0.699275
vt 0.373988 0.729324
vt 0.372977 0.727125
vt 0.372997 0.699378
vt 0.385417 0.700000
vt 0.385417 0.731234
vt 0.363033 0.747643
vt 0.373082 0.736177
vt 0.374015 0.738485
vt 0.363485 0.749015
vt 0.385417 0.260531
vt 0.385417 0.239469
vt 0.395833 0.239298
vt 0.395833 0.260702
vt 0.139910 0.501052
vt 0.249442 0.501084
vt 0.248893 0.502167
vt 0.140541 0.502105
vt 0.385417 0.236108
vt 0.385417 0.162461
vt 0.385417 0.510531
vt 0.385417 0.489469
vt 0.374006 0.520676
vt 0.373020 0.522875
vt 0.385417 0.486536
vt 0.385417 0.431250
vt 0.385417 0.760531
vt 0.385417 0.739469
vt 0.360942 0.748677
vt 0.287328 0.748842
vt 0.287162 0.747685
vt 0.360564 0.747301
vt 0.385417 0.011515
vt 0.385417 0.000985
vt 0.126052 0.735777
vt 0.126065 0.662353
vt 0.127132 0.662207
vt 0.127102 0.735335
vt 0.127317 0.513902
vt 0.127662 0.513095
vt 0.128127 0.512472
vt 0.137847 0.503012
vt 0.138503 0.502555
vt 0.139494 0.502222
vt 0.361609 0.502859
vt 0.362267 0.503298
vt 0.362863 0.503865
vt 0.372121 0.515951
vt 0.372574 0.516888
vt 0.372904 0.519439
vt 0.372862 0.730561
vt 0.372528 0.733112
vt 0.372070 0.734049
vt 0.362660 0.746135
vt 0.362046 0.746702
vt 0.361275 0.747141
vt 0.138802 0.747779
vt 0.138031 0.747445
vt 0.127550 0.736905
vt 0.127219 0.736098
vt 0.385417 0.518766
vt 0.139428 0.500000
vt 0.250000 0.500000
vt 0.385417 0.375000
vt 0.385417 0.264428
vt 0.361215 0.750000
vt 0.287500 0.750000
vt 0.385417 0.837500
vt 0.385417 0.763785
vt 0.385417 0.087539
vt 0.385417 0.013892
vt 0.125000 0.662461
vt 0.125000 0.736107
vt 0.614583 0.000985
vt 0.614583 0.011515
vt 0.614583 0.087539
vt 0.614583 0.013893
vt 0.458333 0.013765
vt 0.458333 0.087500
vt 0.583333 0.264255
vt 0.583333 0.612500
vt 0.625988 0.639433
vt 0.614583 0.637500
vt 0.000000 0.000000
vt 0.583333 0.612500
vt 0.541667 0.987027
vt 0.500000 0.987027
vt 0.500000 0.000000
vt 0.541667 0.000000
vt 0.541667 0.000363
vt 0.500000 0.000362
vt 0.458333 0.987027
vt 0.416667 0.987026
vt 0.416667 0.000000
vt 0.458333 0.000000
vt 0.458333 0.000363
vt 0.416667 0.000363
vt 0.541667 0.013013
vt 0.583333 0.013014
vt 0.541667 0.012137
vt 0.583333 0.012137
vt 0.458333 0.013013
vt 0.479167 0.013012
vt 0.458333 0.012137
vt 0.479167 0.012138
vt 0.541667 0.263210
vt 0.583333 0.263211
vt 0.541667 0.261775
vt 0.583333 0.261773
vt 0.458333 0.263210
vt 0.479167 0.263209
vt 0.458333 0.261775
vt 0.479167 0.261775
vt 0.458333 0.236987
vt 0.416667 0.236986
vt 0.458333 0.238225
vt 0.416667 0.238227
vt 0.541667 0.236987
vt 0.500000 0.236988
vt 0.541667 0.238225
vt 0.500000 0.238225
vt 0.541667 0.514808
vt 0.583333 0.514812
vt 0.541667 0.511775
vt 0.583333 0.511773
vt 0.458333 0.514808
vt 0.479167 0.514806
vt 0.458333 0.511775
vt 0.479167 0.511775
vt 0.458333 0.487145
vt 0.416667 0.487144
vt 0.458333 0.488225
vt 0.416667 0.488227
vt 0.541667 0.487145
vt 0.500000 0.487145
vt 0.541667 0.488225
vt 0.500000 0.488225
vt 0.541667 0.762973
vt 0.583333 0.762974
vt 0.541667 0.761775
vt 0.583333 0.761773
vt 0.458333 0.762973
vt 0.479167 0.762973
vt 0.458333 0.761775
vt 0.479167 0.761775
vt 0.458333 0.735192
vt 0.416667 0.735188
vt 0.458333 0.738225
vt 0.416667 0.738227
vt 0.541667 0.735192
vt 0.500000 0.735194
vt 0.541667 0.738225
vt 0.500000 0.738225
vt 0.583333 0.987026
vt 0.583333 0.000000
vt 0.583333 0.000363
vt 0.583333 0.236986
vt 0.583333 0.238227
vt 0.583333 0.487144
vt 0.583333 0.488227
vt 0.583333 0.735188
vt 0.583333 0.738227
vt 0.416667 0.013014
vt 0.416667 0.012137
vt 0.416667 0.263211
vt 0.416667 0.261773
vt 0.416667 0.514812
vt 0.416667 0.511773
vt 0.416667 0.762974
vt 0.416667 0.761773
vt 0.479167 0.987027
vt 0.479167 0.000000
vt 0.479167 0.000362
vt 0.500000 0.013012
vt 0.500000 0.012138
vt 0.500000 0.263209
vt 0.500000 0.261775
vt 0.479167 0.236988
vt 0.479167 0.238225
vt 0.500000 0.514806
vt 0.500000 0.511775
vt 0.479167 0.487145
vt 0.479167 0.488225
vt 0.500000 0.762973
vt 0.500000 0.761775
vt 0.479167 0.735194
vt 0.479167 0.738225
vt 0.861610 0.748849
vt 0.862392 0.748510
vt 0.873849 0.736541
vt 0.873512 0.737357
vt 0.861915 0.749916
vt 0.862891 0.749493
vt 0.874917 0.736866
vt 0.874493 0.737889
vt 0.614886 0.986916
vt 0.604468 0.987024
vt 0.604992 0.000006
vt 0.614583 0.000082
vt 0.614886 0.000448
vt 0.604468 0.000364
vt 0.604317 0.013015
vt 0.614886 0.013133
vt 0.604317 0.012136
vt 0.614886 0.012052
vt 0.873804 0.513459
vt 0.873460 0.512643
vt 0.861136 0.501151
vt 0.862140 0.501490
vt 0.874913 0.513134
vt 0.874489 0.512111
vt 0.861620 0.500083
vt 0.862873 0.500507
vt 0.614886 0.236867
vt 0.604317 0.236985
vt 0.614886 0.238395
vt 0.604317 0.238229
vt 0.604317 0.263214
vt 0.614886 0.263377
vt 0.604317 0.261771
vt 0.614886 0.261605
vt 0.638119 0.501452
vt 0.637450 0.501846
vt 0.626104 0.517244
vt 0.626436 0.514715
vt 0.637936 0.500105
vt 0.637098 0.500533
vt 0.615489 0.515383
vt 0.626905 0.517250
vt 0.625998 0.514855
vt 0.625267 0.512912
vt 0.625502 0.512259
vt 0.626416 0.514642
vt 0.614886 0.487062
vt 0.604317 0.487143
vt 0.614886 0.488395
vt 0.604317 0.488229
vt 0.604317 0.514819
vt 0.614886 0.515349
vt 0.604317 0.511771
vt 0.614886 0.511605
vt 0.626123 0.732756
vt 0.626458 0.735285
vt 0.638350 0.748548
vt 0.637568 0.748154
vt 0.626924 0.732750
vt 0.615490 0.734617
vt 0.625271 0.737088
vt 0.626014 0.735145
vt 0.626437 0.735358
vt 0.625504 0.737741
vt 0.638082 0.749895
vt 0.637106 0.749467
vt 0.614886 0.734651
vt 0.604317 0.735181
vt 0.614886 0.738395
vt 0.604317 0.738229
vt 0.604317 0.762976
vt 0.614886 0.763084
vt 0.604317 0.761771
vt 0.614886 0.761605
vt 0.604167 0.987024
vt 0.604167 0.000000
vt 0.604167 0.000364
vt 0.126151 0.736539
vt 0.126488 0.737357
vt 0.138390 0.748849
vt 0.137608 0.748510
vt 0.125083 0.736866
vt 0.125507 0.737888
vt 0.138085 0.749916
vt 0.137109 0.749493
vt 0.385114 0.013133
vt 0.395683 0.013015
vt 0.385114 0.012052
vt 0.395683 0.012136
vt 0.395532 0.987024
vt 0.385114 0.986916
vt 0.385417 0.000082
vt 0.395008 0.000006
vt 0.395532 0.000364
vt 0.385114 0.000448
vt 0.138864 0.501151
vt 0.137860 0.501490
vt 0.126196 0.513461
vt 0.126540 0.512643
vt 0.138380 0.500084
vt 0.137127 0.500507
vt 0.125087 0.513134
vt 0.125511 0.512111
vt 0.385114 0.263377
vt 0.395683 0.263214
vt 0.385114 0.261605
vt 0.395683 0.261771
vt 0.395683 0.236985
vt 0.385114 0.236867
vt 0.395683 0.238229
vt 0.385114 0.238395
vt 0.373896 0.517244
vt 0.373563 0.514715
vt 0.361881 0.501452
vt 0.362549 0.501846
vt 0.373095 0.517250
vt 0.384511 0.515383
vt 0.374733 0.512912
vt 0.374002 0.514855
vt 0.373583 0.514642
vt 0.374498 0.512259
vt 0.362065 0.500105
vt 0.362902 0.500533
vt 0.385114 0.515349
vt 0.395683 0.514819
vt 0.385114 0.511605
vt 0.395683 0.511771
vt 0.395683 0.487143
vt 0.385114 0.487062
vt 0.395683 0.488229
vt 0.385114 0.488395
vt 0.361650 0.748548
vt 0.362432 0.748154
vt 0.373876 0.732756
vt 0.373542 0.735285
vt 0.361918 0.749895
vt 0.362894 0.749467
vt 0.384510 0.734617
vt 0.373076 0.732750
vt 0.373986 0.735145
vt 0.374729 0.737088
vt 0.374496 0.737741
vt 0.373563 0.735358
vt 0.385114 0.763084
vt 0.395683 0.762976
vt 0.385114 0.761604
vt 0.395683 0.761771
vt 0.395683 0.735181
vt 0.385114 0.734651
vt 0.395683 0.738229
vt 0.385114 0.738395
vt 0.395833 0.987024
vt 0.395833 0.000000
vt 0.395833 0.000364
vn -1.0000 -0.0000 0.0000
vn 0.0000 0.0000 -1.0000
vn 0.9659 0.2588 0.0000
vn 1.0000 0.0000 0.0000
vn -0.7071 0.0000 -0.7071
vn 0.7071 0.0000 -0.7071
vn -0.7071 0.0000 0.7071
vn 0.0000 0.0000 1.0000
vn 0.7071 0.0000 0.7071
vn 0.0000 -1.0000 0.0000
vn 0.0000 1.0000 0.0000
vn 0.0000 -0.2588 0.9659
vn 0.7071 0.7071 0.0000
vn 0.2588 0.9659 0.0000
vn -0.2588 0.9659 0.0000
vn -0.7071 0.7071 0.0000
vn -0.5000 0.7071 0.5000
vn 0.0000 0.9659 -0.2588
vn 0.0000 0.7071 -0.7071
vn -0.5000 0.7071 -0.5000
vn 0.5000 0.7071 -0.5000
vn 0.0000 0.9659 0.2588
vn 0.0000 0.7071 0.7071
vn 0.5000 0.7071 0.5000
vn -0.9659 0.2588 0.0000
vn 0.0000 0.2588 0.9659
vn 0.6830 0.2588 -0.6830
vn -0.6830 0.2588 -0.6830
vn 0.0000 0.2588 -0.9659
vn 0.1830 0.9659 -0.1830
vn -0.1830 -0.9659 0.1830
vn 0.6830 0.2588 0.6830
vn 0.9659 -0.2588 0.0000
vn 0.7071 -0.7071 0.0000
vn 0.2588 -0.9659 0.0000
vn 0.0000 -0.9659 0.2588
vn 0.0000 -0.7071 0.7071
vn -0.5000 -0.7071 0.5000
vn -0.2588 -0.9659 0.0000
vn -0.7071 -0.7071 0.0000
vn -0.5000 -0.7071 -0.5000
vn 0.0000 -0.9659 -0.2588
vn 0.0000 -0.7071 -0.7071
vn 0.5000 -0.7071 -0.5000
vn 0.5000 -0.7071 0.5000
vn -0.6830 -0.2588 -0.6830
vn -0.9659 -0.2588 0.0000
vn 0.6830 -0.2588 -0.6830
vn 0.0000 -0.2588 -0.9659
vn 0.6830 -0.2588 0.6830
vn -0.6830 -0.2588 0.6830
vn 0.1830 -0.9659 0.1830
vn 0.1830 -0.9659 -0.1830
vn -0.1830 -0.9659 -0.1830
vn -0.6830 0.2588 0.6830
vn 0.1830 0.9659 0.1830
vn -0.1830 0.9659 0.1830
vn -0.1830 0.9659 -0.1830
vn -0.1573 0.0000 0.9876
vn -0.3827 0.0000 0.9239
vn -0.5871 0.0000 0.8095
vn -0.1573 -0.0001 0.9876
vn -0.3827 -0.0001 0.9239
vn -0.5871 -0.0001 0.8095
vn -0.9876 0.0001 0.1573
vn -0.9239 0.0001 0.3827
vn -0.8095 0.0001 0.5871
vn -0.9876 -0.0000 0.1573
vn -0.9239 -0.0000 0.3827
vn -0.8095 -0.0000 0.5871
vn -0.1573 0.0001 -0.9876
vn -0.3827 0.0001 -0.9239
vn -0.5871 0.0001 -0.8095
vn -0.1573 -0.0000 -0.9876
vn -0.3827 -0.0000 -0.9239
vn -0.5871 -0.0000 -0.8095
vn -0.9876 -0.0001 -0.1573
vn -0.9239 -0.0001 -0.3827
vn -0.8095 -0.0001 -0.5871
vn -0.9876 0.0000 -0.1573
vn -0.9239 0.0000 -0.3827
vn -0.8095 0.0000 -0.5871
vn 0.9876 0.0001 -0.1573
vn 0.9239 0.0001 -0.3827
vn 0.8095 0.0001 -0.5871
vn 0.9876 -0.0000 -0.1573
vn 0.9239 -0.0000 -0.3827
vn 0.8095 -0.0000 -0.5871
vn 0.1573 -0.0001 -0.9876
vn 0.3827 -0.0001 -0.9239
vn 0.5871 -0.0001 -0.8095
vn 0.1573 0.0000 -0.9876
vn 0.3827 0.0000 -0.9239
vn 0.5871 0.0000 -0.8095
vn 0.1573 0.0001 0.9876
vn 0.3827 0.0001 0.9239
vn 0.5871 0.0001 0.8095
vn 0.1573 -0.0000 0.9876
vn 0.3827 -0.0000 0.9239
vn 0.5871 -0.0000 0.8095
vn 0.9876 -0.0001 0.1573
vn 0.9239 -0.0001 0.3827
vn 0.8095 -0.0001 0.5871
vn 0.9876 0.0000 0.1573
vn 0.9239 0.0000 0.3827
vn 0.8095 0.0000 0.5871
vn -0.1573 0.0001 0.9876
vn -0.3827 0.0001 0.9239
vn -0.5871 0.0001 0.8095
vn -0.9876 0.0001 -0.1573
vn -0.9239 0.0001 -0.3827
vn -0.8095 0.0001 -0.5871
vn 0.1573 0.0001 -0.9876
vn 0.3827 0.0001 -0.9239
vn 0.5871 0.0001 -0.8095
vn 0.9876 0.0001 0.1573
vn 0.9239 0.0001 0.3827
vn 0.8095 0.0001 0.5871
vn -0.9876 -0.0001 0.1573
vn -0.9239 -0.0001 0.3827
vn -0.8095 -0.0001 0.5871
vn -0.1573 -0.0001 -0.9876
vn -0.3827 -0.0001 -0.9239
vn -0.5871 -0.0001 -0.8095
vn 0.9876 -0.0001 -0.1573
vn 0.9239 -0.0001 -0.3827
vn 0.8095 -0.0001 -0.5871
vn 0.1573 -0.0001 0.9876
vn 0.3827 -0.0001 0.9239
vn 0.5871 -0.0001 0.8095
vn -0.0388 0.9691 0.2435
vn -0.0919 0.9707 0.2219
vn -0.1448 0.9691 0.1996
vn -0.2435 0.9691 0.0388
vn -0.2219 0.9707 0.0919
vn -0.1996 0.9691 0.1448
vn -0.1083 0.7254 0.6798
vn -0.2595 0.7351 0.6264
vn -0.4041 0.7254 0.5572
vn -0.6798 0.7254 0.1083
vn -0.6264 0.7351 0.2595
vn -0.5572 0.7254 0.4041
vn -0.1514 0.2722 0.9503
vn -0.3674 0.2796 0.8870
vn -0.5649 0.2722 0.7790
vn -0.9503 0.2722 0.1514
vn -0.8870 0.2796 0.3674
vn -0.7790 0.2722 0.5649
vn -0.2435 0.9691 -0.0388
vn -0.2219 0.9707 -0.0919
vn -0.1996 0.9691 -0.1448
vn -0.0388 0.9691 -0.2435
vn -0.0919 0.9707 -0.2219
vn -0.1448 0.9691 -0.1996
vn -0.6798 0.7254 -0.1083
vn -0.6264 0.7351 -0.2595
vn -0.5572 0.7254 -0.4041
vn -0.1083 0.7254 -0.6798
vn -0.2595 0.7351 -0.6264
vn -0.4041 0.7254 -0.5572
vn -0.9503 0.2722 -0.1514
vn -0.8870 0.2797 -0.3674
vn -0.7790 0.2722 -0.5649
vn -0.1514 0.2722 -0.9503
vn -0.3674 0.2796 -0.8870
vn -0.5649 0.2722 -0.7790
vn 0.0388 0.9691 -0.2435
vn 0.0919 0.9707 -0.2219
vn 0.1448 0.9691 -0.1996
vn 0.2435 0.9691 -0.0388
vn 0.2219 0.9707 -0.0919
vn 0.1996 0.9691 -0.1448
vn 0.1083 0.7254 -0.6798
vn 0.2595 0.7351 -0.6264
vn 0.4041 0.7254 -0.5572
vn 0.6798 0.7254 -0.1083
vn 0.6264 0.7351 -0.2595
vn 0.5572 0.7254 -0.4041
vn 0.1514 0.2722 -0.9503
vn 0.3674 0.2796 -0.8870
vn 0.5649 0.2722 -0.7790
vn 0.9503 0.2722 -0.1514
vn 0.8870 0.2796 -0.3674
vn 0.7790 0.2722 -0.5649
vn 0.2435 0.9691 0.0388
vn 0.2219 0.9707 0.0919
vn 0.1996 0.9691 0.1448
vn 0.0388 0.9691 0.2435
vn 0.0919 0.9707 0.2219
vn 0.1448 0.9691 0.1996
vn 0.6798 0.7254 0.1083
vn 0.6264 0.7351 0.2595
vn 0.5572 0.7254 0.4041
vn 0.1083 0.7254 0.6798
vn 0.2595 0.7351 0.6264
vn 0.4041 0.7254 0.5572
vn 0.9503 0.2722 0.1514
vn 0.8870 0.2797 0.3674
vn 0.7790 0.2722 0.5649
vn 0.1514 0.2722 0.9503
vn 0.3674 0.2796 0.8870
vn 0.5649 0.2722 0.7790
vn -0.1573 0.0003 0.9876
vn -0.3827 0.0004 0.9239
vn -0.5871 0.0003 0.8095
vn -0.9876 0.0003 0.1573
vn -0.9239 0.0004 0.3827
vn -0.8095 0.0003 0.5871
vn -0.8095 0.0003 -0.5871
vn -0.9239 0.0004 -0.3827
vn -0.9876 0.0003 -0.1573
vn -0.1573 0.0003 -0.9876
vn -0.3827 0.0004 -0.9239
vn -0.5871 0.0003 -0.8095
vn 0.1573 0.0003 0.9876
vn 0.3827 0.0004 0.9239
vn 0.5871 0.0003 0.8095
vn 0.9876 0.0003 0.1573
vn 0.9239 0.0004 0.3827
vn 0.8095 0.0003 0.5871
vn 0.9876 0.0003 -0.1573
vn 0.9239 0.0004 -0.3827
vn 0.8095 0.0003 -0.5871
vn 0.1573 0.0003 -0.9876
vn 0.3827 0.0004 -0.9239
vn 0.5871 0.0003 -0.8095
vn -0.2435 -0.9691 0.0388
vn -0.2219 -0.9707 0.0919
vn -0.1996 -0.9691 0.1448
vn -0.0388 -0.9691 0.2435
vn -0.0919 -0.9707 0.2219
vn -0.1448 -0.9691 0.1996
vn -0.6798 -0.7254 0.1083
vn -0.6264 -0.7351 0.2595
vn -0.5572 -0.7254 0.4041
vn -0.1083 -0.7254 0.6798
vn -0.2595 -0.7351 0.6264
vn -0.4041 -0.7254 0.5572
vn -0.9503 -0.2722 0.1514
vn -0.8870 -0.2797 0.3674
vn -0.7790 -0.2722 0.5649
vn -0.1514 -0.2722 0.9503
vn -0.3674 -0.2796 0.8870
vn -0.5649 -0.2722 0.7790
vn -0.0388 -0.9691 -0.2435
vn -0.0919 -0.9707 -0.2219
vn -0.1448 -0.9691 -0.1996
vn -0.2435 -0.9691 -0.0388
vn -0.2219 -0.9707 -0.0919
vn -0.1996 -0.9691 -0.1448
vn -0.1083 -0.7254 -0.6798
vn -0.2595 -0.7351 -0.6264
vn -0.4041 -0.7254 -0.5572
vn -0.6798 -0.7254 -0.1083
vn -0.6264 -0.7351 -0.2595
vn -0.5572 -0.7254 -0.4041
vn -0.1514 -0.2722 -0.9503
vn -0.3674 -0.2796 -0.8870
vn -0.5649 -0.2722 -0.7790
vn -0.9503 -0.2722 -0.1514
vn -0.8870 -0.2796 -0.3674
vn -0.7790 -0.2722 -0.5649
vn 0.2435 -0.9691 -0.0388
vn 0.2219 -0.9707 -0.0919
vn 0.1996 -0.9691 -0.1448
vn 0.0388 -0.9691 -0.2435
vn 0.0919 -0.9707 -0.2219
vn 0.1448 -0.9691 -0.1996
vn 0.6798 -0.7254 -0.1083
vn 0.6264 -0.7351 -0.2595
vn 0.5572 -0.7254 -0.4041
vn 0.1083 -0.7254 -0.6798
vn 0.2595 -0.7351 -0.6264
vn 0.4041 -0.7254 -0.5572
vn 0.9503 -0.2722 -0.1514
vn 0.8870 -0.2797 -0.3674
vn 0.7790 -0.2722 -0.5649
vn 0.1514 -0.2722 -0.9503
vn 0.3674 -0.2796 -0.8870
vn 0.5649 -0.2722 -0.7790
vn 0.0388 -0.9691 0.2435
vn 0.0919 -0.9707 0.2219
vn 0.1448 -0.9691 0.1996
vn 0.2435 -0.9691 0.0388
vn 0.2219 -0.9707 0.0919
vn 0.1996 -0.9691 0.1448
vn 0.1083 -0.7254 0.6798
vn 0.2595 -0.7351 0.6264
vn 0.4041 -0.7254 0.5572
vn 0.6798 -0.7254 0.1083
vn 0.6264 -0.7351 0.2595
vn 0.5572 -0.7254 0.4041
vn 0.1514 -0.2722 0.9503
vn 0.3674 -0.2796 0.8870
vn 0.5649 -0.2722 0.7790
vn 0.9503 -0.2722 0.1514
vn 0.8870 -0.2796 0.3674
vn 0.7790 -0.2722 0.5649
vn -0.1573 -0.0003 0.9876
vn -0.3827 -0.0004 0.9239
vn -0.5871 -0.0003 0.8095
vn -0.9876 -0.0003 0.1573
vn -0.9239 -0.0004 0.3827
vn -0.8095 -0.0003 0.5871
vn -0.8095 -0.0003 -0.5871
vn -0.9239 -0.0004 -0.3827
vn -0.9876 -0.0003 -0.1573
vn -0.1573 -0.0003 -0.9876
vn -0.3827 -0.0004 -0.9239
vn -0.5871 -0.0003 -0.8095
vn 0.1573 -0.0003 0.9876
vn 0.3827 -0.0004 0.9239
vn 0.5871 -0.0003 0.8095
vn 0.9876 -0.0003 0.1573
vn 0.9239 -0.0004 0.3827
vn 0.8095 -0.0003 0.5871
vn 0.9876 -0.0003 -0.1573
vn 0.9239 -0.0004 -0.3827
vn 0.8095 -0.0003 -0.5871
vn 0.1573 -0.0003 -0.9876
vn 0.3827 -0.0004 -0.9239
vn 0.5871 -0.0003 -0.8095
usemtl BassBox
s off
f 142/1/1 155/2/1 430/3/1 253/4/1
f 39/5/2 94/6/2 494/7/2 257/8/2
f 86/9/3 477/10/3 485/11/3 88/12/3
f 6/13/4 78/14/4 82/15/4 9/16/4
f 414/17/5 269/18/5 254/19/5 429/20/5
f 35/21/2 90/22/2 94/6/2 39/5/2
f 478/23/6 273/24/6 258/25/6 493/26/6
f 622/27/4 293/28/4 16/29/4 118/30/4
f 114/31/4 15/32/4 310/33/4 573/34/4
f 361/35/7 313/36/7 318/37/7 345/38/7
f 106/39/4 13/40/4 15/32/4 114/31/4
f 12/41/4 86/9/4 74/42/4 5/43/4
f 7/44/2 15/32/2 31/45/2 26/46/2
f 337/47/8 233/48/8 43/49/8 59/50/8
f 238/51/9 298/52/9 309/53/9 242/54/9
f 329/55/4 217/56/4 11/57/4 52/58/4
f 293/28/4 221/59/4 10/60/4 16/29/4
f 321/61/2 201/62/2 34/63/2 57/64/2
f 206/65/5 290/66/5 301/67/5 210/68/5
f 42/69/8 72/70/8 362/71/8 185/72/8
f 44/73/8 46/74/8 249/75/8 189/76/8
f 37/77/2 70/78/2 370/79/2 225/80/2
f 38/81/2 39/5/2 257/8/2 229/82/2
f 138/83/1 148/84/1 366/85/1 209/86/1
f 140/87/1 142/1/1 253/4/1 213/88/1
f 9/16/2 8/89/2 27/90/2 28/91/2
f 7/44/4 63/92/4 374/93/4 241/94/4
f 8/89/4 9/16/4 261/95/4 245/96/4
f 281/97/7 186/98/7 198/99/7 286/100/7
f 313/36/7 190/101/7 194/102/7 318/37/7
f 274/103/4 477/10/4 86/9/4 12/41/4
f 278/104/8 445/105/8 98/106/8 45/107/8
f 134/108/8 48/109/8 282/110/8 509/111/8
f 12/41/10 5/43/10 17/112/10 25/113/10
f 193/114/1 266/115/1 141/116/1 139/117/1
f 233/48/8 278/104/8 45/107/8 43/49/8
f 217/56/4 274/103/4 12/41/4 11/57/4
f 14/118/11 16/29/11 32/119/11 30/120/11
f 250/121/7 397/122/7 382/123/7 265/124/7
f 190/101/7 250/121/7 265/124/7 194/102/7
f 6/13/10 9/16/10 28/91/10 19/125/10
f 46/74/8 101/126/8 398/127/8 249/75/8
f 273/24/6 218/128/6 230/129/6 258/25/6
f 218/128/6 330/130/6 333/131/6 230/129/6
f 222/132/6 294/133/6 305/134/6 226/135/6
f 446/136/9 277/137/9 262/138/9 461/139/9
f 122/140/2 36/141/2 40/142/2 126/143/2
f 118/30/4 16/29/4 14/118/4 110/144/4
f 126/143/2 40/142/2 306/145/2 605/146/2
f 158/147/1 144/148/1 302/149/1 541/150/1
f 526/151/1 285/152/1 143/153/1 157/154/1
f 558/155/2 289/156/2 36/141/2 122/140/2
f 294/133/6 621/157/6 606/158/6 305/134/6
f 510/159/7 281/97/7 286/100/7 525/160/7
f 134/108/12 509/111/12 517/161/12 136/162/12
f 297/163/8 237/164/8 41/165/8 47/166/8
f 40/142/2 37/77/2 225/80/2 306/145/2
f 289/156/2 205/167/2 33/168/2 36/141/2
f 30/120/4 21/169/4 22/170/4 29/171/4
f 32/119/4 23/172/4 21/169/4 30/120/4
f 56/173/4 24/174/4 18/175/4 53/176/4
f 170/177/4 172/178/4 19/125/4 20/179/4
f 24/174/4 25/113/4 17/112/4 18/175/4
f 20/179/4 19/125/4 28/91/4 27/90/4
f 54/180/4 20/179/4 27/90/4 55/181/4
f 29/171/4 22/170/4 26/46/4 31/45/4
f 63/92/2 7/44/2 26/46/2 67/182/2
f 11/57/8 12/41/8 25/113/8 24/174/8
f 16/29/8 10/60/8 23/172/8 32/119/8
f 52/58/8 11/57/8 24/174/8 56/173/8
f 168/183/10 6/13/10 19/125/10 172/178/10
f 13/40/11 14/118/11 30/120/11 29/171/11
f 15/32/11 13/40/11 29/171/11 31/45/11
f 50/184/2 3/185/2 20/179/2 54/180/2
f 165/186/10 1/187/10 18/175/10 169/188/10
f 49/189/8 53/176/8 18/175/8 1/187/8
f 4/190/11 22/170/11 21/169/11 2/191/11
f 590/192/8 297/163/8 47/166/8 129/193/8
f 269/18/5 202/194/5 214/195/5 254/19/5
f 202/194/5 322/196/5 325/197/5 214/195/5
f 144/148/1 138/83/1 209/86/1 302/149/1
f 9/16/4 82/15/4 462/198/4 261/95/4
f 129/193/8 47/166/8 48/109/8 134/108/8
f 34/63/2 35/21/2 39/5/2 38/81/2
f 57/64/2 34/63/2 38/81/2 58/199/2
f 36/141/2 33/168/2 37/77/2 40/142/2
f 45/107/8 98/106/8 101/126/8 46/74/8
f 298/52/9 589/200/9 574/201/9 309/53/9
f 277/137/9 234/202/9 246/203/9 262/138/9
f 43/49/8 45/107/8 46/74/8 44/73/8
f 234/202/9 338/204/9 341/205/9 246/203/9
f 59/50/8 43/49/8 44/73/8 60/206/8
f 15/32/4 7/44/4 241/94/4 310/33/4
f 47/166/8 41/165/8 42/69/8 48/109/8
f 266/115/1 381/207/1 156/208/1 141/116/1
f 338/204/9 357/209/9 373/210/9 341/205/9
f 322/196/5 349/211/5 365/212/5 325/197/5
f 61/213/8 65/214/8 53/176/8 49/189/8
f 62/215/2 50/184/2 54/180/2 66/216/2
f 64/217/8 52/58/8 56/173/8 68/218/8
f 8/89/2 51/219/2 55/181/2 27/90/2
f 66/216/4 54/180/4 55/181/4 67/182/4
f 68/218/4 56/173/4 53/176/4 65/214/4
f 330/130/6 353/220/6 369/221/6 333/131/6
f 346/222/1 317/223/1 145/224/1 147/225/1
f 102/226/11 181/227/11 149/228/11 377/229/11 379/230/11 380/231/11 378/232/11 393/233/11 395/234/11 396/235/11 394/236/11
f 354/237/4 329/55/4 52/58/4 64/217/4
f 358/238/8 337/47/8 59/50/8 71/239/8
f 72/70/8 60/206/8 314/240/8 362/71/8
f 205/167/2 350/241/2 69/242/2 33/168/2
f 221/59/4 354/237/4 64/217/4 10/60/4
f 237/164/8 358/238/8 71/239/8 41/165/8
f 60/206/8 44/73/8 189/76/8 314/240/8
f 58/199/2 38/81/2 229/82/2 334/243/2
f 146/244/1 140/87/1 213/88/1 326/245/1
f 51/219/4 8/89/4 245/96/4 342/246/4
f 186/98/7 361/35/7 345/38/7 198/99/7
f 353/220/6 222/132/6 226/135/6 369/221/6
f 23/172/4 68/218/4 65/214/4 21/169/4
f 22/170/4 66/216/4 67/182/4 26/46/4
f 10/60/8 64/217/8 68/218/8 23/172/8
f 4/190/2 62/215/2 66/216/2 22/170/2
f 2/191/8 21/169/8 65/214/8 61/213/8
f 349/211/5 206/65/5 210/68/5 365/212/5
f 33/168/2 69/242/2 70/78/2 37/77/2
f 357/209/9 238/51/9 242/54/9 373/210/9
f 41/165/8 71/239/8 72/70/8 42/69/8
f 51/219/2 63/92/2 67/182/2 55/181/2
f 148/84/1 146/244/1 326/245/1 366/85/1
f 70/78/2 58/199/2 334/243/2 370/79/2
f 63/92/4 51/219/4 342/246/4 374/93/4
f 174/247/3 74/42/3 76/248/3 175/249/3
f 175/249/13 76/248/13 75/250/13 177/251/13
f 177/251/14 75/250/14 73/252/14 179/253/14
f 82/15/3 78/14/3 80/254/3 84/255/3
f 84/255/13 80/254/13 79/256/13 83/257/13
f 83/257/14 79/256/14 77/258/14 81/259/14
f 377/229/15 149/228/15 152/260/15 385/261/15
f 385/261/16 152/260/16 154/262/16 389/263/16
f 401/264/17 386/265/17 390/266/17 405/267/17
f 91/268/18 417/269/18 409/270/18 89/271/18
f 92/272/19 421/273/19 417/269/19 91/268/19
f 433/274/20 418/275/20 422/276/20 437/277/20
f 87/278/14 481/279/14 473/280/14 85/281/14
f 88/12/13 485/11/13 481/279/13 87/278/13
f 497/282/21 482/283/21 486/284/21 501/285/21
f 441/286/22 97/287/22 99/288/22 449/289/22
f 449/289/23 99/288/23 100/290/23 453/291/23
f 465/292/24 450/293/24 454/294/24 469/295/24
f 153/296/25 438/297/25 430/3/25 155/2/25
f 180/298/11 184/299/11 97/287/11 441/286/11 443/300/11 444/301/11 442/302/11 457/303/11 459/304/11 460/305/11 458/306/11 81/259/11 77/258/11
f 151/307/16 434/308/16 438/309/16 153/310/16
f 103/311/26 406/312/26 398/127/26 101/126/26
f 182/313/11 89/271/11 409/270/11 411/314/11 412/315/11 410/316/11 425/317/11 427/318/11 428/319/11 426/320/11 150/321/11
f 104/322/23 402/323/23 406/324/23 103/325/23
f 501/326/27 486/327/27 478/23/27 493/26/27
f 498/328/18 95/329/18 93/330/18 490/331/18
f 473/280/11 475/332/11 476/333/11 474/334/11 489/335/11 491/336/11 492/337/11 490/331/11 93/330/11 183/338/11 179/253/11 73/252/11 85/281/11
f 437/339/28 422/340/28 414/17/28 429/20/28
f 150/321/15 426/320/15 434/308/15 151/307/15
f 90/22/29 413/341/29 421/342/29 92/343/29
f 470/344/13 84/255/13 83/257/13 466/345/13
f 489/335/30 474/334/30 482/283/30 497/282/30
f 462/198/3 82/15/3 84/255/3 470/344/3
f 74/42/3 86/9/3 88/12/3 76/248/3
f 76/248/13 88/12/13 87/278/13 75/250/13
f 75/250/14 87/278/14 85/281/14 73/252/14
f 94/6/29 90/22/29 92/343/29 96/346/29
f 96/347/19 92/272/19 91/268/19 95/329/19
f 95/329/18 91/268/18 89/271/18 93/330/18
f 502/348/19 96/347/19 95/329/19 498/328/19
f 521/349/31 506/350/31 514/351/31 529/352/31
f 494/7/29 94/6/29 96/346/29 502/353/29
f 453/354/26 100/355/26 98/106/26 445/105/26
f 466/345/14 83/257/14 81/259/14 458/306/14
f 469/356/32 454/357/32 446/136/32 461/139/32
f 97/287/22 102/226/22 104/322/22 99/288/22
f 99/288/23 104/322/23 103/325/23 100/290/23
f 100/355/26 103/311/26 101/126/26 98/106/26
f 168/183/4 173/358/4 78/14/4 6/13/4
f 118/30/33 110/144/33 112/359/33 120/360/33
f 120/360/34 112/359/34 111/361/34 119/362/34
f 119/362/35 111/361/35 109/363/35 117/364/35
f 110/144/33 106/39/33 108/365/33 112/359/33
f 112/359/34 108/365/34 107/366/34 111/361/34
f 111/361/35 107/366/35 105/367/35 109/363/35
f 135/368/36 513/369/36 505/370/36 133/371/36
f 136/372/37 517/373/37 513/369/37 135/368/37
f 529/352/38 514/351/38 518/374/38 533/375/38
f 161/376/39 545/377/39 537/378/39 163/379/39
f 159/380/40 549/381/40 545/377/40 161/376/40
f 561/382/41 546/383/41 550/384/41 565/385/41
f 127/386/42 609/387/42 601/388/42 125/389/42
f 128/390/43 613/391/43 609/387/43 127/386/43
f 625/392/44 610/393/44 614/394/44 629/395/44
f 115/396/35 577/397/35 569/398/35 113/399/35
f 116/400/34 581/401/34 577/397/34 115/396/34
f 593/402/45 578/403/45 582/404/45 597/405/45
f 565/406/46 550/407/46 542/408/46 557/409/46
f 562/410/42 123/411/42 121/412/42 554/413/42
f 158/147/47 541/150/47 549/414/47 159/415/47
f 629/416/48 614/417/48 606/158/48 621/157/48
f 626/418/35 119/362/35 117/364/35 618/419/35
f 126/143/49 605/146/49 613/420/49 128/421/49
f 597/422/50 582/423/50 574/201/50 589/200/50
f 594/424/36 132/425/36 130/426/36 586/427/36
f 114/31/33 573/34/33 581/401/33 116/400/33
f 533/428/51 518/429/51 510/159/51 525/160/51
f 530/430/39 162/431/39 164/432/39 522/433/39
f 537/378/10 539/434/10 540/435/10 538/436/10 553/437/10 555/438/10 556/439/10 554/413/10 121/412/10 125/389/10 601/388/10 603/440/10 604/441/10 602/442/10 617/443/10 619/444/10 620/445/10 618/419/10 117/364/10 109/363/10 105/367/10 113/399/10 569/398/10 571/446/10 572/447/10 570/448/10 585/449/10 587/450/10 588/451/10 586/427/10 130/426/10 133/371/10 505/370/10 507/452/10 508/453/10 506/350/10 521/349/10 523/454/10 524/455/10 522/433/10 164/432/10 163/379/10
f 106/39/33 114/31/33 116/400/33 108/365/33
f 108/365/34 116/400/34 115/396/34 107/366/34
f 107/366/35 115/396/35 113/399/35 105/367/35
f 630/456/34 120/360/34 119/362/34 626/418/34
f 622/27/33 118/30/33 120/360/33 630/456/33
f 566/457/43 124/458/43 123/411/43 562/410/43
f 585/449/52 570/448/52 578/403/52 593/402/52
f 558/155/49 122/140/49 124/459/49 566/460/49
f 122/140/49 126/143/49 128/421/49 124/459/49
f 124/458/43 128/390/43 127/386/43 123/411/43
f 123/411/42 127/386/42 125/389/42 121/412/42
f 598/461/37 131/462/37 132/425/37 594/424/37
f 617/443/53 602/442/53 610/393/53 625/392/53
f 590/192/12 129/193/12 131/463/12 598/464/12
f 129/193/12 134/108/12 136/162/12 131/463/12
f 131/462/37 136/372/37 135/368/37 132/425/37
f 132/425/36 135/368/36 133/371/36 130/426/36
f 110/144/4 14/118/4 13/40/4 106/39/4
f 526/151/47 157/154/47 160/465/47 534/466/47
f 162/431/39 161/376/39 163/379/39 164/432/39
f 553/437/54 538/436/54 546/383/54 561/382/54
f 160/467/40 159/380/40 161/376/40 162/431/40
f 534/468/40 160/467/40 162/431/40 530/430/40
f 157/154/47 158/147/47 159/415/47 160/465/47
f 405/469/55 390/470/55 382/123/55 397/122/55
f 154/471/25 153/296/25 155/2/25 156/208/25
f 102/226/22 394/236/22 402/323/22 104/322/22
f 152/260/16 151/307/16 153/310/16 154/262/16
f 389/472/25 154/471/25 156/208/25 381/207/25
f 149/228/15 150/321/15 151/307/15 152/260/15
f 285/152/1 197/473/1 137/474/1 143/153/1
f 137/474/1 147/225/1 148/84/1 138/83/1
f 350/241/2 321/61/2 57/64/2 69/242/2
f 147/225/1 145/224/1 146/244/1 148/84/1
f 290/66/5 557/409/5 542/408/5 301/67/5
f 157/154/1 143/153/1 144/148/1 158/147/1
f 317/223/1 193/114/1 139/117/1 145/224/1
f 139/117/1 141/116/1 142/1/1 140/87/1
f 197/473/1 346/222/1 147/225/1 137/474/1
f 145/224/1 139/117/1 140/87/1 146/244/1
f 201/62/2 270/475/2 35/21/2 34/63/2
f 143/153/1 137/474/1 138/83/1 144/148/1
f 270/475/2 413/341/2 90/22/2 35/21/2
f 141/116/1 156/208/1 155/2/1 142/1/1
f 5/43/4 74/42/4 174/247/4 167/476/4
f 167/476/4 174/247/4 173/358/4 168/183/4
f 79/256/14 178/477/14 180/298/14 77/258/14
f 178/477/14 177/251/14 179/253/14 180/298/14
f 80/254/13 176/478/13 178/477/13 79/256/13
f 176/478/13 175/249/13 177/251/13 178/477/13
f 78/14/3 173/358/3 176/478/3 80/254/3
f 173/358/3 174/247/3 175/249/3 176/478/3
f 3/185/10 166/479/10 170/177/10 20/179/10
f 166/479/10 165/186/10 169/188/10 170/177/10
f 5/43/10 167/476/10 171/480/10 17/112/10
f 167/476/10 168/183/10 172/178/10 171/480/10
f 18/175/4 17/112/4 171/480/4 169/188/4
f 169/188/4 171/480/4 172/178/4 170/177/4
f 179/253/11 183/338/11 184/299/11 180/298/11
f 457/303/56 442/302/56 450/293/56 465/292/56
f 181/227/11 182/313/11 150/321/11 149/228/11
f 393/233/57 378/232/57 386/265/57 401/264/57
f 425/317/58 410/316/58 418/275/58 433/274/58
f 97/287/11 184/299/11 181/227/11 102/226/11
f 183/338/11 93/330/11 89/271/11 182/313/11
f 314/240/59 189/76/59 191/481/59 316/482/59
f 316/483/60 191/484/60 192/485/60 315/486/60
f 315/486/61 192/485/61 190/101/61 313/36/61
f 282/110/62 185/72/62 187/487/62 284/488/62
f 284/489/63 187/490/63 188/491/63 283/492/63
f 283/492/64 188/491/64 186/98/64 281/97/64
f 266/115/65 193/114/65 195/493/65 268/494/65
f 268/494/66 195/493/66 196/495/66 267/496/66
f 267/496/67 196/495/67 194/102/67 265/124/67
f 346/222/68 197/473/68 199/497/68 348/498/68
f 348/498/69 199/497/69 200/499/69 347/500/69
f 347/500/70 200/499/70 198/99/70 345/38/70
f 270/475/71 201/62/71 203/501/71 272/502/71
f 272/502/72 203/501/72 204/503/72 271/504/72
f 271/504/73 204/503/73 202/194/73 269/18/73
f 350/241/74 205/167/74 207/505/74 352/506/74
f 352/506/75 207/505/75 208/507/75 351/508/75
f 351/508/76 208/507/76 206/65/76 349/211/76
f 302/149/77 209/86/77 211/509/77 304/510/77
f 304/510/78 211/509/78 212/511/78 303/512/78
f 303/512/79 212/511/79 210/68/79 301/67/79
f 326/245/80 213/88/80 215/513/80 328/514/80
f 328/514/81 215/513/81 216/515/81 327/516/81
f 327/516/82 216/515/82 214/195/82 325/197/82
f 274/103/83 217/56/83 219/517/83 276/518/83
f 276/518/84 219/517/84 220/519/84 275/520/84
f 275/520/85 220/519/85 218/128/85 273/24/85
f 354/237/86 221/59/86 223/521/86 356/522/86
f 356/522/87 223/521/87 224/523/87 355/524/87
f 355/524/88 224/523/88 222/132/88 353/220/88
f 306/145/89 225/80/89 227/525/89 308/526/89
f 308/526/90 227/525/90 228/527/90 307/528/90
f 307/528/91 228/527/91 226/135/91 305/134/91
f 334/243/92 229/82/92 231/529/92 336/530/92
f 336/530/93 231/529/93 232/531/93 335/532/93
f 335/532/94 232/531/94 230/129/94 333/131/94
f 278/104/95 233/48/95 235/533/95 280/534/95
f 280/534/96 235/533/96 236/535/96 279/536/96
f 279/536/97 236/535/97 234/202/97 277/137/97
f 358/238/98 237/164/98 239/537/98 360/538/98
f 360/538/99 239/537/99 240/539/99 359/540/99
f 359/540/100 240/539/100 238/51/100 357/209/100
f 310/33/101 241/94/101 243/541/101 312/542/101
f 312/542/102 243/541/102 244/543/102 311/544/102
f 311/544/103 244/543/103 242/54/103 309/53/103
f 342/246/104 245/96/104 247/545/104 344/546/104
f 344/546/105 247/545/105 248/547/105 343/548/105
f 343/548/106 248/547/106 246/203/106 341/205/106
f 189/76/107 249/75/107 251/549/107 191/481/107
f 191/484/108 251/550/108 252/551/108 192/485/108
f 192/485/109 252/551/109 250/121/109 190/101/109
f 213/88/110 253/4/110 255/552/110 215/513/110
f 215/513/111 255/552/111 256/553/111 216/515/111
f 216/515/112 256/553/112 254/19/112 214/195/112
f 229/82/113 257/8/113 259/554/113 231/529/113
f 231/529/114 259/554/114 260/555/114 232/531/114
f 232/531/115 260/555/115 258/25/115 230/129/115
f 245/96/116 261/95/116 263/556/116 247/545/116
f 247/545/117 263/556/117 264/557/117 248/547/117
f 248/547/118 264/557/118 262/138/118 246/203/118
f 197/473/119 285/152/119 287/558/119 199/497/119
f 199/497/120 287/558/120 288/559/120 200/499/120
f 200/499/121 288/559/121 286/100/121 198/99/121
f 205/167/122 289/156/122 291/560/122 207/505/122
f 207/505/123 291/560/123 292/561/123 208/507/123
f 208/507/124 292/561/124 290/66/124 206/65/124
f 221/59/125 293/28/125 295/562/125 223/521/125
f 223/521/126 295/562/126 296/563/126 224/523/126
f 224/523/127 296/563/127 294/133/127 222/132/127
f 237/164/128 297/163/128 299/564/128 239/537/128
f 239/537/129 299/564/129 300/565/129 240/539/129
f 240/539/130 300/565/130 298/52/130 238/51/130
f 362/71/59 314/240/59 316/482/59 364/566/59
f 364/567/60 316/483/60 315/486/60 363/568/60
f 363/568/61 315/486/61 313/36/61 361/35/61
f 193/114/68 317/223/68 319/569/68 195/493/68
f 195/493/69 319/569/69 320/570/69 196/495/69
f 196/495/70 320/570/70 318/37/70 194/102/70
f 201/62/74 321/61/74 323/571/74 203/501/74
f 203/501/75 323/571/75 324/572/75 204/503/75
f 204/503/76 324/572/76 322/196/76 202/194/76
f 366/85/80 326/245/80 328/514/80 368/573/80
f 368/573/81 328/514/81 327/516/81 367/574/81
f 367/574/82 327/516/82 325/197/82 365/212/82
f 217/56/86 329/55/86 331/575/86 219/517/86
f 219/517/87 331/575/87 332/576/87 220/519/87
f 220/519/88 332/576/88 330/130/88 218/128/88
f 370/79/92 334/243/92 336/530/92 372/577/92
f 372/577/93 336/530/93 335/532/93 371/578/93
f 371/578/94 335/532/94 333/131/94 369/221/94
f 233/48/98 337/47/98 339/579/98 235/533/98
f 235/533/99 339/579/99 340/580/99 236/535/99
f 236/535/100 340/580/100 338/204/100 234/202/100
f 374/93/104 342/246/104 344/546/104 376/581/104
f 376/581/105 344/546/105 343/548/105 375/582/105
f 375/582/106 343/548/106 341/205/106 373/210/106
f 317/223/68 346/222/68 348/498/68 319/569/68
f 319/569/69 348/498/69 347/500/69 320/570/69
f 320/570/70 347/500/70 345/38/70 318/37/70
f 321/61/74 350/241/74 352/506/74 323/571/74
f 323/571/75 352/506/75 351/508/75 324/572/75
f 324/572/76 351/508/76 349/211/76 322/196/76
f 329/55/86 354/237/86 356/522/86 331/575/86
f 331/575/87 356/522/87 355/524/87 332/576/87
f 332/576/88 355/524/88 353/220/88 330/130/88
f 337/47/98 358/238/98 360/538/98 339/579/98
f 339/579/99 360/538/99 359/540/99 340/580/99
f 340/580/100 359/540/100 357/209/100 338/204/100
f 185/72/59 362/71/59 364/566/59 187/487/59
f 187/490/60 364/567/60 363/568/60 188/491/60
f 188/491/61 363/568/61 361/35/61 186/98/61
f 209/86/80 366/85/80 368/573/80 211/509/80
f 211/509/81 368/573/81 367/574/81 212/511/81
f 212/511/82 367/574/82 365/212/82 210/68/82
f 225/80/92 370/79/92 372/577/92 227/525/92
f 227/525/93 372/577/93 371/578/93 228/527/93
f 228/527/94 371/578/94 369/221/94 226/135/94
f 241/94/104 374/93/104 376/581/104 243/541/104
f 243/541/105 376/581/105 375/582/105 244/543/105
f 244/543/106 375/582/106 373/210/106 242/54/106
f 402/323/131 394/236/131 396/235/131 404/583/131
f 404/583/132 396/235/132 395/234/132 403/584/132
f 403/584/133 395/234/133 393/233/133 401/264/133
f 377/229/134 385/261/134 387/585/134 379/230/134
f 379/230/135 387/585/135 388/586/135 380/231/135
f 380/231/136 388/586/136 386/265/136 378/232/136
f 406/324/137 402/323/137 404/583/137 408/587/137
f 408/587/138 404/583/138 403/584/138 407/588/138
f 407/588/139 403/584/139 401/264/139 405/267/139
f 385/261/140 389/263/140 391/589/140 387/585/140
f 387/585/141 391/589/141 392/590/141 388/586/141
f 388/586/142 392/590/142 390/266/142 386/265/142
f 398/127/143 406/312/143 408/591/143 400/592/143
f 400/593/144 408/594/144 407/595/144 399/596/144
f 399/596/145 407/595/145 405/469/145 397/122/145
f 389/472/146 381/207/146 383/597/146 391/598/146
f 391/598/147 383/597/147 384/599/147 392/600/147
f 392/600/148 384/599/148 382/123/148 390/470/148
f 434/308/149 426/320/149 428/319/149 436/601/149
f 436/601/150 428/319/150 427/318/150 435/602/150
f 435/602/151 427/318/151 425/317/151 433/274/151
f 409/270/152 417/269/152 419/603/152 411/314/152
f 411/314/153 419/603/153 420/604/153 412/315/153
f 412/315/154 420/604/154 418/275/154 410/316/154
f 438/309/155 434/308/155 436/601/155 440/605/155
f 440/605/156 436/601/156 435/602/156 439/606/156
f 439/606/157 435/602/157 433/274/157 437/277/157
f 417/269/158 421/273/158 423/607/158 419/603/158
f 419/603/159 423/607/159 424/608/159 420/604/159
f 420/604/160 424/608/160 422/276/160 418/275/160
f 430/3/161 438/297/161 440/609/161 432/610/161
f 432/610/162 440/609/162 439/611/162 431/612/162
f 431/612/163 439/611/163 437/339/163 429/20/163
f 421/342/164 413/341/164 415/613/164 423/614/164
f 423/614/165 415/613/165 416/615/165 424/616/165
f 424/616/166 416/615/166 414/17/166 422/340/166
f 498/328/167 490/331/167 492/337/167 500/617/167
f 500/617/168 492/337/168 491/336/168 499/618/168
f 499/618/169 491/336/169 489/335/169 497/282/169
f 473/280/170 481/279/170 483/619/170 475/332/170
f 475/332/171 483/619/171 484/620/171 476/333/171
f 476/333/172 484/620/172 482/283/172 474/334/172
f 502/348/173 498/328/173 500/617/173 504/621/173
f 504/621/174 500/617/174 499/618/174 503/622/174
f 503/622/175 499/618/175 497/282/175 501/285/175
f 481/279/176 485/11/176 487/623/176 483/624/176
f 483/625/177 487/626/177 488/627/177 484/628/177
f 484/628/178 488/627/178 486/284/178 482/283/178
f 494/7/179 502/353/179 504/629/179 496/630/179
f 496/630/180 504/629/180 503/631/180 495/632/180
f 495/632/181 503/631/181 501/326/181 493/26/181
f 485/11/182 477/10/182 479/633/182 487/634/182
f 487/634/183 479/633/183 480/635/183 488/636/183
f 488/636/184 480/635/184 478/23/184 486/327/184
f 466/345/185 458/306/185 460/305/185 468/637/185
f 468/637/186 460/305/186 459/304/186 467/638/186
f 467/638/187 459/304/187 457/303/187 465/292/187
f 441/286/188 449/289/188 451/639/188 443/300/188
f 443/300/189 451/639/189 452/640/189 444/301/189
f 444/301/190 452/640/190 450/293/190 442/302/190
f 470/344/191 466/345/191 468/641/191 472/642/191
f 472/643/192 468/644/192 467/645/192 471/646/192
f 471/646/193 467/645/193 465/292/193 469/295/193
f 449/289/194 453/291/194 455/647/194 451/639/194
f 451/639/195 455/647/195 456/648/195 452/640/195
f 452/640/196 456/648/196 454/294/196 450/293/196
f 462/198/197 470/344/197 472/649/197 464/650/197
f 464/650/198 472/649/198 471/651/198 463/652/198
f 463/652/199 471/651/199 469/356/199 461/139/199
f 453/354/200 445/105/200 447/653/200 455/654/200
f 455/654/201 447/653/201 448/655/201 456/656/201
f 456/656/202 448/655/202 446/136/202 454/357/202
f 249/75/203 398/127/203 400/657/203 251/549/203
f 251/550/204 400/658/204 399/659/204 252/551/204
f 252/551/205 399/659/205 397/122/205 250/121/205
f 381/207/206 266/115/206 268/494/206 383/597/206
f 383/597/207 268/494/207 267/496/207 384/599/207
f 384/599/208 267/496/208 265/124/208 382/123/208
f 429/20/209 254/19/209 256/553/209 431/612/209
f 431/612/210 256/553/210 255/552/210 432/610/210
f 432/610/211 255/552/211 253/4/211 430/3/211
f 413/341/212 270/475/212 272/502/212 415/613/212
f 415/613/213 272/502/213 271/504/213 416/615/213
f 416/615/214 271/504/214 269/18/214 414/17/214
f 445/105/215 278/104/215 280/534/215 447/653/215
f 447/653/216 280/534/216 279/536/216 448/655/216
f 448/655/217 279/536/217 277/137/217 446/136/217
f 261/95/218 462/198/218 464/650/218 263/556/218
f 263/556/219 464/650/219 463/652/219 264/557/219
f 264/557/220 463/652/220 461/139/220 262/138/220
f 477/10/221 274/103/221 276/518/221 479/633/221
f 479/633/222 276/518/222 275/520/222 480/635/222
f 480/635/223 275/520/223 273/24/223 478/23/223
f 257/8/224 494/7/224 496/630/224 259/554/224
f 259/554/225 496/630/225 495/632/225 260/555/225
f 260/555/226 495/632/226 493/26/226 258/25/226
f 530/430/227 522/433/227 524/455/227 532/660/227
f 532/660/228 524/455/228 523/454/228 531/661/228
f 531/661/229 523/454/229 521/349/229 529/352/229
f 505/370/230 513/369/230 515/662/230 507/452/230
f 507/452/231 515/662/231 516/663/231 508/453/231
f 508/453/232 516/663/232 514/351/232 506/350/232
f 534/468/233 530/430/233 532/660/233 536/664/233
f 536/664/234 532/660/234 531/661/234 535/665/234
f 535/665/235 531/661/235 529/352/235 533/375/235
f 513/369/236 517/373/236 519/666/236 515/662/236
f 515/662/237 519/666/237 520/667/237 516/663/237
f 516/663/238 520/667/238 518/374/238 514/351/238
f 526/151/239 534/466/239 536/668/239 528/669/239
f 528/669/240 536/668/240 535/670/240 527/671/240
f 527/671/241 535/670/241 533/428/241 525/160/241
f 517/161/242 509/111/242 511/672/242 519/673/242
f 519/674/243 511/675/243 512/676/243 520/677/243
f 520/677/244 512/676/244 510/159/244 518/429/244
f 562/410/245 554/413/245 556/439/245 564/678/245
f 564/678/246 556/439/246 555/438/246 563/679/246
f 563/679/247 555/438/247 553/437/247 561/382/247
f 537/378/248 545/377/248 547/680/248 539/434/248
f 539/434/249 547/680/249 548/681/249 540/435/249
f 540/435/250 548/681/250 546/383/250 538/436/250
f 566/457/251 562/410/251 564/678/251 568/682/251
f 568/682/252 564/678/252 563/679/252 567/683/252
f 567/683/253 563/679/253 561/382/253 565/385/253
f 545/377/254 549/381/254 551/684/254 547/680/254
f 547/680/255 551/684/255 552/685/255 548/681/255
f 548/681/256 552/685/256 550/384/256 546/383/256
f 558/155/257 566/460/257 568/686/257 560/687/257
f 560/687/258 568/686/258 567/688/258 559/689/258
f 559/689/259 567/688/259 565/406/259 557/409/259
f 549/414/260 541/150/260 543/690/260 551/691/260
f 551/691/261 543/690/261 544/692/261 552/693/261
f 552/693/262 544/692/262 542/408/262 550/407/262
f 626/418/263 618/419/263 620/445/263 628/694/263
f 628/694/264 620/445/264 619/444/264 627/695/264
f 627/695/265 619/444/265 617/443/265 625/392/265
f 601/388/266 609/387/266 611/696/266 603/440/266
f 603/440/267 611/696/267 612/697/267 604/441/267
f 604/441/268 612/697/268 610/393/268 602/442/268
f 630/456/269 626/418/269 628/698/269 632/699/269
f 632/700/270 628/701/270 627/702/270 631/703/270
f 631/703/271 627/702/271 625/392/271 629/395/271
f 609/387/272 613/391/272 615/704/272 611/696/272
f 611/696/273 615/704/273 616/705/273 612/697/273
f 612/697/274 616/705/274 614/394/274 610/393/274
f 622/27/275 630/456/275 632/706/275 624/707/275
f 624/707/276 632/706/276 631/708/276 623/709/276
f 623/709/277 631/708/277 629/416/277 621/157/277
f 613/420/278 605/146/278 607/710/278 615/711/278
f 615/711/279 607/710/279 608/712/279 616/713/279
f 616/713/280 608/712/280 606/158/280 614/417/280
f 594/424/281 586/427/281 588/451/281 596/714/281
f 596/714/282 588/451/282 587/450/282 595/715/282
f 595/715/283 587/450/283 585/449/283 593/402/283
f 569/398/284 577/397/284 579/716/284 571/446/284
f 571/446/285 579/716/285 580/717/285 572/447/285
f 572/447/286 580/717/286 578/403/286 570/448/286
f 598/461/287 594/424/287 596/714/287 600/718/287
f 600/718/288 596/714/288 595/715/288 599/719/288
f 599/719/289 595/715/289 593/402/289 597/405/289
f 577/397/290 581/401/290 583/720/290 579/721/290
f 579/722/291 583/723/291 584/724/291 580/725/291
f 580/725/292 584/724/292 582/404/292 578/403/292
f 590/192/293 598/464/293 600/726/293 592/727/293
f 592/727/294 600/726/294 599/728/294 591/729/294
f 591/729/295 599/728/295 597/422/295 589/200/295
f 581/401/296 573/34/296 575/730/296 583/731/296
f 583/731/297 575/730/297 576/732/297 584/733/297
f 584/733/298 576/732/298 574/201/298 582/423/298
f 509/111/299 282/110/299 284/488/299 511/734/299
f 511/735/300 284/489/300 283/492/300 512/736/300
f 512/736/301 283/492/301 281/97/301 510/159/301
f 285/152/302 526/151/302 528/669/302 287/558/302
f 287/558/303 528/669/303 527/671/303 288/559/303
f 288/559/304 527/671/304 525/160/304 286/100/304
f 301/67/305 542/408/305 544/692/305 303/512/305
f 303/512/306 544/692/306 543/690/306 304/510/306
f 304/510/307 543/690/307 541/150/307 302/149/307
f 289/156/308 558/155/308 560/687/308 291/560/308
f 291/560/309 560/687/309 559/689/309 292/561/309
f 292/561/310 559/689/310 557/409/310 290/66/310
f 297/163/311 590/192/311 592/727/311 299/564/311
f 299/564/312 592/727/312 591/729/312 300/565/312
f 300/565/313 591/729/313 589/200/313 298/52/313
f 573/34/314 310/33/314 312/542/314 575/730/314
f 575/730/315 312/542/315 311/544/315 576/732/315
f 576/732/316 311/544/316 309/53/316 574/201/316
f 293/28/317 622/27/317 624/707/317 295/562/317
f 295/562/318 624/707/318 623/709/318 296/563/318
f 296/563/319 623/709/319 621/157/319 294/133/319
f 605/146/320 306/145/320 308/526/320 607/710/320
f 607/710/321 308/526/321 307/528/321 608/712/321
f 608/712/322 307/528/322 305/134/322 606/158/322
f 48/109/8 42/69/8 185/72/8 282/110/8
o BassFrontPanel_Plane
v 0.280000 0.280000 0.240000
v 0.280000 -0.280000 0.240000
v 0.280000 0.280000 -0.240000
v 0.280000 -0.280000 -0.240000
v 0.280000 -0.260000 0.240000
v 0.280000 -0.260000 -0.240000
v 0.280000 -0.210000 -0.240000
v 0.280000 -0.210000 0.240000
v 0.280000 -0.280000 0.220000
v 0.280000 -0.260000 0.220000
v 0.280000 -0.210000 0.220000
v 0.280000 -0.280000 -0.220000
v 0.280000 -0.260000 -0.220000
v 0.280000 -0.210000 -0.220000
v 0.280000 0.280000 0.030000
v 0.280000 -0.280000 0.030000
v 0.280000 -0.260000 0.030000
v 0.280000 -0.210000 0.030000
v 0.280000 -0.280000 -0.030000
v 0.280000 -0.260000 -0.030000
v 0.280000 -0.210000 -0.030000
v 0.280000 0.280000 -0.030000
v 0.050000 0.280000 0.240000
v 0.050000 -0.260000 0.240000
v 0.050000 -0.280000 0.240000
v 0.050000 -0.280000 -0.220000
v 0.050000 -0.280000 -0.240000
v 0.050000 -0.210000 -0.240000
v 0.050000 -0.210000 0.240000
v 0.050000 -0.260000 -0.240000
v 0.050000 -0.260000 -0.220000
v 0.050000 -0.210000 -0.220000
v 0.050000 0.280000 0.030000
v 0.050000 -0.280000 0.220000
v 0.050000 -0.260000 0.220000
v 0.050000 -0.210000 0.220000
v 0.050000 -0.280000 -0.030000
v 0.050000 -0.260000 -0.030000
v 0.050000 -0.210000 -0.030000
v 0.050000 0.280000 -0.240000
v 0.050000 0.280000 -0.030000
v 0.050000 -0.280000 0.030000
v 0.050000 -0.260000 0.030000
v 0.050000 -0.210000 0.030000
v 0.280000 0.189099 0.159099
v 0.280000 0.116104 0.207873
v 0.280000 0.073895 0.220677
v 0.280000 0.155003 0.187081
v 0.280000 0.030000 0.225000
v 0.280000 -0.095003 0.187081
v 0.280000 -0.056104 0.207873
v 0.280000 -0.013895 0.220677
v 0.280000 -0.157081 0.125003
v 0.280000 -0.157081 -0.125003
v 0.280000 -0.195000 0.000000
v 0.280000 -0.177873 0.086104
v 0.280000 -0.190677 0.043895
v 0.280000 -0.190677 -0.043895
v 0.280000 -0.129099 0.159099
v 0.280000 -0.177873 -0.086104
v 0.280000 0.255000 -0.000000
v 0.280000 0.250677 -0.043895
v 0.280000 0.250677 0.043895
v 0.280000 0.217081 0.125003
v 0.280000 0.217081 -0.125003
v 0.280000 0.237873 0.086104
v 0.280000 0.237873 -0.086104
v 0.280000 0.155003 -0.187081
v 0.280000 0.073895 -0.220677
v 0.280000 0.116104 -0.207873
v 0.280000 -0.056104 -0.207873
v 0.280000 -0.013895 -0.220677
v 0.280000 -0.129099 -0.159099
v 0.280000 -0.095003 -0.187081
v 0.280000 0.030000 -0.225000
v 0.280000 0.189099 -0.159099
v 0.050000 0.255000 -0.000000
v 0.050000 0.250677 0.043895
v 0.050000 0.250677 -0.043895
v 0.050000 0.217081 0.125003
v 0.050000 0.217081 -0.125003
v 0.050000 0.237873 0.086104
v 0.050000 0.237873 -0.086104
v 0.050000 0.189099 -0.159099
v 0.050000 0.155003 -0.187081
v 0.050000 0.030000 -0.225000
v 0.050000 0.073895 -0.220677
v 0.050000 0.116104 -0.207873
v 0.050000 -0.056104 -0.207873
v 0.050000 -0.132035 -0.155522
v 0.050000 -0.129099 -0.159099
v 0.050000 -0.095003 -0.187081
v 0.050000 -0.013895 -0.220677
v 0.050000 0.189099 0.159099
v 0.050000 0.116104 0.207873
v 0.050000 0.073895 0.220677
v 0.050000 0.155003 0.187081
v 0.050000 0.030000 0.225000
v 0.050000 -0.095003 0.187081
v 0.050000 -0.056104 0.207873
v 0.050000 -0.013895 0.220677
v 0.050000 -0.157081 0.125003
v 0.050000 -0.157081 -0.125003
v 0.050000 -0.195000 0.000000
v 0.050000 -0.190677 0.043895
v 0.050000 -0.190677 -0.043895
v 0.050000 -0.129099 0.159099
v 0.050000 -0.177873 0.086104
v 0.050000 -0.177873 -0.086104
vt 0.500000 0.750000
vt 1.000000 0.750000
vt 1.000000 1.000000
vt 0.500000 1.000000
vt 0.250000 0.750000
vt 0.250000 1.000000
vt 0.000000 1.000000
vt 0.000000 0.000000
vt 0.250000 0.000000
vt 0.250000 0.500000
vt 0.500000 0.000000
vt 0.500000 0.500000
vt 1.000000 0.000000
vt 1.000000 0.500000
vt 0.208724 0.480519
vt 0.208724 0.728205
vt 0.223000 0.696501
vt 0.233609 0.670620
vt 0.240141 0.646360
vt 0.242347 0.621173
vt 0.240141 0.593781
vt 0.233609 0.562989
vt 0.223000 0.526499
vt 0.191328 0.424689
vt 0.171482 0.365359
vt 0.149947 0.309370
vt 0.127551 0.261629
vt 0.105155 0.225896
vt 0.083621 0.205512
vt 0.063774 0.204003
vt 0.046378 0.225267
vt 0.032102 0.271054
vt 0.021493 0.337528
vt 0.014961 0.418034
vt 0.012755 0.506378
vt 0.014961 0.596927
vt 0.021493 0.683965
vt 0.032102 0.761047
vt 0.046378 0.821111
vt 0.063774 0.859771
vt 0.083621 0.878108
vt 0.105155 0.879259
vt 0.127551 0.865922
vt 0.149947 0.840576
vt 0.171482 0.806123
vt 0.191328 0.766639
vt 0.500000 0.687500
vt 1.000000 0.687500
vt 1.000000 0.625000
vt 0.500000 0.625000
vt 0.250000 0.625000
vt 0.250000 0.687500
vt 0.500000 0.750000
vt 0.500000 1.000000
vt 1.000000 1.000000
vt 1.000000 0.750000
vt 0.250000 0.750000
vt 0.250000 1.000000
vt 0.000000 1.000000
vt 0.000000 0.000000
vt 0.250000 0.500000
vt 0.250000 0.000000
vt 0.500000 0.500000
vt 0.500000 0.000000
vt 1.000000 0.500000
vt 1.000000 0.000000
vt 0.210222 0.724366
vt 0.208724 0.728205
vt 0.191328 0.766639
vt 0.171482 0.806123
vt 0.149947 0.840576
vt 0.127551 0.865922
vt 0.105155 0.879259
vt 0.083621 0.878108
vt 0.063774 0.859771
vt 0.046378 0.821111
vt 0.032102 0.761047
vt 0.021493 0.683965
vt 0.014961 0.596927
vt 0.012755 0.506378
vt 0.014961 0.418034
vt 0.021493 0.337528
vt 0.032102 0.271054
vt 0.046378 0.225267
vt 0.063774 0.204003
vt 0.083621 0.205512
vt 0.105155 0.225896
vt 0.127551 0.261629
vt 0.149947 0.309370
vt 0.171482 0.365359
vt 0.191328 0.424689
vt 0.208724 0.480519
vt 0.223000 0.526499
vt 0.233609 0.562989
vt 0.240141 0.593781
vt 0.242347 0.621174
vt 0.240141 0.646360
vt 0.233609 0.670620
vt 0.223000 0.696501
vt 0.500000 0.687500
vt 1.000000 0.687500
vt 0.500000 0.625000
vt 1.000000 0.625000
vt 0.250000 0.625000
vt 0.250000 0.687500
vt 0.000000 0.000000
vt 0.000000 0.000000
vt 0.000000 0.000000
vt 0.000000 0.000000
vt 0.000000 0.000000
vt 0.000000 0.000000
vt 0.000000 0.000000
vt 0.000000 0.000000
vt 0.000000 0.000000
vt 0.000000 0.000000
vt 0.000000 0.000000
vt 0.000000 0.000000
vt 0.000000 0.000000
vt 0.000000 0.000000
vt 0.968750 0.552459
vt 0.968750 0.885792
vt 1.000000 0.885792
vt 1.000000 0.552459
vt 0.937500 0.552459
vt 0.937500 0.885792
vt 0.906250 0.552459
vt 0.906250 0.885792
vt 0.875000 0.552459
vt 0.875000 0.885792
vt 0.843750 0.885792
vt 0.871721 0.552459
vt 0.843750 0.552459
vt 0.812500 0.885792
vt 0.812500 0.552459
vt 0.781250 0.885792
vt 0.781250 0.552459
vt 0.750000 0.885792
vt 0.750000 0.552459
vt 0.718750 0.885792
vt 0.718750 0.552459
vt 0.687500 0.885792
vt 0.687500 0.552459
vt 0.656250 0.885792
vt 0.656250 0.552459
vt 0.625000 0.885792
vt 0.625000 0.552459
vt 0.593750 0.885792
vt 0.593750 0.552459
vt 0.562500 0.885792
vt 0.562500 0.552459
vt 0.531250 0.885792
vt 0.531250 0.552459
vt 0.500000 0.885792
vt 0.500000 0.552459
vt 0.468750 0.885792
vt 0.468750 0.552459
vt 0.437500 0.885792
vt 0.437500 0.552459
vt 0.406250 0.885792
vt 0.406250 0.552459
vt 0.375000 0.885792
vt 0.375000 0.552459
vt 0.343750 0.552459
vt 0.343750 0.885792
vt 0.312500 0.552459
vt 0.312500 0.885792
vt 0.281250 0.552459
vt 0.281250 0.885792
vt 0.250000 0.552459
vt 0.250000 0.885792
vt 0.218750 0.552459
vt 0.218750 0.885792
vt 0.187500 0.552459
vt 0.187500 0.885792
vt 0.156250 0.552459
vt 0.156250 0.885792
vt 0.125000 0.552459
vt 0.125000 0.885792
vt 0.093750 0.552459
vt 0.093750 0.885792
vt 0.062500 0.552459
vt 0.062500 0.885792
vt 0.031250 0.552459
vt 0.031250 0.885792
vt 0.000000 0.552459
vt 0.000000 0.885792
vn 1.0000 0.0000 0.0000
vn -1.0000 0.0000 -0.0000
vn -0.0000 1.0000 0.0000
vn -0.0000 0.0000 1.0000
vn 0.0000 -1.0000 0.0000
vn 0.0000 0.0000 -1.0000
vn 0.0000 0.0980 0.9952
vn 0.0000 0.2903 0.9569
vn -0.0000 0.4714 0.8819
vn -0.0000 0.6344 0.7730
vn 0.0000 0.7730 0.6344
vn 0.0000 0.8819 0.4714
vn 0.0000 0.9569 0.2903
vn 0.0000 0.9952 0.0980
vn 0.0000 0.9952 -0.0980
vn 0.0000 0.9569 -0.2903
vn -0.0000 0.8819 -0.4714
vn 0.0000 0.7730 -0.6344
vn 0.0000 0.6344 -0.7730
vn 0.0000 0.4714 -0.8819
vn 0.0000 0.2903 -0.9569
vn 0.0000 0.0980 -0.9952
vn 0.0000 -0.0980 -0.9952
vn 0.0000 -0.2903 -0.9569
vn 0.0000 -0.4714 -0.8819
vn -0.0000 -0.6344 -0.7730
vn -0.0000 -0.7730 -0.6344
vn 0.0000 -0.8819 -0.4714
vn 0.0000 -0.9569 -0.2903
vn 0.0000 -0.9952 -0.0980
vn 0.0000 -0.9952 0.0980
vn 0.0000 -0.9569 0.2903
vn -0.0000 -0.8819 0.4714
vn 0.0000 -0.7730 0.6344
vn -0.0000 -0.6344 0.7730
vn 0.0000 -0.4714 0.8819
vn 0.0000 -0.2903 0.9569
vn 0.0000 -0.0980 0.9952
usemtl BassBox
s off
f 645/737/323 644/738/323 636/739/323 638/740/323
f 646/741/323 645/737/323 638/740/323 639/742/323
f 639/742/323 635/743/323 646/741/323
f 633/744/323 640/745/323 643/746/323
f 640/745/323 637/747/323 642/748/323 643/746/323
f 637/747/323 634/749/323 641/750/323 642/748/323
f 691/751/323 643/746/323 646/741/323 705/752/323 686/753/323 692/754/323 690/755/323 687/756/323 689/757/323 688/758/323 685/759/323
f 705/752/323 646/741/323 635/743/323 633/744/323 643/746/323 691/751/323 682/760/323 683/761/323 684/762/323 681/763/323 679/764/323 678/765/323 680/766/323 677/767/323 696/768/323 698/769/323 695/770/323 693/771/323 694/772/323 699/773/323 697/774/323 708/775/323 700/776/323 702/777/323 701/778/323 707/779/323 704/780/323 703/781/323 706/782/323
f 652/783/323 651/784/323 644/738/323 645/737/323
f 642/748/323 641/750/323 648/785/323 649/786/323
f 649/786/323 648/785/323 651/784/323 652/783/323
f 650/787/323 649/786/323 652/783/323 653/788/323
f 663/789/324 662/790/324 659/791/324 658/792/324
f 664/793/324 660/794/324 662/790/324 663/789/324
f 660/794/324 664/793/324 672/795/324
f 655/796/324 668/797/324 661/798/324
f 661/798/324 668/797/324 667/799/324 656/800/324
f 656/800/324 667/799/324 666/801/324 657/802/324
f 668/797/324 655/796/324 672/795/324 664/793/324 722/803/324 723/804/324 724/805/324 721/806/324 725/807/324 718/808/324 719/809/324 720/810/324 717/811/324 716/812/324 713/813/324 715/814/324 711/815/324 709/816/324 710/817/324 714/818/324 712/819/324 726/820/324 729/821/324 727/822/324 728/823/324 730/824/324 733/825/324 732/826/324 731/827/324 739/828/324
f 722/803/324 664/793/324 668/797/324 739/828/324 734/829/324 740/830/324 737/831/324 736/832/324 738/833/324 741/834/324 735/835/324
f 670/836/324 663/789/324 658/792/324 669/837/324
f 667/799/324 675/838/324 674/839/324 666/801/324
f 675/838/324 670/836/324 669/837/324 674/839/324
f 676/840/324 671/841/324 670/836/324 675/838/324
f 635/743/325 672/795/325 655/796/325 633/744/325
f 633/744/326 655/796/326 661/798/326 640/745/326
f 637/747/326 656/800/326 657/802/326 634/749/326
f 648/785/327 674/839/327 669/837/327 651/784/327
f 654/842/325 673/843/325 665/844/325 647/845/325
f 644/738/327 658/792/327 659/791/327 636/739/327
f 651/784/327 669/837/327 658/792/327 644/738/327
f 647/845/325 665/844/325 655/796/325 633/744/325
f 641/750/327 666/801/327 674/839/327 648/785/327
f 639/742/328 660/794/328 672/795/328 635/743/328
f 645/737/325 663/789/325 670/836/325 652/783/325
f 653/788/325 671/841/325 676/840/325 650/787/325
f 634/749/327 657/802/327 666/801/327 641/750/327
f 649/786/325 675/838/325 667/799/325 642/748/325
f 640/745/326 661/798/326 656/800/326 637/747/326
f 653/846/325 646/847/325 664/848/325 671/849/325
f 635/850/325 672/851/325 673/843/325 654/842/325
f 643/852/325 650/853/325 676/854/325 668/855/325
f 636/739/328 659/791/328 662/790/328 638/740/328
f 652/783/328 670/836/328 671/841/328 653/788/328
f 650/787/326 676/840/326 675/838/326 649/786/326
f 638/740/328 662/790/328 660/794/328 639/742/328
f 646/741/326 664/793/326 663/789/326 645/737/326
f 643/746/327 668/797/327 664/793/327 646/741/327
f 642/748/328 667/799/328 668/797/328 643/746/328
f 725/856/329 704/857/329 707/858/329 718/859/329
f 721/860/330 703/861/330 704/857/330 725/856/330
f 724/862/331 706/863/331 703/861/331 721/860/331
f 723/864/332 705/865/332 706/863/332 724/862/332
f 686/866/333 705/865/333 723/864/333 722/867/333 735/868/333
f 692/869/334 686/866/334 735/868/334 741/870/334
f 690/871/335 692/869/335 741/870/335 738/872/335
f 687/873/336 690/871/336 738/872/336 736/874/336
f 689/875/337 687/873/337 736/874/337 737/876/337
f 688/877/338 689/875/338 737/876/338 740/878/338
f 685/879/339 688/877/339 740/878/339 734/880/339
f 691/881/340 685/879/340 734/880/340 739/882/340
f 682/883/341 691/881/341 739/882/341 731/884/341
f 683/885/342 682/883/342 731/884/342 732/886/342
f 684/887/343 683/885/343 732/886/343 733/888/343
f 681/889/344 684/887/344 733/888/344 730/890/344
f 679/891/345 681/889/345 730/890/345 728/892/345
f 678/893/346 679/891/346 728/892/346 727/894/346
f 680/895/347 678/893/347 727/894/347 729/896/347
f 677/897/348 680/895/348 729/896/348 726/898/348
f 712/899/349 696/900/349 677/897/349 726/898/349
f 714/901/350 698/902/350 696/900/350 712/899/350
f 710/903/351 695/904/351 698/902/351 714/901/351
f 709/905/352 693/906/352 695/904/352 710/903/352
f 711/907/353 694/908/353 693/906/353 709/905/353
f 715/909/354 699/910/354 694/908/354 711/907/354
f 713/911/355 697/912/355 699/910/355 715/909/355
f 716/913/356 708/914/356 697/912/356 713/911/356
f 717/915/357 700/916/357 708/914/357 716/913/357
f 720/917/358 702/918/358 700/916/358 717/915/358
f 719/919/359 701/920/359 702/918/359 720/917/359
f 718/921/360 707/922/360 701/920/360 719/919/360
o HandleFrame_Cube.002
v -0.075000 -0.050000 0.300000
v 0.075000 -0.050000 0.300000
v 0.060000 -0.050000 0.300000
v 0.060000 0.050000 0.300000
v 0.060000 -0.050000 0.303000
v 0.060000 0.050000 0.303000
v -0.060000 0.050000 0.300000
v -0.060000 0.050000 0.303000
v -0.060000 -0.050000 0.303000
v -0.060000 -0.050000 0.300000
v -0.075000 0.040000 0.300000
v 0.075000 0.040000 0.300000
v -0.075000 0.040000 0.303000
v 0.075000 0.040000 0.303000
v 0.075000 -0.040000 0.300000
v 0.075000 -0.040000 0.303000
v -0.075000 -0.040000 0.300000
v -0.075000 -0.040000 0.303000
v -0.065000 -0.050000 0.300000
v -0.070000 -0.048660 0.300000
v -0.073660 -0.045000 0.300000
v -0.065000 0.050000 0.300000
v -0.075000 0.050000 0.300000
v -0.073660 0.045000 0.300000
v -0.070000 0.048660 0.300000
v 0.065000 0.050000 0.300000
v 0.075000 0.050000 0.300000
v 0.070000 0.048660 0.300000
v 0.073660 0.045000 0.300000
v 0.065000 -0.050000 0.300000
v 0.073660 -0.045000 0.300000
v 0.070000 -0.048660 0.300000
v -0.065000 -0.050000 0.303000
v -0.073660 -0.045000 0.303000
v -0.070000 -0.048660 0.303000
v -0.065000 0.050000 0.303000
v -0.070000 0.048660 0.303000
v -0.073660 0.045000 0.303000
v 0.065000 0.050000 0.303000
v 0.073660 0.045000 0.303000
v 0.070000 0.048660 0.303000
v 0.065000 -0.050000 0.303000
v 0.070000 -0.048660 0.303000
v 0.073660 -0.045000 0.303000
v -0.075000 -0.013333 0.300000
v -0.075000 0.013333 0.300000
v 0.075000 0.013333 0.300000
v 0.075000 -0.013333 0.300000
v 0.075000 0.013333 0.303000
v 0.075000 -0.013333 0.303000
v -0.075000 -0.013333 0.303000
v -0.075000 0.013333 0.303000
v 0.060000 0.040000 0.283000
v 0.060000 -0.040000 0.283000
v -0.060000 0.040000 0.283000
v -0.060000 -0.040000 0.283000
v -0.060000 0.013333 0.283000
v -0.060000 -0.013333 0.283000
v 0.060000 -0.013333 0.283000
v 0.060000 0.013333 0.283000
v 0.050000 0.030000 0.263000
v 0.060000 0.040000 0.273000
v 0.055000 0.035000 0.264340
v 0.058660 0.038660 0.268000
v -0.050000 0.030000 0.263000
v -0.060000 0.040000 0.273000
v -0.055000 0.035000 0.264340
v -0.058660 0.038660 0.268000
v 0.050000 -0.030000 0.263000
v 0.060000 -0.040000 0.273000
v 0.055000 -0.035000 0.264340
v 0.058660 -0.038660 0.268000
v -0.060000 -0.040000 0.273000
v -0.050000 -0.030000 0.263000
v -0.058660 -0.038660 0.268000
v -0.055000 -0.035000 0.264340
v 0.050000 0.013333 0.263000
v 0.060000 0.013333 0.273000
v 0.055000 0.013333 0.264340
v 0.058660 0.013333 0.268000
v 0.060000 -0.013333 0.273000
v 0.050000 -0.013333 0.263000
v 0.058660 -0.013333 0.268000
v 0.055000 -0.013333 0.264340
v -0.060000 0.013333 0.273000
v -0.050000 0.013333 0.263000
v -0.058660 0.013333 0.268000
v -0.055000 0.013333 0.264340
v -0.050000 -0.013333 0.263000
v -0.060000 -0.013333 0.273000
v -0.055000 -0.013333 0.264340
v -0.058660 -0.013333 0.268000
v 0.060000 0.040000 0.298000
v 0.065000 0.045000 0.303000
v 0.060670 0.040670 0.300500
v 0.062500 0.042500 0.302330
v -0.065000 0.045000 0.303000
v -0.060000 0.040000 0.298000
v -0.062500 0.042500 0.302330
v -0.060670 0.040670 0.300500
v 0.060000 -0.040000 0.298000
v 0.065000 -0.045000 0.303000
v 0.060670 -0.040670 0.300500
v 0.062500 -0.042500 0.302330
v -0.065000 -0.045000 0.303000
v -0.060000 -0.040000 0.298000
v -0.062500 -0.042500 0.302330
v -0.060670 -0.040670 0.300500
v 0.060000 0.013333 0.298000
v 0.065000 0.013333 0.303000
v 0.060670 0.013333 0.300500
v 0.062500 0.013333 0.302330
v 0.065000 -0.013333 0.303000
v 0.060000 -0.013333 0.298000
v 0.062500 -0.013333 0.302330
v 0.060670 -0.013333 0.300500
v -0.065000 0.013333 0.303000
v -0.060000 0.013333 0.298000
v -0.062500 0.013333 0.302330
v -0.060670 0.013333 0.300500
v -0.060000 -0.013333 0.298000
v -0.065000 -0.013333 0.303000
v -0.060670 -0.013333 0.300500
v -0.062500 -0.013333 0.302330
v -0.075000 -0.050000 -0.300000
v 0.075000 -0.050000 -0.300000
v 0.060000 -0.050000 -0.300000
v 0.060000 0.050000 -0.300000
v 0.060000 -0.050000 -0.303000
v 0.060000 0.050000 -0.303000
v -0.060000 0.050000 -0.300000
v -0.060000 0.050000 -0.303000
v -0.060000 -0.050000 -0.303000
v -0.060000 -0.050000 -0.300000
v -0.075000 0.040000 -0.300000
v 0.075000 0.040000 -0.300000
v -0.075000 0.040000 -0.303000
v 0.075000 0.040000 -0.303000
v 0.075000 -0.040000 -0.300000
v 0.075000 -0.040000 -0.303000
v -0.075000 -0.040000 -0.300000
v -0.075000 -0.040000 -0.303000
v -0.065000 -0.050000 -0.300000
v -0.070000 -0.048660 -0.300000
v -0.073660 -0.045000 -0.300000
v -0.065000 0.050000 -0.300000
v -0.075000 0.050000 -0.300000
v -0.073660 0.045000 -0.300000
v -0.070000 0.048660 -0.300000
v 0.065000 0.050000 -0.300000
v 0.075000 0.050000 -0.300000
v 0.070000 0.048660 -0.300000
v 0.073660 0.045000 -0.300000
v 0.065000 -0.050000 -0.300000
v 0.073660 -0.045000 -0.300000
v 0.070000 -0.048660 -0.300000
v -0.065000 -0.050000 -0.303000
v -0.073660 -0.045000 -0.303000
v -0.070000 -0.048660 -0.303000
v -0.065000 0.050000 -0.303000
v -0.070000 0.048660 -0.303000
v -0.073660 0.045000 -0.303000
v 0.065000 0.050000 -0.303000
v 0.073660 0.045000 -0.303000
v 0.070000 0.048660 -0.303000
v 0.065000 -0.050000 -0.303000
v 0.070000 -0.048660 -0.303000
v 0.073660 -0.045000 -0.303000
v -0.075000 -0.013333 -0.300000
v -0.075000 0.013333 -0.300000
v 0.075000 0.013333 -0.300000
v 0.075000 -0.013333 -0.300000
v 0.075000 0.013333 -0.303000
v 0.075000 -0.013333 -0.303000
v -0.075000 -0.013333 -0.303000
v -0.075000 0.013333 -0.303000
v 0.060000 0.040000 -0.283000
v 0.060000 -0.040000 -0.283000
v -0.060000 0.040000 -0.283000
v -0.060000 -0.040000 -0.283000
v -0.060000 0.013333 -0.283000
v -0.060000 -0.013333 -0.283000
v 0.060000 -0.013333 -0.283000
v 0.060000 0.013333 -0.283000
v 0.050000 0.030000 -0.263000
v 0.060000 0.040000 -0.273000
v 0.055000 0.035000 -0.264340
v 0.058660 0.038660 -0.268000
v -0.050000 0.030000 -0.263000
v -0.060000 0.040000 -0.273000
v -0.055000 0.035000 -0.264340
v -0.058660 0.038660 -0.268000
v 0.050000 -0.030000 -0.263000
v 0.060000 -0.040000 -0.273000
v 0.055000 -0.035000 -0.264340
v 0.058660 -0.038660 -0.268000
v -0.060000 -0.040000 -0.273000
v -0.050000 -0.030000 -0.263000
v -0.058660 -0.038660 -0.268000
v -0.055000 -0.035000 -0.264340
v 0.050000 0.013333 -0.263000
v 0.060000 0.013333 -0.273000
v 0.055000 0.013333 -0.264340
v 0.058660 0.013333 -0.268000
v 0.060000 -0.013333 -0.273000
v 0.050000 -0.013333 -0.263000
v 0.058660 -0.013333 -0.268000
v 0.055000 -0.013333 -0.264340
v -0.060000 0.013333 -0.273000
v -0.050000 0.013333 -0.263000
v -0.058660 0.013333 -0.268000
v -0.055000 0.013333 -0.264340
v -0.050000 -0.013333 -0.263000
v -0.060000 -0.013333 -0.273000
v -0.055000 -0.013333 -0.264340
v -0.058660 -0.013333 -0.268000
v 0.060000 0.040000 -0.298000
v 0.065000 0.045000 -0.303000
v 0.060670 0.040670 -0.300500
v 0.062500 0.042500 -0.302330
v -0.065000 0.045000 -0.303000
v -0.060000 0.040000 -0.298000
v -0.062500 0.042500 -0.302330
v -0.060670 0.040670 -0.300500
v 0.060000 -0.040000 -0.298000
v 0.065000 -0.045000 -0.303000
v 0.060670 -0.040670 -0.300500
v 0.062500 -0.042500 -0.302330
v -0.065000 -0.045000 -0.303000
v -0.060000 -0.040000 -0.298000
v -0.062500 -0.042500 -0.302330
v -0.060670 -0.040670 -0.300500
v 0.060000 0.013333 -0.298000
v 0.065000 0.013333 -0.303000
v 0.060670 0.013333 -0.300500
v 0.062500 0.013333 -0.302330
v 0.065000 -0.013333 -0.303000
v 0.060000 -0.013333 -0.298000
v 0.062500 -0.013333 -0.302330
v 0.060670 -0.013333 -0.300500
v -0.065000 0.013333 -0.303000
v -0.060000 0.013333 -0.298000
v -0.062500 0.013333 -0.302330
v -0.060670 0.013333 -0.300500
v -0.060000 -0.013333 -0.298000
v -0.065000 -0.013333 -0.303000
v -0.060670 -0.013333 -0.300500
v -0.062500 -0.013333 -0.302330
vt 0.812500 0.750000
vt 0.833333 0.750000
vt 0.833333 0.750000
vt 0.812500 0.750000
vt 0.250000 0.750000
vt 0.291667 0.750000
vt 0.291667 0.750000
vt 0.250000 0.750000
vt 0.625000 0.750000
vt 0.750000 0.750000
vt 0.708333 0.750000
vt 0.166667 0.750000
vt 0.187500 0.750000
vt 0.187500 0.750000
vt 0.166667 0.750000
vt 0.750000 0.750000
vt 0.500000 0.875000
vt 0.500000 0.937500
vt 0.500000 0.937500
vt 0.500000 0.875000
vt 0.479167 0.880208
vt 0.492187 0.880208
vt 0.492188 0.932292
vt 0.479167 0.932292
vt 0.479167 0.875000
vt 0.479167 0.875000
vt 0.708333 0.750000
vt 0.875000 0.750000
vt 0.479167 0.750000
vt 0.500000 0.750000
vt 0.500000 0.750000
vt 0.479167 0.750000
vt 0.677083 0.843750
vt 0.375000 0.750000
vt 0.437500 0.937500
vt 0.437500 0.875000
vt 0.437500 0.875000
vt 0.437500 0.937500
vt 0.458333 0.000000
vt 0.437500 0.000000
vt 0.437500 0.000000
vt 0.458333 0.000000
vt 0.479167 0.937500
vt 0.479167 0.937500
vt 0.500000 0.937500
vt 0.500000 0.875000
vt 0.479167 0.875000
vt 0.458333 0.875000
vt 0.458333 0.875000
vt 0.458333 0.937500
vt 0.437500 0.937500
vt 0.458333 0.937500
vt 0.500000 0.000000
vt 0.500000 0.000000
vt 0.562500 0.000000
vt 0.562500 0.000000
vt 0.625000 0.000000
vt 0.625000 0.000000
vt 0.854167 0.750000
vt 0.854167 0.750000
vt 0.562500 0.750000
vt 0.562500 0.750000
vt 0.666667 0.750000
vt 0.666667 0.750000
vt 0.333333 0.750000
vt 0.333333 0.750000
vt 0.406250 0.750000
vt 0.406250 0.750000
vt 0.437500 0.750000
vt 0.437500 0.750000
vt 0.145833 0.750000
vt 0.145833 0.750000
vt 0.125000 0.750000
vt 0.125000 0.750000
vt 0.406250 0.000000
vt 0.406250 0.000000
vt 0.125000 0.750000
vt 0.573117 0.435095
vt 0.594498 0.501978
vt 0.479167 0.937500
vt 0.458333 0.750000
vt 0.458333 0.833333
vt 0.433594 0.833333
vt 0.598101 0.805116
vt 0.599532 0.808013
vt 0.503906 0.833333
vt 0.479167 0.833333
vt 0.562500 0.872396
vt 0.625000 0.875000
vt 0.625000 0.937500
vt 0.562500 0.940104
vt 0.374526 0.808013
vt 0.374341 0.805116
vt 0.433594 0.958333
vt 0.458333 0.958333
vt 0.458333 1.000000
vt 0.437500 1.000000
vt 0.458333 0.875000
vt 0.276899 0.832674
vt 0.375000 0.937500
vt 0.197917 0.750000
vt 0.458333 0.937500
vt 0.437500 0.875000
vt 0.479167 0.000000
vt 0.479167 0.000000
vt 0.255656 0.910576
vt 0.458333 0.750000
vt 0.385417 0.812500
vt 0.445312 0.880208
vt 0.458333 0.880208
vt 0.458333 0.932292
vt 0.445312 0.932292
vt 0.375000 0.875000
vt 0.406250 0.872396
vt 0.406250 0.940104
vt 0.479167 0.958333
vt 0.479167 1.000000
vt 0.503906 0.958333
vt 0.500000 1.000000
vt 0.406250 0.822169
vt 0.406250 0.541266
vt 0.583333 0.812500
vt 0.562500 0.541266
vt 0.499477 0.937151
vt 0.499477 0.875349
vt 0.496094 0.934896
vt 0.496094 0.877604
vt 0.441406 0.877604
vt 0.458333 0.877604
vt 0.438023 0.875349
vt 0.458333 0.875000
vt 0.438023 0.937151
vt 0.458333 0.937500
vt 0.441406 0.934896
vt 0.458333 0.934896
vt 0.479167 0.877604
vt 0.479167 0.875000
vt 0.479167 0.937500
vt 0.479167 0.934896
vt 0.531250 0.938802
vt 0.531250 0.873698
vt 0.500000 0.937849
vt 0.500000 0.874651
vt 0.436977 0.875000
vt 0.458333 0.875000
vt 0.435547 0.854167
vt 0.458333 0.854167
vt 0.435547 0.947917
vt 0.458333 0.947917
vt 0.436977 0.937500
vt 0.458333 0.937500
vt 0.437500 0.937849
vt 0.437500 0.874651
vt 0.421875 0.938802
vt 0.421875 0.873698
vt 0.479167 0.875000
vt 0.500523 0.875000
vt 0.479167 0.854167
vt 0.501953 0.854167
vt 0.479167 0.947917
vt 0.501953 0.947917
vt 0.479167 0.937500
vt 0.500523 0.937500
vt 0.562500 0.822169
vt 0.812500 0.750000
vt 0.812500 0.750000
vt 0.833333 0.750000
vt 0.833333 0.750000
vt 0.250000 0.750000
vt 0.250000 0.750000
vt 0.291667 0.750000
vt 0.291667 0.750000
vt 0.625000 0.750000
vt 0.708333 0.750000
vt 0.750000 0.750000
vt 0.166667 0.750000
vt 0.166667 0.750000
vt 0.187500 0.750000
vt 0.187500 0.750000
vt 0.750000 0.750000
vt 0.500000 0.875000
vt 0.500000 0.875000
vt 0.500000 0.937500
vt 0.500000 0.937500
vt 0.479167 0.880208
vt 0.479167 0.932292
vt 0.492188 0.932292
vt 0.492187 0.880208
vt 0.479167 0.875000
vt 0.479167 0.875000
vt 0.708333 0.750000
vt 0.875000 0.750000
vt 0.479167 0.750000
vt 0.479167 0.750000
vt 0.500000 0.750000
vt 0.500000 0.750000
vt 0.677083 0.843750
vt 0.375000 0.750000
vt 0.437500 0.937500
vt 0.437500 0.937500
vt 0.437500 0.875000
vt 0.437500 0.875000
vt 0.458333 0.000000
vt 0.458333 0.000000
vt 0.437500 0.000000
vt 0.437500 0.000000
vt 0.500000 0.937500
vt 0.479167 0.937500
vt 0.479167 0.937500
vt 0.479167 0.875000
vt 0.500000 0.875000
vt 0.458333 0.875000
vt 0.458333 0.875000
vt 0.458333 0.937500
vt 0.458333 0.937500
vt 0.437500 0.937500
vt 0.500000 0.000000
vt 0.562500 0.000000
vt 0.562500 0.000000
vt 0.500000 0.000000
vt 0.625000 0.000000
vt 0.625000 0.000000
vt 0.854167 0.750000
vt 0.854167 0.750000
vt 0.562500 0.750000
vt 0.562500 0.750000
vt 0.666667 0.750000
vt 0.666667 0.750000
vt 0.333333 0.750000
vt 0.333333 0.750000
vt 0.406250 0.750000
vt 0.406250 0.750000
vt 0.437500 0.750000
vt 0.437500 0.750000
vt 0.145833 0.750000
vt 0.145833 0.750000
vt 0.125000 0.750000
vt 0.125000 0.750000
vt 0.406250 0.000000
vt 0.406250 0.000000
vt 0.125000 0.750000
vt 0.573117 0.435095
vt 0.594498 0.501978
vt 0.479167 0.937500
vt 0.433594 0.833333
vt 0.458333 0.833333
vt 0.458333 0.750000
vt 0.598101 0.805116
vt 0.599532 0.808013
vt 0.479167 0.833333
vt 0.503906 0.833333
vt 0.562500 0.872396
vt 0.562500 0.940104
vt 0.625000 0.937500
vt 0.625000 0.875000
vt 0.374526 0.808013
vt 0.374341 0.805116
vt 0.433594 0.958333
vt 0.437500 1.000000
vt 0.458333 1.000000
vt 0.458333 0.958333
vt 0.458333 0.875000
vt 0.276899 0.832674
vt 0.375000 0.937500
vt 0.197917 0.750000
vt 0.458333 0.937500
vt 0.437500 0.875000
vt 0.479167 0.000000
vt 0.479167 0.000000
vt 0.255656 0.910576
vt 0.458333 0.750000
vt 0.385417 0.812500
vt 0.445312 0.880208
vt 0.445312 0.932292
vt 0.458333 0.932292
vt 0.458333 0.880208
vt 0.375000 0.875000
vt 0.406250 0.940104
vt 0.406250 0.872396
vt 0.479167 1.000000
vt 0.479167 0.958333
vt 0.500000 1.000000
vt 0.503906 0.958333
vt 0.406250 0.822169
vt 0.406250 0.541266
vt 0.583333 0.812500
vt 0.562500 0.541266
vt 0.499477 0.875349
vt 0.499477 0.937151
vt 0.496094 0.877604
vt 0.496094 0.934896
vt 0.458333 0.877604
vt 0.441406 0.877604
vt 0.458333 0.875000
vt 0.438023 0.875349
vt 0.458333 0.937500
vt 0.438023 0.937151
vt 0.458333 0.934896
vt 0.441406 0.934896
vt 0.479167 0.877604
vt 0.479167 0.875000
vt 0.479167 0.937500
vt 0.479167 0.934896
vt 0.531250 0.873698
vt 0.531250 0.938802
vt 0.500000 0.874651
vt 0.500000 0.937849
vt 0.458333 0.875000
vt 0.436977 0.875000
vt 0.458333 0.854167
vt 0.435547 0.854167
vt 0.458333 0.947917
vt 0.435547 0.947917
vt 0.458333 0.937500
vt 0.436977 0.937500
vt 0.437500 0.874651
vt 0.437500 0.937849
vt 0.421875 0.873698
vt 0.421875 0.938802
vt 0.500523 0.875000
vt 0.479167 0.875000
vt 0.501953 0.854167
vt 0.479167 0.854167
vt 0.501953 0.947917
vt 0.479167 0.947917
vt 0.500523 0.937500
vt 0.479167 0.937500
vt 0.562500 0.822169
vt 0.375000 0.000000
vt 0.383373 0.000000
vt 0.375000 0.000000
vt 0.875000 0.750000
vt 0.869418 0.750000
vt 0.636164 0.750000
vt 0.625000 0.750000
vt 0.383373 0.750000
vt 0.375000 0.750000
vt 0.375000 0.000000
vt 0.375000 0.000000
vt 0.383373 0.000000
vt 0.875000 0.750000
vt 0.869418 0.750000
vt 0.636164 0.750000
vt 0.625000 0.750000
vt 0.383373 0.750000
vt 0.375000 0.750000
vn 0.0000 1.0000 0.0000
vn 0.0000 -1.0000 0.0000
vn 0.0000 0.0000 -1.0000
vn 0.0000 0.0000 1.0000
vn -1.0000 0.0000 0.0000
vn 1.0000 0.0000 0.0000
vn -0.9659 0.2588 0.0000
vn -0.7071 0.7071 0.0000
vn -0.2588 0.9659 0.0000
vn 0.9659 0.2588 0.0000
vn 0.7071 0.7071 0.0000
vn 0.2588 0.9659 0.0000
vn 0.2588 -0.9659 0.0000
vn 0.7071 -0.7071 0.0000
vn 0.9659 -0.2588 0.0000
vn -0.2588 -0.9659 0.0000
vn -0.7071 -0.7071 0.0000
vn -0.9659 -0.2588 0.0000
vn 0.0000 -0.9659 0.2588
vn 0.0000 -0.7071 0.7071
vn 0.0000 -0.2588 0.9659
vn -0.2588 0.0000 0.9659
vn -0.7071 0.0000 0.7071
vn -0.9659 0.0000 0.2588
vn 0.9659 0.0000 0.2588
vn 0.7071 0.0000 0.7071
vn 0.2588 0.0000 0.9659
vn 0.0000 0.2588 0.9659
vn 0.0000 0.7071 0.7071
vn 0.0000 0.9659 0.2588
vn 0.0000 -0.9659 -0.2588
vn 0.0000 -0.7071 -0.7071
vn 0.0000 -0.2588 -0.9659
vn -0.2588 0.0000 -0.9659
vn -0.7071 0.0000 -0.7071
vn -0.9659 0.0000 -0.2588
vn 0.9659 0.0000 -0.2588
vn 0.7071 0.0000 -0.7071
vn 0.2588 0.0000 -0.9659
vn 0.0000 0.2588 -0.9659
vn 0.0000 0.7071 -0.7071
vn 0.0000 0.9659 -0.2588
usemtl HandleMetal
s off
f 748/923/361 763/924/361 777/925/361 749/926/361
f 744/927/362 771/928/362 783/929/362 746/930/362
f 768/931/363 745/932/363 767/933/363
f 760/934/362 751/935/362 750/936/362 774/937/362
f 751/935/362 744/927/362 746/930/362 750/936/362
f 745/932/361 748/923/361 749/926/361 747/938/361
f 834/939/362 839/940/362 796/941/362 794/942/362
f 818/943/364 802/944/364 806/945/364 827/946/364
f 850/947/365 834/939/365 794/942/365 801/948/365
f 767/933/361 745/932/361 747/938/361 780/949/361
f 748/923/364 764/950/364 763/924/364
f 788/951/366 753/952/366 755/953/366 790/954/366
f 749/926/364 777/925/364 838/955/364
f 744/927/364 743/956/364 771/928/364
f 847/957/361 842/958/361 795/959/361 797/960/361
f 786/961/365 758/962/365 759/963/365 792/964/365
f 796/941/366 798/965/366 826/966/366 807/967/366
f 801/948/365 794/942/365 803/968/365 819/969/365
f 800/970/365 801/948/365 819/969/365 822/971/365
f 799/972/366 797/960/366 814/973/366 831/974/366
f 752/975/367 754/976/367 779/977/367 765/978/367
f 765/978/368 779/977/368 778/979/368 766/980/368
f 766/981/369 778/982/369 777/925/369 763/924/369
f 755/953/370 753/952/370 770/983/370 781/984/370
f 781/984/371 770/983/371 769/985/371 782/986/371
f 782/986/372 769/985/372 767/933/372 780/949/372
f 783/929/373 771/928/373 773/987/373 784/988/373
f 784/988/374 773/987/374 772/989/374 785/990/374
f 785/990/375 772/989/375 756/991/375 757/992/375
f 760/934/376 774/937/376 776/993/376 761/994/376
f 761/994/377 776/993/377 775/995/377 762/996/377
f 762/997/378 775/998/378 759/963/378 758/962/378
f 742/999/363 751/935/363 760/934/363
f 779/977/364 838/1000/364 778/979/364
f 778/979/364 838/1001/364 777/925/364
f 839/940/366 859/1002/366 798/965/366 796/941/366
f 757/992/364 791/1003/364 854/1004/364 843/1005/364
f 780/949/364 835/1006/364 782/986/364
f 782/986/364 835/1007/364 781/984/364
f 790/954/364 755/953/364 835/1008/364 851/1009/364
f 835/1010/364 747/1011/364 749/1012/364 838/1013/364
f 785/990/364 843/1014/364 784/988/364
f 784/988/364 843/1015/364 783/929/364
f 846/1016/364 863/1017/364 792/1018/364 759/1019/364
f 842/958/365 855/1020/365 800/970/365 795/959/365
f 855/1020/365 850/947/365 801/948/365 800/970/365
f 774/937/364 846/1021/364 776/993/364
f 750/1022/364 846/1023/364 774/937/364
f 862/1024/366 847/957/366 797/960/366 799/972/366
f 795/959/365 800/970/365 822/971/365 811/1025/365
f 797/960/361 795/959/361 811/1025/361 814/973/361
f 798/965/366 799/972/366 831/974/366 826/966/366
f 752/975/365 787/1026/365 793/1027/365 754/976/365
f 787/1026/365 786/961/365 792/964/365 793/1027/365
f 775/998/364 776/993/364 846/1028/364
f 756/991/366 789/1029/366 791/1003/366 757/992/366
f 789/1029/366 788/951/366 790/954/366 791/1003/366
f 843/1030/364 746/930/364 783/929/364
f 859/1002/366 862/1024/366 799/972/366 798/965/366
f 810/1031/364 823/1032/364 830/1033/364 815/1034/364
f 823/1032/364 818/943/364 827/946/364 830/1033/364
f 791/1003/364 790/954/364 851/1009/364 854/1004/364
f 746/1035/364 843/1036/364 846/1037/364 750/1022/364
f 863/1017/364 858/1038/364 793/1039/364 792/1018/364
f 858/1038/364 838/1040/364 754/1041/364 793/1039/364
f 757/992/364 843/1042/364 785/990/364
f 759/963/364 775/998/364 846/1043/364
f 835/1044/364 780/949/364 747/938/364
f 754/976/364 838/1045/364 779/977/364
f 803/968/379 807/967/379 809/1046/379 805/1047/379
f 805/1047/380 809/1046/380 808/1048/380 804/1049/380
f 804/1049/381 808/1048/381 806/945/381 802/944/381
f 823/1032/382 810/1031/382 812/1050/382 825/1051/382
f 825/1051/383 812/1050/383 813/1052/383 824/1053/383
f 824/1053/384 813/1052/384 811/1025/384 822/971/384
f 831/974/385 814/973/385 816/1054/385 833/1055/385
f 833/1055/386 816/1054/386 817/1056/386 832/1057/386
f 832/1057/387 817/1056/387 815/1034/387 830/1033/387
f 810/1031/388 815/1034/388 817/1056/388 812/1050/388
f 812/1050/389 817/1056/389 816/1054/389 813/1052/389
f 813/1052/390 816/1054/390 814/973/390 811/1025/390
f 802/944/382 818/943/382 820/1058/382 804/1049/382
f 804/1049/383 820/1058/383 821/1059/383 805/1047/383
f 805/1047/384 821/1059/384 819/969/384 803/968/384
f 818/943/382 823/1032/382 825/1051/382 820/1058/382
f 820/1058/383 825/1051/383 824/1053/383 821/1059/383
f 821/1059/384 824/1053/384 822/971/384 819/969/384
f 807/967/385 826/966/385 828/1060/385 809/1046/385
f 809/1046/386 828/1060/386 829/1061/386 808/1048/386
f 808/1048/387 829/1061/387 827/946/387 806/945/387
f 826/966/385 831/974/385 833/1055/385 828/1060/385
f 828/1060/386 833/1055/386 832/1057/386 829/1061/386
f 829/1061/387 832/1057/387 830/1033/387 827/946/387
f 794/942/362 796/941/362 807/967/362 803/968/362
f 835/1010/381 838/1013/381 840/1062/381 837/1063/381
f 837/1063/380 840/1062/380 841/1064/380 836/1065/380
f 836/1065/379 841/1064/379 839/940/379 834/939/379
f 855/1020/384 842/958/384 844/1066/384 857/1067/384
f 857/1067/383 844/1066/383 845/1068/383 856/1069/383
f 856/1069/382 845/1068/382 843/1005/382 854/1004/382
f 863/1017/387 846/1016/387 848/1070/387 865/1071/387
f 865/1071/386 848/1070/386 849/1072/386 864/1073/386
f 864/1073/385 849/1072/385 847/957/385 862/1024/385
f 842/958/390 847/957/390 849/1074/390 844/1075/390
f 844/1075/389 849/1074/389 848/1076/389 845/1077/389
f 845/1077/388 848/1076/388 846/1037/388 843/1036/388
f 834/939/384 850/947/384 852/1078/384 836/1079/384
f 836/1079/383 852/1078/383 853/1080/383 837/1081/383
f 837/1081/382 853/1080/382 851/1009/382 835/1008/382
f 850/947/384 855/1020/384 857/1067/384 852/1078/384
f 852/1078/383 857/1067/383 856/1069/383 853/1080/383
f 853/1080/382 856/1069/382 854/1004/382 851/1009/382
f 838/1040/387 858/1038/387 860/1082/387 840/1083/387
f 840/1083/386 860/1082/386 861/1084/386 841/1085/386
f 841/1085/385 861/1084/385 859/1002/385 839/940/385
f 858/1038/387 863/1017/387 865/1071/387 860/1082/387
f 860/1082/386 865/1071/386 864/1073/386 861/1084/386
f 861/1084/385 864/1073/385 862/1024/385 859/1002/385
f 781/984/364 835/1086/364 755/953/364
f 872/1087/361 873/1088/361 901/1089/361 887/1090/361
f 868/1091/362 870/1092/362 907/1093/362 895/1094/362
f 892/1095/364 891/1096/364 869/1097/364
f 884/1098/362 898/1099/362 874/1100/362 875/1101/362
f 875/1101/362 874/1100/362 870/1092/362 868/1091/362
f 869/1097/361 871/1102/361 873/1088/361 872/1087/361
f 958/1103/362 918/1104/362 920/1105/362 963/1106/362
f 942/1107/363 951/1108/363 930/1109/363 926/1110/363
f 974/1111/365 925/1112/365 918/1104/365 958/1103/365
f 891/1096/361 904/1113/361 871/1102/361 869/1097/361
f 872/1087/364 887/1090/364 888/1114/364
f 912/1115/366 914/1116/366 879/1117/366 877/1118/366
f 873/1088/363 962/1119/363 901/1089/363
f 868/1091/364 895/1094/364 867/1120/364
f 971/1121/361 921/1122/361 919/1123/361 966/1124/361
f 910/1125/365 916/1126/365 883/1127/365 882/1128/365
f 920/1105/366 931/1129/366 950/1130/366 922/1131/366
f 925/1112/365 943/1132/365 927/1133/365 918/1104/365
f 924/1134/365 946/1135/365 943/1132/365 925/1112/365
f 923/1136/366 955/1137/366 938/1138/366 921/1122/366
f 876/1139/367 889/1140/367 903/1141/367 878/1142/367
f 889/1140/368 890/1143/368 902/1144/368 903/1141/368
f 890/1145/369 887/1090/369 901/1089/369 902/1146/369
f 879/1117/370 905/1147/370 894/1148/370 877/1118/370
f 905/1147/371 906/1149/371 893/1150/371 894/1148/371
f 906/1149/372 904/1113/372 891/1096/372 893/1150/372
f 907/1093/373 908/1151/373 897/1152/373 895/1094/373
f 908/1151/374 909/1153/374 896/1154/374 897/1152/374
f 909/1153/375 881/1155/375 880/1156/375 896/1154/375
f 884/1098/376 885/1157/376 900/1158/376 898/1099/376
f 885/1157/377 886/1159/377 899/1160/377 900/1158/377
f 886/1161/378 882/1128/378 883/1127/378 899/1162/378
f 866/1163/364 884/1098/364 875/1101/364
f 903/1141/363 902/1144/363 962/1164/363
f 902/1144/363 901/1089/363 962/1165/363
f 963/1106/366 920/1105/366 922/1131/366 983/1166/366
f 881/1155/363 967/1167/363 978/1168/363 915/1169/363
f 904/1113/363 906/1149/363 959/1170/363
f 906/1149/363 905/1147/363 959/1171/363
f 914/1116/363 975/1172/363 959/1173/363 879/1117/363
f 959/1174/363 962/1175/363 873/1176/363 871/1177/363
f 909/1153/363 908/1151/363 967/1178/363
f 908/1151/363 907/1093/363 967/1179/363
f 970/1180/363 883/1181/363 916/1182/363 987/1183/363
f 966/1124/365 919/1123/365 924/1134/365 979/1184/365
f 979/1184/365 924/1134/365 925/1112/365 974/1111/365
f 898/1099/363 900/1158/363 970/1185/363
f 874/1186/363 898/1099/363 970/1187/363
f 986/1188/366 923/1136/366 921/1122/366 971/1121/366
f 919/1123/365 935/1189/365 946/1135/365 924/1134/365
f 921/1122/361 938/1138/361 935/1189/361 919/1123/361
f 922/1131/366 950/1130/366 955/1137/366 923/1136/366
f 876/1139/365 878/1142/365 917/1190/365 911/1191/365
f 911/1191/365 917/1190/365 916/1126/365 910/1125/365
f 899/1162/363 970/1192/363 900/1158/363
f 880/1156/366 881/1155/366 915/1169/366 913/1193/366
f 913/1193/366 915/1169/366 914/1116/366 912/1115/366
f 967/1194/363 907/1093/363 870/1092/363
f 983/1166/366 922/1131/366 923/1136/366 986/1188/366
f 934/1195/363 939/1196/363 954/1197/363 947/1198/363
f 947/1198/363 954/1197/363 951/1108/363 942/1107/363
f 915/1169/363 978/1168/363 975/1172/363 914/1116/363
f 870/1199/363 874/1186/363 970/1200/363 967/1201/363
f 987/1183/363 916/1182/363 917/1202/363 982/1203/363
f 982/1203/363 917/1202/363 878/1204/363 962/1205/363
f 881/1155/363 909/1153/363 967/1206/363
f 883/1127/363 970/1207/363 899/1162/363
f 959/1208/363 871/1102/363 904/1113/363
f 878/1142/363 903/1141/363 962/1209/363
f 927/1133/391 929/1210/391 933/1211/391 931/1129/391
f 929/1210/392 928/1212/392 932/1213/392 933/1211/392
f 928/1212/393 926/1110/393 930/1109/393 932/1213/393
f 947/1198/394 949/1214/394 936/1215/394 934/1195/394
f 949/1214/395 948/1216/395 937/1217/395 936/1215/395
f 948/1216/396 946/1135/396 935/1189/396 937/1217/396
f 955/1137/397 957/1218/397 940/1219/397 938/1138/397
f 957/1218/398 956/1220/398 941/1221/398 940/1219/398
f 956/1220/399 954/1197/399 939/1196/399 941/1221/399
f 934/1195/400 936/1215/400 941/1221/400 939/1196/400
f 936/1215/401 937/1217/401 940/1219/401 941/1221/401
f 937/1217/402 935/1189/402 938/1138/402 940/1219/402
f 926/1110/394 928/1212/394 944/1222/394 942/1107/394
f 928/1212/395 929/1210/395 945/1223/395 944/1222/395
f 929/1210/396 927/1133/396 943/1132/396 945/1223/396
f 942/1107/394 944/1222/394 949/1214/394 947/1198/394
f 944/1222/395 945/1223/395 948/1216/395 949/1214/395
f 945/1223/396 943/1132/396 946/1135/396 948/1216/396
f 931/1129/397 933/1211/397 952/1224/397 950/1130/397
f 933/1211/398 932/1213/398 953/1225/398 952/1224/398
f 932/1213/399 930/1109/399 951/1108/399 953/1225/399
f 950/1130/397 952/1224/397 957/1218/397 955/1137/397
f 952/1224/398 953/1225/398 956/1220/398 957/1218/398
f 953/1225/399 951/1108/399 954/1197/399 956/1220/399
f 918/1104/362 927/1133/362 931/1129/362 920/1105/362
f 959/1174/393 961/1226/393 964/1227/393 962/1175/393
f 961/1226/392 960/1228/392 965/1229/392 964/1227/392
f 960/1228/391 958/1103/391 963/1106/391 965/1229/391
f 979/1184/396 981/1230/396 968/1231/396 966/1124/396
f 981/1230/395 980/1232/395 969/1233/395 968/1231/395
f 980/1232/394 978/1168/394 967/1167/394 969/1233/394
f 987/1183/399 989/1234/399 972/1235/399 970/1180/399
f 989/1234/398 988/1236/398 973/1237/398 972/1235/398
f 988/1236/397 986/1188/397 971/1121/397 973/1237/397
f 966/1124/402 968/1238/402 973/1239/402 971/1121/402
f 968/1238/401 969/1240/401 972/1241/401 973/1239/401
f 969/1240/400 967/1201/400 970/1200/400 972/1241/400
f 958/1103/396 960/1242/396 976/1243/396 974/1111/396
f 960/1242/395 961/1244/395 977/1245/395 976/1243/395
f 961/1244/394 959/1173/394 975/1172/394 977/1245/394
f 974/1111/396 976/1243/396 981/1230/396 979/1184/396
f 976/1243/395 977/1245/395 980/1232/395 981/1230/395
f 977/1245/394 975/1172/394 978/1168/394 980/1232/394
f 962/1205/399 964/1246/399 984/1247/399 982/1203/399
f 964/1246/398 965/1248/398 985/1249/398 984/1247/398
f 965/1248/397 963/1106/397 983/1166/397 985/1249/397
f 982/1203/399 984/1247/399 989/1234/399 987/1183/399
f 984/1247/398 985/1249/398 988/1236/398 989/1234/398
f 985/1249/397 983/1166/397 986/1188/397 988/1236/397
f 905/1147/363 879/1117/363 959/1250/363
usemtl BassBox
f 760/1251/364 761/1252/364 742/1253/364
f 761/1252/364 762/997/364 742/1253/364
f 762/997/364 758/962/364 742/1253/364
f 752/1254/364 765/1255/364 764/950/364
f 765/1255/364 766/981/364 764/950/364
f 766/981/364 763/924/364 764/950/364
f 767/933/364 769/985/364 768/931/364
f 769/985/364 770/1256/364 768/931/364
f 770/1256/364 753/1257/364 768/931/364
f 756/991/364 772/989/364 743/956/364
f 772/989/364 773/1258/364 743/956/364
f 773/1258/364 771/1259/364 743/956/364
f 884/1260/363 866/1261/363 885/1262/363
f 885/1262/363 866/1261/363 886/1161/363
f 886/1161/363 866/1261/363 882/1128/363
f 876/1263/363 888/1114/363 889/1264/363
f 889/1264/363 888/1114/363 890/1145/363
f 890/1145/363 888/1114/363 887/1090/363
f 891/1096/363 892/1095/363 893/1150/363
f 893/1150/363 892/1095/363 894/1265/363
f 894/1265/363 892/1095/363 877/1266/363
f 880/1156/363 867/1120/363 896/1154/363
f 896/1154/363 867/1120/363 897/1267/363
f 897/1267/363 867/1120/363 895/1268/363
o Handle_Cube.003
v -0.075000 -0.022500 0.270000
v -0.075000 0.022500 0.270000
v 0.075000 -0.022500 0.270000
v 0.075000 0.022500 0.270000
v -0.040000 -0.010000 0.300000
v 0.040000 -0.010000 0.300000
v 0.040000 0.010000 0.300000
v -0.040000 0.010000 0.300000
v -0.040000 -0.010000 0.298000
v 0.040000 -0.010000 0.298000
v 0.040000 0.010000 0.298000
v -0.040000 0.010000 0.298000
v -0.075000 -0.022500 0.297500
v -0.075000 -0.019923 0.300000
v -0.075000 -0.022155 0.298750
v -0.075000 -0.021212 0.299665
v -0.075000 0.019923 0.300000
v -0.075000 0.022500 0.297500
v -0.075000 0.021212 0.299665
v -0.075000 0.022155 0.298750
v 0.075000 -0.019923 0.300000
v 0.075000 -0.022500 0.297500
v 0.075000 -0.021212 0.299665
v 0.075000 -0.022155 0.298750
v 0.075000 0.022500 0.297500
v 0.075000 0.019923 0.300000
v 0.075000 0.022155 0.298750
v 0.075000 0.021212 0.299665
v 0.047934 -0.015734 0.270000
v 0.041995 -0.015000 0.270000
v 0.046064 -0.015367 0.270000
v 0.043890 -0.015098 0.270000
v -0.041995 -0.015000 0.270000
v -0.047934 -0.015734 0.270000
v -0.043890 -0.015098 0.270000
v -0.046064 -0.015367 0.270000
v -0.047934 0.015734 0.270000
v -0.041995 0.015000 0.270000
v -0.046064 0.015367 0.270000
v -0.043890 0.015098 0.270000
v 0.041995 0.015000 0.270000
v 0.047934 0.015734 0.270000
v 0.043890 0.015098 0.270000
v 0.046064 0.015367 0.270000
v -0.047933 -0.015733 0.297500
v -0.041994 -0.015000 0.297500
v -0.046064 -0.015367 0.297500
v -0.043890 -0.015098 0.297500
v -0.042300 -0.012500 0.300000
v -0.048244 -0.013234 0.300000
v -0.044197 -0.012598 0.300000
v -0.046373 -0.012867 0.300000
v -0.042034 -0.014665 0.298750
v -0.047974 -0.015398 0.298750
v -0.043931 -0.014763 0.298750
v -0.046105 -0.015032 0.298750
v -0.042146 -0.013750 0.299665
v -0.048088 -0.014484 0.299665
v -0.044043 -0.013848 0.299665
v -0.046218 -0.014117 0.299665
v 0.048244 -0.013234 0.300000
v 0.042300 -0.012500 0.300000
v 0.046373 -0.012867 0.300000
v 0.044197 -0.012598 0.300000
v 0.041994 -0.015000 0.297500
v 0.047933 -0.015733 0.297500
v 0.043890 -0.015098 0.297500
v 0.046064 -0.015367 0.297500
v 0.048088 -0.014484 0.299665
v 0.042146 -0.013750 0.299665
v 0.046218 -0.014117 0.299665
v 0.044043 -0.013848 0.299665
v 0.047974 -0.015398 0.298750
v 0.042034 -0.014665 0.298750
v 0.046105 -0.015032 0.298750
v 0.043931 -0.014763 0.298750
v 0.047933 0.015733 0.297500
v 0.041994 0.015000 0.297500
v 0.046064 0.015367 0.297500
v 0.043890 0.015098 0.297500
v 0.042300 0.012500 0.300000
v 0.048244 0.013234 0.300000
v 0.044197 0.012598 0.300000
v 0.046373 0.012867 0.300000
v 0.042034 0.014665 0.298750
v 0.047974 0.015398 0.298750
v 0.043931 0.014763 0.298750
v 0.046105 0.015032 0.298750
v 0.042146 0.013750 0.299665
v 0.048088 0.014484 0.299665
v 0.044043 0.013848 0.299665
v 0.046218 0.014117 0.299665
v -0.048244 0.013234 0.300000
v -0.042300 0.012500 0.300000
v -0.046373 0.012867 0.300000
v -0.044197 0.012598 0.300000
v -0.041994 0.015000 0.297500
v -0.047933 0.015733 0.297500
v -0.043890 0.015098 0.297500
v -0.046064 0.015367 0.297500
v -0.048088 0.014484 0.299665
v -0.042146 0.013750 0.299665
v -0.046218 0.014117 0.299665
v -0.044043 0.013848 0.299665
v -0.047974 0.015398 0.298750
v -0.042034 0.014665 0.298750
v -0.046105 0.015032 0.298750
v -0.043931 0.014763 0.298750
v -0.075000 -0.022500 -0.270000
v -0.075000 0.022500 -0.270000
v 0.075000 -0.022500 -0.270000
v 0.075000 0.022500 -0.270000
v -0.040000 -0.010000 -0.300000
v 0.040000 -0.010000 -0.300000
v 0.040000 0.010000 -0.300000
v -0.040000 0.010000 -0.300000
v -0.040000 -0.010000 -0.298000
v 0.040000 -0.010000 -0.298000
v 0.040000 0.010000 -0.298000
v -0.040000 0.010000 -0.298000
v -0.075000 -0.022500 -0.297500
v -0.075000 -0.019923 -0.300000
v -0.075000 -0.022155 -0.298750
v -0.075000 -0.021212 -0.299665
v -0.075000 0.019923 -0.300000
v -0.075000 0.022500 -0.297500
v -0.075000 0.021212 -0.299665
v -0.075000 0.022155 -0.298750
v 0.075000 -0.019923 -0.300000
v 0.075000 -0.022500 -0.297500
v 0.075000 -0.021212 -0.299665
v 0.075000 -0.022155 -0.298750
v 0.075000 0.022500 -0.297500
v 0.075000 0.019923 -0.300000
v 0.075000 0.022155 -0.298750
v 0.075000 0.021212 -0.299665
v 0.047934 -0.015734 -0.270000
v 0.041995 -0.015000 -0.270000
v 0.046064 -0.015367 -0.270000
v 0.043890 -0.015098 -0.270000
v -0.041995 -0.015000 -0.270000
v -0.047934 -0.015734 -0.270000
v -0.043890 -0.015098 -0.270000
v -0.046064 -0.015367 -0.270000
v -0.047934 0.015734 -0.270000
v -0.041995 0.015000 -0.270000
v -0.046064 0.015367 -0.270000
v -0.043890 0.015098 -0.270000
v 0.041995 0.015000 -0.270000
v 0.047934 0.015734 -0.270000
v 0.043890 0.015098 -0.270000
v 0.046064 0.015367 -0.270000
v -0.047933 -0.015733 -0.297500
v -0.041994 -0.015000 -0.297500
v -0.046064 -0.015367 -0.297500
v -0.043890 -0.015098 -0.297500
v -0.042300 -0.012500 -0.300000
v -0.048244 -0.013234 -0.300000
v -0.044197 -0.012598 -0.300000
v -0.046373 -0.012867 -0.300000
v -0.042034 -0.014665 -0.298750
v -0.047974 -0.015398 -0.298750
v -0.043931 -0.014763 -0.298750
v -0.046105 -0.015032 -0.298750
v -0.042146 -0.013750 -0.299665
v -0.048088 -0.014484 -0.299665
v -0.044043 -0.013848 -0.299665
v -0.046218 -0.014117 -0.299665
v 0.048244 -0.013234 -0.300000
v 0.042300 -0.012500 -0.300000
v 0.046373 -0.012867 -0.300000
v 0.044197 -0.012598 -0.300000
v 0.041994 -0.015000 -0.297500
v 0.047933 -0.015733 -0.297500
v 0.043890 -0.015098 -0.297500
v 0.046064 -0.015367 -0.297500
v 0.048088 -0.014484 -0.299665
v 0.042146 -0.013750 -0.299665
v 0.046218 -0.014117 -0.299665
v 0.044043 -0.013848 -0.299665
v 0.047974 -0.015398 -0.298750
v 0.042034 -0.014665 -0.298750
v 0.046105 -0.015032 -0.298750
v 0.043931 -0.014763 -0.298750
v 0.047933 0.015733 -0.297500
v 0.041994 0.015000 -0.297500
v 0.046064 0.015367 -0.297500
v 0.043890 0.015098 -0.297500
v 0.042300 0.012500 -0.300000
v 0.048244 0.013234 -0.300000
v 0.044197 0.012598 -0.300000
v 0.046373 0.012867 -0.300000
v 0.042034 0.014665 -0.298750
v 0.047974 0.015398 -0.298750
v 0.043931 0.014763 -0.298750
v 0.046105 0.015032 -0.298750
v 0.042146 0.013750 -0.299665
v 0.048088 0.014484 -0.299665
v 0.044043 0.013848 -0.299665
v 0.046218 0.014117 -0.299665
v -0.048244 0.013234 -0.300000
v -0.042300 0.012500 -0.300000
v -0.046373 0.012867 -0.300000
v -0.044197 0.012598 -0.300000
v -0.041994 0.015000 -0.297500
v -0.047933 0.015733 -0.297500
v -0.043890 0.015098 -0.297500
v -0.046064 0.015367 -0.297500
v -0.048088 0.014484 -0.299665
v -0.042146 0.013750 -0.299665
v -0.046218 0.014117 -0.299665
v -0.044043 0.013848 -0.299665
v -0.047974 0.015398 -0.298750
v -0.042034 0.014665 -0.298750
v -0.046105 0.015032 -0.298750
v -0.043931 0.014763 -0.298750
vt 0.416667 0.912037
vt 0.583333 0.912037
vt 0.604167 0.914167
vt 0.395833 0.914167
vt 0.211116 0.500000
vt 0.288884 0.500000
vt 0.288883 0.729167
vt 0.211117 0.729167
vt 0.583333 0.837963
vt 0.416667 0.837963
vt 0.395833 0.835833
vt 0.604167 0.835833
vt 0.711116 0.500000
vt 0.788884 0.500000
vt 0.788883 0.729167
vt 0.711117 0.729167
vt 0.375000 0.500000
vt 0.625000 0.500000
vt 0.625000 0.729167
vt 0.623082 0.739583
vt 0.617842 0.747209
vt 0.610684 0.750000
vt 0.389316 0.750000
vt 0.382158 0.747209
vt 0.376918 0.739583
vt 0.375000 0.729167
vt 0.375000 0.336116
vt 0.625000 0.336116
vt 0.625000 0.413884
vt 0.375000 0.413884
vt 0.395391 0.925679
vt 0.604609 0.925679
vt 0.610684 1.000000
vt 0.389316 1.000000
vt 0.375000 0.020833
vt 0.376918 0.010417
vt 0.382158 0.002791
vt 0.389316 0.000000
vt 0.610684 0.000000
vt 0.617842 0.002791
vt 0.623082 0.010417
vt 0.625000 0.020833
vt 0.625000 0.250000
vt 0.375000 0.250000
vt 0.125226 0.739583
vt 0.200297 0.739583
vt 0.200223 0.750000
vt 0.125842 0.750000
vt 0.125000 0.729167
vt 0.200187 0.729167
vt 0.416667 0.912037
vt 0.583333 0.912037
vt 0.799817 0.500000
vt 0.875000 0.500000
vt 0.875000 0.729167
vt 0.799813 0.729167
vt 0.375000 0.424817
vt 0.625000 0.424817
vt 0.125000 0.500000
vt 0.200183 0.500000
vt 0.700183 0.500000
vt 0.700187 0.729167
vt 0.625000 0.750226
vt 0.625000 0.825197
vt 0.614794 0.824755
vt 0.617842 0.750000
vt 0.299813 0.729167
vt 0.374774 0.739583
vt 0.299703 0.739583
vt 0.416667 0.837963
vt 0.583333 0.837963
vt 0.374158 0.750000
vt 0.299777 0.750000
vt 0.700297 0.739583
vt 0.625226 0.739583
vt 0.604608 0.824321
vt 0.395392 0.824321
vt 0.625000 0.924803
vt 0.625000 0.999774
vt 0.617842 1.000000
vt 0.614794 0.925245
vt 0.874774 0.739583
vt 0.799703 0.739583
vt 0.288921 0.739583
vt 0.211079 0.739583
vt 0.288891 0.750000
vt 0.211109 0.750000
vt 0.385417 0.914024
vt 0.385417 0.835976
vt 0.385206 0.824755
vt 0.382158 0.750000
vt 0.382158 1.000000
vt 0.385206 0.925245
vt 0.788921 0.739583
vt 0.711079 0.739583
vt 0.625000 0.836115
vt 0.625000 0.913885
vt 0.614583 0.914024
vt 0.614583 0.835976
vt 0.625000 0.325183
vt 0.375000 0.325183
vt 0.374181 0.334361
vt 0.625819 0.334361
vt 0.374296 0.330376
vt 0.625704 0.330376
vt 0.374296 0.419623
vt 0.625704 0.419624
vt 0.374181 0.415639
vt 0.625819 0.415639
vt 0.290639 0.729064
vt 0.290680 0.739201
vt 0.294687 0.729065
vt 0.294565 0.739203
vt 0.290649 0.749441
vt 0.294653 0.749444
vt 0.384652 0.834219
vt 0.395041 0.834077
vt 0.384662 0.829945
vt 0.395082 0.829517
vt 0.790639 0.729064
vt 0.790677 0.739379
vt 0.794687 0.729065
vt 0.794576 0.739380
vt 0.625559 0.915637
vt 0.615245 0.915780
vt 0.625554 0.919644
vt 0.615238 0.920066
vt 0.604959 0.915923
vt 0.604918 0.920483
vt 0.209320 0.739202
vt 0.209361 0.729064
vt 0.205435 0.739203
vt 0.205313 0.729065
vt 0.209351 0.749441
vt 0.205347 0.749444
vt 0.395041 0.915923
vt 0.384652 0.915781
vt 0.395082 0.920483
vt 0.384662 0.920055
vt 0.709323 0.739379
vt 0.709361 0.729064
vt 0.705424 0.739380
vt 0.705313 0.729065
vt 0.615245 0.834220
vt 0.625559 0.834363
vt 0.615239 0.829934
vt 0.625553 0.830356
vt 0.604959 0.834077
vt 0.604918 0.829517
vt 0.209361 0.500000
vt 0.205311 0.500000
vt 0.790639 0.500000
vt 0.794689 0.500000
vt 0.290639 0.500000
vt 0.294689 0.500000
vt 0.299817 0.500000
vt 0.709361 0.500000
vt 0.705311 0.500000
vt 0.416667 0.912037
vt 0.395833 0.914167
vt 0.604167 0.914167
vt 0.583333 0.912037
vt 0.211116 0.500000
vt 0.211117 0.729167
vt 0.288883 0.729167
vt 0.288884 0.500000
vt 0.583333 0.837963
vt 0.604167 0.835833
vt 0.395833 0.835833
vt 0.416667 0.837963
vt 0.711116 0.500000
vt 0.711117 0.729167
vt 0.788883 0.729167
vt 0.788884 0.500000
vt 0.375000 0.500000
vt 0.375000 0.729167
vt 0.376918 0.739583
vt 0.382158 0.747209
vt 0.389316 0.750000
vt 0.610684 0.750000
vt 0.617842 0.747209
vt 0.623082 0.739583
vt 0.625000 0.729167
vt 0.625000 0.500000
vt 0.375000 0.336116
vt 0.375000 0.413884
vt 0.625000 0.413884
vt 0.625000 0.336116
vt 0.395391 0.925679
vt 0.389316 1.000000
vt 0.610684 1.000000
vt 0.604609 0.925679
vt 0.375000 0.020833
vt 0.375000 0.250000
vt 0.625000 0.250000
vt 0.625000 0.020833
vt 0.623082 0.010417
vt 0.617842 0.002791
vt 0.610684 0.000000
vt 0.389316 0.000000
vt 0.382158 0.002791
vt 0.376918 0.010417
vt 0.125226 0.739583
vt 0.125842 0.750000
vt 0.200223 0.750000
vt 0.200297 0.739583
vt 0.125000 0.729167
vt 0.200187 0.729167
vt 0.583333 0.912037
vt 0.416667 0.912037
vt 0.799817 0.500000
vt 0.799813 0.729167
vt 0.875000 0.729167
vt 0.875000 0.500000
vt 0.375000 0.424817
vt 0.625000 0.424817
vt 0.125000 0.500000
vt 0.200183 0.500000
vt 0.700187 0.729167
vt 0.700183 0.500000
vt 0.625000 0.750226
vt 0.617842 0.750000
vt 0.614794 0.824755
vt 0.625000 0.825197
vt 0.299813 0.729167
vt 0.299703 0.739583
vt 0.374774 0.739583
vt 0.416667 0.837963
vt 0.583333 0.837963
vt 0.299777 0.750000
vt 0.374158 0.750000
vt 0.625226 0.739583
vt 0.700297 0.739583
vt 0.395392 0.824321
vt 0.604608 0.824321
vt 0.625000 0.924803
vt 0.614794 0.925245
vt 0.617842 1.000000
vt 0.625000 0.999774
vt 0.799703 0.739583
vt 0.874774 0.739583
vt 0.211079 0.739583
vt 0.288921 0.739583
vt 0.211109 0.750000
vt 0.288891 0.750000
vt 0.385417 0.914024
vt 0.385417 0.835976
vt 0.385206 0.824755
vt 0.382158 0.750000
vt 0.382158 1.000000
vt 0.385206 0.925245
vt 0.711079 0.739583
vt 0.788921 0.739583
vt 0.625000 0.836115
vt 0.614583 0.835976
vt 0.614583 0.914024
vt 0.625000 0.913885
vt 0.375000 0.325183
vt 0.625000 0.325183
vt 0.625819 0.334361
vt 0.374181 0.334361
vt 0.625704 0.330376
vt 0.374296 0.330376
vt 0.625704 0.419624
vt 0.374296 0.419623
vt 0.625819 0.415639
vt 0.374181 0.415639
vt 0.290680 0.739201
vt 0.290639 0.729064
vt 0.294565 0.739203
vt 0.294687 0.729065
vt 0.290649 0.749441
vt 0.294653 0.749444
vt 0.395041 0.834077
vt 0.384652 0.834219
vt 0.395082 0.829517
vt 0.384662 0.829945
vt 0.790677 0.739379
vt 0.790639 0.729064
vt 0.794576 0.739380
vt 0.794687 0.729065
vt 0.615245 0.915780
vt 0.625559 0.915637
vt 0.615238 0.920066
vt 0.625554 0.919644
vt 0.604959 0.915923
vt 0.604918 0.920483
vt 0.209361 0.729064
vt 0.209320 0.739202
vt 0.205313 0.729065
vt 0.205435 0.739203
vt 0.209351 0.749441
vt 0.205347 0.749444
vt 0.384652 0.915781
vt 0.395041 0.915923
vt 0.384662 0.920055
vt 0.395082 0.920483
vt 0.709361 0.729064
vt 0.709323 0.739379
vt 0.705313 0.729065
vt 0.705424 0.739380
vt 0.625559 0.834363
vt 0.615245 0.834220
vt 0.625553 0.830356
vt 0.615239 0.829934
vt 0.604959 0.834077
vt 0.604918 0.829517
vt 0.209361 0.500000
vt 0.205311 0.500000
vt 0.790639 0.500000
vt 0.794689 0.500000
vt 0.290639 0.500000
vt 0.294689 0.500000
vt 0.299817 0.500000
vt 0.709361 0.500000
vt 0.705311 0.500000
vn 0.0000 0.0000 1.0000
vn 0.0000 -1.0000 0.0000
vn 0.0000 1.0000 0.0000
vn 1.0000 -0.0000 0.0000
vn 0.0000 0.0000 -1.0000
vn -1.0000 0.0000 0.0000
vn 0.1715 -0.6860 0.7071
vn 0.2343 -0.9371 0.2588
vn 0.2425 0.9701 0.0000
vn 0.2425 -0.9701 0.0000
vn -0.2425 0.9701 0.0000
vn -0.1715 0.6860 0.7071
vn -0.2343 -0.9371 0.2588
vn -0.1715 -0.6860 0.7071
vn -0.2343 0.9371 0.2588
vn 0.1715 0.6860 0.7071
vn 0.2343 0.9371 0.2588
vn 0.0000 -0.9659 0.2588
vn -0.0000 -0.7071 0.7071
vn 0.0000 -0.2588 0.9659
vn -0.0628 -0.2511 0.9659
vn 0.0628 -0.2511 0.9659
vn -0.0000 0.9659 0.2588
vn 0.0000 0.7071 0.7071
vn 0.0000 0.2588 0.9659
vn 0.0628 0.2511 0.9659
vn -0.0628 0.2511 0.9659
vn -0.0500 -0.9643 0.2600
vn -0.1183 -0.9582 0.2606
vn -0.1858 -0.9476 0.2600
vn -0.0365 -0.7044 0.7089
vn -0.0863 -0.6992 0.7097
vn -0.1358 -0.6922 0.7088
vn -0.0133 -0.2573 0.9662
vn -0.0315 -0.2551 0.9664
vn -0.0496 -0.2528 0.9662
vn 0.0500 0.9643 0.2600
vn 0.1183 0.9582 0.2606
vn 0.1858 0.9476 0.2600
vn 0.0365 0.7044 0.7089
vn 0.0863 0.6992 0.7097
vn 0.1358 0.6922 0.7088
vn 0.0133 0.2573 0.9662
vn 0.0315 0.2551 0.9664
vn 0.0496 0.2528 0.9662
vn 0.0500 -0.9643 0.2600
vn 0.1183 -0.9582 0.2606
vn 0.1858 -0.9476 0.2600
vn 0.0365 -0.7044 0.7089
vn 0.0863 -0.6992 0.7097
vn 0.1358 -0.6922 0.7088
vn 0.0133 -0.2573 0.9662
vn 0.0315 -0.2551 0.9664
vn 0.0496 -0.2528 0.9662
vn -0.0500 0.9643 0.2600
vn -0.1183 0.9582 0.2606
vn -0.1858 0.9476 0.2600
vn -0.0365 0.7044 0.7089
vn -0.0863 0.6992 0.7097
vn -0.1358 0.6922 0.7088
vn -0.0133 0.2573 0.9662
vn -0.0315 0.2551 0.9664
vn -0.0496 0.2528 0.9662
vn 0.0518 -0.9987 0.0000
vn 0.1225 -0.9925 0.0000
vn 0.1925 -0.9813 0.0000
vn 0.0518 0.9987 0.0000
vn 0.1225 0.9925 0.0000
vn 0.1925 0.9813 0.0000
vn -0.0518 -0.9987 0.0000
vn -0.1225 -0.9925 0.0000
vn -0.1925 -0.9813 0.0000
vn -0.0518 0.9987 0.0000
vn -0.1225 0.9925 0.0000
vn -0.1925 0.9813 0.0000
vn -0.2425 -0.9701 0.0000
vn 0.1715 -0.6860 -0.7071
vn 0.2343 -0.9371 -0.2588
vn -0.1715 0.6860 -0.7071
vn -0.2343 -0.9371 -0.2588
vn -0.1715 -0.6860 -0.7071
vn -0.2343 0.9371 -0.2588
vn 0.1715 0.6860 -0.7071
vn 0.2343 0.9371 -0.2588
vn 0.0000 -0.9659 -0.2588
vn 0.0000 -0.7071 -0.7071
vn 0.0000 -0.2588 -0.9659
vn -0.0628 -0.2511 -0.9659
vn 0.0628 -0.2511 -0.9659
vn 0.0000 0.9659 -0.2588
vn 0.0000 0.7071 -0.7071
vn 0.0000 0.2588 -0.9659
vn 0.0628 0.2511 -0.9659
vn -0.0628 0.2511 -0.9659
vn -0.0500 -0.9643 -0.2600
vn -0.1183 -0.9582 -0.2606
vn -0.1858 -0.9476 -0.2600
vn -0.0365 -0.7044 -0.7089
vn -0.0863 -0.6992 -0.7097
vn -0.1358 -0.6922 -0.7088
vn -0.0133 -0.2573 -0.9662
vn -0.0315 -0.2551 -0.9664
vn -0.0496 -0.2528 -0.9662
vn 0.0500 0.9643 -0.2600
vn 0.1183 0.9582 -0.2606
vn 0.1858 0.9476 -0.2600
vn 0.0365 0.7044 -0.7089
vn 0.0863 0.6992 -0.7097
vn 0.1358 0.6922 -0.7088
vn 0.0133 0.2573 -0.9662
vn 0.0315 0.2551 -0.9664
vn 0.0496 0.2528 -0.9662
vn 0.0500 -0.9643 -0.2600
vn 0.1183 -0.9582 -0.2606
vn 0.1858 -0.9476 -0.2600
vn 0.0365 -0.7044 -0.7089
vn 0.0863 -0.6992 -0.7097
vn 0.1358 -0.6922 -0.7088
vn 0.0133 -0.2573 -0.9662
vn 0.0315 -0.2551 -0.9664
vn 0.0496 -0.2528 -0.9662
vn -0.0500 0.9643 -0.2600
vn -0.1183 0.9582 -0.2606
vn -0.1858 0.9476 -0.2600
vn -0.0365 0.7044 -0.7089
vn -0.0863 0.6992 -0.7097
vn -0.1358 0.6922 -0.7088
vn -0.0133 0.2573 -0.9662
vn -0.0315 0.2551 -0.9664
vn -0.0496 0.2528 -0.9662
usemtl HandlePlastic
s off
f 994/1269/403 997/1270/403 1083/1271/403 1038/1272/403
f 1022/1273/404 1019/1274/404 1054/1275/404 1035/1276/404
f 996/1277/403 995/1278/403 1051/1279/403 1070/1280/403
f 1030/1281/405 1027/1282/405 1086/1283/405 1067/1284/405
f 992/1285/406 993/1286/406 1014/1287/406 1016/1288/406 1017/1289/406 1015/1290/406 1010/1291/406 1012/1292/406 1013/1293/406 1011/1294/406
f 1022/1295/407 1027/1296/407 1030/1297/407 1019/1298/407
f 1039/1299/403 1082/1300/403 1006/1301/403 1003/1302/403
f 1002/1303/408 1004/1304/408 1005/1305/408 1003/1306/408 1006/1307/408 1008/1308/408 1009/1309/408 1007/1310/408 991/1311/408 990/1312/408
f 1004/1313/409 1043/1314/409 1047/1315/409 1005/1316/409
f 1002/1317/410 1034/1318/410 1043/1314/410 1004/1313/410
f 997/1270/406 994/1269/406 998/1319/406 1001/1320/406
f 1026/1321/411 991/1322/411 1007/1323/411 1087/1324/411
f 1018/1325/407 1031/1326/407 993/1286/407 992/1285/407
f 990/1327/412 1023/1328/412 1034/1318/412 1002/1317/412
f 993/1286/413 1031/1329/413 1066/1330/413 1014/1287/413
f 1016/1331/414 1075/1332/414 1079/1333/414 1017/1334/414
f 1055/1335/415 1011/1294/415 1013/1336/415 1062/1337/415
f 999/1338/403 1000/1339/403 1001/1320/403 998/1319/403
f 996/1277/404 997/1270/404 1001/1320/404 1000/1339/404
f 995/1278/408 996/1277/408 1000/1339/408 999/1338/408
f 994/1269/405 995/1278/405 999/1338/405 998/1319/405
f 1062/1337/416 1013/1336/416 1012/1340/416 1058/1341/416
f 1014/1287/417 1066/1330/417 1075/1342/417 1016/1343/417
f 1010/1291/403 1015/1290/403 1071/1344/403 1050/1345/403
f 1094/1346/418 1009/1347/418 1008/1348/418 1090/1349/418
f 1087/1324/419 1007/1323/419 1009/1350/419 1094/1351/419
f 1035/1276/420 1054/1275/420 1063/1352/420 1042/1353/420
f 1042/1353/421 1063/1352/421 1059/1354/421 1046/1355/421
f 995/1278/403 994/1269/403 1038/1272/403 1051/1279/403
f 1046/1356/422 1059/1357/422 1051/1279/422 1038/1272/422
f 1058/1358/423 1012/1359/423 1010/1291/423 1050/1345/423
f 1005/1360/424 1047/1361/424 1039/1299/424 1003/1302/424
f 1067/1284/425 1086/1283/425 1095/1362/425 1074/1363/425
f 1074/1364/426 1095/1365/426 1091/1366/426 1078/1367/426
f 997/1270/403 996/1277/403 1070/1280/403 1083/1271/403
f 1078/1367/427 1091/1366/427 1083/1271/427 1070/1280/427
f 1090/1349/428 1008/1348/428 1006/1301/428 1082/1300/428
f 1017/1334/429 1079/1333/429 1071/1344/429 1015/1290/429
f 990/1312/407 991/1311/407 1026/1368/407 1023/1369/407
f 1027/1296/407 1022/1295/407 1024/1370/407 1029/1371/407
f 1029/1371/407 1024/1370/407 1025/1372/407 1028/1373/407
f 1028/1373/407 1025/1372/407 1023/1369/407 1026/1368/407
f 1031/1326/407 1018/1325/407 1020/1374/407 1033/1375/407
f 1033/1375/407 1020/1374/407 1021/1376/407 1032/1377/407
f 1032/1377/407 1021/1376/407 1019/1298/407 1030/1297/407
f 1063/1352/430 1054/1275/430 1056/1378/430 1065/1379/430
f 1065/1379/431 1056/1378/431 1057/1380/431 1064/1381/431
f 1064/1381/432 1057/1380/432 1055/1335/432 1062/1337/432
f 1059/1354/433 1063/1352/433 1065/1379/433 1061/1382/433
f 1061/1382/434 1065/1379/434 1064/1381/434 1060/1383/434
f 1060/1383/435 1064/1381/435 1062/1337/435 1058/1341/435
f 1051/1279/436 1059/1357/436 1061/1384/436 1053/1385/436
f 1053/1385/437 1061/1384/437 1060/1386/437 1052/1387/437
f 1052/1387/438 1060/1386/438 1058/1358/438 1050/1345/438
f 1095/1362/439 1086/1283/439 1088/1388/439 1097/1389/439
f 1097/1389/440 1088/1388/440 1089/1390/440 1096/1391/440
f 1096/1391/441 1089/1390/441 1087/1324/441 1094/1351/441
f 1091/1366/442 1095/1365/442 1097/1392/442 1093/1393/442
f 1093/1393/443 1097/1392/443 1096/1394/443 1092/1395/443
f 1092/1395/444 1096/1394/444 1094/1346/444 1090/1349/444
f 1083/1271/445 1091/1366/445 1093/1393/445 1085/1396/445
f 1085/1396/446 1093/1393/446 1092/1395/446 1084/1397/446
f 1084/1397/447 1092/1395/447 1090/1349/447 1082/1300/447
f 1035/1276/448 1042/1353/448 1044/1398/448 1037/1399/448
f 1037/1399/449 1044/1398/449 1045/1400/449 1036/1401/449
f 1036/1401/450 1045/1400/450 1043/1314/450 1034/1318/450
f 1042/1353/451 1046/1355/451 1048/1402/451 1044/1398/451
f 1044/1398/452 1048/1402/452 1049/1403/452 1045/1400/452
f 1045/1400/453 1049/1403/453 1047/1315/453 1043/1314/453
f 1046/1356/454 1038/1272/454 1040/1404/454 1048/1405/454
f 1048/1405/455 1040/1404/455 1041/1406/455 1049/1407/455
f 1049/1407/456 1041/1406/456 1039/1299/456 1047/1361/456
f 1067/1284/457 1074/1363/457 1076/1408/457 1069/1409/457
f 1069/1409/458 1076/1408/458 1077/1410/458 1068/1411/458
f 1068/1411/459 1077/1410/459 1075/1342/459 1066/1330/459
f 1074/1364/460 1078/1367/460 1080/1412/460 1076/1413/460
f 1076/1413/461 1080/1412/461 1081/1414/461 1077/1415/461
f 1077/1415/462 1081/1414/462 1079/1333/462 1075/1332/462
f 1078/1367/463 1070/1280/463 1072/1416/463 1080/1412/463
f 1080/1412/464 1072/1416/464 1073/1417/464 1081/1414/464
f 1081/1414/465 1073/1417/465 1071/1344/465 1079/1333/465
f 1022/1273/466 1035/1276/466 1037/1399/466 1024/1418/466
f 1024/1418/467 1037/1399/467 1036/1401/467 1025/1419/467
f 1025/1419/468 1036/1401/468 1034/1318/468 1023/1328/468
f 1038/1272/403 1083/1271/403 1085/1396/403 1040/1404/403
f 1040/1404/403 1085/1396/403 1084/1397/403 1041/1406/403
f 1041/1406/403 1084/1397/403 1082/1300/403 1039/1299/403
f 1086/1283/469 1027/1282/469 1029/1420/469 1088/1388/469
f 1088/1388/470 1029/1420/470 1028/1421/470 1089/1390/470
f 1089/1390/471 1028/1421/471 1026/1321/471 1087/1324/471
f 1054/1275/472 1019/1274/472 1021/1422/472 1056/1378/472
f 1056/1378/473 1021/1422/473 1020/1423/473 1057/1380/473
f 1057/1380/474 1020/1423/474 1018/1424/474 1055/1335/474
f 1070/1280/403 1051/1279/403 1053/1385/403 1072/1416/403
f 1072/1416/403 1053/1385/403 1052/1387/403 1073/1417/403
f 1073/1417/403 1052/1387/403 1050/1345/403 1071/1344/403
f 1030/1281/475 1067/1284/475 1069/1409/475 1032/1425/475
f 1032/1425/476 1069/1409/476 1068/1411/476 1033/1426/476
f 1033/1426/477 1068/1411/477 1066/1330/477 1031/1329/477
f 1018/1424/478 992/1285/478 1011/1294/478 1055/1335/478
f 1102/1427/407 1146/1428/407 1191/1429/407 1105/1430/407
f 1130/1431/404 1143/1432/404 1162/1433/404 1127/1434/404
f 1104/1435/407 1178/1436/407 1159/1437/407 1103/1438/407
f 1138/1439/405 1175/1440/405 1194/1441/405 1135/1442/405
f 1100/1443/406 1119/1444/406 1121/1445/406 1120/1446/406 1118/1447/406 1123/1448/406 1125/1449/406 1124/1450/406 1122/1451/406 1101/1452/406
f 1130/1453/403 1127/1454/403 1138/1455/403 1135/1456/403
f 1147/1457/407 1111/1458/407 1114/1459/407 1190/1460/407
f 1110/1461/408 1098/1462/408 1099/1463/408 1115/1464/408 1117/1465/408 1116/1466/408 1114/1467/408 1111/1468/408 1113/1469/408 1112/1470/408
f 1112/1471/479 1113/1472/479 1155/1473/479 1151/1474/479
f 1110/1475/480 1112/1471/480 1151/1474/480 1142/1476/480
f 1105/1430/406 1109/1477/406 1106/1478/406 1102/1427/406
f 1134/1479/411 1195/1480/411 1115/1481/411 1099/1482/411
f 1126/1483/403 1100/1443/403 1101/1452/403 1139/1484/403
f 1098/1485/412 1110/1475/412 1142/1476/412 1131/1486/412
f 1101/1452/413 1122/1451/413 1174/1487/413 1139/1488/413
f 1124/1489/481 1125/1490/481 1187/1491/481 1183/1492/481
f 1163/1493/482 1170/1494/482 1121/1495/482 1119/1444/482
f 1107/1496/407 1106/1478/407 1109/1477/407 1108/1497/407
f 1104/1435/404 1108/1497/404 1109/1477/404 1105/1430/404
f 1103/1438/408 1107/1496/408 1108/1497/408 1104/1435/408
f 1102/1427/405 1106/1478/405 1107/1496/405 1103/1438/405
f 1170/1494/483 1166/1498/483 1120/1499/483 1121/1495/483
f 1122/1451/484 1124/1500/484 1183/1501/484 1174/1487/484
f 1118/1447/407 1158/1502/407 1179/1503/407 1123/1448/407
f 1202/1504/485 1198/1505/485 1116/1506/485 1117/1507/485
f 1195/1480/486 1202/1508/486 1117/1509/486 1115/1481/486
f 1143/1432/487 1150/1510/487 1171/1511/487 1162/1433/487
f 1150/1510/488 1154/1512/488 1167/1513/488 1171/1511/488
f 1103/1438/407 1159/1437/407 1146/1428/407 1102/1427/407
f 1154/1514/489 1146/1428/489 1159/1437/489 1167/1515/489
f 1166/1516/490 1158/1502/490 1118/1447/490 1120/1517/490
f 1113/1518/491 1111/1458/491 1147/1457/491 1155/1519/491
f 1175/1440/492 1182/1520/492 1203/1521/492 1194/1441/492
f 1182/1522/493 1186/1523/493 1199/1524/493 1203/1525/493
f 1105/1430/407 1191/1429/407 1178/1436/407 1104/1435/407
f 1186/1523/494 1178/1436/494 1191/1429/494 1199/1524/494
f 1198/1505/495 1190/1460/495 1114/1459/495 1116/1506/495
f 1125/1490/496 1123/1448/496 1179/1503/496 1187/1491/496
f 1098/1462/403 1131/1526/403 1134/1527/403 1099/1463/403
f 1135/1456/403 1137/1528/403 1132/1529/403 1130/1453/403
f 1137/1528/403 1136/1530/403 1133/1531/403 1132/1529/403
f 1136/1530/403 1134/1527/403 1131/1526/403 1133/1531/403
f 1139/1484/403 1141/1532/403 1128/1533/403 1126/1483/403
f 1141/1532/403 1140/1534/403 1129/1535/403 1128/1533/403
f 1140/1534/403 1138/1455/403 1127/1454/403 1129/1535/403
f 1171/1511/497 1173/1536/497 1164/1537/497 1162/1433/497
f 1173/1536/498 1172/1538/498 1165/1539/498 1164/1537/498
f 1172/1538/499 1170/1494/499 1163/1493/499 1165/1539/499
f 1167/1513/500 1169/1540/500 1173/1536/500 1171/1511/500
f 1169/1540/501 1168/1541/501 1172/1538/501 1173/1536/501
f 1168/1541/502 1166/1498/502 1170/1494/502 1172/1538/502
f 1159/1437/503 1161/1542/503 1169/1543/503 1167/1515/503
f 1161/1542/504 1160/1544/504 1168/1545/504 1169/1543/504
f 1160/1544/505 1158/1502/505 1166/1516/505 1168/1545/505
f 1203/1521/506 1205/1546/506 1196/1547/506 1194/1441/506
f 1205/1546/507 1204/1548/507 1197/1549/507 1196/1547/507
f 1204/1548/508 1202/1508/508 1195/1480/508 1197/1549/508
f 1199/1524/509 1201/1550/509 1205/1551/509 1203/1525/509
f 1201/1550/510 1200/1552/510 1204/1553/510 1205/1551/510
f 1200/1552/511 1198/1505/511 1202/1504/511 1204/1553/511
f 1191/1429/512 1193/1554/512 1201/1550/512 1199/1524/512
f 1193/1554/513 1192/1555/513 1200/1552/513 1201/1550/513
f 1192/1555/514 1190/1460/514 1198/1505/514 1200/1552/514
f 1143/1432/515 1145/1556/515 1152/1557/515 1150/1510/515
f 1145/1556/516 1144/1558/516 1153/1559/516 1152/1557/516
f 1144/1558/517 1142/1476/517 1151/1474/517 1153/1559/517
f 1150/1510/518 1152/1557/518 1156/1560/518 1154/1512/518
f 1152/1557/519 1153/1559/519 1157/1561/519 1156/1560/519
f 1153/1559/520 1151/1474/520 1155/1473/520 1157/1561/520
f 1154/1514/521 1156/1562/521 1148/1563/521 1146/1428/521
f 1156/1562/522 1157/1564/522 1149/1565/522 1148/1563/522
f 1157/1564/523 1155/1519/523 1147/1457/523 1149/1565/523
f 1175/1440/524 1177/1566/524 1184/1567/524 1182/1520/524
f 1177/1566/525 1176/1568/525 1185/1569/525 1184/1567/525
f 1176/1568/526 1174/1487/526 1183/1501/526 1185/1569/526
f 1182/1522/527 1184/1570/527 1188/1571/527 1186/1523/527
f 1184/1570/528 1185/1572/528 1189/1573/528 1188/1571/528
f 1185/1572/529 1183/1492/529 1187/1491/529 1189/1573/529
f 1186/1523/530 1188/1571/530 1180/1574/530 1178/1436/530
f 1188/1571/531 1189/1573/531 1181/1575/531 1180/1574/531
f 1189/1573/532 1187/1491/532 1179/1503/532 1181/1575/532
f 1130/1431/466 1132/1576/466 1145/1556/466 1143/1432/466
f 1132/1576/467 1133/1577/467 1144/1558/467 1145/1556/467
f 1133/1577/468 1131/1486/468 1142/1476/468 1144/1558/468
f 1146/1428/407 1148/1563/407 1193/1554/407 1191/1429/407
f 1148/1563/407 1149/1565/407 1192/1555/407 1193/1554/407
f 1149/1565/407 1147/1457/407 1190/1460/407 1192/1555/407
f 1194/1441/469 1196/1547/469 1137/1578/469 1135/1442/469
f 1196/1547/470 1197/1549/470 1136/1579/470 1137/1578/470
f 1197/1549/471 1195/1480/471 1134/1479/471 1136/1579/471
f 1162/1433/472 1164/1537/472 1129/1580/472 1127/1434/472
f 1164/1537/473 1165/1539/473 1128/1581/473 1129/1580/473
f 1165/1539/474 1163/1493/474 1126/1582/474 1128/1581/474
f 1178/1436/407 1180/1574/407 1161/1542/407 1159/1437/407
f 1180/1574/407 1181/1575/407 1160/1544/407 1161/1542/407
f 1181/1575/407 1179/1503/407 1158/1502/407 1160/1544/407
f 1138/1439/475 1140/1583/475 1177/1566/475 1175/1440/475
f 1140/1583/476 1141/1584/476 1176/1568/476 1177/1566/476
f 1141/1584/477 1139/1488/477 1174/1487/477 1176/1568/477
f 1126/1582/478 1163/1493/478 1119/1444/478 1100/1443/478
o StandMount_Circle
v 0.000000 0.300000 -0.115260
v -0.022486 0.300000 -0.113045
v -0.044108 0.300000 -0.106486
v -0.064035 0.300000 -0.095835
v -0.081501 0.300000 -0.081501
v -0.095835 0.300000 -0.064035
v -0.106486 0.300000 -0.044108
v -0.113045 0.300000 -0.022486
v -0.115260 0.300000 0.000000
v -0.113045 0.300000 0.022486
v -0.106486 0.300000 0.044108
v -0.095835 0.300000 0.064035
v -0.081501 0.300000 0.081501
v -0.064035 0.300000 0.095835
v -0.044108 0.300000 0.106486
v -0.022486 0.300000 0.113045
v 0.000000 0.300000 0.115260
v 0.022486 0.300000 0.113045
v 0.044108 0.300000 0.106486
v 0.064035 0.300000 0.095835
v 0.081501 0.300000 0.081501
v 0.095835 0.300000 0.064035
v 0.106486 0.300000 0.044108
v 0.113045 0.300000 0.022486
v 0.115260 0.300000 -0.000000
v 0.113045 0.300000 -0.022486
v 0.106486 0.300000 -0.044108
v 0.095835 0.300000 -0.064035
v 0.081501 0.300000 -0.081501
v 0.064035 0.300000 -0.095835
v 0.044108 0.300000 -0.106486
v 0.022486 0.300000 -0.113045
v 0.000000 0.302000 -0.017394
v -0.003393 0.302000 -0.017060
v -0.006656 0.302000 -0.016070
v -0.009664 0.302000 -0.014463
v -0.012299 0.302000 -0.012299
v -0.014463 0.302000 -0.009664
v -0.016070 0.302000 -0.006656
v -0.017060 0.302000 -0.003393
v -0.017394 0.302000 0.000000
v -0.017060 0.302000 0.003393
v -0.016070 0.302000 0.006656
v -0.014463 0.302000 0.009664
v -0.012299 0.302000 0.012299
v -0.009664 0.302000 0.014463
v -0.006656 0.302000 0.016070
v -0.003393 0.302000 0.017060
v 0.000000 0.302000 0.017394
v 0.003393 0.302000 0.017060
v 0.006656 0.302000 0.016070
v 0.009664 0.302000 0.014463
v 0.012299 0.302000 0.012299
v 0.014463 0.302000 0.009664
v 0.016070 0.302000 0.006656
v 0.017060 0.302000 0.003393
v 0.017394 0.302000 -0.000000
v 0.017060 0.302000 -0.003393
v 0.016070 0.302000 -0.006656
v 0.014463 0.302000 -0.009664
v 0.012299 0.302000 -0.012299
v 0.009664 0.302000 -0.014463
v 0.006656 0.302000 -0.016070
v 0.003393 0.302000 -0.017060
v -0.022486 0.302000 -0.113045
v 0.000000 0.302000 -0.115260
v -0.044108 0.302000 -0.106486
v -0.064035 0.302000 -0.095835
v -0.081501 0.302000 -0.081501
v -0.095835 0.302000 -0.064035
v -0.106486 0.302000 -0.044108
v -0.113045 0.302000 -0.022486
v -0.115260 0.302000 0.000000
v -0.113045 0.302000 0.022486
v -0.106486 0.302000 0.044108
v -0.095835 0.302000 0.064035
v -0.081501 0.302000 0.081501
v -0.064035 0.302000 0.095835
v -0.044108 0.302000 0.106486
v -0.022486 0.302000 0.113045
v 0.000000 0.302000 0.115260
v 0.022486 0.302000 0.113045
v 0.044108 0.302000 0.106486
v 0.064035 0.302000 0.095835
v 0.081501 0.302000 0.081501
v 0.095835 0.302000 0.064035
v 0.106486 0.302000 0.044108
v 0.113045 0.302000 0.022486
v 0.115260 0.302000 -0.000000
v 0.113045 0.302000 -0.022486
v 0.106486 0.302000 -0.044108
v 0.095835 0.302000 -0.064035
v 0.081501 0.302000 -0.081501
v 0.064035 0.302000 -0.095835
v 0.044108 0.302000 -0.106486
v 0.022486 0.302000 -0.113045
v -0.003393 0.272000 -0.017060
v 0.000000 0.272000 -0.017394
v -0.006656 0.272000 -0.016070
v -0.009664 0.272000 -0.014463
v -0.012299 0.272000 -0.012299
v -0.014463 0.272000 -0.009664
v -0.016070 0.272000 -0.006656
v -0.017060 0.272000 -0.003393
v -0.017394 0.272000 0.000000
v -0.017060 0.272000 0.003393
v -0.016070 0.272000 0.006656
v -0.014463 0.272000 0.009664
v -0.012299 0.272000 0.012299
v -0.009664 0.272000 0.014463
v -0.006656 0.272000 0.016070
v -0.003393 0.272000 0.017060
v 0.000000 0.272000 0.017394
v 0.003393 0.272000 0.017060
v 0.006656 0.272000 0.016070
v 0.009664 0.272000 0.014463
v 0.012299 0.272000 0.012299
v 0.014463 0.272000 0.009664
v 0.016070 0.272000 0.006656
v 0.017060 0.272000 0.003393
v 0.017394 0.272000 -0.000000
v 0.017060 0.272000 -0.003393
v 0.016070 0.272000 -0.006656
v 0.014463 0.272000 -0.009664
v 0.012299 0.272000 -0.012299
v 0.009664 0.272000 -0.014463
v 0.006656 0.272000 -0.016070
v 0.003393 0.272000 -0.017060
vt 0.000000 0.000000
vt 0.000000 0.000000
vt 0.000000 0.000000
vt 0.000000 0.000000
vt 0.000000 0.000000
vt 0.000000 0.000000
vt 0.000000 0.000000
vt 0.000000 0.000000
vt 0.000000 0.000000
vt 0.000000 0.000000
vt 0.000000 0.000000
vt 0.000000 0.000000
vt 0.000000 0.000000
vt 0.000000 0.000000
vt 0.000000 0.000000
vt 0.000000 0.000000
vt 0.000000 0.000000
vt 0.000000 0.000000
vt 0.000000 0.000000
vt 0.000000 0.000000
vt 0.000000 0.000000
vt 0.000000 0.000000
vt 0.000000 0.000000
vt 0.000000 0.000000
vt 0.000000 0.000000
vt 0.000000 0.000000
vt 0.000000 0.000000
vt 0.000000 0.000000
vt 0.000000 0.000000
vt 0.000000 0.000000
vt 0.000000 0.000000
vt 0.000000 0.000000
vt 0.000000 0.000000
vt 0.000000 0.000000
vt 0.000000 0.000000
vt 0.000000 0.000000
vt 0.000000 0.000000
vt 0.000000 0.000000
vt 0.000000 0.000000
vt 0.000000 0.000000
vt 0.000000 0.000000
vt 0.000000 0.000000
vt 0.000000 0.000000
vt 0.000000 0.000000
vt 0.000000 0.000000
vt 0.000000 0.000000
vt 0.000000 0.000000
vt 0.000000 0.000000
vt 0.000000 0.000000
vt 0.000000 0.000000
vt 0.000000 0.000000
vt 0.000000 0.000000
vt 0.000000 0.000000
vt 0.000000 0.000000
vt 0.000000 0.000000
vt 0.000000 0.000000
vt 0.000000 0.000000
vt 0.000000 0.000000
vt 0.000000 0.000000
vt 0.000000 0.000000
vt 0.000000 0.000000
vt 0.000000 0.000000
vt 0.000000 0.000000
vt 0.000000 0.000000
vt 0.000000 0.000000
vt 0.000000 0.000000
vt 0.000000 0.000000
vt 0.000000 0.000000
vt 0.000000 0.000000
vt 0.000000 0.000000
vt 0.000000 0.000000
vt 0.000000 0.000000
vt 0.000000 0.000000
vt 0.000000 0.000000
vt 0.000000 0.000000
vt 0.000000 0.000000
vt 0.000000 0.000000
vt 0.000000 0.000000
vt 0.000000 0.000000
vt 0.000000 0.000000
vt 0.000000 0.000000
vt 0.000000 0.000000
vt 0.000000 0.000000
vt 0.000000 0.000000
vt 0.000000 0.000000
vt 0.000000 0.000000
vt 0.000000 0.000000
vt 0.000000 0.000000
vt 0.000000 0.000000
vt 0.000000 0.000000
vt 0.000000 0.000000
vt 0.000000 0.000000
vt 0.000000 0.000000
vt 0.000000 0.000000
vt 0.000000 0.000000
vt 0.000000 0.000000
vt 0.000000 0.000000
vt 0.000000 0.000000
vt 0.000000 0.000000
vt 0.000000 0.000000
vt 0.000000 0.000000
vt 0.000000 0.000000
vt 0.000000 0.000000
vt 0.000000 0.000000
vt 0.000000 0.000000
vt 0.000000 0.000000
vt 0.000000 0.000000
vt 0.000000 0.000000
vt 0.000000 0.000000
vt 0.000000 0.000000
vt 0.000000 0.000000
vt 0.000000 0.000000
vt 0.000000 0.000000
vt 0.000000 0.000000
vt 0.000000 0.000000
vt 0.000000 0.000000
vt 0.000000 0.000000
vt 0.000000 0.000000
vt 0.000000 0.000000
vt 0.000000 0.000000
vt 0.000000 0.000000
vt 0.000000 0.000000
vt 0.000000 0.000000
vt 0.000000 0.000000
vt 0.000000 0.000000
vt 0.000000 0.000000
vt 0.000000 0.000000
vt 0.000000 0.000000
vn -0.0980 0.0000 -0.9952
vn -0.2903 0.0000 -0.9569
vn 0.6344 0.0000 -0.7730
vn -0.0980 0.0000 0.9952
vn -0.4714 0.0000 -0.8819
vn 0.4714 0.0000 -0.8819
vn 0.0980 0.0000 0.9952
vn -0.6344 0.0000 -0.7730
vn 0.2903 0.0000 -0.9569
vn 0.2903 0.0000 0.9569
vn -0.7730 0.0000 -0.6344
vn 0.0980 0.0000 -0.9952
vn 0.4714 0.0000 0.8819
vn -0.8819 0.0000 -0.4714
vn 0.6344 0.0000 0.7730
vn -0.9569 0.0000 -0.2903
vn 0.7730 0.0000 0.6344
vn -0.9952 0.0000 -0.0980
vn 0.8819 0.0000 0.4714
vn -0.9952 0.0000 0.0980
vn 0.9569 0.0000 0.2903
vn -0.9569 0.0000 0.2903
vn 0.9952 0.0000 0.0980
vn -0.8819 0.0000 0.4714
vn 0.9952 0.0000 -0.0980
vn -0.7730 0.0000 0.6344
vn 0.9569 0.0000 -0.2903
vn -0.6344 0.0000 0.7730
vn 0.8819 0.0000 -0.4714
vn -0.4714 0.0000 0.8819
vn 0.7730 0.0000 -0.6344
vn -0.2903 0.0000 0.9569
vn 0.0000 1.0000 -0.0000
usemtl HandleMetal
s off
f 1254/1585/533 1255/1586/533 1319/1587/533 1318/1588/533
f 1207/1589/534 1208/1590/534 1272/1591/534 1270/1592/534
f 1234/1593/535 1235/1594/535 1299/1595/535 1298/1596/535
f 1221/1597/536 1222/1598/536 1286/1599/536 1285/1600/536
f 1208/1590/537 1209/1601/537 1273/1602/537 1272/1591/537
f 1235/1594/538 1236/1603/538 1300/1604/538 1299/1595/538
f 1222/1598/539 1223/1605/539 1287/1606/539 1286/1599/539
f 1209/1601/540 1210/1607/540 1274/1608/540 1273/1602/540
f 1236/1603/541 1237/1609/541 1301/1610/541 1300/1604/541
f 1223/1605/542 1224/1611/542 1288/1612/542 1287/1606/542
f 1210/1607/543 1211/1613/543 1275/1614/543 1274/1608/543
f 1237/1609/544 1206/1615/544 1271/1616/544 1301/1610/544
f 1224/1611/545 1225/1617/545 1289/1618/545 1288/1612/545
f 1211/1613/546 1212/1619/546 1276/1620/546 1275/1614/546
f 1225/1617/547 1226/1621/547 1290/1622/547 1289/1618/547
f 1212/1619/548 1213/1623/548 1277/1624/548 1276/1620/548
f 1226/1621/549 1227/1625/549 1291/1626/549 1290/1622/549
f 1213/1623/550 1214/1627/550 1278/1628/550 1277/1624/550
f 1227/1625/551 1228/1629/551 1292/1630/551 1291/1626/551
f 1214/1627/552 1215/1631/552 1279/1632/552 1278/1628/552
f 1228/1629/553 1229/1633/553 1293/1634/553 1292/1630/553
f 1215/1631/554 1216/1635/554 1280/1636/554 1279/1632/554
f 1229/1633/555 1230/1637/555 1294/1638/555 1293/1634/555
f 1216/1635/556 1217/1639/556 1281/1640/556 1280/1636/556
f 1230/1637/557 1231/1641/557 1295/1642/557 1294/1638/557
f 1217/1639/558 1218/1643/558 1282/1644/558 1281/1640/558
f 1231/1641/559 1232/1645/559 1296/1646/559 1295/1642/559
f 1218/1643/560 1219/1647/560 1283/1648/560 1282/1644/560
f 1232/1645/561 1233/1649/561 1297/1650/561 1296/1646/561
f 1219/1647/562 1220/1651/562 1284/1652/562 1283/1648/562
f 1206/1615/533 1207/1589/533 1270/1592/533 1271/1616/533
f 1233/1649/563 1234/1593/563 1298/1596/563 1297/1650/563
f 1220/1651/564 1221/1597/564 1285/1600/564 1284/1652/564
f 1239/1653/565 1238/1654/565 1271/1616/565 1270/1592/565
f 1240/1655/565 1239/1653/565 1270/1592/565 1272/1591/565
f 1241/1656/565 1240/1655/565 1272/1591/565 1273/1602/565
f 1242/1657/565 1241/1656/565 1273/1602/565 1274/1608/565
f 1243/1658/565 1242/1657/565 1274/1608/565 1275/1614/565
f 1244/1659/565 1243/1658/565 1275/1614/565 1276/1620/565
f 1245/1660/565 1244/1659/565 1276/1620/565 1277/1624/565
f 1246/1661/565 1245/1660/565 1277/1624/565 1278/1628/565
f 1247/1662/565 1246/1661/565 1278/1628/565 1279/1632/565
f 1248/1663/565 1247/1662/565 1279/1632/565 1280/1636/565
f 1249/1664/565 1248/1663/565 1280/1636/565 1281/1640/565
f 1250/1665/565 1249/1664/565 1281/1640/565 1282/1644/565
f 1251/1666/565 1250/1665/565 1282/1644/565 1283/1648/565
f 1252/1667/565 1251/1666/565 1283/1648/565 1284/1652/565
f 1253/1668/565 1252/1667/565 1284/1652/565 1285/1600/565
f 1254/1585/565 1253/1668/565 1285/1600/565 1286/1599/565
f 1255/1586/565 1254/1585/565 1286/1599/565 1287/1606/565
f 1256/1669/565 1255/1586/565 1287/1606/565 1288/1612/565
f 1257/1670/565 1256/1669/565 1288/1612/565 1289/1618/565
f 1258/1671/565 1257/1670/565 1289/1618/565 1290/1622/565
f 1259/1672/565 1258/1671/565 1290/1622/565 1291/1626/565
f 1260/1673/565 1259/1672/565 1291/1626/565 1292/1630/565
f 1261/1674/565 1260/1673/565 1292/1630/565 1293/1634/565
f 1262/1675/565 1261/1674/565 1293/1634/565 1294/1638/565
f 1263/1676/565 1262/1675/565 1294/1638/565 1295/1642/565
f 1264/1677/565 1263/1676/565 1295/1642/565 1296/1646/565
f 1265/1678/565 1264/1677/565 1296/1646/565 1297/1650/565
f 1266/1679/565 1265/1678/565 1297/1650/565 1298/1596/565
f 1267/1680/565 1266/1679/565 1298/1596/565 1299/1595/565
f 1268/1681/565 1267/1680/565 1299/1595/565 1300/1604/565
f 1269/1682/565 1268/1681/565 1300/1604/565 1301/1610/565
f 1238/1654/565 1269/1682/565 1301/1610/565 1271/1616/565
f 1302/1683/565 1304/1684/565 1305/1685/565 1306/1686/565 1307/1687/565 1308/1688/565 1309/1689/565 1310/1690/565 1311/1691/565 1312/1692/565 1313/1693/565 1314/1694/565 1315/1695/565 1316/1696/565 1317/1697/565 1318/1588/565 1319/1587/565 1320/1698/565 1321/1699/565 1322/1700/565 1323/1701/565 1324/1702/565 1325/1703/565 1326/1704/565 1327/1705/565 1328/1706/565 1329/1707/565 1330/1708/565 1331/1709/565 1332/1710/565 1333/1711/565 1303/1712/565
f 1241/1656/547 1242/1657/547 1306/1686/547 1305/1685/547
f 1268/1681/564 1269/1682/564 1333/1711/564 1332/1710/564
f 1255/1586/534 1256/1669/534 1320/1698/534 1319/1587/534
f 1242/1657/549 1243/1658/549 1307/1687/549 1306/1686/549
f 1269/1682/536 1238/1654/536 1303/1712/536 1333/1711/536
f 1256/1669/537 1257/1670/537 1321/1699/537 1320/1698/537
f 1243/1658/551 1244/1659/551 1308/1688/551 1307/1687/551
f 1257/1670/540 1258/1671/540 1322/1700/540 1321/1699/540
f 1244/1659/553 1245/1660/553 1309/1689/553 1308/1688/553
f 1258/1671/543 1259/1672/543 1323/1701/543 1322/1700/543
f 1245/1660/555 1246/1661/555 1310/1690/555 1309/1689/555
f 1259/1672/546 1260/1673/546 1324/1702/546 1323/1701/546
f 1246/1661/557 1247/1662/557 1311/1691/557 1310/1690/557
f 1260/1673/548 1261/1674/548 1325/1703/548 1324/1702/548
f 1247/1662/559 1248/1663/559 1312/1692/559 1311/1691/559
f 1261/1674/550 1262/1675/550 1326/1704/550 1325/1703/550
f 1248/1663/561 1249/1664/561 1313/1693/561 1312/1692/561
f 1262/1675/552 1263/1676/552 1327/1705/552 1326/1704/552
f 1249/1664/563 1250/1665/563 1314/1694/563 1313/1693/563
f 1263/1676/554 1264/1677/554 1328/1706/554 1327/1705/554
f 1250/1665/535 1251/1666/535 1315/1695/535 1314/1694/535
f 1264/1677/556 1265/1678/556 1329/1707/556 1328/1706/556
f 1251/1666/538 1252/1667/538 1316/1696/538 1315/1695/538
f 1238/1654/539 1239/1653/539 1302/1683/539 1303/1712/539
f 1265/1678/558 1266/1679/558 1330/1708/558 1329/1707/558
f 1252/1667/541 1253/1668/541 1317/1697/541 1316/1696/541
f 1239/1653/542 1240/1655/542 1304/1684/542 1302/1683/542
f 1266/1679/560 1267/1680/560 1331/1709/560 1330/1708/560
f 1253/1668/544 1254/1585/544 1318/1588/544 1317/1697/544
f 1240/1655/545 1241/1656/545 1305/1685/545 1304/1684/545
f 1267/1680/562 1268/1681/562 1332/1710/562 1331/1709/562
o WooferElement_Circle.001
v 0.280000 0.030000 -0.225546
v 0.280000 0.074002 -0.221212
v 0.280000 0.116313 -0.208377
v 0.280000 0.155307 -0.187535
v 0.280000 0.189485 -0.159485
v 0.280000 0.217535 -0.125307
v 0.280000 0.238377 -0.086313
v 0.280000 0.251212 -0.044002
v 0.280000 0.255546 0.000000
v 0.280000 0.251212 0.044002
v 0.280000 0.238377 0.086313
v 0.280000 0.217535 0.125307
v 0.280000 0.189485 0.159485
v 0.280000 0.155307 0.187535
v 0.280000 0.116313 0.208377
v 0.280000 0.074002 0.221212
v 0.280000 0.030000 0.225546
v 0.280000 -0.014002 0.221212
v 0.280000 -0.056313 0.208377
v 0.280000 -0.095307 0.187535
v 0.280000 -0.129485 0.159485
v 0.280000 -0.157535 0.125307
v 0.280000 -0.178377 0.086313
v 0.280000 -0.191212 0.044002
v 0.280000 -0.195546 -0.000000
v 0.280000 -0.191212 -0.044002
v 0.280000 -0.178377 -0.086313
v 0.280000 -0.157535 -0.125307
v 0.280000 -0.129485 -0.159485
v 0.280000 -0.095307 -0.187535
v 0.280000 -0.056313 -0.208377
v 0.280000 -0.014002 -0.221212
v 0.277500 0.030000 -0.209493
v 0.277500 0.070870 -0.205467
v 0.277500 0.110169 -0.193546
v 0.277500 0.146388 -0.174187
v 0.277500 0.178134 -0.148134
v 0.277500 0.204187 -0.116388
v 0.277500 0.223546 -0.080169
v 0.277500 0.235467 -0.040870
v 0.277500 0.239493 0.000000
v 0.277500 0.235467 0.040870
v 0.277500 0.223546 0.080169
v 0.277500 0.204187 0.116388
v 0.277500 0.178134 0.148134
v 0.277500 0.146388 0.174187
v 0.277500 0.110169 0.193546
v 0.277500 0.070870 0.205467
v 0.277500 0.030000 0.209493
v 0.277500 -0.010870 0.205467
v 0.277500 -0.050169 0.193546
v 0.277500 -0.086388 0.174187
v 0.277500 -0.118134 0.148134
v 0.277500 -0.144187 0.116388
v 0.277500 -0.163546 0.080169
v 0.277500 -0.175467 0.040870
v 0.277500 -0.179493 -0.000000
v 0.277500 -0.175467 -0.040870
v 0.277500 -0.163546 -0.080169
v 0.277500 -0.144187 -0.116388
v 0.277500 -0.118134 -0.148134
v 0.277500 -0.086388 -0.174187
v 0.277500 -0.050169 -0.193546
v 0.277500 -0.010870 -0.205467
v 0.282889 0.030000 -0.217347
v 0.280542 0.030000 -0.214325
v 0.282178 0.030000 -0.215034
v 0.280542 0.071813 -0.210207
v 0.282889 0.072402 -0.213170
v 0.282178 0.071951 -0.210903
v 0.280542 0.112019 -0.198010
v 0.282889 0.113175 -0.200802
v 0.282178 0.112290 -0.198666
v 0.280542 0.149072 -0.178205
v 0.282889 0.150751 -0.180717
v 0.282178 0.149467 -0.178795
v 0.280542 0.181551 -0.151551
v 0.282889 0.183687 -0.153687
v 0.282178 0.182052 -0.152052
v 0.280542 0.208205 -0.119073
v 0.282889 0.210717 -0.120751
v 0.282178 0.208795 -0.119467
v 0.280542 0.228010 -0.082019
v 0.282889 0.230802 -0.083175
v 0.282178 0.228666 -0.082290
v 0.280542 0.240207 -0.041813
v 0.282889 0.243170 -0.042402
v 0.282178 0.240903 -0.041951
v 0.280542 0.244325 0.000000
v 0.282889 0.247347 0.000000
v 0.282178 0.245034 0.000000
v 0.280542 0.240207 0.041813
v 0.282889 0.243170 0.042402
v 0.282178 0.240903 0.041951
v 0.280542 0.228010 0.082019
v 0.282889 0.230802 0.083175
v 0.282178 0.228666 0.082290
v 0.280542 0.208205 0.119072
v 0.282889 0.210717 0.120751
v 0.282178 0.208795 0.119467
v 0.280542 0.181551 0.151551
v 0.282889 0.183687 0.153687
v 0.282178 0.182052 0.152052
v 0.280542 0.149072 0.178205
v 0.282889 0.150751 0.180717
v 0.282178 0.149467 0.178795
v 0.280542 0.112019 0.198010
v 0.282889 0.113175 0.200802
v 0.282178 0.112290 0.198666
v 0.280542 0.071813 0.210207
v 0.282889 0.072402 0.213170
v 0.282178 0.071951 0.210903
v 0.280542 0.030000 0.214325
v 0.282889 0.030000 0.217347
v 0.282178 0.030000 0.215034
v 0.280542 -0.011813 0.210207
v 0.282889 -0.012402 0.213170
v 0.282178 -0.011951 0.210903
v 0.280543 -0.052019 0.198010
v 0.282889 -0.053175 0.200802
v 0.282178 -0.052290 0.198666
v 0.280543 -0.089073 0.178205
v 0.282889 -0.090751 0.180717
v 0.282178 -0.089467 0.178795
v 0.280543 -0.121551 0.151551
v 0.282889 -0.123687 0.153687
v 0.282178 -0.122052 0.152052
v 0.280543 -0.148205 0.119073
v 0.282889 -0.150717 0.120751
v 0.282178 -0.148795 0.119467
v 0.280543 -0.168010 0.082019
v 0.282889 -0.170802 0.083175
v 0.282178 -0.168666 0.082290
v 0.280543 -0.180207 0.041813
v 0.282889 -0.183170 0.042402
v 0.282178 -0.180903 0.041951
v 0.280543 -0.184325 -0.000000
v 0.282889 -0.187347 -0.000000
v 0.282178 -0.185034 -0.000000
v 0.280543 -0.180207 -0.041813
v 0.282889 -0.183170 -0.042402
v 0.282178 -0.180903 -0.041951
v 0.280543 -0.168010 -0.082019
v 0.282889 -0.170802 -0.083175
v 0.282178 -0.168666 -0.082290
v 0.280543 -0.148205 -0.119072
v 0.282889 -0.150717 -0.120751
v 0.282178 -0.148795 -0.119467
v 0.280543 -0.121551 -0.151551
v 0.282889 -0.123687 -0.153687
v 0.282178 -0.122052 -0.152052
v 0.280543 -0.089073 -0.178205
v 0.282889 -0.090751 -0.180717
v 0.282178 -0.089467 -0.178795
v 0.280543 -0.052019 -0.198010
v 0.282889 -0.053175 -0.200802
v 0.282178 -0.052290 -0.198666
v 0.280542 -0.011813 -0.210207
v 0.282889 -0.012402 -0.213170
v 0.282178 -0.011951 -0.210903
v 0.282889 0.073391 -0.218140
v 0.280876 0.073980 -0.221104
v 0.282178 0.073842 -0.220408
v 0.280876 0.030000 -0.225435
v 0.282889 0.030000 -0.222414
v 0.282178 0.030000 -0.224726
v 0.282889 0.115114 -0.205483
v 0.280876 0.116270 -0.208275
v 0.282178 0.115999 -0.207620
v 0.282889 0.153566 -0.184930
v 0.280876 0.155245 -0.187443
v 0.282178 0.154851 -0.186853
v 0.282889 0.187270 -0.157270
v 0.280876 0.189407 -0.159407
v 0.282178 0.188905 -0.158905
v 0.282889 0.214930 -0.123566
v 0.280876 0.217443 -0.125245
v 0.282178 0.216853 -0.124851
v 0.282889 0.235483 -0.085114
v 0.280876 0.238275 -0.086270
v 0.282178 0.237620 -0.085999
v 0.282889 0.248140 -0.043391
v 0.280876 0.251104 -0.043980
v 0.282178 0.250408 -0.043842
v 0.282889 0.252414 0.000000
v 0.280876 0.255435 0.000000
v 0.282178 0.254726 0.000000
v 0.282889 0.248140 0.043391
v 0.280876 0.251104 0.043980
v 0.282178 0.250408 0.043842
v 0.282889 0.235483 0.085114
v 0.280876 0.238275 0.086270
v 0.282178 0.237620 0.085999
v 0.282889 0.214930 0.123566
v 0.280876 0.217443 0.125245
v 0.282178 0.216853 0.124851
v 0.282889 0.187270 0.157270
v 0.280876 0.189407 0.159407
v 0.282178 0.188905 0.158905
v 0.282889 0.153566 0.184930
v 0.280876 0.155245 0.187443
v 0.282178 0.154851 0.186853
v 0.282889 0.115114 0.205483
v 0.280876 0.116270 0.208275
v 0.282178 0.115999 0.207620
v 0.282889 0.073391 0.218140
v 0.280876 0.073980 0.221104
v 0.282178 0.073842 0.220408
v 0.282889 0.030000 0.222414
v 0.280876 0.030000 0.225435
v 0.282178 0.030000 0.224726
v 0.282889 -0.013391 0.218140
v 0.280876 -0.013980 0.221104
v 0.282178 -0.013842 0.220408
v 0.282889 -0.055114 0.205483
v 0.280876 -0.056270 0.208275
v 0.282178 -0.055999 0.207620
v 0.282889 -0.093566 0.184930
v 0.280876 -0.095245 0.187443
v 0.282178 -0.094851 0.186853
v 0.282889 -0.127270 0.157270
v 0.280876 -0.129407 0.159407
v 0.282178 -0.128905 0.158905
v 0.282889 -0.154930 0.123566
v 0.280876 -0.157443 0.125245
v 0.282178 -0.156853 0.124851
v 0.282889 -0.175483 0.085114
v 0.280876 -0.178275 0.086270
v 0.282178 -0.177620 0.085999
v 0.282889 -0.188140 0.043391
v 0.280876 -0.191104 0.043980
v 0.282178 -0.190408 0.043842
v 0.282889 -0.192414 -0.000000
v 0.280876 -0.195435 -0.000000
v 0.282178 -0.194726 -0.000000
v 0.282889 -0.188140 -0.043391
v 0.280876 -0.191104 -0.043980
v 0.282178 -0.190408 -0.043842
v 0.282889 -0.175483 -0.085114
v 0.280876 -0.178275 -0.086270
v 0.282178 -0.177620 -0.085999
v 0.282889 -0.154930 -0.123566
v 0.280876 -0.157443 -0.125245
v 0.282178 -0.156853 -0.124851
v 0.282889 -0.127270 -0.157270
v 0.280876 -0.129407 -0.159407
v 0.282178 -0.128905 -0.158905
v 0.282889 -0.093566 -0.184930
v 0.280876 -0.095245 -0.187443
v 0.282178 -0.094851 -0.186853
v 0.282889 -0.055114 -0.205483
v 0.280876 -0.056270 -0.208275
v 0.282178 -0.055999 -0.207620
v 0.282889 -0.013391 -0.218140
v 0.280876 -0.013980 -0.221104
v 0.282178 -0.013842 -0.220408
v 0.278455 0.071607 -0.209172
v 0.278455 0.030000 -0.213270
v 0.278455 0.111615 -0.197036
v 0.278455 0.148486 -0.177327
v 0.278455 0.180805 -0.150805
v 0.278455 0.207327 -0.118486
v 0.278455 0.227036 -0.081615
v 0.278455 0.239172 -0.041607
v 0.278455 0.243270 0.000000
v 0.278455 0.239172 0.041607
v 0.278455 0.227036 0.081615
v 0.278455 0.207327 0.118486
v 0.278455 0.180805 0.150805
v 0.278455 0.148486 0.177327
v 0.278455 0.111615 0.197036
v 0.278455 0.071607 0.209172
v 0.278455 0.030000 0.213270
v 0.278455 -0.011607 0.209172
v 0.278455 -0.051615 0.197036
v 0.278455 -0.088486 0.177327
v 0.278455 -0.120805 0.150805
v 0.278455 -0.147327 0.118486
v 0.278455 -0.167036 0.081615
v 0.278455 -0.179172 0.041607
v 0.278455 -0.183270 -0.000000
v 0.278455 -0.179172 -0.041607
v 0.278455 -0.167036 -0.081615
v 0.278455 -0.147327 -0.118486
v 0.278455 -0.120805 -0.150805
v 0.278455 -0.088486 -0.177327
v 0.278455 -0.051615 -0.197036
v 0.278455 -0.011607 -0.209172
v 0.242500 0.032789 -0.014023
v 0.242500 0.030000 -0.014298
v 0.242500 0.035472 -0.013209
v 0.242500 0.037943 -0.011888
v 0.242500 0.040110 -0.010110
v 0.242500 0.041888 -0.007943
v 0.242500 0.043209 -0.005472
v 0.242500 0.044023 -0.002789
v 0.242500 0.044298 0.000000
v 0.242500 0.044023 0.002789
v 0.242500 0.043209 0.005472
v 0.242500 0.041888 0.007943
v 0.242500 0.040110 0.010110
v 0.242500 0.037943 0.011888
v 0.242500 0.035472 0.013209
v 0.242500 0.032789 0.014023
v 0.242500 0.030000 0.014298
v 0.242500 0.027211 0.014023
v 0.242500 0.024528 0.013209
v 0.242500 0.022057 0.011888
v 0.242500 0.019890 0.010110
v 0.242500 0.018112 0.007943
v 0.242500 0.016791 0.005472
v 0.242500 0.015977 0.002789
v 0.242500 0.015702 0.000000
v 0.242500 0.015977 -0.002789
v 0.242500 0.016791 -0.005472
v 0.242500 0.018112 -0.007944
v 0.242500 0.019890 -0.010110
v 0.242500 0.022057 -0.011888
v 0.242500 0.024528 -0.013209
v 0.242500 0.027211 -0.014023
v 0.275500 0.070612 -0.204171
v 0.275500 0.030000 -0.208171
v 0.275500 0.109663 -0.192324
v 0.275500 0.145653 -0.173087
v 0.275500 0.177199 -0.147199
v 0.275500 0.203087 -0.115653
v 0.275500 0.222324 -0.079663
v 0.275500 0.234171 -0.040612
v 0.275500 0.238171 0.000000
v 0.275500 0.234171 0.040612
v 0.275500 0.222325 0.079663
v 0.275500 0.203088 0.115653
v 0.275500 0.177199 0.147199
v 0.275500 0.145653 0.173088
v 0.275500 0.109663 0.192324
v 0.275500 0.070612 0.204171
v 0.275500 0.030000 0.208171
v 0.275500 -0.010612 0.204171
v 0.275500 -0.049663 0.192325
v 0.275500 -0.085653 0.173087
v 0.275500 -0.117199 0.147199
v 0.275500 -0.143087 0.115653
v 0.275500 -0.162324 0.079663
v 0.275500 -0.174171 0.040612
v 0.275500 -0.178171 -0.000000
v 0.275500 -0.174171 -0.040612
v 0.275500 -0.162324 -0.079663
v 0.275500 -0.143088 -0.115653
v 0.275500 -0.117199 -0.147199
v 0.275500 -0.085653 -0.173087
v 0.275500 -0.049663 -0.192324
v 0.275500 -0.010612 -0.204171
v 0.275000 0.070244 -0.202318
v 0.275000 0.030000 -0.206282
v 0.275000 0.108941 -0.190580
v 0.275000 0.144604 -0.171517
v 0.275000 0.175863 -0.145863
v 0.275000 0.201517 -0.114604
v 0.275000 0.220580 -0.078941
v 0.275000 0.232318 -0.040244
v 0.275000 0.236282 0.000000
v 0.275000 0.232318 0.040244
v 0.275000 0.220580 0.078941
v 0.275000 0.201517 0.114604
v 0.275000 0.175863 0.145863
v 0.275000 0.144604 0.171517
v 0.275000 0.108941 0.190580
v 0.275000 0.070244 0.202318
v 0.275000 0.030000 0.206282
v 0.275000 -0.010244 0.202318
v 0.275000 -0.048941 0.190580
v 0.275000 -0.084604 0.171517
v 0.275000 -0.115863 0.145863
v 0.275000 -0.141517 0.114604
v 0.275000 -0.160580 0.078941
v 0.275000 -0.172318 0.040244
v 0.275000 -0.176282 -0.000000
v 0.275000 -0.172318 -0.040244
v 0.275000 -0.160580 -0.078941
v 0.275000 -0.141517 -0.114604
v 0.275000 -0.115863 -0.145863
v 0.275000 -0.084604 -0.171517
v 0.275000 -0.048941 -0.190580
v 0.275000 -0.010244 -0.202318
v 0.275667 0.069801 -0.200095
v 0.275667 0.030000 -0.204016
v 0.275667 0.108073 -0.188486
v 0.275667 0.143345 -0.169633
v 0.275667 0.174261 -0.144261
v 0.275667 0.199633 -0.113345
v 0.275667 0.218486 -0.078073
v 0.275667 0.230095 -0.039801
v 0.275667 0.234016 0.000000
v 0.275667 0.230095 0.039801
v 0.275667 0.218486 0.078073
v 0.275667 0.199633 0.113345
v 0.275667 0.174261 0.144261
v 0.275667 0.143345 0.169633
v 0.275667 0.108073 0.188486
v 0.275667 0.069801 0.200095
v 0.275667 0.030000 0.204016
v 0.275667 -0.009801 0.200095
v 0.275667 -0.048073 0.188486
v 0.275667 -0.083345 0.169633
v 0.275667 -0.114261 0.144261
v 0.275667 -0.139633 0.113345
v 0.275667 -0.158486 0.078073
v 0.275667 -0.170095 0.039801
v 0.275667 -0.174016 -0.000000
v 0.275667 -0.170095 -0.039801
v 0.275667 -0.158486 -0.078073
v 0.275667 -0.139633 -0.113345
v 0.275667 -0.114261 -0.144261
v 0.275667 -0.083345 -0.169633
v 0.275667 -0.048073 -0.188486
v 0.275667 -0.009801 -0.200095
v 0.277667 0.069359 -0.197873
v 0.277667 0.030000 -0.201749
v 0.277667 0.107206 -0.186392
v 0.277667 0.142086 -0.167748
v 0.277667 0.172658 -0.142658
v 0.277667 0.197748 -0.112086
v 0.277667 0.216392 -0.077206
v 0.277667 0.227873 -0.039359
v 0.277667 0.231749 0.000000
v 0.277667 0.227873 0.039359
v 0.277667 0.216392 0.077206
v 0.277667 0.197748 0.112086
v 0.277667 0.172658 0.142658
v 0.277667 0.142086 0.167748
v 0.277667 0.107206 0.186392
v 0.277667 0.069359 0.197873
v 0.277667 0.030000 0.201749
v 0.277667 -0.009359 0.197873
v 0.277667 -0.047206 0.186392
v 0.277667 -0.082086 0.167748
v 0.277667 -0.112658 0.142658
v 0.277667 -0.137748 0.112086
v 0.277667 -0.156392 0.077206
v 0.277667 -0.167873 0.039359
v 0.277667 -0.171749 -0.000000
v 0.277667 -0.167873 -0.039359
v 0.277667 -0.156392 -0.077206
v 0.277667 -0.137748 -0.112086
v 0.277667 -0.112658 -0.142658
v 0.277667 -0.082086 -0.167748
v 0.277667 -0.047206 -0.186392
v 0.277667 -0.009359 -0.197873
v 0.275667 0.068917 -0.195650
v 0.275667 0.030000 -0.199483
v 0.275667 0.106339 -0.184298
v 0.275667 0.140827 -0.165864
v 0.275667 0.171056 -0.141056
v 0.275667 0.195864 -0.110827
v 0.275667 0.214298 -0.076339
v 0.275667 0.225650 -0.038917
v 0.275667 0.229483 0.000000
v 0.275667 0.225650 0.038917
v 0.275667 0.214298 0.076339
v 0.275667 0.195864 0.110827
v 0.275667 0.171056 0.141056
v 0.275667 0.140827 0.165864
v 0.275667 0.106339 0.184298
v 0.275667 0.068917 0.195650
v 0.275667 0.030000 0.199483
v 0.275667 -0.008917 0.195650
v 0.275667 -0.046339 0.184298
v 0.275667 -0.080827 0.165864
v 0.275667 -0.111056 0.141056
v 0.275667 -0.135864 0.110827
v 0.275667 -0.154298 0.076339
v 0.275667 -0.165650 0.038917
v 0.275667 -0.169483 -0.000000
v 0.275667 -0.165650 -0.038917
v 0.275667 -0.154298 -0.076339
v 0.275667 -0.135864 -0.110827
v 0.275667 -0.111056 -0.141056
v 0.275667 -0.080827 -0.165864
v 0.275667 -0.046339 -0.184298
v 0.275667 -0.008917 -0.195650
v 0.275667 0.068475 -0.193427
v 0.275667 0.030000 -0.197216
v 0.275667 0.105471 -0.182204
v 0.275667 0.139568 -0.163979
v 0.275667 0.169453 -0.139453
v 0.275667 0.193979 -0.109568
v 0.275667 0.212204 -0.075471
v 0.275667 0.223427 -0.038475
v 0.275667 0.227216 0.000000
v 0.275667 0.223427 0.038475
v 0.275667 0.212204 0.075471
v 0.275667 0.193979 0.109568
v 0.275667 0.169453 0.139453
v 0.275667 0.139568 0.163979
v 0.275667 0.105471 0.182204
v 0.275667 0.068475 0.193427
v 0.275667 0.030000 0.197216
v 0.275667 -0.008475 0.193427
v 0.275667 -0.045471 0.182204
v 0.275667 -0.079568 0.163979
v 0.275667 -0.109453 0.139453
v 0.275667 -0.133979 0.109568
v 0.275667 -0.152204 0.075471
v 0.275667 -0.163427 0.038475
v 0.275667 -0.167216 -0.000000
v 0.275667 -0.163427 -0.038475
v 0.275667 -0.152204 -0.075471
v 0.275667 -0.133979 -0.109568
v 0.275667 -0.109453 -0.139453
v 0.275667 -0.079568 -0.163979
v 0.275667 -0.045471 -0.182204
v 0.275667 -0.008475 -0.193427
v 0.277667 0.068033 -0.191204
v 0.277667 0.030000 -0.194950
v 0.277667 0.104604 -0.180110
v 0.277667 0.138308 -0.162095
v 0.277667 0.167851 -0.137851
v 0.277667 0.192095 -0.108308
v 0.277667 0.210110 -0.074604
v 0.277667 0.221204 -0.038033
v 0.277667 0.224950 0.000000
v 0.277667 0.221204 0.038033
v 0.277667 0.210110 0.074604
v 0.277667 0.192095 0.108308
v 0.277667 0.167851 0.137851
v 0.277667 0.138308 0.162095
v 0.277667 0.104604 0.180110
v 0.277667 0.068033 0.191204
v 0.277667 0.030000 0.194950
v 0.277667 -0.008033 0.191204
v 0.277667 -0.044604 0.180110
v 0.277667 -0.078308 0.162095
v 0.277667 -0.107851 0.137850
v 0.277667 -0.132095 0.108308
v 0.277667 -0.150110 0.074604
v 0.277667 -0.161204 0.038033
v 0.277667 -0.164950 -0.000000
v 0.277667 -0.161204 -0.038033
v 0.277667 -0.150110 -0.074604
v 0.277667 -0.132095 -0.108308
v 0.277667 -0.107851 -0.137850
v 0.277667 -0.078308 -0.162095
v 0.277667 -0.044604 -0.180110
v 0.277667 -0.008033 -0.191204
v 0.275667 0.067591 -0.188981
v 0.275667 0.030000 -0.192684
v 0.275667 0.103737 -0.178016
v 0.275667 0.137049 -0.160211
v 0.275667 0.166248 -0.136248
v 0.275667 0.190211 -0.107049
v 0.275667 0.208016 -0.073737
v 0.275667 0.218981 -0.037591
v 0.275667 0.222684 0.000000
v 0.275667 0.218981 0.037591
v 0.275667 0.208016 0.073737
v 0.275667 0.190211 0.107049
v 0.275667 0.166248 0.136248
v 0.275667 0.137049 0.160211
v 0.275667 0.103737 0.178016
v 0.275667 0.067591 0.188981
v 0.275667 0.030000 0.192684
v 0.275667 -0.007591 0.188981
v 0.275667 -0.043737 0.178016
v 0.275667 -0.077049 0.160211
v 0.275667 -0.106248 0.136248
v 0.275667 -0.130211 0.107049
v 0.275667 -0.148016 0.073737
v 0.275667 -0.158981 0.037591
v 0.275667 -0.162684 -0.000000
v 0.275667 -0.158981 -0.037591
v 0.275667 -0.148016 -0.073737
v 0.275667 -0.130211 -0.107049
v 0.275667 -0.106248 -0.136248
v 0.275667 -0.077049 -0.160211
v 0.275667 -0.043737 -0.178016
v 0.275667 -0.007591 -0.188981
v 0.275667 0.067149 -0.186758
v 0.275667 0.030000 -0.190417
v 0.275667 0.102870 -0.175923
v 0.275667 0.135790 -0.158326
v 0.275667 0.164645 -0.134645
v 0.275667 0.188326 -0.105790
v 0.275667 0.205923 -0.072870
v 0.275667 0.216758 -0.037149
v 0.275667 0.220417 0.000000
v 0.275667 0.216758 0.037149
v 0.275667 0.205923 0.072870
v 0.275667 0.188326 0.105790
v 0.275667 0.164645 0.134645
v 0.275667 0.135790 0.158326
v 0.275667 0.102870 0.175923
v 0.275667 0.067149 0.186758
v 0.275667 0.030000 0.190417
v 0.275667 -0.007149 0.186758
v 0.275667 -0.042870 0.175923
v 0.275667 -0.075790 0.158326
v 0.275667 -0.104645 0.134645
v 0.275667 -0.128326 0.105790
v 0.275667 -0.145923 0.072870
v 0.275667 -0.156758 0.037149
v 0.275667 -0.160417 -0.000000
v 0.275667 -0.156758 -0.037149
v 0.275667 -0.145923 -0.072870
v 0.275667 -0.128326 -0.105790
v 0.275667 -0.104645 -0.134645
v 0.275667 -0.075790 -0.158326
v 0.275667 -0.042870 -0.175923
v 0.275667 -0.007149 -0.186758
v 0.277667 0.066706 -0.184536
v 0.277667 0.030000 -0.188151
v 0.277667 0.102002 -0.173829
v 0.277667 0.134531 -0.156442
v 0.277667 0.163043 -0.133043
v 0.277667 0.186442 -0.104531
v 0.277667 0.203829 -0.072002
v 0.277667 0.214536 -0.036706
v 0.277667 0.218151 0.000000
v 0.277667 0.214536 0.036706
v 0.277667 0.203829 0.072002
v 0.277667 0.186442 0.104531
v 0.277667 0.163043 0.133043
v 0.277667 0.134531 0.156442
v 0.277667 0.102002 0.173829
v 0.277667 0.066706 0.184536
v 0.277667 0.030000 0.188151
v 0.277667 -0.006706 0.184536
v 0.277667 -0.042002 0.173829
v 0.277667 -0.074531 0.156442
v 0.277667 -0.103043 0.133043
v 0.277667 -0.126442 0.104531
v 0.277667 -0.143829 0.072002
v 0.277667 -0.154536 0.036706
v 0.277667 -0.158151 -0.000000
v 0.277667 -0.154536 -0.036706
v 0.277667 -0.143829 -0.072002
v 0.277667 -0.126442 -0.104531
v 0.277667 -0.103043 -0.133043
v 0.277667 -0.074531 -0.156442
v 0.277667 -0.042002 -0.173829
v 0.277667 -0.006706 -0.184536
v 0.275667 0.066264 -0.182313
v 0.275667 0.030000 -0.185885
v 0.275667 0.101135 -0.171735
v 0.275667 0.133272 -0.154557
v 0.275667 0.161440 -0.131440
v 0.275667 0.184557 -0.103272
v 0.275667 0.201735 -0.071135
v 0.275667 0.212313 -0.036264
v 0.275667 0.215885 0.000000
v 0.275667 0.212313 0.036264
v 0.275667 0.201735 0.071135
v 0.275667 0.184557 0.103272
v 0.275667 0.161440 0.131440
v 0.275667 0.133272 0.154557
v 0.275667 0.101135 0.171735
v 0.275667 0.066264 0.182313
v 0.275667 0.030000 0.185885
v 0.275667 -0.006264 0.182313
v 0.275667 -0.041135 0.171735
v 0.275667 -0.073272 0.154557
v 0.275667 -0.101440 0.131440
v 0.275667 -0.124557 0.103272
v 0.275667 -0.141735 0.071135
v 0.275667 -0.152313 0.036264
v 0.275667 -0.155885 -0.000000
v 0.275667 -0.152313 -0.036264
v 0.275667 -0.141735 -0.071135
v 0.275667 -0.124557 -0.103272
v 0.275667 -0.101440 -0.131440
v 0.275667 -0.073272 -0.154557
v 0.275667 -0.041135 -0.171735
v 0.275667 -0.006264 -0.182313
v 0.273847 0.065420 -0.178066
v 0.273847 0.030000 -0.181555
v 0.273847 0.099478 -0.167735
v 0.273847 0.130867 -0.150958
v 0.273847 0.158379 -0.128379
v 0.273847 0.180958 -0.100867
v 0.273847 0.197735 -0.069478
v 0.273847 0.208067 -0.035420
v 0.273847 0.211555 0.000000
v 0.273847 0.208067 0.035420
v 0.273847 0.197735 0.069478
v 0.273847 0.180958 0.100867
v 0.273847 0.158379 0.128379
v 0.273847 0.130867 0.150958
v 0.273847 0.099478 0.167735
v 0.273847 0.065420 0.178067
v 0.273847 0.030000 0.181555
v 0.273847 -0.005420 0.178067
v 0.273847 -0.039478 0.167735
v 0.273847 -0.070867 0.150957
v 0.273847 -0.098379 0.128379
v 0.273847 -0.120958 0.100867
v 0.273847 -0.137735 0.069478
v 0.273847 -0.148067 0.035420
v 0.273847 -0.151555 -0.000000
v 0.273847 -0.148066 -0.035420
v 0.273847 -0.137735 -0.069478
v 0.273847 -0.120958 -0.100867
v 0.273847 -0.098379 -0.128379
v 0.273847 -0.070867 -0.150958
v 0.273847 -0.039478 -0.167735
v 0.273847 -0.005420 -0.178067
v 0.266820 0.030000 -0.165907
v 0.256844 0.030000 -0.148171
v 0.246826 0.030000 -0.130397
v 0.236884 0.030000 -0.112721
v 0.226829 0.030000 -0.095059
v 0.226829 0.048545 -0.093232
v 0.236884 0.051991 -0.110555
v 0.246826 0.055439 -0.127891
v 0.256844 0.058907 -0.145324
v 0.266820 0.062367 -0.162719
v 0.226829 0.066377 -0.087823
v 0.236884 0.073137 -0.104141
v 0.246826 0.079901 -0.120471
v 0.256844 0.086703 -0.136892
v 0.266820 0.093490 -0.153278
v 0.226829 0.082812 -0.079038
v 0.236884 0.092625 -0.093724
v 0.246826 0.102445 -0.108421
v 0.256844 0.112320 -0.123200
v 0.266820 0.122173 -0.137947
v 0.226829 0.097217 -0.067217
v 0.236884 0.109706 -0.079706
v 0.246826 0.122204 -0.092204
v 0.256844 0.134773 -0.104773
v 0.266820 0.147314 -0.117314
v 0.226829 0.109038 -0.052812
v 0.236884 0.123724 -0.062625
v 0.246826 0.138421 -0.072445
v 0.256844 0.153200 -0.082320
v 0.266820 0.167947 -0.092173
v 0.226829 0.117823 -0.036377
v 0.236884 0.134141 -0.043137
v 0.246826 0.150471 -0.049901
v 0.256844 0.166892 -0.056703
v 0.266820 0.183278 -0.063490
v 0.226829 0.123232 -0.018545
v 0.236884 0.140555 -0.021991
v 0.246826 0.157891 -0.025439
v 0.256844 0.175324 -0.028907
v 0.266820 0.192719 -0.032367
v 0.226829 0.125059 0.000000
v 0.236884 0.142721 0.000000
v 0.246826 0.160397 0.000000
v 0.256844 0.178171 0.000000
v 0.266820 0.195907 0.000000
v 0.226829 0.123232 0.018545
v 0.236884 0.140555 0.021991
v 0.246826 0.157891 0.025439
v 0.256844 0.175324 0.028907
v 0.266820 0.192719 0.032367
v 0.226829 0.117823 0.036377
v 0.236884 0.134141 0.043137
v 0.246826 0.150471 0.049901
v 0.256844 0.166892 0.056703
v 0.266820 0.183278 0.063490
v 0.226829 0.109038 0.052812
v 0.236884 0.123724 0.062625
v 0.246826 0.138421 0.072445
v 0.256844 0.153200 0.082320
v 0.266820 0.167947 0.092173
v 0.226829 0.097217 0.067217
v 0.236884 0.109706 0.079706
v 0.246826 0.122204 0.092204
v 0.256844 0.134773 0.104773
v 0.266820 0.147314 0.117314
v 0.226829 0.082812 0.079038
v 0.236884 0.092625 0.093724
v 0.246826 0.102445 0.108421
v 0.256844 0.112320 0.123200
v 0.266820 0.122173 0.137947
v 0.226829 0.066377 0.087823
v 0.236884 0.073137 0.104141
v 0.246826 0.079901 0.120471
v 0.256844 0.086703 0.136892
v 0.266820 0.093490 0.153278
v 0.226829 0.048545 0.093232
v 0.236884 0.051991 0.110555
v 0.246826 0.055439 0.127891
v 0.256844 0.058907 0.145324
v 0.266820 0.062367 0.162719
v 0.226829 0.030000 0.095059
v 0.236884 0.030000 0.112721
v 0.246826 0.030000 0.130397
v 0.256844 0.030000 0.148171
v 0.266820 0.030000 0.165907
v 0.226829 0.011455 0.093232
v 0.236884 0.008009 0.110555
v 0.246826 0.004561 0.127891
v 0.256844 0.001093 0.145324
v 0.266820 -0.002367 0.162719
v 0.226829 -0.006377 0.087823
v 0.236884 -0.013137 0.104141
v 0.246826 -0.019901 0.120471
v 0.256844 -0.026703 0.136892
v 0.266820 -0.033490 0.153278
v 0.226829 -0.022812 0.079038
v 0.236884 -0.032625 0.093724
v 0.246826 -0.042445 0.108421
v 0.256844 -0.052320 0.123200
v 0.266820 -0.062173 0.137947
v 0.226829 -0.037217 0.067217
v 0.236884 -0.049706 0.079706
v 0.246826 -0.062204 0.092204
v 0.256844 -0.074773 0.104773
v 0.266820 -0.087314 0.117314
v 0.226829 -0.049038 0.052812
v 0.236884 -0.063724 0.062625
v 0.246826 -0.078421 0.072445
v 0.256844 -0.093200 0.082320
v 0.266820 -0.107947 0.092173
v 0.226829 -0.057823 0.036377
v 0.236884 -0.074141 0.043137
v 0.246826 -0.090471 0.049901
v 0.256844 -0.106892 0.056703
v 0.266820 -0.123278 0.063490
v 0.226829 -0.063232 0.018545
v 0.236884 -0.080555 0.021991
v 0.246826 -0.097891 0.025439
v 0.256844 -0.115324 0.028907
v 0.266820 -0.132719 0.032367
v 0.226829 -0.065059 0.000000
v 0.236884 -0.082721 0.000000
v 0.246826 -0.100397 0.000000
v 0.256844 -0.118171 -0.000000
v 0.266820 -0.135907 -0.000000
v 0.226829 -0.063232 -0.018545
v 0.236884 -0.080555 -0.021991
v 0.246826 -0.097891 -0.025439
v 0.256844 -0.115324 -0.028907
v 0.266820 -0.132719 -0.032367
v 0.226829 -0.057823 -0.036377
v 0.236884 -0.074141 -0.043137
v 0.246826 -0.090471 -0.049901
v 0.256844 -0.106892 -0.056703
v 0.266820 -0.123278 -0.063490
v 0.226829 -0.049038 -0.052812
v 0.236884 -0.063724 -0.062625
v 0.246826 -0.078421 -0.072445
v 0.256844 -0.093200 -0.082320
v 0.266820 -0.107947 -0.092173
v 0.226829 -0.037217 -0.067217
v 0.236884 -0.049706 -0.079706
v 0.246826 -0.062204 -0.092204
v 0.256844 -0.074773 -0.104773
v 0.266820 -0.087314 -0.117314
v 0.226829 -0.022812 -0.079038
v 0.236884 -0.032625 -0.093724
v 0.246826 -0.042445 -0.108421
v 0.256844 -0.052320 -0.123200
v 0.266820 -0.062173 -0.137947
v 0.226829 -0.006377 -0.087823
v 0.236884 -0.013137 -0.104141
v 0.246826 -0.019901 -0.120471
v 0.256844 -0.026703 -0.136892
v 0.266820 -0.033490 -0.153278
v 0.226829 0.011455 -0.093232
v 0.236884 0.008009 -0.110555
v 0.246826 0.004561 -0.127891
v 0.256844 0.001093 -0.145324
v 0.266820 -0.002367 -0.162719
v 0.234202 0.030000 -0.107950
v 0.229217 0.030000 -0.099725
v 0.229217 0.049455 -0.097809
v 0.234202 0.051060 -0.105876
v 0.229217 0.068163 -0.092134
v 0.234202 0.071311 -0.099733
v 0.229217 0.085405 -0.082919
v 0.234202 0.089974 -0.089758
v 0.229217 0.100517 -0.070517
v 0.234202 0.106333 -0.076333
v 0.229217 0.112919 -0.055405
v 0.234202 0.119758 -0.059974
v 0.229217 0.122134 -0.038163
v 0.234202 0.129733 -0.041311
v 0.229217 0.127809 -0.019455
v 0.234202 0.135876 -0.021060
v 0.229217 0.129725 0.000000
v 0.234202 0.137951 0.000000
v 0.229217 0.127809 0.019455
v 0.234202 0.135876 0.021060
v 0.229217 0.122134 0.038163
v 0.234202 0.129733 0.041311
v 0.229217 0.112919 0.055405
v 0.234202 0.119758 0.059974
v 0.229217 0.100517 0.070517
v 0.234202 0.106333 0.076333
v 0.229217 0.085405 0.082919
v 0.234202 0.089974 0.089758
v 0.229217 0.068163 0.092134
v 0.234202 0.071311 0.099733
v 0.229217 0.049455 0.097809
v 0.234202 0.051060 0.105876
v 0.229217 0.030000 0.099725
v 0.234202 0.030000 0.107951
v 0.229217 0.010545 0.097809
v 0.234202 0.008940 0.105876
v 0.229217 -0.008163 0.092134
v 0.234202 -0.011311 0.099733
v 0.229217 -0.025405 0.082919
v 0.234202 -0.029974 0.089758
v 0.229217 -0.040517 0.070516
v 0.234202 -0.046333 0.076333
v 0.229217 -0.052919 0.055405
v 0.234202 -0.059758 0.059974
v 0.229217 -0.062134 0.038163
v 0.234202 -0.069733 0.041311
v 0.229217 -0.067809 0.019455
v 0.234202 -0.075876 0.021060
v 0.229217 -0.069725 0.000000
v 0.234202 -0.077951 0.000000
v 0.229217 -0.067809 -0.019455
v 0.234202 -0.075876 -0.021060
v 0.229217 -0.062134 -0.038163
v 0.234202 -0.069733 -0.041311
v 0.229217 -0.052919 -0.055405
v 0.234202 -0.059758 -0.059974
v 0.229217 -0.040517 -0.070517
v 0.234202 -0.046333 -0.076333
v 0.229217 -0.025405 -0.082919
v 0.234202 -0.029974 -0.089758
v 0.229217 -0.008163 -0.092134
v 0.234202 -0.011311 -0.099733
v 0.229217 0.010545 -0.097809
v 0.234202 0.008940 -0.105876
v 0.243973 0.030000 -0.125675
v 0.239160 0.030000 -0.117518
v 0.239160 0.052927 -0.115260
v 0.243973 0.054518 -0.123260
v 0.239160 0.074972 -0.108573
v 0.243973 0.078094 -0.116109
v 0.239160 0.095290 -0.097713
v 0.243973 0.099821 -0.104495
v 0.239160 0.113098 -0.083098
v 0.243973 0.118866 -0.088866
v 0.239160 0.127713 -0.065290
v 0.243973 0.134495 -0.069821
v 0.239160 0.138573 -0.044972
v 0.243973 0.146109 -0.048094
v 0.239160 0.145260 -0.022927
v 0.243973 0.153260 -0.024518
v 0.239160 0.147518 0.000000
v 0.243973 0.155675 0.000000
v 0.239160 0.145260 0.022927
v 0.243973 0.153260 0.024518
v 0.239160 0.138573 0.044972
v 0.243973 0.146109 0.048094
v 0.239160 0.127713 0.065290
v 0.243973 0.134495 0.069821
v 0.239160 0.113098 0.083098
v 0.243973 0.118866 0.088866
v 0.239160 0.095290 0.097713
v 0.243973 0.099821 0.104495
v 0.239160 0.074972 0.108573
v 0.243973 0.078094 0.116109
v 0.239160 0.052927 0.115260
v 0.243973 0.054518 0.123260
v 0.239160 0.030000 0.117518
v 0.243973 0.030000 0.125675
v 0.239160 0.007073 0.115260
v 0.243973 0.005482 0.123260
v 0.239160 -0.014972 0.108573
v 0.243973 -0.018094 0.116109
v 0.239160 -0.035290 0.097713
v 0.243973 -0.039821 0.104495
v 0.239160 -0.053098 0.083098
v 0.243973 -0.058866 0.088866
v 0.239160 -0.067713 0.065290
v 0.243973 -0.074495 0.069821
v 0.239160 -0.078573 0.044972
v 0.243973 -0.086109 0.048094
v 0.239160 -0.085260 0.022927
v 0.243973 -0.093260 0.024518
v 0.239160 -0.087518 0.000000
v 0.243973 -0.095675 0.000000
v 0.239160 -0.085260 -0.022927
v 0.243973 -0.093260 -0.024518
v 0.239160 -0.078573 -0.044972
v 0.243973 -0.086109 -0.048094
v 0.239160 -0.067713 -0.065290
v 0.243973 -0.074495 -0.069821
v 0.239160 -0.053098 -0.083098
v 0.243973 -0.058866 -0.088866
v 0.239160 -0.035290 -0.097713
v 0.243973 -0.039821 -0.104495
v 0.239160 -0.014972 -0.108573
v 0.243973 -0.018094 -0.116109
v 0.239160 0.007073 -0.115260
v 0.243973 0.005482 -0.123260
v 0.254043 0.030000 -0.143400
v 0.249177 0.030000 -0.135067
v 0.249177 0.056350 -0.132471
v 0.254043 0.057976 -0.140645
v 0.249177 0.081688 -0.124785
v 0.254043 0.084877 -0.132484
v 0.249177 0.105039 -0.112304
v 0.254043 0.109669 -0.119233
v 0.249177 0.125506 -0.095506
v 0.254043 0.131399 -0.101399
v 0.249177 0.142304 -0.075039
v 0.254043 0.149233 -0.079669
v 0.249177 0.154785 -0.051688
v 0.254043 0.162484 -0.054877
v 0.249177 0.162471 -0.026350
v 0.254043 0.170645 -0.027976
v 0.249177 0.165067 0.000000
v 0.254043 0.173400 0.000000
v 0.249177 0.162471 0.026350
v 0.254043 0.170645 0.027976
v 0.249177 0.154785 0.051688
v 0.254043 0.162484 0.054877
v 0.249177 0.142304 0.075039
v 0.254043 0.149233 0.079669
v 0.249177 0.125506 0.095506
v 0.254043 0.131399 0.101399
v 0.249177 0.105039 0.112304
v 0.254043 0.109669 0.119233
v 0.249177 0.081688 0.124785
v 0.254043 0.084877 0.132484
v 0.249177 0.056350 0.132471
v 0.254043 0.057976 0.140645
v 0.249177 0.030000 0.135067
v 0.254043 0.030000 0.143400
v 0.249177 0.003650 0.132471
v 0.254043 0.002024 0.140645
v 0.249177 -0.021688 0.124785
v 0.254043 -0.024877 0.132484
v 0.249177 -0.045039 0.112304
v 0.254043 -0.049669 0.119233
v 0.249177 -0.065506 0.095506
v 0.254043 -0.071399 0.101399
v 0.249177 -0.082304 0.075039
v 0.254043 -0.089233 0.079669
v 0.249177 -0.094785 0.051688
v 0.254043 -0.102484 0.054877
v 0.249177 -0.102471 0.026350
v 0.254043 -0.110645 0.027976
v 0.249177 -0.105067 0.000000
v 0.254043 -0.113400 0.000000
v 0.249177 -0.102471 -0.026350
v 0.254043 -0.110645 -0.027976
v 0.249177 -0.094785 -0.051688
v 0.254043 -0.102484 -0.054877
v 0.249177 -0.082304 -0.075039
v 0.254043 -0.089233 -0.079669
v 0.249177 -0.065506 -0.095506
v 0.254043 -0.071399 -0.101399
v 0.249177 -0.045039 -0.112304
v 0.254043 -0.049669 -0.119233
v 0.249177 -0.021688 -0.124785
v 0.254043 -0.024877 -0.132484
v 0.249177 0.003650 -0.132471
v 0.254043 0.002024 -0.140645
v 0.264114 0.030000 -0.161552
v 0.259195 0.030000 -0.153033
v 0.259195 0.059855 -0.150092
v 0.264114 0.061517 -0.158448
v 0.259195 0.088563 -0.141384
v 0.264114 0.091823 -0.149254
v 0.259195 0.115021 -0.127242
v 0.264114 0.119753 -0.134325
v 0.259195 0.138211 -0.108211
v 0.264114 0.144234 -0.114234
v 0.259195 0.157242 -0.085021
v 0.264114 0.164325 -0.089753
v 0.259195 0.171384 -0.058563
v 0.264114 0.179254 -0.061823
v 0.259195 0.180092 -0.029855
v 0.264114 0.188448 -0.031517
v 0.259195 0.183033 0.000000
v 0.264114 0.191552 0.000000
v 0.259195 0.180092 0.029855
v 0.264114 0.188448 0.031517
v 0.259195 0.171384 0.058563
v 0.264114 0.179254 0.061823
v 0.259195 0.157242 0.085021
v 0.264114 0.164325 0.089753
v 0.259195 0.138211 0.108211
v 0.264114 0.144234 0.114234
v 0.259195 0.115021 0.127242
v 0.264114 0.119753 0.134325
v 0.259195 0.088563 0.141384
v 0.264114 0.091823 0.149254
v 0.259195 0.059855 0.150092
v 0.264114 0.061517 0.158448
v 0.259195 0.030000 0.153033
v 0.264114 0.030000 0.161552
v 0.259195 0.000145 0.150093
v 0.264114 -0.001517 0.158448
v 0.259195 -0.028563 0.141384
v 0.264114 -0.031823 0.149254
v 0.259195 -0.055021 0.127242
v 0.264114 -0.059753 0.134325
v 0.259195 -0.078211 0.108211
v 0.264114 -0.084234 0.114234
v 0.259195 -0.097242 0.085021
v 0.264114 -0.104325 0.089753
v 0.259195 -0.111384 0.058563
v 0.264114 -0.119254 0.061823
v 0.259195 -0.120092 0.029855
v 0.264114 -0.128448 0.031517
v 0.259195 -0.123033 -0.000000
v 0.264114 -0.131552 -0.000000
v 0.259195 -0.120092 -0.029855
v 0.264114 -0.128447 -0.031517
v 0.259195 -0.111384 -0.058563
v 0.264114 -0.119254 -0.061823
v 0.259195 -0.097242 -0.085021
v 0.264114 -0.104325 -0.089753
v 0.259195 -0.078211 -0.108211
v 0.264114 -0.084234 -0.114234
v 0.259195 -0.055021 -0.127242
v 0.264114 -0.059753 -0.134325
v 0.259195 -0.028563 -0.141384
v 0.264114 -0.031823 -0.149254
v 0.259195 0.000145 -0.150092
v 0.264114 -0.001517 -0.158448
v 0.269055 0.063341 -0.167616
v 0.269055 0.095401 -0.157891
v 0.269055 0.124947 -0.142098
v 0.269055 0.150845 -0.120845
v 0.269055 0.172098 -0.094947
v 0.269055 0.187891 -0.065401
v 0.269055 0.197616 -0.033341
v 0.269055 0.200900 0.000000
v 0.269055 0.197616 0.033341
v 0.269055 0.187891 0.065401
v 0.269055 0.172098 0.094947
v 0.269055 0.150845 0.120845
v 0.269055 0.124947 0.142098
v 0.269055 0.095401 0.157891
v 0.269055 0.063341 0.167616
v 0.269055 0.030000 0.170900
v 0.269055 -0.003341 0.167616
v 0.269055 -0.035401 0.157891
v 0.269055 -0.064947 0.142098
v 0.269055 -0.090845 0.120845
v 0.269055 -0.112098 0.094947
v 0.269055 -0.127891 0.065401
v 0.269055 -0.137616 0.033341
v 0.269055 -0.140900 -0.000000
v 0.269055 -0.137616 -0.033341
v 0.269055 -0.127891 -0.065401
v 0.269055 -0.112098 -0.094947
v 0.269055 -0.090845 -0.120845
v 0.269055 -0.064947 -0.142098
v 0.269055 -0.035401 -0.157891
v 0.269055 -0.003341 -0.167616
v 0.269055 0.030000 -0.170900
v 0.223510 0.030000 -0.090103
v 0.223510 0.047578 -0.088371
v 0.223510 0.064481 -0.083244
v 0.223509 0.080059 -0.074918
v 0.223509 0.093712 -0.063712
v 0.223509 0.104918 -0.050059
v 0.223509 0.113244 -0.034481
v 0.223509 0.118371 -0.017578
v 0.223509 0.120103 0.000000
v 0.223509 0.118371 0.017578
v 0.223509 0.113244 0.034481
v 0.223509 0.104918 0.050059
v 0.223509 0.093712 0.063712
v 0.223509 0.080058 0.074918
v 0.223510 0.064481 0.083244
v 0.223510 0.047578 0.088371
v 0.223510 0.030000 0.090103
v 0.223510 0.012422 0.088371
v 0.223510 -0.004481 0.083244
v 0.223510 -0.020058 0.074918
v 0.223510 -0.033712 0.063712
v 0.223510 -0.044918 0.050058
v 0.223510 -0.053244 0.034481
v 0.223510 -0.058371 0.017578
v 0.223510 -0.060103 0.000000
v 0.223510 -0.058371 -0.017578
v 0.223510 -0.053244 -0.034481
v 0.223510 -0.044918 -0.050058
v 0.223510 -0.033712 -0.063712
v 0.223510 -0.020058 -0.074918
v 0.223510 -0.004481 -0.083244
v 0.223510 0.012422 -0.088371
v 0.218416 0.043950 -0.070131
v 0.218416 0.030000 -0.071505
v 0.218416 0.057364 -0.066062
v 0.218416 0.069726 -0.059454
v 0.218416 0.080562 -0.050562
v 0.218416 0.089454 -0.039726
v 0.218416 0.096062 -0.027364
v 0.218416 0.100131 -0.013950
v 0.218416 0.101505 0.000000
v 0.218416 0.100131 0.013950
v 0.218416 0.096062 0.027364
v 0.218416 0.089454 0.039726
v 0.218416 0.080562 0.050562
v 0.218416 0.069726 0.059454
v 0.218416 0.057364 0.066062
v 0.218416 0.043950 0.070131
v 0.218416 0.030000 0.071505
v 0.218416 0.016050 0.070131
v 0.218416 0.002636 0.066062
v 0.218416 -0.009726 0.059454
v 0.218416 -0.020562 0.050562
v 0.218416 -0.029454 0.039726
v 0.218416 -0.036062 0.027364
v 0.218416 -0.040131 0.013950
v 0.218416 -0.041505 0.000000
v 0.218416 -0.040131 -0.013950
v 0.218416 -0.036062 -0.027364
v 0.218416 -0.029454 -0.039726
v 0.218416 -0.020562 -0.050562
v 0.218416 -0.009726 -0.059454
v 0.218416 0.002636 -0.066062
v 0.218416 0.016050 -0.070131
v 0.233333 0.030000 -0.041906
v 0.233333 0.038175 -0.041101
v 0.233333 0.046037 -0.038716
v 0.233333 0.053282 -0.034843
v 0.233333 0.059632 -0.029632
v 0.233333 0.064843 -0.023282
v 0.233333 0.068716 -0.016037
v 0.233333 0.071101 -0.008175
v 0.233333 0.071906 0.000000
v 0.233333 0.071101 0.008175
v 0.233333 0.068716 0.016037
v 0.233333 0.064843 0.023282
v 0.233333 0.059632 0.029632
v 0.233333 0.053282 0.034843
v 0.233333 0.046037 0.038716
v 0.233333 0.038175 0.041101
v 0.233333 0.030000 0.041906
v 0.233333 0.021825 0.041101
v 0.233333 0.013963 0.038716
v 0.233333 0.006718 0.034843
v 0.233333 0.000368 0.029632
v 0.233333 -0.004843 0.023282
v 0.233333 -0.008716 0.016037
v 0.233333 -0.011101 0.008175
v 0.233333 -0.011906 0.000000
v 0.233333 -0.011101 -0.008175
v 0.233333 -0.008716 -0.016037
v 0.233333 -0.004843 -0.023282
v 0.233333 0.000368 -0.029632
v 0.233333 0.006718 -0.034843
v 0.233333 0.013963 -0.038716
v 0.233333 0.021825 -0.041101
v 0.216938 0.030000 -0.080274
v 0.216938 0.045661 -0.078732
v 0.216938 0.060720 -0.074164
v 0.216938 0.074598 -0.066745
v 0.216938 0.086762 -0.056762
v 0.216938 0.096745 -0.044598
v 0.216938 0.104164 -0.030720
v 0.216938 0.108732 -0.015661
v 0.216938 0.110274 0.000000
v 0.216938 0.108732 0.015661
v 0.216938 0.104164 0.030720
v 0.216938 0.096745 0.044598
v 0.216938 0.086762 0.056762
v 0.216938 0.074598 0.066745
v 0.216938 0.060720 0.074164
v 0.216938 0.045661 0.078732
v 0.216938 0.030000 0.080274
v 0.216938 0.014339 0.078732
v 0.216938 -0.000720 0.074164
v 0.216938 -0.014598 0.066745
v 0.216938 -0.026762 0.056762
v 0.216938 -0.036745 0.044598
v 0.216938 -0.044164 0.030720
v 0.216938 -0.048732 0.015661
v 0.216938 -0.050274 0.000000
v 0.216938 -0.048732 -0.015661
v 0.216938 -0.044164 -0.030720
v 0.216938 -0.036745 -0.044598
v 0.216938 -0.026762 -0.056762
v 0.216938 -0.014598 -0.066745
v 0.216938 -0.000720 -0.074164
v 0.216938 0.014339 -0.078732
v 0.280000 0.052107 -0.224459
v 0.280000 0.095472 -0.215833
v 0.280000 0.136321 -0.198913
v 0.280000 0.173084 -0.174349
v 0.280000 0.204349 -0.143084
v 0.280000 0.228913 -0.106321
v 0.280000 0.245833 -0.065472
v 0.280000 0.254459 -0.022107
v 0.280000 0.254459 0.022107
v 0.280000 0.245833 0.065472
v 0.280000 0.228913 0.106321
v 0.280000 0.204349 0.143084
v 0.280000 0.173084 0.174349
v 0.280000 0.136321 0.198913
v 0.280000 0.095472 0.215833
v 0.280000 0.052107 0.224459
v 0.280000 0.007893 0.224459
v 0.280000 -0.035472 0.215833
v 0.280000 -0.076321 0.198913
v 0.280000 -0.113084 0.174349
v 0.280000 -0.144349 0.143084
v 0.280000 -0.168913 0.106321
v 0.280000 -0.185833 0.065472
v 0.280000 -0.194459 0.022107
v 0.280000 -0.194459 -0.022107
v 0.280000 -0.185833 -0.065472
v 0.280000 -0.168913 -0.106321
v 0.280000 -0.144349 -0.143084
v 0.280000 -0.113084 -0.174349
v 0.280000 -0.076321 -0.198913
v 0.280000 -0.035472 -0.215833
v 0.280000 0.007893 -0.224459
v 0.278455 0.050904 -0.212242
v 0.278455 0.091909 -0.204086
v 0.278455 0.130534 -0.188086
v 0.278455 0.165296 -0.164859
v 0.278455 0.194859 -0.135296
v 0.278455 0.218087 -0.100534
v 0.278455 0.234086 -0.061909
v 0.278455 0.242242 -0.020904
v 0.278455 0.242242 0.020904
v 0.278455 0.234086 0.061909
v 0.278455 0.218087 0.100534
v 0.278455 0.194859 0.135296
v 0.278455 0.165296 0.164859
v 0.278455 0.130534 0.188087
v 0.278455 0.091909 0.204086
v 0.278455 0.050904 0.212242
v 0.278455 0.009096 0.212242
v 0.278455 -0.031909 0.204086
v 0.278455 -0.070534 0.188086
v 0.278455 -0.105296 0.164859
v 0.278455 -0.134859 0.135296
v 0.278455 -0.158087 0.100534
v 0.278455 -0.174086 0.061909
v 0.278455 -0.182242 0.020904
v 0.278455 -0.182242 -0.020904
v 0.278455 -0.174086 -0.061909
v 0.278455 -0.158087 -0.100534
v 0.278455 -0.134859 -0.135296
v 0.278455 -0.105296 -0.164859
v 0.278455 -0.070534 -0.188087
v 0.278455 -0.031909 -0.204086
v 0.278455 0.009096 -0.212242
v 0.281531 0.073931 -0.220854
v 0.280876 0.052096 -0.224349
v 0.281531 0.030000 -0.225181
v 0.282178 0.052027 -0.223643
v 0.282634 0.073691 -0.219650
v 0.282634 0.030000 -0.223953
v 0.282889 0.051800 -0.221342
v 0.281531 0.116173 -0.208040
v 0.280876 0.095440 -0.215727
v 0.282178 0.095234 -0.215048
v 0.282634 0.115703 -0.206906
v 0.282889 0.094563 -0.212836
v 0.281531 0.155104 -0.187231
v 0.280876 0.136269 -0.198816
v 0.282178 0.135935 -0.198190
v 0.282634 0.154422 -0.186210
v 0.282889 0.134845 -0.196151
v 0.281531 0.189227 -0.159227
v 0.280876 0.173014 -0.174263
v 0.282178 0.172564 -0.173715
v 0.282634 0.188359 -0.158359
v 0.282889 0.171097 -0.171927
v 0.281531 0.217231 -0.125104
v 0.280876 0.204263 -0.143014
v 0.282178 0.203715 -0.142564
v 0.282634 0.216210 -0.124422
v 0.282889 0.201927 -0.141097
v 0.281531 0.238040 -0.086173
v 0.280876 0.228816 -0.106269
v 0.282178 0.228190 -0.105935
v 0.282634 0.236906 -0.085703
v 0.282889 0.226151 -0.104845
v 0.281531 0.250854 -0.043931
v 0.280876 0.245727 -0.065440
v 0.282178 0.245048 -0.065234
v 0.282634 0.249650 -0.043691
v 0.282889 0.242836 -0.064563
v 0.281531 0.255181 0.000000
v 0.280876 0.254349 -0.022096
v 0.282178 0.253643 -0.022027
v 0.282634 0.253953 0.000000
v 0.282889 0.251342 -0.021800
v 0.281531 0.250854 0.043931
v 0.280876 0.254349 0.022096
v 0.282178 0.253643 0.022027
v 0.282634 0.249650 0.043691
v 0.282889 0.251342 0.021800
v 0.281531 0.238040 0.086173
v 0.280876 0.245727 0.065440
v 0.282178 0.245048 0.065234
v 0.282634 0.236906 0.085703
v 0.282889 0.242836 0.064563
v 0.281531 0.217231 0.125104
v 0.280876 0.228816 0.106269
v 0.282178 0.228190 0.105935
v 0.282634 0.216210 0.124422
v 0.282889 0.226151 0.104845
v 0.281531 0.189227 0.159227
v 0.280876 0.204263 0.143014
v 0.282178 0.203715 0.142564
v 0.282634 0.188359 0.158359
v 0.282889 0.201927 0.141097
v 0.281531 0.155104 0.187231
v 0.280876 0.173014 0.174263
v 0.282178 0.172564 0.173715
v 0.282634 0.154422 0.186210
v 0.282889 0.171097 0.171927
v 0.281531 0.116173 0.208040
v 0.280876 0.136269 0.198816
v 0.282178 0.135935 0.198190
v 0.282634 0.115703 0.206906
v 0.282889 0.134845 0.196151
v 0.281531 0.073931 0.220854
v 0.280876 0.095440 0.215727
v 0.282178 0.095234 0.215048
v 0.282634 0.073691 0.219650
v 0.282889 0.094563 0.212836
v 0.281531 0.030000 0.225181
v 0.280876 0.052096 0.224349
v 0.282178 0.052027 0.223643
v 0.282634 0.030000 0.223953
v 0.282889 0.051800 0.221342
v 0.281531 -0.013931 0.220854
v 0.280876 0.007904 0.224349
v 0.282178 0.007973 0.223643
v 0.282634 -0.013691 0.219650
v 0.282889 0.008200 0.221342
v 0.281531 -0.056173 0.208040
v 0.280876 -0.035440 0.215727
v 0.282178 -0.035234 0.215048
v 0.282634 -0.055703 0.206906
v 0.282889 -0.034563 0.212836
v 0.281531 -0.095104 0.187231
v 0.280876 -0.076269 0.198815
v 0.282178 -0.075935 0.198190
v 0.282634 -0.094422 0.186210
v 0.282889 -0.074845 0.196151
v 0.281531 -0.129227 0.159227
v 0.280876 -0.113014 0.174263
v 0.282178 -0.112564 0.173715
v 0.282634 -0.128359 0.158359
v 0.282889 -0.111097 0.171927
v 0.281531 -0.157231 0.125104
v 0.280876 -0.144263 0.143014
v 0.282178 -0.143715 0.142564
v 0.282634 -0.156210 0.124422
v 0.282889 -0.141927 0.141097
v 0.281531 -0.178040 0.086173
v 0.280876 -0.168815 0.106269
v 0.282178 -0.168190 0.105935
v 0.282634 -0.176906 0.085703
v 0.282889 -0.166151 0.104845
v 0.281531 -0.190854 0.043931
v 0.280876 -0.185727 0.065440
v 0.282178 -0.185048 0.065234
v 0.282634 -0.189650 0.043691
v 0.282889 -0.182836 0.064563
v 0.281531 -0.195181 -0.000000
v 0.280876 -0.194349 0.022096
v 0.282178 -0.193643 0.022027
v 0.282634 -0.193953 -0.000000
v 0.282889 -0.191342 0.021800
v 0.281531 -0.190854 -0.043931
v 0.280876 -0.194349 -0.022096
v 0.282178 -0.193643 -0.022027
v 0.282634 -0.189650 -0.043691
v 0.282889 -0.191342 -0.021800
v 0.281531 -0.178040 -0.086173
v 0.280876 -0.185727 -0.065440
v 0.282178 -0.185048 -0.065234
v 0.282634 -0.176906 -0.085703
v 0.282889 -0.182836 -0.064563
v 0.281531 -0.157231 -0.125104
v 0.280876 -0.168816 -0.106269
v 0.282178 -0.168190 -0.105935
v 0.282634 -0.156210 -0.124422
v 0.282889 -0.166151 -0.104845
v 0.281531 -0.129227 -0.159227
v 0.280876 -0.144263 -0.143014
v 0.282178 -0.143715 -0.142564
v 0.282634 -0.128359 -0.158359
v 0.282889 -0.141927 -0.141097
v 0.281531 -0.095104 -0.187231
v 0.280876 -0.113014 -0.174263
v 0.282178 -0.112564 -0.173715
v 0.282634 -0.094422 -0.186210
v 0.282889 -0.111097 -0.171927
v 0.281531 -0.056173 -0.208040
v 0.280876 -0.076269 -0.198816
v 0.282178 -0.075935 -0.198190
v 0.282634 -0.055703 -0.206906
v 0.282889 -0.074845 -0.196151
v 0.281531 -0.013931 -0.220854
v 0.280876 -0.035440 -0.215727
v 0.282178 -0.035234 -0.215048
v 0.282634 -0.013691 -0.219650
v 0.282889 -0.034563 -0.212836
v 0.280876 0.007904 -0.224349
v 0.282178 0.007973 -0.223643
v 0.282889 0.008200 -0.221342
v 0.282634 0.072102 -0.211660
v 0.282889 0.051304 -0.216299
v 0.282634 0.030000 -0.215807
v 0.282178 0.051077 -0.213998
v 0.281489 0.071862 -0.210456
v 0.281490 0.030000 -0.214580
v 0.280542 0.051007 -0.213292
v 0.282634 0.112586 -0.199380
v 0.282889 0.093092 -0.207987
v 0.282178 0.092421 -0.205774
v 0.281489 0.112116 -0.198246
v 0.280542 0.092215 -0.205095
v 0.282634 0.149896 -0.179437
v 0.282889 0.132456 -0.191682
v 0.282178 0.131366 -0.189643
v 0.281489 0.149214 -0.178416
v 0.280542 0.131032 -0.189017
v 0.282634 0.182599 -0.152599
v 0.282889 0.167883 -0.168011
v 0.282178 0.166416 -0.166223
v 0.281489 0.181731 -0.151731
v 0.280542 0.165966 -0.165675
v 0.282634 0.209437 -0.119896
v 0.282889 0.198011 -0.137883
v 0.282178 0.196223 -0.136416
v 0.281489 0.208416 -0.119214
v 0.280542 0.195675 -0.135966
v 0.282634 0.229380 -0.082586
v 0.282889 0.221682 -0.102456
v 0.282178 0.219643 -0.101366
v 0.281489 0.228246 -0.082116
v 0.280542 0.219017 -0.101032
v 0.282634 0.241660 -0.042102
v 0.282889 0.237987 -0.063092
v 0.282178 0.235774 -0.062421
v 0.281489 0.240456 -0.041862
v 0.280542 0.235095 -0.062215
v 0.282634 0.245807 0.000000
v 0.282889 0.246299 -0.021304
v 0.282178 0.243998 -0.021077
v 0.281489 0.244579 0.000000
v 0.280542 0.243292 -0.021007
v 0.282634 0.241660 0.042102
v 0.282889 0.246299 0.021304
v 0.282178 0.243998 0.021077
v 0.281489 0.240456 0.041862
v 0.280542 0.243292 0.021007
v 0.282634 0.229380 0.082586
v 0.282889 0.237987 0.063092
v 0.282178 0.235774 0.062421
v 0.281489 0.228246 0.082116
v 0.280542 0.235095 0.062215
v 0.282634 0.209437 0.119896
v 0.282889 0.221682 0.102456
v 0.282178 0.219643 0.101366
v 0.281489 0.208416 0.119214
v 0.280542 0.219017 0.101032
v 0.282634 0.182599 0.152599
v 0.282889 0.198011 0.137883
v 0.282178 0.196223 0.136416
v 0.281489 0.181731 0.151731
v 0.280542 0.195675 0.135966
v 0.282634 0.149896 0.179437
v 0.282889 0.167883 0.168011
v 0.282178 0.166416 0.166223
v 0.281489 0.149214 0.178416
v 0.280542 0.165966 0.165675
v 0.282634 0.112586 0.199380
v 0.282889 0.132456 0.191682
v 0.282178 0.131366 0.189643
v 0.281489 0.112116 0.198246
v 0.280542 0.131032 0.189017
v 0.282634 0.072102 0.211660
v 0.282889 0.093092 0.207987
v 0.282178 0.092421 0.205774
v 0.281489 0.071862 0.210456
v 0.280542 0.092215 0.205095
v 0.282634 0.030000 0.215807
v 0.282889 0.051304 0.216299
v 0.282178 0.051077 0.213998
v 0.281490 0.030000 0.214580
v 0.280542 0.051007 0.213292
v 0.282634 -0.012102 0.211660
v 0.282889 0.008696 0.216299
v 0.282178 0.008923 0.213998
v 0.281490 -0.011862 0.210456
v 0.280542 0.008993 0.213292
v 0.282634 -0.052586 0.199380
v 0.282889 -0.033092 0.207987
v 0.282178 -0.032421 0.205774
v 0.281490 -0.052116 0.198246
v 0.280542 -0.032215 0.205095
v 0.282634 -0.089896 0.179437
v 0.282889 -0.072456 0.191682
v 0.282178 -0.071366 0.189643
v 0.281490 -0.089214 0.178416
v 0.280543 -0.071032 0.189017
v 0.282634 -0.122599 0.152599
v 0.282889 -0.107883 0.168011
v 0.282178 -0.106416 0.166223
v 0.281490 -0.121731 0.151731
v 0.280543 -0.105966 0.165675
v 0.282634 -0.149437 0.119896
v 0.282889 -0.138011 0.137883
v 0.282178 -0.136223 0.136416
v 0.281490 -0.148416 0.119214
v 0.280543 -0.135675 0.135966
v 0.282634 -0.169380 0.082586
v 0.282889 -0.161682 0.102456
v 0.282178 -0.159643 0.101366
v 0.281490 -0.168246 0.082116
v 0.280543 -0.159017 0.101032
v 0.282634 -0.181660 0.042102
v 0.282889 -0.177987 0.063092
v 0.282178 -0.175774 0.062421
v 0.281490 -0.180456 0.041862
v 0.280543 -0.175095 0.062215
v 0.282634 -0.185807 -0.000000
v 0.282889 -0.186299 0.021304
v 0.282178 -0.183998 0.021077
v 0.281490 -0.184579 -0.000000
v 0.280543 -0.183292 0.021007
v 0.282634 -0.181660 -0.042102
v 0.282889 -0.186299 -0.021304
v 0.282178 -0.183998 -0.021077
v 0.281490 -0.180456 -0.041862
v 0.280543 -0.183292 -0.021007
v 0.282634 -0.169380 -0.082586
v 0.282889 -0.177987 -0.063092
v 0.282178 -0.175774 -0.062421
v 0.281490 -0.168246 -0.082116
v 0.280543 -0.175095 -0.062215
v 0.282634 -0.149437 -0.119896
v 0.282889 -0.161682 -0.102456
v 0.282178 -0.159643 -0.101366
v 0.281490 -0.148416 -0.119214
v 0.280543 -0.159017 -0.101032
v 0.282634 -0.122599 -0.152599
v 0.282889 -0.138011 -0.137883
v 0.282178 -0.136223 -0.136416
v 0.281490 -0.121731 -0.151731
v 0.280543 -0.135675 -0.135966
v 0.282634 -0.089896 -0.179437
v 0.282889 -0.107883 -0.168011
v 0.282178 -0.106416 -0.166223
v 0.281490 -0.089214 -0.178416
v 0.280543 -0.105966 -0.165675
v 0.282634 -0.052586 -0.199380
v 0.282889 -0.072456 -0.191682
v 0.282178 -0.071366 -0.189643
v 0.281490 -0.052116 -0.198246
v 0.280543 -0.071032 -0.189017
v 0.282634 -0.012102 -0.211660
v 0.282889 -0.033092 -0.207987
v 0.282178 -0.032421 -0.205774
v 0.281490 -0.011862 -0.210456
v 0.280542 -0.032215 -0.205095
v 0.282889 0.008696 -0.216299
v 0.282178 0.008923 -0.213998
v 0.280542 0.008993 -0.213292
v 0.279398 0.071771 -0.209996
v 0.279398 0.030000 -0.214110
v 0.282972 0.030000 -0.219880
v 0.282972 0.072896 -0.215655
v 0.279398 -0.011771 -0.209996
v 0.282972 -0.012896 -0.215655
v 0.279398 0.111936 -0.197812
v 0.282972 0.114144 -0.203143
v 0.279398 0.148953 -0.178026
v 0.282972 0.152159 -0.182824
v 0.279398 0.181399 -0.151399
v 0.282972 0.185479 -0.155479
v 0.279398 0.208026 -0.118953
v 0.282972 0.212824 -0.122159
v 0.279398 0.227812 -0.081936
v 0.282972 0.233143 -0.084144
v 0.279398 0.239996 -0.041771
v 0.282972 0.245655 -0.042896
v 0.279398 0.244110 0.000000
v 0.282972 0.249880 0.000000
v 0.279398 0.239996 0.041771
v 0.282972 0.245655 0.042896
v 0.279398 0.227812 0.081936
v 0.282972 0.233143 0.084144
v 0.279398 0.208026 0.118953
v 0.282972 0.212824 0.122159
v 0.279398 0.181399 0.151399
v 0.282972 0.185479 0.155479
v 0.279398 0.148953 0.178026
v 0.282972 0.152159 0.182824
v 0.279398 0.111936 0.197812
v 0.282972 0.114144 0.203143
v 0.279398 0.071771 0.209996
v 0.282972 0.072896 0.215655
v 0.279398 0.030000 0.214110
v 0.282972 0.030000 0.219880
v 0.279398 -0.011771 0.209996
v 0.282972 -0.012896 0.215655
v 0.279398 -0.051936 0.197812
v 0.282972 -0.054144 0.203143
v 0.279398 -0.088953 0.178026
v 0.282972 -0.092159 0.182824
v 0.279398 -0.121399 0.151399
v 0.282972 -0.125479 0.155479
v 0.279398 -0.148026 0.118953
v 0.282972 -0.152824 0.122159
v 0.279398 -0.167812 0.081936
v 0.282972 -0.173143 0.084145
v 0.279398 -0.179996 0.041771
v 0.282972 -0.185655 0.042897
v 0.279398 -0.184110 -0.000000
v 0.282972 -0.189880 -0.000000
v 0.279398 -0.179996 -0.041771
v 0.282972 -0.185655 -0.042897
v 0.282972 -0.173143 -0.084145
v 0.279398 -0.167812 -0.081936
v 0.279398 -0.148026 -0.118953
v 0.282972 -0.152824 -0.122159
v 0.279398 -0.121399 -0.151399
v 0.282972 -0.125479 -0.155479
v 0.279398 -0.088953 -0.178026
v 0.282972 -0.092159 -0.182824
v 0.279398 -0.051936 -0.197812
v 0.282972 -0.054144 -0.203143
v 0.280383 0.073999 -0.221199
v 0.280383 0.030000 -0.225532
v 0.280383 0.116307 -0.208365
v 0.280383 -0.013999 -0.221199
v 0.280383 0.155299 -0.187523
v 0.280383 0.189475 -0.159475
v 0.280383 0.217523 -0.125299
v 0.280383 0.238365 -0.086307
v 0.280383 0.251199 -0.043999
v 0.280383 0.255532 0.000000
v 0.280383 0.251199 0.043999
v 0.280383 0.238365 0.086307
v 0.280383 0.217523 0.125299
v 0.280383 0.189475 0.159475
v 0.280383 0.155299 0.187523
v 0.280383 0.116307 0.208365
v 0.280383 0.073999 0.221199
v 0.280383 0.030000 0.225532
v 0.280383 -0.013999 0.221199
v 0.280383 -0.056307 0.208365
v 0.280383 -0.095299 0.187523
v 0.280383 -0.129475 0.159475
v 0.280383 -0.157523 0.125299
v 0.280383 -0.178365 0.086307
v 0.280383 -0.191199 0.043999
v 0.280383 -0.195532 -0.000000
v 0.280383 -0.191199 -0.043999
v 0.280383 -0.178365 -0.086307
v 0.280383 -0.157523 -0.125299
v 0.280383 -0.129475 -0.159475
v 0.280383 -0.095299 -0.187523
v 0.280383 -0.056307 -0.208365
v 0.277500 0.050534 -0.208483
v 0.277500 0.090812 -0.200471
v 0.277500 0.128754 -0.184755
v 0.277500 0.162900 -0.161939
v 0.277500 0.191939 -0.132900
v 0.277500 0.214755 -0.098754
v 0.277500 0.230471 -0.060812
v 0.277500 0.238483 -0.020534
v 0.277500 0.238483 0.020534
v 0.277500 0.230471 0.060812
v 0.277500 0.214755 0.098754
v 0.277500 0.191939 0.132900
v 0.277500 0.162900 0.161939
v 0.277500 0.128754 0.184755
v 0.277500 0.090812 0.200471
v 0.277500 0.050534 0.208483
v 0.277500 0.009466 0.208483
v 0.277500 -0.030812 0.200471
v 0.277500 -0.068754 0.184755
v 0.277500 -0.102900 0.161939
v 0.277500 -0.131939 0.132900
v 0.277500 -0.154755 0.098754
v 0.277500 -0.170471 0.060812
v 0.277500 -0.178483 0.020534
v 0.277500 -0.178483 -0.020534
v 0.277500 -0.170471 -0.060812
v 0.277500 -0.154755 -0.098754
v 0.277500 -0.131939 -0.132900
v 0.277500 -0.102900 -0.161939
v 0.277500 -0.068754 -0.184755
v 0.277500 -0.030812 -0.200471
v 0.277500 0.009466 -0.208483
v 0.277994 0.030000 -0.211381
v 0.277994 0.071238 -0.207320
v 0.277994 0.110892 -0.195291
v 0.277994 0.147437 -0.175757
v 0.277994 0.179469 -0.149469
v 0.277994 0.205757 -0.117437
v 0.277994 0.225291 -0.080892
v 0.277994 0.237320 -0.041238
v 0.277994 0.241381 0.000000
v 0.277994 0.237320 0.041238
v 0.277994 0.225291 0.080892
v 0.277994 0.205757 0.117437
v 0.277994 0.179469 0.149469
v 0.277994 0.147437 0.175757
v 0.277994 0.110892 0.195291
v 0.277994 0.071238 0.207320
v 0.277994 0.030000 0.211381
v 0.277994 -0.011238 0.207320
v 0.277994 -0.050892 0.195291
v 0.277994 -0.087437 0.175757
v 0.277994 -0.119469 0.149469
v 0.277994 -0.145757 0.117437
v 0.277994 -0.165291 0.080892
v 0.277994 -0.177320 0.041238
v 0.277994 -0.181381 -0.000000
v 0.277994 -0.177320 -0.041238
v 0.277994 -0.165291 -0.080892
v 0.277994 -0.145757 -0.117437
v 0.277994 -0.119469 -0.149469
v 0.277994 -0.087437 -0.175757
v 0.277994 -0.050892 -0.195291
v 0.277994 -0.011238 -0.207320
v 0.275500 0.050404 -0.207167
v 0.275500 0.090428 -0.199206
v 0.275500 0.128131 -0.183589
v 0.275500 0.162061 -0.160917
v 0.275500 0.190917 -0.132061
v 0.275500 0.213589 -0.098131
v 0.275500 0.229206 -0.060428
v 0.275500 0.237167 -0.020404
v 0.275500 0.237167 0.020404
v 0.275500 0.229206 0.060428
v 0.275500 0.213589 0.098131
v 0.275500 0.190917 0.132061
v 0.275500 0.162061 0.160917
v 0.275500 0.128131 0.183589
v 0.275500 0.090428 0.199206
v 0.275500 0.050404 0.207167
v 0.275500 0.009596 0.207167
v 0.275500 -0.030428 0.199206
v 0.275500 -0.068131 0.183589
v 0.275500 -0.102061 0.160917
v 0.275500 -0.130917 0.132061
v 0.275500 -0.153589 0.098131
v 0.275500 -0.169206 0.060429
v 0.275500 -0.177167 0.020404
v 0.275500 -0.177167 -0.020404
v 0.275500 -0.169206 -0.060429
v 0.275500 -0.153589 -0.098131
v 0.275500 -0.130917 -0.132061
v 0.275500 -0.102061 -0.160917
v 0.275500 -0.068131 -0.183589
v 0.275500 -0.030428 -0.199206
v 0.275500 0.009596 -0.207167
v 0.276500 -0.174611 0.040700
v 0.276500 -0.178619 -0.000000
v 0.276500 0.222739 0.079835
v 0.276500 0.203460 0.115903
v 0.276500 -0.174611 -0.040700
v 0.276500 0.177516 0.147516
v 0.276500 -0.162739 -0.079835
v 0.276500 0.145903 0.173460
v 0.276500 -0.143460 -0.115903
v 0.276500 0.109835 0.192739
v 0.276500 0.030000 -0.208619
v 0.276500 0.070700 -0.204611
v 0.276500 -0.117516 -0.147516
v 0.276500 0.070700 0.204611
v 0.276500 0.109835 -0.192739
v 0.276500 -0.085903 -0.173460
v 0.276500 0.030000 0.208619
v 0.276500 0.145903 -0.173460
v 0.276500 -0.049835 -0.192739
v 0.276500 -0.010700 0.204611
v 0.276500 0.177516 -0.147516
v 0.276500 -0.010700 -0.204611
v 0.276500 -0.049835 0.192739
v 0.276500 0.203460 -0.115903
v 0.276500 -0.085903 0.173460
v 0.276500 0.222739 -0.079835
v 0.276500 -0.117516 0.147516
v 0.276500 0.234611 -0.040700
v 0.276500 -0.143460 0.115903
v 0.276500 0.238619 0.000000
v 0.276500 -0.162739 0.079835
v 0.276500 0.234611 0.040700
v 0.275000 0.050219 -0.205288
v 0.275000 0.089880 -0.197399
v 0.275000 0.127240 -0.181924
v 0.275000 0.160863 -0.159457
v 0.275000 0.189457 -0.130863
v 0.275000 0.211924 -0.097240
v 0.275000 0.227399 -0.059880
v 0.275000 0.235288 -0.020219
v 0.275000 0.235288 0.020219
v 0.275000 0.227399 0.059880
v 0.275000 0.211924 0.097240
v 0.275000 0.189457 0.130863
v 0.275000 0.160863 0.159457
v 0.275000 0.127240 0.181924
v 0.275000 0.089880 0.197399
v 0.275000 0.050219 0.205288
v 0.275000 0.009781 0.205288
v 0.275000 -0.029880 0.197399
v 0.275000 -0.067240 0.181924
v 0.275000 -0.100863 0.159457
v 0.275000 -0.129457 0.130863
v 0.275000 -0.151924 0.097240
v 0.275000 -0.167399 0.059880
v 0.275000 -0.175288 0.020219
v 0.275000 -0.175288 -0.020219
v 0.275000 -0.167399 -0.059880
v 0.275000 -0.151924 -0.097240
v 0.275000 -0.129457 -0.130863
v 0.275000 -0.100863 -0.159457
v 0.275000 -0.067240 -0.181924
v 0.275000 -0.029880 -0.197399
v 0.275000 0.009781 -0.205288
v 0.275062 0.030000 -0.207368
v 0.275062 0.070455 -0.203383
v 0.275062 0.109356 -0.191583
v 0.275062 0.145207 -0.172420
v 0.275062 0.176631 -0.146631
v 0.275062 0.202420 -0.115207
v 0.275062 0.221583 -0.079356
v 0.275062 0.233383 -0.040455
v 0.275062 0.237368 0.000000
v 0.275062 0.233383 0.040455
v 0.275062 0.221583 0.079356
v 0.275062 0.202420 0.115207
v 0.275062 0.176631 0.146631
v 0.275062 0.145207 0.172420
v 0.275062 0.109356 0.191583
v 0.275062 0.070455 0.203383
v 0.275062 0.030000 0.207368
v 0.275062 -0.010455 0.203383
v 0.275063 -0.049356 0.191583
v 0.275063 -0.085207 0.172420
v 0.275063 -0.116631 0.146631
v 0.275063 -0.142420 0.115207
v 0.275063 -0.161583 0.079356
v 0.275063 -0.173383 0.040455
v 0.275063 -0.177368 -0.000000
v 0.275063 -0.173383 -0.040455
v 0.275063 -0.161583 -0.079356
v 0.275063 -0.142420 -0.115207
v 0.275063 -0.116631 -0.146631
v 0.275063 -0.085207 -0.172420
v 0.275063 -0.049356 -0.191583
v 0.275062 -0.010455 -0.203383
v 0.275667 0.049997 -0.203032
v 0.275667 0.089222 -0.195230
v 0.275667 0.126172 -0.179925
v 0.275667 0.159426 -0.157706
v 0.275667 0.187706 -0.129426
v 0.275667 0.209925 -0.096172
v 0.275667 0.225230 -0.059222
v 0.275667 0.233032 -0.019997
v 0.275667 0.233032 0.019997
v 0.275667 0.225230 0.059222
v 0.275667 0.209925 0.096172
v 0.275667 0.187706 0.129426
v 0.275667 0.159426 0.157706
v 0.275667 0.126172 0.179925
v 0.275667 0.089222 0.195230
v 0.275667 0.049997 0.203032
v 0.275667 0.010003 0.203032
v 0.275667 -0.029222 0.195230
v 0.275667 -0.066172 0.179925
v 0.275667 -0.099426 0.157706
v 0.275667 -0.127705 0.129426
v 0.275667 -0.149925 0.096172
v 0.275667 -0.165230 0.059222
v 0.275667 -0.173032 0.019997
v 0.275667 -0.173032 -0.019997
v 0.275667 -0.165230 -0.059222
v 0.275667 -0.149925 -0.096172
v 0.275667 -0.127706 -0.129426
v 0.275667 -0.099426 -0.157706
v 0.275667 -0.066172 -0.179925
v 0.275667 -0.029222 -0.195230
v 0.275667 0.010003 -0.203032
v 0.275083 0.030000 -0.205149
v 0.275083 0.070023 -0.201207
v 0.275083 0.108507 -0.189533
v 0.275083 0.143975 -0.170575
v 0.275083 0.175062 -0.145062
v 0.275083 0.200575 -0.113975
v 0.275083 0.219533 -0.078507
v 0.275083 0.231207 -0.040023
v 0.275083 0.235149 0.000000
v 0.275083 0.231207 0.040023
v 0.275083 0.219533 0.078507
v 0.275083 0.200575 0.113975
v 0.275083 0.175062 0.145062
v 0.275083 0.143975 0.170575
v 0.275083 0.108507 0.189533
v 0.275083 0.070023 0.201207
v 0.275083 0.030000 0.205149
v 0.275083 -0.010023 0.201207
v 0.275083 -0.048507 0.189533
v 0.275083 -0.083975 0.170575
v 0.275083 -0.115062 0.145062
v 0.275083 -0.140575 0.113975
v 0.275083 -0.159533 0.078507
v 0.275083 -0.171207 0.040023
v 0.275083 -0.175149 -0.000000
v 0.275083 -0.171207 -0.040023
v 0.275083 -0.159533 -0.078507
v 0.275083 -0.140575 -0.113975
v 0.275083 -0.115062 -0.145062
v 0.275083 -0.083975 -0.170575
v 0.275083 -0.048507 -0.189533
v 0.275083 -0.010023 -0.201207
v 0.277667 0.049775 -0.200777
v 0.277667 0.088564 -0.193061
v 0.277667 0.125104 -0.177926
v 0.277667 0.157988 -0.155954
v 0.277667 0.185954 -0.127988
v 0.277667 0.207926 -0.095104
v 0.277667 0.223061 -0.058564
v 0.277667 0.230777 -0.019775
v 0.277667 0.230777 0.019775
v 0.277667 0.223061 0.058564
v 0.277667 0.207926 0.095104
v 0.277667 0.185954 0.127988
v 0.277667 0.157988 0.155954
v 0.277667 0.125104 0.177926
v 0.277667 0.088564 0.193061
v 0.277667 0.049775 0.200777
v 0.277667 0.010225 0.200777
v 0.277667 -0.028564 0.193061
v 0.277667 -0.065104 0.177926
v 0.277667 -0.097988 0.155954
v 0.277667 -0.125954 0.127988
v 0.277667 -0.147926 0.095104
v 0.277667 -0.163061 0.058564
v 0.277667 -0.170777 0.019775
v 0.277667 -0.170777 -0.019775
v 0.277667 -0.163061 -0.058564
v 0.277667 -0.147926 -0.095104
v 0.277667 -0.125954 -0.127988
v 0.277667 -0.097988 -0.155954
v 0.277667 -0.065104 -0.177926
v 0.277667 -0.028564 -0.193061
v 0.277667 0.010225 -0.200777
v 0.276917 0.030000 -0.202882
v 0.276917 0.069580 -0.198984
v 0.276917 0.107640 -0.187439
v 0.276917 0.142715 -0.168690
v 0.276917 0.173460 -0.143459
v 0.276917 0.198690 -0.112715
v 0.276917 0.217439 -0.077640
v 0.276917 0.228984 -0.039580
v 0.276917 0.232882 0.000000
v 0.276917 0.228984 0.039580
v 0.276917 0.217439 0.077640
v 0.276917 0.198691 0.112715
v 0.276917 0.173460 0.143460
v 0.276917 0.142715 0.168691
v 0.276917 0.107640 0.187439
v 0.276917 0.069580 0.198984
v 0.276917 0.030000 0.202882
v 0.276917 -0.009580 0.198984
v 0.276917 -0.047640 0.187439
v 0.276917 -0.082715 0.168690
v 0.276917 -0.113459 0.143459
v 0.276917 -0.138690 0.112715
v 0.276917 -0.157439 0.077640
v 0.276917 -0.168984 0.039580
v 0.276917 -0.172882 -0.000000
v 0.276917 -0.168984 -0.039580
v 0.276917 -0.157439 -0.077640
v 0.276917 -0.138691 -0.112715
v 0.276917 -0.113460 -0.143459
v 0.276917 -0.082715 -0.168690
v 0.276917 -0.047640 -0.187439
v 0.276917 -0.009580 -0.198984
v 0.275667 0.049553 -0.198521
v 0.275667 0.087907 -0.190892
v 0.275667 0.124035 -0.175927
v 0.275667 0.156550 -0.154202
v 0.275667 0.184202 -0.126550
v 0.275667 0.205927 -0.094035
v 0.275667 0.220892 -0.057907
v 0.275667 0.228521 -0.019553
v 0.275667 0.228521 0.019553
v 0.275667 0.220892 0.057907
v 0.275667 0.205927 0.094035
v 0.275667 0.184202 0.126550
v 0.275667 0.156550 0.154202
v 0.275667 0.124035 0.175927
v 0.275667 0.087907 0.190892
v 0.275667 0.049553 0.198521
v 0.275667 0.010447 0.198521
v 0.275667 -0.027907 0.190892
v 0.275667 -0.064035 0.175927
v 0.275667 -0.096550 0.154202
v 0.275667 -0.124202 0.126550
v 0.275667 -0.145927 0.094035
v 0.275667 -0.160892 0.057907
v 0.275667 -0.168521 0.019553
v 0.275667 -0.168521 -0.019553
v 0.275667 -0.160892 -0.057907
v 0.275667 -0.145927 -0.094035
v 0.275667 -0.124202 -0.126550
v 0.275667 -0.096550 -0.154202
v 0.275667 -0.064035 -0.175927
v 0.275667 -0.027907 -0.190892
v 0.275667 0.010447 -0.198521
v 0.276917 0.030000 -0.200616
v 0.276917 0.069138 -0.196761
v 0.276917 0.106772 -0.185345
v 0.276917 0.141456 -0.166806
v 0.276917 0.171857 -0.141857
v 0.276917 0.196806 -0.111456
v 0.276917 0.215345 -0.076772
v 0.276917 0.226761 -0.039138
v 0.276917 0.230616 0.000000
v 0.276917 0.226761 0.039138
v 0.276917 0.215345 0.076772
v 0.276917 0.196806 0.111456
v 0.276917 0.171857 0.141857
v 0.276917 0.141456 0.166806
v 0.276917 0.106772 0.185345
v 0.276917 0.069138 0.196761
v 0.276917 0.030000 0.200616
v 0.276917 -0.009138 0.196761
v 0.276917 -0.046772 0.185345
v 0.276917 -0.081456 0.166806
v 0.276917 -0.111857 0.141857
v 0.276917 -0.136806 0.111456
v 0.276917 -0.155345 0.076772
v 0.276917 -0.166761 0.039138
v 0.276917 -0.170616 -0.000000
v 0.276917 -0.166761 -0.039138
v 0.276917 -0.155345 -0.076772
v 0.276917 -0.136806 -0.111456
v 0.276917 -0.111857 -0.141857
v 0.276917 -0.081456 -0.166806
v 0.276917 -0.046772 -0.185345
v 0.276917 -0.009138 -0.196761
v 0.275667 0.049331 -0.196266
v 0.275667 0.087249 -0.188724
v 0.275667 0.122967 -0.173929
v 0.275667 0.155112 -0.152450
v 0.275667 0.182450 -0.125112
v 0.275667 0.203929 -0.092967
v 0.275667 0.218724 -0.057249
v 0.275667 0.226266 -0.019331
v 0.275667 0.226266 0.019331
v 0.275667 0.218724 0.057249
v 0.275667 0.203929 0.092967
v 0.275667 0.182450 0.125112
v 0.275667 0.155112 0.152450
v 0.275667 0.122967 0.173929
v 0.275667 0.087249 0.188724
v 0.275667 0.049331 0.196266
v 0.275667 0.010669 0.196266
v 0.275667 -0.027249 0.188724
v 0.275667 -0.062967 0.173929
v 0.275667 -0.095112 0.152450
v 0.275667 -0.122450 0.125112
v 0.275667 -0.143929 0.092967
v 0.275667 -0.158724 0.057249
v 0.275667 -0.166266 0.019331
v 0.275667 -0.166266 -0.019331
v 0.275667 -0.158724 -0.057249
v 0.275667 -0.143929 -0.092967
v 0.275667 -0.122450 -0.125112
v 0.275667 -0.095112 -0.152450
v 0.275667 -0.062967 -0.173929
v 0.275667 -0.027249 -0.188724
v 0.275667 0.010669 -0.196266
v 0.275167 0.030000 -0.198350
v 0.275167 0.068696 -0.194538
v 0.275167 0.105905 -0.183251
v 0.275167 0.140197 -0.164922
v 0.275167 0.170254 -0.140254
v 0.275167 0.194922 -0.110197
v 0.275167 0.213251 -0.075905
v 0.275167 0.224538 -0.038696
v 0.275167 0.228350 0.000000
v 0.275167 0.224538 0.038696
v 0.275167 0.213251 0.075905
v 0.275167 0.194922 0.110197
v 0.275167 0.170254 0.140254
v 0.275167 0.140197 0.164922
v 0.275167 0.105905 0.183251
v 0.275167 0.068696 0.194538
v 0.275167 0.030000 0.198350
v 0.275167 -0.008696 0.194538
v 0.275167 -0.045905 0.183251
v 0.275167 -0.080197 0.164922
v 0.275167 -0.110254 0.140254
v 0.275167 -0.134922 0.110197
v 0.275167 -0.153251 0.075905
v 0.275167 -0.164538 0.038696
v 0.275167 -0.168350 -0.000000
v 0.275167 -0.164538 -0.038696
v 0.275167 -0.153251 -0.075905
v 0.275167 -0.134922 -0.110197
v 0.275167 -0.110254 -0.140254
v 0.275167 -0.080197 -0.164922
v 0.275167 -0.045905 -0.183251
v 0.275167 -0.008696 -0.194538
v 0.277667 0.049108 -0.194011
v 0.277667 0.086591 -0.186555
v 0.277667 0.121898 -0.171930
v 0.277667 0.153675 -0.150698
v 0.277667 0.180698 -0.123675
v 0.277667 0.201930 -0.091898
v 0.277667 0.216555 -0.056591
v 0.277667 0.224011 -0.019108
v 0.277667 0.224011 0.019108
v 0.277667 0.216555 0.056591
v 0.277667 0.201930 0.091898
v 0.277667 0.180698 0.123675
v 0.277667 0.153675 0.150698
v 0.277667 0.121898 0.171930
v 0.277667 0.086591 0.186555
v 0.277667 0.049108 0.194011
v 0.277667 0.010892 0.194011
v 0.277667 -0.026591 0.186555
v 0.277667 -0.061898 0.171930
v 0.277667 -0.093675 0.150698
v 0.277667 -0.120698 0.123675
v 0.277667 -0.141930 0.091898
v 0.277667 -0.156555 0.056591
v 0.277667 -0.164011 0.019108
v 0.277667 -0.164011 -0.019108
v 0.277667 -0.156555 -0.056591
v 0.277667 -0.141930 -0.091898
v 0.277667 -0.120698 -0.123675
v 0.277667 -0.093675 -0.150698
v 0.277667 -0.061898 -0.171930
v 0.277667 -0.026591 -0.186555
v 0.277667 0.010892 -0.194011
v 0.276917 0.030000 -0.196083
v 0.276917 0.068254 -0.192316
v 0.276917 0.105038 -0.181157
v 0.276917 0.138938 -0.163037
v 0.276917 0.168652 -0.138652
v 0.276917 0.193037 -0.108938
v 0.276917 0.211157 -0.075038
v 0.276917 0.222316 -0.038254
v 0.276917 0.226083 0.000000
v 0.276917 0.222316 0.038254
v 0.276917 0.211157 0.075038
v 0.276917 0.193037 0.108938
v 0.276917 0.168652 0.138652
v 0.276917 0.138938 0.163037
v 0.276917 0.105038 0.181157
v 0.276917 0.068254 0.192316
v 0.276917 0.030000 0.196083
v 0.276917 -0.008254 0.192316
v 0.276917 -0.045038 0.181157
v 0.276917 -0.078938 0.163037
v 0.276917 -0.108652 0.138652
v 0.276917 -0.133037 0.108938
v 0.276917 -0.151157 0.075038
v 0.276917 -0.162316 0.038254
v 0.276917 -0.166083 -0.000000
v 0.276917 -0.162316 -0.038254
v 0.276917 -0.151157 -0.075038
v 0.276917 -0.133037 -0.108938
v 0.276917 -0.108652 -0.138652
v 0.276917 -0.078938 -0.163037
v 0.276917 -0.045038 -0.181157
v 0.276917 -0.008254 -0.192316
v 0.275667 0.048886 -0.191755
v 0.275667 0.085933 -0.184386
v 0.275667 0.120830 -0.169931
v 0.275667 0.152237 -0.148946
v 0.275667 0.178946 -0.122237
v 0.275667 0.199931 -0.090830
v 0.275667 0.214386 -0.055933
v 0.275667 0.221755 -0.018886
v 0.275667 0.221755 0.018886
v 0.275667 0.214386 0.055933
v 0.275667 0.199931 0.090830
v 0.275667 0.178946 0.122237
v 0.275667 0.152237 0.148946
v 0.275667 0.120830 0.169931
v 0.275667 0.085933 0.184386
v 0.275667 0.048886 0.191755
v 0.275667 0.011114 0.191755
v 0.275667 -0.025933 0.184386
v 0.275667 -0.060830 0.169931
v 0.275667 -0.092237 0.148946
v 0.275667 -0.118946 0.122237
v 0.275667 -0.139931 0.090830
v 0.275667 -0.154386 0.055933
v 0.275667 -0.161755 0.018886
v 0.275667 -0.161755 -0.018886
v 0.275667 -0.154386 -0.055933
v 0.275667 -0.139931 -0.090830
v 0.275667 -0.118946 -0.122237
v 0.275667 -0.092237 -0.148946
v 0.275667 -0.060830 -0.169931
v 0.275667 -0.025933 -0.184386
v 0.275667 0.011114 -0.191755
v 0.276917 0.030000 -0.193817
v 0.276917 0.067812 -0.190093
v 0.276917 0.104171 -0.179063
v 0.276917 0.137679 -0.161153
v 0.276917 0.167049 -0.137049
v 0.276917 0.191153 -0.107679
v 0.276917 0.209063 -0.074170
v 0.276917 0.220093 -0.037812
v 0.276917 0.223817 0.000000
v 0.276917 0.220093 0.037812
v 0.276917 0.209063 0.074170
v 0.276917 0.191153 0.107679
v 0.276917 0.167049 0.137049
v 0.276917 0.137679 0.161153
v 0.276917 0.104171 0.179063
v 0.276917 0.067812 0.190093
v 0.276917 0.030000 0.193817
v 0.276917 -0.007812 0.190093
v 0.276917 -0.044170 0.179063
v 0.276917 -0.077679 0.161153
v 0.276917 -0.107049 0.137049
v 0.276917 -0.131153 0.107679
v 0.276917 -0.149063 0.074171
v 0.276917 -0.160093 0.037812
v 0.276917 -0.163817 -0.000000
v 0.276917 -0.160093 -0.037812
v 0.276917 -0.149063 -0.074171
v 0.276917 -0.131153 -0.107679
v 0.276917 -0.107049 -0.137049
v 0.276917 -0.077679 -0.161153
v 0.276917 -0.044170 -0.179063
v 0.276917 -0.007812 -0.190093
v 0.275667 0.048664 -0.189500
v 0.275667 0.085275 -0.182217
v 0.275667 0.119762 -0.167932
v 0.275667 0.150799 -0.147194
v 0.275667 0.177194 -0.120799
v 0.275667 0.197932 -0.089762
v 0.275667 0.212217 -0.055275
v 0.275667 0.219500 -0.018664
v 0.275667 0.219500 0.018664
v 0.275667 0.212217 0.055275
v 0.275667 0.197932 0.089762
v 0.275667 0.177194 0.120799
v 0.275667 0.150799 0.147194
v 0.275667 0.119762 0.167932
v 0.275667 0.085275 0.182217
v 0.275667 0.048664 0.189500
v 0.275667 0.011336 0.189500
v 0.275667 -0.025275 0.182217
v 0.275667 -0.059762 0.167932
v 0.275667 -0.090799 0.147194
v 0.275667 -0.117194 0.120799
v 0.275667 -0.137932 0.089762
v 0.275667 -0.152217 0.055275
v 0.275667 -0.159500 0.018664
v 0.275667 -0.159500 -0.018664
v 0.275667 -0.152217 -0.055275
v 0.275667 -0.137932 -0.089762
v 0.275667 -0.117194 -0.120799
v 0.275667 -0.090799 -0.147194
v 0.275667 -0.059762 -0.167932
v 0.275667 -0.025275 -0.182217
v 0.275667 0.011336 -0.189500
v 0.275167 0.030000 -0.191550
v 0.275167 0.067370 -0.187870
v 0.275167 0.103303 -0.176970
v 0.275167 0.136420 -0.159268
v 0.275167 0.165447 -0.135447
v 0.275167 0.189268 -0.106420
v 0.275167 0.206970 -0.073303
v 0.275167 0.217870 -0.037370
v 0.275167 0.221550 0.000000
v 0.275167 0.217870 0.037370
v 0.275167 0.206970 0.073303
v 0.275167 0.189268 0.106420
v 0.275167 0.165447 0.135447
v 0.275167 0.136420 0.159268
v 0.275167 0.103303 0.176970
v 0.275167 0.067370 0.187870
v 0.275167 0.030000 0.191550
v 0.275167 -0.007370 0.187870
v 0.275167 -0.043303 0.176970
v 0.275167 -0.076420 0.159268
v 0.275167 -0.105447 0.135447
v 0.275167 -0.129268 0.106420
v 0.275167 -0.146970 0.073303
v 0.275167 -0.157870 0.037370
v 0.275167 -0.161550 -0.000000
v 0.275167 -0.157870 -0.037370
v 0.275167 -0.146970 -0.073303
v 0.275167 -0.129268 -0.106420
v 0.275167 -0.105447 -0.135447
v 0.275167 -0.076420 -0.159268
v 0.275167 -0.043303 -0.176970
v 0.275167 -0.007370 -0.187870
v 0.277667 0.048442 -0.187244
v 0.277667 0.084617 -0.180048
v 0.277667 0.118693 -0.165934
v 0.277667 0.149361 -0.145442
v 0.277667 0.175442 -0.119361
v 0.277667 0.195934 -0.088693
v 0.277667 0.210048 -0.054617
v 0.277667 0.217244 -0.018442
v 0.277667 0.217244 0.018442
v 0.277667 0.210048 0.054617
v 0.277667 0.195934 0.088693
v 0.277667 0.175442 0.119361
v 0.277667 0.149361 0.145442
v 0.277667 0.118693 0.165934
v 0.277667 0.084617 0.180048
v 0.277667 0.048442 0.187244
v 0.277667 0.011558 0.187244
v 0.277667 -0.024617 0.180048
v 0.277667 -0.058693 0.165934
v 0.277667 -0.089361 0.145442
v 0.277667 -0.115442 0.119361
v 0.277667 -0.135934 0.088693
v 0.277667 -0.150048 0.054617
v 0.277667 -0.157244 0.018442
v 0.277667 -0.157244 -0.018442
v 0.277667 -0.150048 -0.054617
v 0.277667 -0.135934 -0.088693
v 0.277667 -0.115442 -0.119361
v 0.277667 -0.089361 -0.145442
v 0.277667 -0.058693 -0.165934
v 0.277667 -0.024617 -0.180048
v 0.277667 0.011558 -0.187244
v 0.276917 0.030000 -0.189284
v 0.276917 0.066927 -0.185647
v 0.276917 0.102436 -0.174876
v 0.276917 0.135161 -0.157384
v 0.276917 0.163844 -0.133844
v 0.276917 0.187384 -0.105161
v 0.276917 0.204876 -0.072436
v 0.276917 0.215647 -0.036928
v 0.276917 0.219284 0.000000
v 0.276917 0.215647 0.036927
v 0.276917 0.204876 0.072436
v 0.276917 0.187384 0.105161
v 0.276917 0.163844 0.133844
v 0.276917 0.135161 0.157384
v 0.276917 0.102436 0.174876
v 0.276917 0.066927 0.185647
v 0.276917 0.030000 0.189284
v 0.276917 -0.006927 0.185647
v 0.276917 -0.042436 0.174876
v 0.276917 -0.075161 0.157384
v 0.276917 -0.103844 0.133844
v 0.276917 -0.127384 0.105161
v 0.276917 -0.144876 0.072436
v 0.276917 -0.155647 0.036928
v 0.276917 -0.159284 -0.000000
v 0.276917 -0.155647 -0.036928
v 0.276917 -0.144876 -0.072436
v 0.276917 -0.127384 -0.105161
v 0.276917 -0.103844 -0.133844
v 0.276917 -0.075161 -0.157384
v 0.276917 -0.042436 -0.174876
v 0.276917 -0.006927 -0.185647
v 0.275667 0.048220 -0.184989
v 0.275667 0.083959 -0.177880
v 0.275667 0.117625 -0.163935
v 0.275667 0.147923 -0.143690
v 0.275667 0.173690 -0.117923
v 0.275667 0.193935 -0.087625
v 0.275667 0.207880 -0.053959
v 0.275667 0.214989 -0.018220
v 0.275667 0.214989 0.018220
v 0.275667 0.207880 0.053959
v 0.275667 0.193935 0.087625
v 0.275667 0.173690 0.117923
v 0.275667 0.147923 0.143690
v 0.275667 0.117625 0.163935
v 0.275667 0.083959 0.177880
v 0.275667 0.048220 0.184989
v 0.275667 0.011780 0.184989
v 0.275667 -0.023959 0.177880
v 0.275667 -0.057625 0.163935
v 0.275667 -0.087923 0.143690
v 0.275667 -0.113690 0.117923
v 0.275667 -0.133935 0.087625
v 0.275667 -0.147880 0.053959
v 0.275667 -0.154989 0.018220
v 0.275667 -0.154989 -0.018220
v 0.275667 -0.147880 -0.053959
v 0.275667 -0.133935 -0.087625
v 0.275667 -0.113690 -0.117923
v 0.275667 -0.087923 -0.143690
v 0.275667 -0.057625 -0.163935
v 0.275667 -0.023959 -0.177880
v 0.275667 0.011780 -0.184989
v 0.276917 0.030000 -0.187018
v 0.276917 0.066485 -0.183424
v 0.276917 0.101569 -0.172782
v 0.276917 0.133902 -0.155500
v 0.276917 0.162242 -0.132242
v 0.276917 0.185500 -0.103902
v 0.276917 0.202782 -0.071569
v 0.276917 0.213424 -0.036485
v 0.276917 0.217018 0.000000
v 0.276917 0.213424 0.036485
v 0.276917 0.202782 0.071569
v 0.276917 0.185500 0.103901
v 0.276917 0.162242 0.132242
v 0.276917 0.133901 0.155500
v 0.276917 0.101569 0.172782
v 0.276917 0.066485 0.183424
v 0.276917 0.030000 0.187018
v 0.276917 -0.006485 0.183424
v 0.276917 -0.041569 0.172782
v 0.276917 -0.073902 0.155500
v 0.276917 -0.102242 0.132241
v 0.276917 -0.125500 0.103902
v 0.276917 -0.142782 0.071569
v 0.276917 -0.153424 0.036485
v 0.276917 -0.157018 -0.000000
v 0.276917 -0.153424 -0.036485
v 0.276917 -0.142782 -0.071569
v 0.276917 -0.125500 -0.103901
v 0.276917 -0.102242 -0.132242
v 0.276917 -0.073902 -0.155500
v 0.276917 -0.041569 -0.172782
v 0.276917 -0.006485 -0.183424
v 0.273847 0.047795 -0.180680
v 0.273847 0.082702 -0.173737
v 0.273847 0.115584 -0.160117
v 0.273847 0.145177 -0.140343
v 0.273847 0.170343 -0.115177
v 0.273847 0.190117 -0.085584
v 0.273847 0.203737 -0.052702
v 0.273847 0.210680 -0.017795
v 0.273847 0.210680 0.017795
v 0.273847 0.203737 0.052702
v 0.273847 0.190117 0.085584
v 0.273847 0.170343 0.115177
v 0.273847 0.145177 0.140343
v 0.273847 0.115584 0.160117
v 0.273847 0.082702 0.173737
v 0.273847 0.047795 0.180680
v 0.273847 0.012205 0.180680
v 0.273847 -0.022702 0.173737
v 0.273847 -0.055584 0.160117
v 0.273847 -0.085177 0.140343
v 0.273847 -0.110343 0.115177
v 0.273847 -0.130117 0.085584
v 0.273847 -0.143737 0.052702
v 0.273847 -0.150680 0.017795
v 0.273847 -0.150680 -0.017795
v 0.273847 -0.143737 -0.052702
v 0.273847 -0.130117 -0.085584
v 0.273847 -0.110343 -0.115177
v 0.273847 -0.085177 -0.140343
v 0.273847 -0.055584 -0.160117
v 0.273847 -0.022702 -0.173737
v 0.273847 0.012205 -0.180680
v 0.274939 0.030000 -0.184493
v 0.274939 0.065993 -0.180948
v 0.274939 0.100603 -0.170450
v 0.274939 0.132499 -0.153401
v 0.274939 0.160457 -0.130457
v 0.274939 0.183401 -0.102499
v 0.274939 0.200450 -0.070603
v 0.274939 0.210948 -0.035993
v 0.274939 0.214493 0.000000
v 0.274939 0.210948 0.035993
v 0.274939 0.200450 0.070603
v 0.274939 0.183401 0.102499
v 0.274939 0.160457 0.130457
v 0.274939 0.132499 0.153401
v 0.274939 0.100603 0.170450
v 0.274939 0.065993 0.180948
v 0.274939 0.030000 0.184493
v 0.274939 -0.005993 0.180948
v 0.274939 -0.040603 0.170450
v 0.274939 -0.072499 0.153401
v 0.274939 -0.100457 0.130457
v 0.274939 -0.123401 0.102499
v 0.274939 -0.140450 0.070603
v 0.274939 -0.150948 0.035993
v 0.274939 -0.154493 -0.000000
v 0.274939 -0.150948 -0.035993
v 0.274939 -0.140450 -0.070603
v 0.274939 -0.123401 -0.102499
v 0.274939 -0.100457 -0.130457
v 0.274939 -0.072499 -0.153401
v 0.274939 -0.040603 -0.170450
v 0.274939 -0.005993 -0.180948
v 0.218416 0.037009 -0.071161
v 0.218416 0.050757 -0.068426
v 0.218416 0.063707 -0.063062
v 0.218416 0.075362 -0.055274
v 0.218416 0.085274 -0.045362
v 0.218416 0.093062 -0.033707
v 0.218416 0.098426 -0.020757
v 0.218416 0.101161 -0.007009
v 0.218416 0.101161 0.007009
v 0.218416 0.098426 0.020757
v 0.218416 0.093062 0.033707
v 0.218416 0.085274 0.045362
v 0.218416 0.075362 0.055274
v 0.218416 0.063707 0.063062
v 0.218416 0.050757 0.068426
v 0.218416 0.037009 0.071161
v 0.218416 0.022991 0.071161
v 0.218416 0.009243 0.068426
v 0.218416 -0.003707 0.063062
v 0.218416 -0.015362 0.055274
v 0.218416 -0.025274 0.045362
v 0.218416 -0.033062 0.033707
v 0.218416 -0.038426 0.020757
v 0.218416 -0.041161 0.007009
v 0.218416 -0.041161 -0.007009
v 0.218416 -0.038426 -0.020757
v 0.218416 -0.033062 -0.033707
v 0.218416 -0.025274 -0.045362
v 0.218416 -0.015362 -0.055274
v 0.218416 -0.003707 -0.063062
v 0.218416 0.009243 -0.068426
v 0.218416 0.022991 -0.071161
v 0.215856 0.030000 -0.077239
v 0.271518 0.064390 -0.172892
v 0.271518 0.097459 -0.162860
v 0.271518 0.127935 -0.146570
v 0.271518 0.154648 -0.124648
v 0.271518 0.176570 -0.097935
v 0.271518 0.192860 -0.067459
v 0.271518 0.202892 -0.034390
v 0.271518 0.206279 0.000000
v 0.271518 0.202892 0.034390
v 0.271518 0.192860 0.067459
v 0.271518 0.176570 0.097935
v 0.271518 0.154648 0.124648
v 0.271518 0.127935 0.146570
v 0.271518 0.097459 0.162860
v 0.271518 0.064390 0.172892
v 0.271518 0.030000 0.176279
v 0.271518 -0.004390 0.172892
v 0.271518 -0.037459 0.162860
v 0.271518 -0.067935 0.146570
v 0.271518 -0.094648 0.124648
v 0.271518 -0.116570 0.097935
v 0.271518 -0.132860 0.067459
v 0.271518 -0.142892 0.034390
v 0.271518 -0.146279 -0.000000
v 0.271518 -0.142892 -0.034390
v 0.271518 -0.132860 -0.067459
v 0.271518 -0.116570 -0.097935
v 0.271518 -0.094648 -0.124648
v 0.271518 -0.067935 -0.146570
v 0.271518 -0.037459 -0.162860
v 0.271518 -0.004390 -0.172892
v 0.267640 0.030000 -0.167675
v 0.257755 0.030000 -0.150129
v 0.247750 0.030000 -0.132286
v 0.237755 0.030000 -0.114694
v 0.227756 0.030000 -0.096927
v 0.225657 0.048185 -0.091425
v 0.235874 0.051609 -0.108636
v 0.245710 0.055064 -0.126005
v 0.255760 0.058528 -0.143422
v 0.265806 0.062040 -0.161076
v 0.225657 0.065672 -0.086120
v 0.235874 0.072388 -0.102332
v 0.245709 0.079165 -0.118694
v 0.255760 0.085961 -0.135101
v 0.265806 0.092849 -0.151731
v 0.225657 0.081788 -0.077506
v 0.235874 0.091537 -0.092097
v 0.245709 0.101376 -0.106822
v 0.255760 0.111242 -0.121587
v 0.265806 0.121243 -0.136554
v 0.225657 0.095913 -0.065913
v 0.235874 0.108322 -0.078322
v 0.245709 0.120844 -0.090844
v 0.255760 0.133402 -0.103402
v 0.265806 0.146130 -0.116130
v 0.225657 0.107506 -0.051788
v 0.235874 0.122097 -0.061537
v 0.245709 0.136821 -0.071376
v 0.255760 0.151587 -0.081242
v 0.265806 0.166554 -0.091243
v 0.225657 0.116120 -0.035672
v 0.235874 0.132332 -0.042388
v 0.245709 0.148694 -0.049165
v 0.255760 0.165101 -0.055961
v 0.265806 0.181731 -0.062849
v 0.225657 0.121425 -0.018185
v 0.235874 0.138636 -0.021609
v 0.245709 0.156005 -0.025064
v 0.255760 0.173422 -0.028528
v 0.265806 0.191076 -0.032040
v 0.225657 0.123216 0.000000
v 0.235874 0.140764 0.000000
v 0.245709 0.158473 0.000000
v 0.255760 0.176232 0.000000
v 0.265806 0.194232 0.000000
v 0.225657 0.121425 0.018185
v 0.235874 0.138636 0.021609
v 0.245709 0.156005 0.025064
v 0.255760 0.173422 0.028528
v 0.265806 0.191076 0.032040
v 0.225657 0.116120 0.035672
v 0.235874 0.132332 0.042388
v 0.245709 0.148694 0.049165
v 0.255760 0.165101 0.055961
v 0.265806 0.181731 0.062849
v 0.225657 0.107506 0.051788
v 0.235874 0.122097 0.061537
v 0.245709 0.136822 0.071376
v 0.255760 0.151587 0.081242
v 0.265806 0.166554 0.091243
v 0.225657 0.095913 0.065913
v 0.235874 0.108322 0.078322
v 0.245709 0.120844 0.090844
v 0.255760 0.133402 0.103402
v 0.265806 0.146130 0.116130
v 0.225657 0.081788 0.077506
v 0.235874 0.091537 0.092097
v 0.245709 0.101376 0.106822
v 0.255760 0.111242 0.121587
v 0.265806 0.121243 0.136554
v 0.225657 0.065672 0.086120
v 0.235874 0.072388 0.102332
v 0.245709 0.079165 0.118694
v 0.255760 0.085961 0.135101
v 0.265806 0.092849 0.151731
v 0.225657 0.048185 0.091425
v 0.235874 0.051609 0.108636
v 0.245710 0.055064 0.126005
v 0.255760 0.058528 0.143422
v 0.265806 0.062040 0.161076
v 0.225657 0.030000 0.093216
v 0.235874 0.030000 0.110764
v 0.245710 0.030000 0.128473
v 0.255760 0.030000 0.146232
v 0.265806 0.030000 0.164232
v 0.225657 0.011815 0.091425
v 0.235874 0.008391 0.108636
v 0.245710 0.004936 0.126005
v 0.255760 0.001472 0.143422
v 0.265806 -0.002040 0.161077
v 0.225657 -0.005672 0.086120
v 0.235874 -0.012388 0.102332
v 0.245710 -0.019165 0.118694
v 0.255760 -0.025960 0.135101
v 0.265806 -0.032849 0.151731
v 0.225657 -0.021788 0.077506
v 0.235874 -0.031537 0.092097
v 0.245710 -0.041376 0.106821
v 0.255760 -0.051242 0.121587
v 0.265806 -0.061243 0.136554
v 0.225657 -0.035913 0.065913
v 0.235874 -0.048322 0.078322
v 0.245710 -0.060844 0.090844
v 0.255760 -0.073402 0.103401
v 0.265806 -0.086130 0.116130
v 0.225657 -0.047506 0.051788
v 0.235874 -0.062097 0.061537
v 0.245710 -0.076822 0.071376
v 0.255760 -0.091587 0.081242
v 0.265806 -0.106554 0.091243
v 0.225657 -0.056120 0.035672
v 0.235874 -0.072332 0.042388
v 0.245710 -0.088694 0.049165
v 0.255760 -0.105101 0.055961
v 0.265806 -0.121731 0.062849
v 0.225657 -0.061425 0.018185
v 0.235874 -0.078636 0.021609
v 0.245710 -0.096005 0.025064
v 0.255760 -0.113422 0.028528
v 0.265806 -0.131076 0.032040
v 0.225657 -0.063216 0.000000
v 0.235874 -0.080764 0.000000
v 0.245710 -0.098473 0.000000
v 0.255760 -0.116232 0.000000
v 0.265806 -0.134232 -0.000000
v 0.225657 -0.061425 -0.018185
v 0.235874 -0.078636 -0.021609
v 0.245710 -0.096005 -0.025064
v 0.255760 -0.113422 -0.028528
v 0.265806 -0.131076 -0.032040
v 0.225657 -0.056120 -0.035672
v 0.235874 -0.072332 -0.042388
v 0.245710 -0.088694 -0.049165
v 0.255760 -0.105101 -0.055961
v 0.265806 -0.121731 -0.062849
v 0.225657 -0.047506 -0.051788
v 0.235874 -0.062097 -0.061537
v 0.245710 -0.076822 -0.071376
v 0.255760 -0.091587 -0.081242
v 0.265806 -0.106554 -0.091243
v 0.225657 -0.035913 -0.065913
v 0.235874 -0.048322 -0.078322
v 0.245710 -0.060844 -0.090844
v 0.255760 -0.073402 -0.103402
v 0.265806 -0.086130 -0.116130
v 0.225657 -0.021788 -0.077506
v 0.235874 -0.031537 -0.092097
v 0.245710 -0.041376 -0.106822
v 0.255760 -0.051242 -0.121587
v 0.265806 -0.061243 -0.136554
v 0.225657 -0.005672 -0.086120
v 0.235874 -0.012388 -0.102332
v 0.245710 -0.019165 -0.118694
v 0.255760 -0.025961 -0.135101
v 0.265806 -0.032849 -0.151731
v 0.225657 0.011815 -0.091425
v 0.235874 0.008391 -0.108636
v 0.245710 0.004936 -0.126005
v 0.255760 0.001472 -0.143422
v 0.265806 -0.002040 -0.161076
v 0.226829 0.020683 -0.094601
v 0.236884 0.018951 -0.112178
v 0.246826 0.017219 -0.129768
v 0.256844 0.015477 -0.147457
v 0.266820 0.013738 -0.165108
v 0.226829 0.002406 -0.090965
v 0.236884 -0.002721 -0.107867
v 0.246826 -0.007852 -0.124781
v 0.256844 -0.013012 -0.141791
v 0.266820 -0.018160 -0.158763
v 0.226829 -0.014810 -0.083834
v 0.236884 -0.023136 -0.099411
v 0.246826 -0.031468 -0.114999
v 0.256844 -0.039847 -0.130675
v 0.266820 -0.048208 -0.146316
v 0.226829 -0.030304 -0.073481
v 0.236884 -0.041509 -0.087134
v 0.246826 -0.052722 -0.100798
v 0.256844 -0.063999 -0.114538
v 0.266820 -0.075250 -0.128247
v 0.226829 -0.043481 -0.060304
v 0.236884 -0.057135 -0.071509
v 0.246826 -0.070798 -0.082722
v 0.256844 -0.084538 -0.093999
v 0.266820 -0.098247 -0.105250
v 0.226829 -0.053834 -0.044810
v 0.236884 -0.069411 -0.053136
v 0.246826 -0.084999 -0.061468
v 0.256844 -0.100675 -0.069847
v 0.266820 -0.116316 -0.078208
v 0.226829 -0.060965 -0.027594
v 0.236884 -0.077867 -0.032721
v 0.246826 -0.094781 -0.037852
v 0.256844 -0.111791 -0.043012
v 0.266820 -0.128763 -0.048160
v 0.226829 -0.064601 -0.009317
v 0.236884 -0.082178 -0.011049
v 0.246826 -0.099768 -0.012781
v 0.256844 -0.117457 -0.014523
v 0.266820 -0.135108 -0.016262
v 0.226829 -0.064601 0.009317
v 0.236884 -0.082178 0.011049
v 0.246826 -0.099768 0.012781
v 0.256844 -0.117457 0.014523
v 0.266820 -0.135108 0.016262
v 0.226829 -0.060965 0.027594
v 0.236884 -0.077867 0.032721
v 0.246826 -0.094781 0.037852
v 0.256844 -0.111791 0.043012
v 0.266820 -0.128763 0.048160
v 0.226829 -0.053834 0.044810
v 0.236884 -0.069411 0.053136
v 0.246826 -0.084999 0.061468
v 0.256844 -0.100675 0.069847
v 0.266820 -0.116316 0.078208
v 0.226829 -0.043481 0.060304
v 0.236884 -0.057135 0.071509
v 0.246826 -0.070798 0.082722
v 0.256844 -0.084538 0.093999
v 0.266820 -0.098247 0.105250
v 0.226829 -0.030304 0.073481
v 0.236884 -0.041509 0.087134
v 0.246826 -0.052722 0.100798
v 0.256844 -0.063999 0.114537
v 0.266820 -0.075250 0.128247
v 0.226829 -0.014810 0.083834
v 0.236884 -0.023136 0.099411
v 0.246826 -0.031468 0.114999
v 0.256844 -0.039847 0.130675
v 0.266820 -0.048208 0.146316
v 0.226829 0.002406 0.090965
v 0.236884 -0.002721 0.107867
v 0.246826 -0.007852 0.124781
v 0.256844 -0.013012 0.141791
v 0.266820 -0.018160 0.158763
v 0.226829 0.020683 0.094601
v 0.236884 0.018951 0.112178
v 0.246826 0.017219 0.129768
v 0.256844 0.015477 0.147457
v 0.266820 0.013738 0.165108
v 0.226829 0.039317 0.094601
v 0.236884 0.041049 0.112178
v 0.246826 0.042781 0.129768
v 0.256844 0.044523 0.147457
v 0.266820 0.046262 0.165108
v 0.226829 0.057594 0.090965
v 0.236884 0.062721 0.107867
v 0.246826 0.067852 0.124781
v 0.256844 0.073012 0.141791
v 0.266820 0.078160 0.158763
v 0.226829 0.074810 0.083834
v 0.236884 0.083136 0.099411
v 0.246826 0.091468 0.114999
v 0.256844 0.099847 0.130675
v 0.266820 0.108208 0.146316
v 0.226829 0.090304 0.073481
v 0.236884 0.101509 0.087135
v 0.246826 0.112722 0.100798
v 0.256844 0.123999 0.114538
v 0.266820 0.135250 0.128247
v 0.226829 0.103481 0.060304
v 0.236884 0.117134 0.071509
v 0.246826 0.130798 0.082722
v 0.256844 0.144538 0.093999
v 0.266820 0.158247 0.105250
v 0.226829 0.113834 0.044810
v 0.236884 0.129411 0.053136
v 0.246826 0.144999 0.061468
v 0.256844 0.160675 0.069847
v 0.266820 0.176316 0.078208
v 0.226829 0.120965 0.027594
v 0.236884 0.137867 0.032721
v 0.246826 0.154781 0.037852
v 0.256844 0.171791 0.043012
v 0.266820 0.188763 0.048160
v 0.226829 0.124601 0.009317
v 0.236884 0.142178 0.011049
v 0.246826 0.159768 0.012781
v 0.256844 0.177457 0.014523
v 0.266820 0.195108 0.016262
v 0.226829 0.124601 -0.009317
v 0.236884 0.142178 -0.011049
v 0.246826 0.159768 -0.012781
v 0.256844 0.177457 -0.014523
v 0.266820 0.195108 -0.016262
v 0.226829 0.120965 -0.027594
v 0.236884 0.137867 -0.032721
v 0.246826 0.154781 -0.037852
v 0.256844 0.171791 -0.043012
v 0.266820 0.188763 -0.048160
v 0.226829 0.113834 -0.044810
v 0.236884 0.129411 -0.053136
v 0.246826 0.144999 -0.061468
v 0.256844 0.160675 -0.069847
v 0.266820 0.176316 -0.078208
v 0.226829 0.103481 -0.060304
v 0.236884 0.117134 -0.071509
v 0.246826 0.130798 -0.082722
v 0.256844 0.144538 -0.093999
v 0.266820 0.158247 -0.105250
v 0.226829 0.090304 -0.073481
v 0.236884 0.101509 -0.087134
v 0.246826 0.112722 -0.100798
v 0.256844 0.123999 -0.114538
v 0.266820 0.135250 -0.128247
v 0.226829 0.074810 -0.083834
v 0.236884 0.083136 -0.099411
v 0.246826 0.091468 -0.114999
v 0.256844 0.099847 -0.130675
v 0.266820 0.108208 -0.146316
v 0.226829 0.057594 -0.090965
v 0.236884 0.062721 -0.107867
v 0.246826 0.067852 -0.124781
v 0.256844 0.073012 -0.141791
v 0.266820 0.078160 -0.158763
v 0.226829 0.039317 -0.094601
v 0.236884 0.041049 -0.112178
v 0.246826 0.042781 -0.129768
v 0.256844 0.044523 -0.147457
v 0.266820 0.046262 -0.165108
v 0.235874 0.030000 -0.110764
v 0.231666 0.030000 -0.103837
v 0.227756 0.048910 -0.095065
v 0.231666 0.050258 -0.101842
v 0.227756 0.067092 -0.089549
v 0.231666 0.069737 -0.095933
v 0.227756 0.083850 -0.080592
v 0.231666 0.087689 -0.086338
v 0.227756 0.098538 -0.068538
v 0.231666 0.103424 -0.073424
v 0.227756 0.110592 -0.053850
v 0.231666 0.116338 -0.057689
v 0.227756 0.119549 -0.037092
v 0.231666 0.125933 -0.039737
v 0.227756 0.125065 -0.018910
v 0.231666 0.131842 -0.020258
v 0.227756 0.126927 0.000000
v 0.231666 0.133837 0.000000
v 0.227756 0.125065 0.018910
v 0.231666 0.131842 0.020258
v 0.227756 0.119549 0.037092
v 0.231666 0.125933 0.039737
v 0.227756 0.110592 0.053850
v 0.231666 0.116338 0.057689
v 0.227756 0.098538 0.068538
v 0.231666 0.103424 0.073424
v 0.227756 0.083850 0.080592
v 0.231666 0.087689 0.086338
v 0.227756 0.067092 0.089549
v 0.231666 0.069737 0.095933
v 0.227756 0.048910 0.095065
v 0.231666 0.050258 0.101842
v 0.227756 0.030000 0.096927
v 0.231666 0.030000 0.103837
v 0.227756 0.011090 0.095065
v 0.231666 0.009742 0.101842
v 0.227756 -0.007092 0.089549
v 0.231666 -0.009737 0.095933
v 0.227756 -0.023850 0.080592
v 0.231666 -0.027689 0.086338
v 0.227756 -0.038538 0.068538
v 0.231666 -0.043424 0.073424
v 0.227756 -0.050592 0.053850
v 0.231666 -0.056338 0.057689
v 0.227756 -0.059549 0.037092
v 0.231666 -0.065933 0.039737
v 0.227756 -0.065065 0.018910
v 0.231666 -0.071842 0.020258
v 0.227756 -0.066927 0.000000
v 0.231666 -0.073838 0.000000
v 0.227756 -0.065065 -0.018910
v 0.231666 -0.071842 -0.020258
v 0.227756 -0.059549 -0.037092
v 0.231666 -0.065933 -0.039737
v 0.227756 -0.050592 -0.053850
v 0.231666 -0.056338 -0.057689
v 0.227756 -0.038538 -0.068538
v 0.231666 -0.043424 -0.073424
v 0.227756 -0.023850 -0.080592
v 0.231666 -0.027689 -0.086338
v 0.227756 -0.007092 -0.089549
v 0.231666 -0.009737 -0.095933
v 0.227756 0.011090 -0.095065
v 0.231666 0.009742 -0.101842
v 0.229217 0.039775 -0.099245
v 0.234202 0.040581 -0.107430
v 0.229217 0.058949 -0.095431
v 0.234202 0.061336 -0.103302
v 0.229217 0.077010 -0.087950
v 0.234202 0.080887 -0.095203
v 0.229217 0.093265 -0.077089
v 0.234202 0.098483 -0.083447
v 0.229217 0.107089 -0.063265
v 0.234202 0.113447 -0.068483
v 0.229217 0.117950 -0.047010
v 0.234202 0.125203 -0.050887
v 0.229217 0.125431 -0.028949
v 0.234202 0.133302 -0.031336
v 0.229217 0.129245 -0.009775
v 0.234202 0.137430 -0.010581
v 0.229217 0.129245 0.009775
v 0.234202 0.137430 0.010581
v 0.229217 0.125431 0.028949
v 0.234202 0.133302 0.031336
v 0.229217 0.117950 0.047010
v 0.234202 0.125203 0.050887
v 0.229217 0.107089 0.063265
v 0.234202 0.113447 0.068483
v 0.229217 0.093265 0.077089
v 0.234202 0.098483 0.083447
v 0.229217 0.077010 0.087950
v 0.234202 0.080887 0.095203
v 0.229217 0.058949 0.095431
v 0.234202 0.061336 0.103302
v 0.229217 0.039775 0.099245
v 0.234202 0.040581 0.107430
v 0.229217 0.020225 0.099245
v 0.234202 0.019419 0.107430
v 0.229217 0.001051 0.095431
v 0.234202 -0.001336 0.103302
v 0.229217 -0.017010 0.087950
v 0.234202 -0.020887 0.095203
v 0.229217 -0.033265 0.077088
v 0.234202 -0.038483 0.083447
v 0.229217 -0.047089 0.063265
v 0.234202 -0.053447 0.068483
v 0.229217 -0.057950 0.047010
v 0.234202 -0.065203 0.050887
v 0.229217 -0.065431 0.028949
v 0.234202 -0.073302 0.031336
v 0.229217 -0.069245 0.009775
v 0.234202 -0.077430 0.010581
v 0.229217 -0.069245 -0.009775
v 0.234202 -0.077430 -0.010581
v 0.229217 -0.065431 -0.028949
v 0.234202 -0.073302 -0.031336
v 0.229217 -0.057950 -0.047010
v 0.234202 -0.065203 -0.050887
v 0.229217 -0.047089 -0.063265
v 0.234202 -0.053447 -0.068483
v 0.229217 -0.033265 -0.077089
v 0.234202 -0.038483 -0.083447
v 0.229217 -0.017010 -0.087950
v 0.234202 -0.020887 -0.095203
v 0.229217 0.001051 -0.095431
v 0.234202 -0.001336 -0.103302
v 0.229217 0.020225 -0.099245
v 0.234202 0.019419 -0.107430
v 0.245710 0.030000 -0.128473
v 0.241501 0.030000 -0.121601
v 0.237755 0.052376 -0.112490
v 0.241501 0.053723 -0.119264
v 0.237755 0.073892 -0.105964
v 0.241501 0.076535 -0.112344
v 0.237755 0.093721 -0.095365
v 0.241501 0.097558 -0.101107
v 0.237755 0.111101 -0.081101
v 0.241501 0.115985 -0.085985
v 0.237755 0.125365 -0.063721
v 0.241501 0.131107 -0.067558
v 0.237755 0.135964 -0.043892
v 0.241501 0.142344 -0.046535
v 0.237755 0.142490 -0.022376
v 0.241501 0.149264 -0.023723
v 0.237755 0.144694 0.000000
v 0.241501 0.151601 0.000000
v 0.237755 0.142490 0.022376
v 0.241501 0.149264 0.023723
v 0.237755 0.135964 0.043892
v 0.241501 0.142344 0.046535
v 0.237755 0.125365 0.063721
v 0.241501 0.131107 0.067558
v 0.237755 0.111101 0.081101
v 0.241501 0.115985 0.085985
v 0.237755 0.093721 0.095365
v 0.241501 0.097558 0.101107
v 0.237755 0.073892 0.105964
v 0.241501 0.076535 0.112344
v 0.237755 0.052376 0.112490
v 0.241501 0.053723 0.119264
v 0.237755 0.030000 0.114694
v 0.241501 0.030000 0.121601
v 0.237755 0.007624 0.112491
v 0.241501 0.006277 0.119264
v 0.237755 -0.013892 0.105964
v 0.241501 -0.016535 0.112344
v 0.237755 -0.033721 0.095365
v 0.241501 -0.037558 0.101107
v 0.237755 -0.051101 0.081101
v 0.241501 -0.055985 0.085985
v 0.237755 -0.065365 0.063721
v 0.241501 -0.071107 0.067558
v 0.237755 -0.075964 0.043892
v 0.241501 -0.082344 0.046535
v 0.237755 -0.082491 0.022376
v 0.241501 -0.089264 0.023723
v 0.237755 -0.084694 0.000000
v 0.241501 -0.091601 0.000000
v 0.237755 -0.082490 -0.022376
v 0.241501 -0.089264 -0.023723
v 0.237755 -0.075964 -0.043892
v 0.241501 -0.082344 -0.046535
v 0.237755 -0.065365 -0.063721
v 0.241501 -0.071107 -0.067558
v 0.237755 -0.051101 -0.081101
v 0.241501 -0.055985 -0.085985
v 0.237755 -0.033721 -0.095365
v 0.241501 -0.037558 -0.101107
v 0.237755 -0.013892 -0.105964
v 0.241501 -0.016535 -0.112344
v 0.237755 0.007624 -0.112490
v 0.241501 0.006277 -0.119264
v 0.239160 0.041519 -0.116952
v 0.243973 0.042318 -0.125069
v 0.239160 0.064114 -0.112457
v 0.243973 0.066481 -0.120263
v 0.239160 0.085397 -0.103641
v 0.243973 0.089243 -0.110835
v 0.239160 0.104552 -0.090842
v 0.243973 0.109727 -0.097148
v 0.239160 0.120842 -0.074552
v 0.243973 0.127148 -0.079727
v 0.239160 0.133641 -0.055397
v 0.243973 0.140835 -0.059243
v 0.239160 0.142457 -0.034114
v 0.243973 0.150263 -0.036481
v 0.239160 0.146952 -0.011519
v 0.243973 0.155069 -0.012318
v 0.239160 0.146952 0.011519
v 0.243973 0.155069 0.012318
v 0.239160 0.142457 0.034114
v 0.243973 0.150263 0.036481
v 0.239160 0.133641 0.055397
v 0.243973 0.140835 0.059243
v 0.239160 0.120842 0.074552
v 0.243973 0.127148 0.079727
v 0.239160 0.104552 0.090842
v 0.243973 0.109727 0.097148
v 0.239160 0.085397 0.103641
v 0.243973 0.089243 0.110835
v 0.239160 0.064114 0.112457
v 0.243973 0.066481 0.120263
v 0.239160 0.041519 0.116952
v 0.243973 0.042318 0.125069
v 0.239160 0.018481 0.116952
v 0.243973 0.017682 0.125069
v 0.239160 -0.004114 0.112457
v 0.243973 -0.006481 0.120263
v 0.239160 -0.025397 0.103641
v 0.243973 -0.029243 0.110835
v 0.239160 -0.044552 0.090842
v 0.243973 -0.049727 0.097148
v 0.239160 -0.060842 0.074552
v 0.243973 -0.067148 0.079727
v 0.239160 -0.073641 0.055397
v 0.243973 -0.080835 0.059243
v 0.239160 -0.082457 0.034114
v 0.243973 -0.090263 0.036481
v 0.239160 -0.086952 0.011519
v 0.243973 -0.095069 0.012318
v 0.239160 -0.086952 -0.011519
v 0.243973 -0.095069 -0.012318
v 0.239160 -0.082457 -0.034114
v 0.243973 -0.090263 -0.036481
v 0.239160 -0.073641 -0.055397
v 0.243973 -0.080835 -0.059243
v 0.239160 -0.060842 -0.074552
v 0.243973 -0.067148 -0.079727
v 0.239160 -0.044552 -0.090842
v 0.243973 -0.049727 -0.097148
v 0.239160 -0.025397 -0.103641
v 0.243973 -0.029243 -0.110835
v 0.239160 -0.004114 -0.112457
v 0.243973 -0.006481 -0.120263
v 0.239160 0.018481 -0.116952
v 0.243973 0.017682 -0.125069
v 0.255760 0.030000 -0.146232
v 0.251552 0.030000 -0.139224
v 0.247750 0.055808 -0.129744
v 0.251552 0.057161 -0.136548
v 0.247750 0.080624 -0.122216
v 0.251552 0.083279 -0.128626
v 0.247750 0.103494 -0.109992
v 0.251552 0.107349 -0.115760
v 0.247750 0.123540 -0.093540
v 0.251552 0.128446 -0.098446
v 0.247750 0.139992 -0.073494
v 0.251552 0.145760 -0.077349
v 0.247750 0.152216 -0.050624
v 0.251552 0.158626 -0.053279
v 0.247750 0.159744 -0.025808
v 0.251552 0.166549 -0.027161
v 0.247750 0.162286 0.000000
v 0.251552 0.169224 0.000000
v 0.247750 0.159744 0.025808
v 0.251552 0.166549 0.027161
v 0.247750 0.152216 0.050624
v 0.251552 0.158626 0.053279
v 0.247750 0.139992 0.073494
v 0.251552 0.145760 0.077349
v 0.247750 0.123540 0.093540
v 0.251552 0.128446 0.098446
v 0.247750 0.103494 0.109992
v 0.251552 0.107349 0.115760
v 0.247750 0.080624 0.122216
v 0.251552 0.083279 0.128626
v 0.247750 0.055808 0.129744
v 0.251552 0.057161 0.136549
v 0.247750 0.030000 0.132286
v 0.251552 0.030000 0.139224
v 0.247750 0.004192 0.129744
v 0.251552 0.002839 0.136549
v 0.247750 -0.020624 0.122216
v 0.251552 -0.023279 0.128626
v 0.247750 -0.043494 0.109992
v 0.251552 -0.047349 0.115760
v 0.247750 -0.063540 0.093540
v 0.251552 -0.068446 0.098446
v 0.247750 -0.079992 0.073494
v 0.251552 -0.085760 0.077349
v 0.247750 -0.092216 0.050624
v 0.251552 -0.098626 0.053279
v 0.247750 -0.099744 0.025808
v 0.251552 -0.106548 0.027161
v 0.247750 -0.102286 0.000000
v 0.251552 -0.109224 0.000000
v 0.247750 -0.099744 -0.025808
v 0.251552 -0.106548 -0.027161
v 0.247750 -0.092216 -0.050624
v 0.251552 -0.098626 -0.053279
v 0.247750 -0.079992 -0.073494
v 0.251552 -0.085760 -0.077349
v 0.247750 -0.063540 -0.093540
v 0.251552 -0.068446 -0.098446
v 0.247750 -0.043494 -0.109992
v 0.251552 -0.047349 -0.115760
v 0.247750 -0.020624 -0.122216
v 0.251552 -0.023279 -0.128626
v 0.247750 0.004192 -0.129744
v 0.251552 0.002839 -0.136549
v 0.249177 0.043239 -0.134416
v 0.254043 0.044056 -0.142709
v 0.249177 0.069208 -0.129250
v 0.254043 0.071627 -0.137225
v 0.249177 0.093670 -0.119118
v 0.254043 0.097598 -0.126467
v 0.249177 0.115685 -0.104407
v 0.254043 0.120972 -0.110849
v 0.249177 0.134407 -0.085685
v 0.254043 0.140849 -0.090972
v 0.249177 0.149118 -0.063670
v 0.254043 0.156467 -0.067598
v 0.249177 0.159250 -0.039208
v 0.254043 0.167225 -0.041627
v 0.249177 0.164416 -0.013239
v 0.254043 0.172709 -0.014056
v 0.249177 0.164416 0.013239
v 0.254043 0.172709 0.014056
v 0.249177 0.159250 0.039208
v 0.254043 0.167225 0.041627
v 0.249177 0.149118 0.063670
v 0.254043 0.156467 0.067598
v 0.249177 0.134407 0.085685
v 0.254043 0.140849 0.090972
v 0.249177 0.115685 0.104407
v 0.254043 0.120972 0.110849
v 0.249177 0.093670 0.119118
v 0.254043 0.097598 0.126467
v 0.249177 0.069208 0.129250
v 0.254043 0.071627 0.137225
v 0.249177 0.043239 0.134416
v 0.254043 0.044056 0.142709
v 0.249177 0.016761 0.134416
v 0.254043 0.015944 0.142709
v 0.249177 -0.009208 0.129250
v 0.254043 -0.011627 0.137225
v 0.249177 -0.033670 0.119118
v 0.254043 -0.037598 0.126467
v 0.249177 -0.055685 0.104407
v 0.254043 -0.060972 0.110849
v 0.249177 -0.074407 0.085685
v 0.254043 -0.080849 0.090972
v 0.249177 -0.089118 0.063670
v 0.254043 -0.096467 0.067598
v 0.249177 -0.099250 0.039208
v 0.254043 -0.107225 0.041627
v 0.249177 -0.104416 0.013239
v 0.254043 -0.112709 0.014056
v 0.249177 -0.104416 -0.013239
v 0.254043 -0.112709 -0.014056
v 0.249177 -0.099250 -0.039208
v 0.254043 -0.107225 -0.041627
v 0.249177 -0.089118 -0.063670
v 0.254043 -0.096467 -0.067598
v 0.249177 -0.074407 -0.085685
v 0.254043 -0.080849 -0.090972
v 0.249177 -0.055685 -0.104407
v 0.254043 -0.060972 -0.110849
v 0.249177 -0.033670 -0.119118
v 0.254043 -0.037598 -0.126467
v 0.249177 -0.009208 -0.129250
v 0.254043 -0.011627 -0.137225
v 0.249177 0.016761 -0.134416
v 0.254043 0.015944 -0.142709
v 0.265806 0.030000 -0.164232
v 0.261603 0.030000 -0.157332
v 0.257755 0.059289 -0.147245
v 0.261603 0.060694 -0.154309
v 0.257755 0.087452 -0.138701
v 0.261603 0.090208 -0.145356
v 0.257755 0.113407 -0.124828
v 0.261603 0.117409 -0.130817
v 0.257755 0.136157 -0.106157
v 0.261603 0.141251 -0.111251
v 0.257755 0.154828 -0.083407
v 0.261603 0.160817 -0.087409
v 0.257755 0.168701 -0.057452
v 0.261603 0.175356 -0.060208
v 0.257755 0.177245 -0.029289
v 0.261603 0.184309 -0.030694
v 0.257755 0.180129 0.000000
v 0.261603 0.187332 0.000000
v 0.257755 0.177245 0.029289
v 0.261603 0.184309 0.030694
v 0.257755 0.168701 0.057452
v 0.261603 0.175356 0.060208
v 0.257755 0.154828 0.083407
v 0.261603 0.160817 0.087409
v 0.257755 0.136157 0.106157
v 0.261603 0.141251 0.111251
v 0.257755 0.113407 0.124828
v 0.261603 0.117409 0.130817
v 0.257755 0.087452 0.138701
v 0.261603 0.090209 0.145356
v 0.257755 0.059289 0.147245
v 0.261603 0.060694 0.154309
v 0.257755 0.030000 0.150129
v 0.261603 0.030000 0.157332
v 0.257755 0.000711 0.147245
v 0.261603 -0.000694 0.154309
v 0.257755 -0.027452 0.138701
v 0.261603 -0.030208 0.145356
v 0.257755 -0.053407 0.124828
v 0.261603 -0.057409 0.130817
v 0.257755 -0.076157 0.106157
v 0.261603 -0.081251 0.111251
v 0.257755 -0.094828 0.083407
v 0.261603 -0.100817 0.087409
v 0.257755 -0.108701 0.057452
v 0.261603 -0.115356 0.060209
v 0.257755 -0.117245 0.029289
v 0.261603 -0.124309 0.030694
v 0.257755 -0.120129 -0.000000
v 0.261603 -0.127332 -0.000000
v 0.257755 -0.117245 -0.029289
v 0.261603 -0.124309 -0.030694
v 0.257755 -0.108701 -0.057452
v 0.261603 -0.115356 -0.060209
v 0.257755 -0.094828 -0.083407
v 0.261603 -0.100817 -0.087409
v 0.257755 -0.076157 -0.106157
v 0.261603 -0.081251 -0.111251
v 0.257755 -0.053407 -0.124828
v 0.261603 -0.057409 -0.130817
v 0.257755 -0.027452 -0.138701
v 0.261603 -0.030208 -0.145356
v 0.257755 0.000711 -0.147245
v 0.261603 -0.000694 -0.154309
v 0.259195 0.045000 -0.152296
v 0.264114 0.045835 -0.160773
v 0.259195 0.074423 -0.146443
v 0.264114 0.076896 -0.154595
v 0.259195 0.102139 -0.134963
v 0.264114 0.106155 -0.142475
v 0.259195 0.127083 -0.118296
v 0.264114 0.132487 -0.124881
v 0.259195 0.148296 -0.097083
v 0.264114 0.154881 -0.102487
v 0.259195 0.164963 -0.072139
v 0.264114 0.172475 -0.076155
v 0.259195 0.176443 -0.044423
v 0.264114 0.184595 -0.046896
v 0.259195 0.182296 -0.015000
v 0.264114 0.190773 -0.015835
v 0.259195 0.182296 0.015000
v 0.264114 0.190773 0.015835
v 0.259195 0.176443 0.044423
v 0.264114 0.184595 0.046896
v 0.259195 0.164963 0.072139
v 0.264114 0.172475 0.076155
v 0.259195 0.148296 0.097083
v 0.264114 0.154881 0.102487
v 0.259195 0.127083 0.118296
v 0.264114 0.132487 0.124881
v 0.259195 0.102139 0.134963
v 0.264114 0.106155 0.142475
v 0.259195 0.074423 0.146443
v 0.264114 0.076896 0.154595
v 0.259195 0.045000 0.152296
v 0.264114 0.045835 0.160773
v 0.259195 0.015000 0.152296
v 0.264114 0.014165 0.160773
v 0.259195 -0.014423 0.146443
v 0.264114 -0.016896 0.154595
v 0.259195 -0.042139 0.134963
v 0.264114 -0.046155 0.142475
v 0.259195 -0.067083 0.118296
v 0.264114 -0.072487 0.124881
v 0.259195 -0.088296 0.097083
v 0.264114 -0.094881 0.102487
v 0.259195 -0.104963 0.072139
v 0.264114 -0.112475 0.076155
v 0.259195 -0.116443 0.044423
v 0.264114 -0.124595 0.046896
v 0.259195 -0.122296 0.015000
v 0.264114 -0.130773 0.015835
v 0.259195 -0.122296 -0.015000
v 0.264114 -0.130773 -0.015835
v 0.259195 -0.116443 -0.044423
v 0.264114 -0.124595 -0.046896
v 0.259195 -0.104963 -0.072139
v 0.264114 -0.112475 -0.076155
v 0.259195 -0.088296 -0.097083
v 0.264114 -0.094881 -0.102487
v 0.259195 -0.067083 -0.118296
v 0.264114 -0.072487 -0.124881
v 0.259195 -0.042139 -0.134963
v 0.264114 -0.046155 -0.142475
v 0.259195 -0.014423 -0.146443
v 0.264114 -0.016896 -0.154595
v 0.259195 0.015000 -0.152296
v 0.264114 0.014165 -0.160773
v 0.267640 0.062712 -0.164453
v 0.267640 0.094166 -0.154911
v 0.267640 0.123155 -0.139416
v 0.267640 0.148564 -0.118564
v 0.267640 0.169416 -0.093155
v 0.267640 0.184911 -0.064166
v 0.267640 0.194453 -0.032712
v 0.267640 0.197675 0.000000
v 0.267640 0.194453 0.032712
v 0.267640 0.184911 0.064166
v 0.267640 0.169416 0.093155
v 0.267640 0.148564 0.118564
v 0.267640 0.123155 0.139416
v 0.267640 0.094166 0.154911
v 0.267640 0.062712 0.164453
v 0.267640 0.030000 0.167675
v 0.267640 -0.002712 0.164453
v 0.267640 -0.034166 0.154911
v 0.267640 -0.063155 0.139416
v 0.267640 -0.088564 0.118564
v 0.267640 -0.109416 0.093155
v 0.267640 -0.124911 0.064166
v 0.267640 -0.134453 0.032712
v 0.267640 -0.137675 -0.000000
v 0.267640 -0.134453 -0.032712
v 0.267640 -0.124911 -0.064166
v 0.267640 -0.109416 -0.093155
v 0.267640 -0.088564 -0.118564
v 0.267640 -0.063155 -0.139416
v 0.267640 -0.034166 -0.154911
v 0.267640 -0.002712 -0.164453
v 0.271518 0.030000 -0.176279
v 0.269055 0.013249 -0.170077
v 0.269055 -0.019610 -0.163541
v 0.269055 -0.050562 -0.150720
v 0.269055 -0.078418 -0.132107
v 0.269055 -0.102107 -0.108418
v 0.269055 -0.120720 -0.080562
v 0.269055 -0.133541 -0.049610
v 0.269055 -0.140077 -0.016751
v 0.269055 -0.140077 0.016751
v 0.269055 -0.133541 0.049610
v 0.269055 -0.120720 0.080562
v 0.269055 -0.102107 0.108418
v 0.269055 -0.078418 0.132107
v 0.269055 -0.050562 0.150720
v 0.269055 -0.019610 0.163541
v 0.269055 0.013249 0.170077
v 0.269055 0.046751 0.170077
v 0.269055 0.079610 0.163541
v 0.269055 0.110562 0.150720
v 0.269055 0.138418 0.132107
v 0.269055 0.162107 0.108418
v 0.269055 0.180720 0.080562
v 0.269055 0.193541 0.049610
v 0.269055 0.200077 0.016751
v 0.269055 0.200077 -0.016751
v 0.269055 0.193541 -0.049610
v 0.269055 0.180720 -0.080562
v 0.269055 0.162107 -0.108418
v 0.269055 0.138418 -0.132107
v 0.269055 0.110562 -0.150720
v 0.269055 0.079610 -0.163541
v 0.269055 0.046751 -0.170077
v 0.225657 0.030000 -0.093216
v 0.220107 0.046592 -0.083416
v 0.220107 0.062547 -0.078576
v 0.220107 0.077251 -0.070716
v 0.220107 0.090139 -0.060139
v 0.220107 0.100716 -0.047251
v 0.220107 0.108576 -0.032547
v 0.220107 0.113416 -0.016592
v 0.220107 0.115050 0.000000
v 0.220107 0.113416 0.016592
v 0.220107 0.108576 0.032547
v 0.220107 0.100716 0.047251
v 0.220107 0.090139 0.060139
v 0.220107 0.077251 0.070716
v 0.220107 0.062547 0.078576
v 0.220107 0.046592 0.083416
v 0.220107 0.030000 0.085050
v 0.220107 0.013408 0.083416
v 0.220107 -0.002547 0.078576
v 0.220107 -0.017251 0.070716
v 0.220107 -0.030139 0.060139
v 0.220107 -0.040716 0.047251
v 0.220107 -0.048576 0.032547
v 0.220107 -0.053416 0.016592
v 0.220107 -0.055050 0.000000
v 0.220107 -0.053416 -0.016592
v 0.220107 -0.048576 -0.032547
v 0.220107 -0.040716 -0.047251
v 0.220107 -0.030139 -0.060139
v 0.220107 -0.017251 -0.070716
v 0.220107 -0.002547 -0.078576
v 0.220107 0.013408 -0.083416
v 0.223510 0.038832 -0.089669
v 0.223510 0.056155 -0.086223
v 0.223510 0.072474 -0.079463
v 0.223509 0.087160 -0.069650
v 0.223509 0.099650 -0.057160
v 0.223509 0.109463 -0.042474
v 0.223509 0.116223 -0.026155
v 0.223509 0.119669 -0.008832
v 0.223509 0.119669 0.008832
v 0.223509 0.116223 0.026155
v 0.223509 0.109463 0.042474
v 0.223509 0.099650 0.057160
v 0.223509 0.087160 0.069650
v 0.223510 0.072474 0.079463
v 0.223510 0.056155 0.086223
v 0.223510 0.038832 0.089669
v 0.223510 0.021168 0.089669
v 0.223510 0.003845 0.086223
v 0.223510 -0.012474 0.079463
v 0.223510 -0.027160 0.069650
v 0.223510 -0.039650 0.057160
v 0.223510 -0.049463 0.042474
v 0.223510 -0.056223 0.026155
v 0.223510 -0.059669 0.008832
v 0.223510 -0.059669 -0.008832
v 0.223510 -0.056223 -0.026155
v 0.223510 -0.049463 -0.042474
v 0.223510 -0.039650 -0.057160
v 0.223510 -0.027160 -0.069650
v 0.223510 -0.012474 -0.079463
v 0.223510 0.003845 -0.086223
v 0.223510 0.021168 -0.089669
v 0.243048 0.031150 -0.011679
v 0.243048 0.033407 -0.011230
v 0.243048 0.035532 -0.010350
v 0.243048 0.037445 -0.009072
v 0.243048 0.039072 -0.007445
v 0.243048 0.040350 -0.005532
v 0.243048 0.041230 -0.003407
v 0.243048 0.041679 -0.001150
v 0.243048 0.041679 0.001150
v 0.243048 0.041230 0.003407
v 0.243048 0.040350 0.005532
v 0.243048 0.039072 0.007445
v 0.243048 0.037445 0.009072
v 0.243048 0.035532 0.010350
v 0.243048 0.033407 0.011230
v 0.243048 0.031150 0.011679
v 0.243048 0.028850 0.011679
v 0.243048 0.026593 0.011230
v 0.243048 0.024468 0.010350
v 0.243048 0.022555 0.009072
v 0.243048 0.020928 0.007445
v 0.243048 0.019650 0.005532
v 0.243048 0.018770 0.003407
v 0.243048 0.018321 0.001150
v 0.243048 0.018321 -0.001150
v 0.243048 0.018770 -0.003407
v 0.243048 0.019650 -0.005532
v 0.243048 0.020928 -0.007445
v 0.243048 0.022555 -0.009072
v 0.243048 0.024468 -0.010350
v 0.243048 0.026593 -0.011230
v 0.243048 0.028850 -0.011679
v 0.239475 0.030000 -0.025180
v 0.225219 0.041483 -0.057728
v 0.225219 0.052525 -0.054379
v 0.225219 0.062701 -0.048940
v 0.225219 0.071620 -0.041620
v 0.225219 0.078940 -0.032701
v 0.225219 0.084379 -0.022525
v 0.225219 0.087728 -0.011483
v 0.225219 0.088859 0.000000
v 0.225219 0.087728 0.011483
v 0.225219 0.084379 0.022525
v 0.225219 0.078940 0.032701
v 0.225219 0.071620 0.041620
v 0.225219 0.062701 0.048940
v 0.225219 0.052525 0.054379
v 0.225219 0.041483 0.057728
v 0.225219 0.030000 0.058859
v 0.225219 0.018517 0.057728
v 0.225219 0.007475 0.054379
v 0.225219 -0.002701 0.048940
v 0.225219 -0.011620 0.041620
v 0.225219 -0.018940 0.032701
v 0.225219 -0.024379 0.022525
v 0.225219 -0.027728 0.011483
v 0.225219 -0.028859 0.000000
v 0.225219 -0.027728 -0.011483
v 0.225219 -0.024379 -0.022525
v 0.225219 -0.018940 -0.032701
v 0.225219 -0.011620 -0.041620
v 0.225219 -0.002701 -0.048940
v 0.225219 0.007475 -0.054379
v 0.225219 0.018517 -0.057728
v 0.225219 0.030000 -0.058859
v 0.239475 0.034912 -0.024696
v 0.239475 0.039636 -0.023263
v 0.239475 0.043989 -0.020936
v 0.239475 0.047805 -0.017805
v 0.239475 0.050936 -0.013989
v 0.239475 0.053263 -0.009636
v 0.239475 0.054696 -0.004912
v 0.239475 0.055180 0.000000
v 0.239475 0.054696 0.004912
v 0.239475 0.053263 0.009636
v 0.239475 0.050936 0.013989
v 0.239475 0.047805 0.017805
v 0.239475 0.043989 0.020936
v 0.239475 0.039636 0.023263
v 0.239475 0.034912 0.024696
v 0.239475 0.030000 0.025180
v 0.239475 0.025088 0.024696
v 0.239475 0.020364 0.023263
v 0.239475 0.016011 0.020936
v 0.239475 0.012195 0.017805
v 0.239475 0.009064 0.013989
v 0.239475 0.006737 0.009636
v 0.239475 0.005304 0.004912
v 0.239475 0.004820 0.000000
v 0.239475 0.005304 -0.004912
v 0.239475 0.006737 -0.009636
v 0.239475 0.009064 -0.013989
v 0.239475 0.012195 -0.017805
v 0.239475 0.016011 -0.020936
v 0.239475 0.020364 -0.023263
v 0.239475 0.025088 -0.024696
v 0.233333 0.025893 -0.041704
v 0.233333 0.017835 -0.040101
v 0.233333 0.010246 -0.036957
v 0.233333 0.003415 -0.032394
v 0.233333 -0.002394 -0.026585
v 0.233333 -0.006957 -0.019754
v 0.233333 -0.010101 -0.012165
v 0.233333 -0.011704 -0.004107
v 0.233333 -0.011704 0.004107
v 0.233333 -0.010101 0.012165
v 0.233333 -0.006958 0.019754
v 0.233333 -0.002394 0.026585
v 0.233333 0.003415 0.032394
v 0.233333 0.010246 0.036958
v 0.233333 0.017835 0.040101
v 0.233333 0.025893 0.041704
v 0.233333 0.034107 0.041704
v 0.233333 0.042165 0.040101
v 0.233333 0.049754 0.036957
v 0.233333 0.056585 0.032394
v 0.233333 0.062394 0.026585
v 0.233333 0.066957 0.019754
v 0.233333 0.070101 0.012165
v 0.233333 0.071704 0.004107
v 0.233333 0.071704 -0.004107
v 0.233333 0.070101 -0.012165
v 0.233333 0.066957 -0.019754
v 0.233333 0.062394 -0.026585
v 0.233333 0.056585 -0.032394
v 0.233333 0.049754 -0.036957
v 0.233333 0.042165 -0.040101
v 0.233333 0.034107 -0.041704
v 0.220107 0.030000 -0.085050
v 0.215856 0.045069 -0.075755
v 0.215856 0.059558 -0.071360
v 0.215856 0.072912 -0.064222
v 0.215856 0.084616 -0.054616
v 0.215856 0.094222 -0.042912
v 0.215856 0.101360 -0.029558
v 0.215856 0.105755 -0.015069
v 0.215856 0.107239 0.000000
v 0.215856 0.105755 0.015069
v 0.215856 0.101360 0.029558
v 0.215856 0.094222 0.042912
v 0.215856 0.084616 0.054616
v 0.215856 0.072912 0.064222
v 0.215856 0.059558 0.071360
v 0.215856 0.045069 0.075755
v 0.215856 0.030000 0.077239
v 0.215856 0.014931 0.075755
v 0.215856 0.000442 0.071360
v 0.215856 -0.012912 0.064222
v 0.215856 -0.024616 0.054616
v 0.215856 -0.034222 0.042912
v 0.215856 -0.041360 0.029558
v 0.215856 -0.045755 0.015069
v 0.215856 -0.047239 0.000000
v 0.215856 -0.045755 -0.015069
v 0.215856 -0.041360 -0.029558
v 0.215856 -0.034222 -0.042912
v 0.215856 -0.024616 -0.054616
v 0.215856 -0.012912 -0.064222
v 0.215856 0.000442 -0.071360
v 0.215856 0.014931 -0.075755
v 0.216938 0.022132 -0.079887
v 0.216938 0.006698 -0.076817
v 0.216938 -0.007841 -0.070795
v 0.216938 -0.020925 -0.062052
v 0.216938 -0.032052 -0.050925
v 0.216938 -0.040795 -0.037841
v 0.216938 -0.046817 -0.023302
v 0.216938 -0.049887 -0.007868
v 0.216938 -0.049887 0.007868
v 0.216938 -0.046817 0.023302
v 0.216938 -0.040795 0.037841
v 0.216938 -0.032052 0.050925
v 0.216938 -0.020925 0.062052
v 0.216938 -0.007841 0.070795
v 0.216938 0.006698 0.076817
v 0.216938 0.022132 0.079887
v 0.216938 0.037868 0.079887
v 0.216938 0.053302 0.076817
v 0.216938 0.067841 0.070795
v 0.216938 0.080925 0.062052
v 0.216938 0.092052 0.050925
v 0.216938 0.100795 0.037841
v 0.216938 0.106817 0.023302
v 0.216938 0.109887 0.007868
v 0.216938 0.109887 -0.007868
v 0.216938 0.106817 -0.023302
v 0.216938 0.100795 -0.037841
v 0.216938 0.092052 -0.050925
v 0.216938 0.080925 -0.062052
v 0.216938 0.067841 -0.070795
v 0.216938 0.053302 -0.076817
v 0.216938 0.037868 -0.079887
v 0.280383 0.245820 -0.065468
v 0.280383 -0.144338 0.143076
v 0.280383 0.254445 -0.022106
v 0.280383 -0.168901 0.106315
v 0.280383 0.254445 0.022106
v 0.280383 -0.185820 0.065468
v 0.280383 0.245820 0.065468
v 0.280383 -0.194445 0.022106
v 0.280383 0.228901 0.106315
v 0.280383 -0.194445 -0.022106
v 0.280383 0.204338 0.143076
v 0.280383 -0.185820 -0.065468
v 0.280383 0.173076 0.174338
v 0.280383 -0.168901 -0.106315
v 0.280383 0.136315 0.198901
v 0.280383 -0.144338 -0.143076
v 0.280383 0.095468 0.215820
v 0.280383 0.095468 -0.215820
v 0.280383 -0.113076 -0.174338
v 0.280383 0.052106 0.224445
v 0.280383 0.007894 -0.224445
v 0.280383 -0.076315 -0.198901
v 0.280383 0.007894 0.224445
v 0.280383 0.173076 -0.174338
v 0.280383 -0.035468 -0.215820
v 0.280383 -0.035468 0.215820
v 0.280383 0.204338 -0.143076
v 0.280383 -0.076315 0.198901
v 0.280383 0.228901 -0.106315
v 0.280383 0.136315 -0.198901
v 0.280383 -0.113076 0.174338
v 0.279398 -0.158827 -0.100930
v 0.279398 0.009014 -0.213078
v 0.279398 0.130930 -0.188827
v 0.279398 0.165829 -0.165509
v 0.279398 0.195509 -0.135829
v 0.279398 0.218827 -0.100930
v 0.279398 0.234890 -0.062153
v 0.279398 0.243078 -0.020986
v 0.279398 0.243078 0.020986
v 0.279398 0.234890 0.062153
v 0.279398 0.218827 0.100930
v 0.279398 0.195509 0.135829
v 0.279398 0.165829 0.165509
v 0.279398 0.130930 0.188827
v 0.279398 0.092153 0.204890
v 0.279398 0.050986 0.213078
v 0.279398 0.009014 0.213078
v 0.279398 -0.032153 0.204890
v 0.279398 -0.070930 0.188827
v 0.279398 -0.105829 0.165509
v 0.279398 -0.135509 0.135829
v 0.279398 -0.158827 0.100930
v 0.279398 -0.174890 0.062153
v 0.279398 -0.183078 0.020986
v 0.279398 -0.183078 -0.020986
v 0.282972 -0.180411 -0.063828
v 0.279398 -0.174890 -0.062153
v 0.279398 -0.135509 -0.135829
v 0.279398 -0.105829 -0.165509
v 0.279398 -0.070930 -0.188827
v 0.279398 -0.032153 -0.204890
v 0.280383 0.052106 -0.224445
v 0.279398 0.092153 -0.204890
v 0.276500 -0.177614 0.020448
v 0.282972 0.169490 0.169969
v 0.282972 -0.163916 -0.103650
v 0.282972 0.133650 0.193916
v 0.282972 0.051552 -0.218820
v 0.282972 -0.139969 -0.139490
v 0.282972 0.093828 0.210411
v 0.282972 0.093828 -0.210411
v 0.282972 -0.109490 -0.169969
v 0.282972 0.051552 0.218820
v 0.282972 0.133650 -0.193916
v 0.282972 -0.073650 -0.193916
v 0.282972 0.008448 0.218821
v 0.282972 0.169490 -0.169969
v 0.282972 -0.033828 -0.210411
v 0.282972 -0.033828 0.210411
v 0.282972 0.199969 -0.139490
v 0.282972 0.008448 -0.218820
v 0.282972 -0.073650 0.193916
v 0.282972 0.223916 -0.103650
v 0.282972 -0.109490 0.169969
v 0.282972 0.240411 -0.063828
v 0.282972 -0.139969 0.139490
v 0.282972 0.248820 -0.021552
v 0.282972 -0.163916 0.103650
v 0.282972 0.248820 0.021552
v 0.282972 -0.180411 0.063828
v 0.282972 0.240411 0.063828
v 0.282972 -0.188820 0.021552
v 0.282972 0.223916 0.103650
v 0.282972 -0.188820 -0.021552
v 0.282972 0.199969 0.139490
v 0.281531 0.052071 -0.224096
v 0.282634 0.051951 -0.222874
v 0.281531 0.095366 -0.215484
v 0.282634 0.095010 -0.214309
v 0.281531 0.136149 -0.198591
v 0.282634 0.135570 -0.197508
v 0.281531 0.172853 -0.174066
v 0.282634 0.172074 -0.173117
v 0.281531 0.204066 -0.142853
v 0.282634 0.203117 -0.142074
v 0.281531 0.228591 -0.106149
v 0.282634 0.227508 -0.105570
v 0.281531 0.245484 -0.065366
v 0.282634 0.244309 -0.065010
v 0.281531 0.254096 -0.022071
v 0.282634 0.252874 -0.021951
v 0.281531 0.254096 0.022071
v 0.282634 0.252874 0.021951
v 0.281531 0.245484 0.065366
v 0.282634 0.244309 0.065010
v 0.281531 0.228591 0.106149
v 0.282634 0.227508 0.105570
v 0.281531 0.204066 0.142853
v 0.282634 0.203117 0.142074
v 0.281531 0.172853 0.174066
v 0.282634 0.172074 0.173117
v 0.281531 0.136149 0.198591
v 0.282634 0.135570 0.197508
v 0.281531 0.095366 0.215484
v 0.282634 0.095010 0.214309
v 0.281531 0.052071 0.224096
v 0.282634 0.051951 0.222874
v 0.281531 0.007929 0.224096
v 0.282634 0.008049 0.222874
v 0.281531 -0.035366 0.215484
v 0.282634 -0.035010 0.214309
v 0.281531 -0.076149 0.198591
v 0.282634 -0.075570 0.197508
v 0.281531 -0.112853 0.174066
v 0.282634 -0.112074 0.173117
v 0.281531 -0.144066 0.142853
v 0.282634 -0.143117 0.142074
v 0.281531 -0.168591 0.106149
v 0.282634 -0.167508 0.105570
v 0.281531 -0.185484 0.065366
v 0.282634 -0.184309 0.065010
v 0.281531 -0.194096 0.022071
v 0.282634 -0.192874 0.021951
v 0.281531 -0.194096 -0.022071
v 0.282634 -0.192874 -0.021951
v 0.281531 -0.185484 -0.065366
v 0.282634 -0.184309 -0.065010
v 0.281531 -0.168591 -0.106149
v 0.282634 -0.167508 -0.105570
v 0.281531 -0.144066 -0.142853
v 0.282634 -0.143117 -0.142074
v 0.281531 -0.112853 -0.174066
v 0.282634 -0.112074 -0.173117
v 0.281531 -0.076149 -0.198591
v 0.282634 -0.075570 -0.197508
v 0.281531 -0.035366 -0.215484
v 0.282634 -0.035010 -0.214309
v 0.281531 0.007929 -0.224096
v 0.282634 0.008049 -0.222874
v 0.282634 0.051153 -0.214767
v 0.281490 0.051032 -0.213545
v 0.282634 0.092645 -0.206514
v 0.281489 0.092289 -0.205339
v 0.282634 0.131730 -0.190324
v 0.281489 0.131152 -0.189241
v 0.282634 0.166906 -0.166821
v 0.281489 0.166127 -0.165872
v 0.282634 0.196821 -0.136906
v 0.281489 0.195872 -0.136127
v 0.282634 0.220324 -0.101730
v 0.281489 0.219241 -0.101152
v 0.282634 0.236514 -0.062645
v 0.281489 0.235339 -0.062289
v 0.282634 0.244767 -0.021153
v 0.281489 0.243545 -0.021032
v 0.282634 0.244767 0.021153
v 0.281489 0.243545 0.021032
v 0.282634 0.236514 0.062645
v 0.281489 0.235339 0.062289
v 0.282634 0.220324 0.101730
v 0.281489 0.219242 0.101152
v 0.282634 0.196821 0.136906
v 0.281489 0.195872 0.136127
v 0.282634 0.166906 0.166821
v 0.281489 0.166127 0.165872
v 0.282634 0.131730 0.190324
v 0.281489 0.131152 0.189242
v 0.282634 0.092645 0.206514
v 0.281489 0.092289 0.205339
v 0.282634 0.051153 0.214767
v 0.281490 0.051032 0.213545
v 0.282634 0.008847 0.214767
v 0.281490 0.008968 0.213545
v 0.282634 -0.032645 0.206514
v 0.281490 -0.032289 0.205339
v 0.282634 -0.071730 0.190324
v 0.281490 -0.071152 0.189241
v 0.282634 -0.106906 0.166821
v 0.281490 -0.106127 0.165872
v 0.282634 -0.136821 0.136906
v 0.281490 -0.135872 0.136127
v 0.282634 -0.160324 0.101730
v 0.281490 -0.159241 0.101152
v 0.282634 -0.176514 0.062645
v 0.281490 -0.175339 0.062289
v 0.282634 -0.184767 0.021153
v 0.281490 -0.183545 0.021032
v 0.282634 -0.184767 -0.021153
v 0.281490 -0.183545 -0.021032
v 0.282634 -0.176514 -0.062645
v 0.281490 -0.175339 -0.062289
v 0.282634 -0.160324 -0.101730
v 0.281490 -0.159241 -0.101152
v 0.282634 -0.136821 -0.136906
v 0.281490 -0.135872 -0.136127
v 0.282634 -0.106906 -0.166821
v 0.281490 -0.106127 -0.165872
v 0.282634 -0.071730 -0.190324
v 0.281490 -0.071152 -0.189241
v 0.282634 -0.032645 -0.206514
v 0.281490 -0.032289 -0.205339
v 0.282634 0.008847 -0.214767
v 0.281490 0.008968 -0.213545
v 0.279398 0.050986 -0.213078
v 0.277994 0.050719 -0.210363
v 0.277994 0.091360 -0.202278
v 0.277994 0.129644 -0.186421
v 0.277994 0.164098 -0.163399
v 0.277994 0.193399 -0.134098
v 0.277994 0.216421 -0.099644
v 0.277994 0.232278 -0.061361
v 0.277994 0.240363 -0.020719
v 0.277994 0.240363 0.020719
v 0.277994 0.232278 0.061360
v 0.277994 0.216421 0.099644
v 0.277994 0.193399 0.134098
v 0.277994 0.164098 0.163399
v 0.277994 0.129644 0.186421
v 0.277994 0.091361 0.202278
v 0.277994 0.050719 0.210363
v 0.277994 0.009281 0.210363
v 0.277994 -0.031360 0.202278
v 0.277994 -0.069644 0.186421
v 0.277994 -0.104098 0.163399
v 0.277994 -0.133399 0.134098
v 0.277994 -0.156421 0.099644
v 0.277994 -0.172278 0.061361
v 0.277994 -0.180363 0.020719
v 0.277994 -0.180363 -0.020719
v 0.277994 -0.172278 -0.061361
v 0.277994 -0.156421 -0.099644
v 0.277994 -0.133399 -0.134098
v 0.277994 -0.104098 -0.163399
v 0.277994 -0.069644 -0.186421
v 0.277994 -0.031360 -0.202278
v 0.277994 0.009281 -0.210363
v 0.244805 0.030000 0.000000
v 0.276500 0.213985 0.098342
v 0.276500 -0.177614 -0.020448
v 0.276500 0.191264 0.132346
v 0.276500 -0.169635 -0.060559
v 0.276500 0.162346 0.161264
v 0.276500 -0.153985 -0.098342
v 0.276500 0.128342 0.183985
v 0.276500 0.050448 -0.207614
v 0.276500 -0.131264 -0.132346
v 0.276500 0.090559 0.199635
v 0.276500 0.090559 -0.199635
v 0.276500 -0.102346 -0.161264
v 0.276500 0.050448 0.207614
v 0.276500 0.128342 -0.183985
v 0.276500 -0.068342 -0.183985
v 0.276500 0.009552 0.207614
v 0.276500 0.162346 -0.161264
v 0.276500 -0.030559 -0.199635
v 0.276500 -0.030559 0.199635
v 0.276500 0.191264 -0.132346
v 0.276500 0.009552 -0.207614
v 0.276500 -0.068342 0.183985
v 0.276500 0.213985 -0.098342
v 0.276500 -0.102346 0.161264
v 0.276500 0.229635 -0.060559
v 0.276500 -0.131264 0.132346
v 0.276500 0.237614 -0.020448
v 0.276500 -0.153985 0.098342
v 0.276500 0.237614 0.020448
v 0.276500 -0.169635 0.060559
v 0.276500 0.229635 0.060559
v 0.275062 0.050326 -0.206369
v 0.275062 0.090195 -0.198438
v 0.275062 0.127752 -0.182881
v 0.275062 0.161552 -0.160297
v 0.275062 0.190297 -0.131552
v 0.275062 0.212881 -0.097752
v 0.275062 0.228438 -0.060195
v 0.275062 0.236369 -0.020326
v 0.275062 0.236369 0.020326
v 0.275062 0.228438 0.060195
v 0.275062 0.212881 0.097752
v 0.275062 0.190297 0.131552
v 0.275062 0.161552 0.160297
v 0.275062 0.127752 0.182881
v 0.275062 0.090195 0.198438
v 0.275062 0.050326 0.206369
v 0.275062 0.009674 0.206369
v 0.275062 -0.030195 0.198438
v 0.275063 -0.067752 0.182881
v 0.275063 -0.101552 0.160297
v 0.275063 -0.130297 0.131552
v 0.275063 -0.152881 0.097752
v 0.275063 -0.168438 0.060196
v 0.275063 -0.176369 0.020326
v 0.275063 -0.176369 -0.020326
v 0.275063 -0.168438 -0.060196
v 0.275063 -0.152881 -0.097752
v 0.275063 -0.130297 -0.131552
v 0.275063 -0.101552 -0.160297
v 0.275063 -0.067752 -0.182881
v 0.275062 -0.030195 -0.198438
v 0.275062 0.009674 -0.206369
v 0.275083 0.050108 -0.204160
v 0.275083 0.089551 -0.196314
v 0.275083 0.126706 -0.180924
v 0.275083 0.160144 -0.158581
v 0.275083 0.188581 -0.130144
v 0.275083 0.210924 -0.096706
v 0.275083 0.226314 -0.059551
v 0.275083 0.234160 -0.020108
v 0.275083 0.234160 0.020108
v 0.275083 0.226314 0.059551
v 0.275083 0.210924 0.096706
v 0.275083 0.188581 0.130144
v 0.275083 0.160144 0.158581
v 0.275083 0.126706 0.180924
v 0.275083 0.089551 0.196314
v 0.275083 0.050108 0.204160
v 0.275083 0.009892 0.204160
v 0.275083 -0.029551 0.196314
v 0.275083 -0.066706 0.180924
v 0.275083 -0.100144 0.158581
v 0.275083 -0.128581 0.130144
v 0.275083 -0.150924 0.096706
v 0.275083 -0.166314 0.059551
v 0.275083 -0.174160 0.020108
v 0.275083 -0.174160 -0.020108
v 0.275083 -0.166314 -0.059551
v 0.275083 -0.150924 -0.096706
v 0.275083 -0.128582 -0.130144
v 0.275083 -0.100144 -0.158581
v 0.275083 -0.066706 -0.180924
v 0.275083 -0.029551 -0.196314
v 0.275083 0.009892 -0.204160
v 0.276917 0.049886 -0.201905
v 0.276917 0.088893 -0.194146
v 0.276917 0.125638 -0.178926
v 0.276917 0.158707 -0.156830
v 0.276917 0.186830 -0.128707
v 0.276917 0.208926 -0.095638
v 0.276917 0.224146 -0.058893
v 0.276917 0.231905 -0.019886
v 0.276917 0.231905 0.019886
v 0.276917 0.224146 0.058893
v 0.276917 0.208926 0.095638
v 0.276917 0.186830 0.128707
v 0.276917 0.158707 0.156830
v 0.276917 0.125638 0.178926
v 0.276917 0.088893 0.194146
v 0.276917 0.049886 0.201905
v 0.276917 0.010114 0.201905
v 0.276917 -0.028893 0.194146
v 0.276917 -0.065638 0.178926
v 0.276917 -0.098707 0.156830
v 0.276917 -0.126830 0.128707
v 0.276917 -0.148926 0.095638
v 0.276917 -0.164146 0.058893
v 0.276917 -0.171905 0.019886
v 0.276917 -0.171905 -0.019886
v 0.276917 -0.164146 -0.058893
v 0.276917 -0.148926 -0.095638
v 0.276917 -0.126830 -0.128707
v 0.276917 -0.098707 -0.156830
v 0.276917 -0.065638 -0.178926
v 0.276917 -0.028893 -0.194146
v 0.276917 0.010114 -0.201905
v 0.276917 0.049664 -0.199649
v 0.276917 0.088236 -0.191977
v 0.276917 0.124569 -0.176927
v 0.276917 0.157269 -0.155078
v 0.276917 0.185078 -0.127269
v 0.276917 0.206927 -0.094569
v 0.276917 0.221977 -0.058236
v 0.276917 0.229649 -0.019664
v 0.276917 0.229649 0.019664
v 0.276917 0.221977 0.058236
v 0.276917 0.206927 0.094569
v 0.276917 0.185078 0.127269
v 0.276917 0.157269 0.155078
v 0.276917 0.124569 0.176927
v 0.276917 0.088236 0.191977
v 0.276917 0.049664 0.199649
v 0.276917 0.010336 0.199649
v 0.276917 -0.028236 0.191977
v 0.276917 -0.064569 0.176927
v 0.276917 -0.097269 0.155078
v 0.276917 -0.125078 0.127269
v 0.276917 -0.146927 0.094569
v 0.276917 -0.161977 0.058236
v 0.276917 -0.169649 0.019664
v 0.276917 -0.169649 -0.019664
v 0.276917 -0.161977 -0.058236
v 0.276917 -0.146927 -0.094569
v 0.276917 -0.125078 -0.127269
v 0.276917 -0.097269 -0.155078
v 0.276917 -0.064569 -0.176927
v 0.276917 -0.028236 -0.191977
v 0.276917 0.010336 -0.199649
v 0.275167 0.049442 -0.197394
v 0.275167 0.087578 -0.189808
v 0.275167 0.123501 -0.174928
v 0.275167 0.155831 -0.153326
v 0.275167 0.183326 -0.125831
v 0.275167 0.204928 -0.093501
v 0.275167 0.219808 -0.057578
v 0.275167 0.227394 -0.019442
v 0.275167 0.227394 0.019442
v 0.275167 0.219808 0.057578
v 0.275167 0.204928 0.093501
v 0.275167 0.183326 0.125831
v 0.275167 0.155831 0.153326
v 0.275167 0.123501 0.174928
v 0.275167 0.087578 0.189808
v 0.275167 0.049442 0.197394
v 0.275167 0.010558 0.197394
v 0.275167 -0.027578 0.189808
v 0.275167 -0.063501 0.174928
v 0.275167 -0.095831 0.153326
v 0.275167 -0.123326 0.125831
v 0.275167 -0.144928 0.093501
v 0.275167 -0.159808 0.057578
v 0.275167 -0.167394 0.019442
v 0.275167 -0.167394 -0.019442
v 0.275167 -0.159808 -0.057578
v 0.275167 -0.144928 -0.093501
v 0.275167 -0.123326 -0.125831
v 0.275167 -0.095831 -0.153326
v 0.275167 -0.063501 -0.174928
v 0.275167 -0.027578 -0.189808
v 0.275167 0.010558 -0.197394
v 0.276917 0.049219 -0.195138
v 0.276917 0.086920 -0.187639
v 0.276917 0.122433 -0.172929
v 0.276917 0.154393 -0.151574
v 0.276917 0.181574 -0.124393
v 0.276917 0.202929 -0.092433
v 0.276917 0.217639 -0.056920
v 0.276917 0.225138 -0.019219
v 0.276917 0.225138 0.019219
v 0.276917 0.217639 0.056920
v 0.276917 0.202929 0.092433
v 0.276917 0.181574 0.124393
v 0.276917 0.154393 0.151574
v 0.276917 0.122433 0.172929
v 0.276917 0.086920 0.187639
v 0.276917 0.049219 0.195138
v 0.276917 0.010781 0.195138
v 0.276917 -0.026920 0.187639
v 0.276917 -0.062433 0.172929
v 0.276917 -0.094393 0.151574
v 0.276917 -0.121574 0.124393
v 0.276917 -0.142929 0.092433
v 0.276917 -0.157639 0.056920
v 0.276917 -0.165138 0.019219
v 0.276917 -0.165138 -0.019219
v 0.276917 -0.157639 -0.056920
v 0.276917 -0.142929 -0.092433
v 0.276917 -0.121574 -0.124393
v 0.276917 -0.094393 -0.151574
v 0.276917 -0.062433 -0.172929
v 0.276917 -0.026920 -0.187639
v 0.276917 0.010781 -0.195138
v 0.276917 0.048997 -0.192883
v 0.276917 0.086262 -0.185470
v 0.276917 0.121364 -0.170931
v 0.276917 0.152956 -0.149822
v 0.276917 0.179822 -0.122956
v 0.276917 0.200931 -0.091364
v 0.276917 0.215470 -0.056262
v 0.276917 0.222883 -0.018997
v 0.276917 0.222883 0.018997
v 0.276917 0.215470 0.056262
v 0.276917 0.200931 0.091364
v 0.276917 0.179822 0.122956
v 0.276917 0.152956 0.149822
v 0.276917 0.121364 0.170931
v 0.276917 0.086262 0.185470
v 0.276917 0.048997 0.192883
v 0.276917 0.011003 0.192883
v 0.276917 -0.026262 0.185470
v 0.276917 -0.061364 0.170931
v 0.276917 -0.092956 0.149822
v 0.276917 -0.119822 0.122956
v 0.276917 -0.140931 0.091364
v 0.276917 -0.155470 0.056262
v 0.276917 -0.162883 0.018997
v 0.276917 -0.162883 -0.018997
v 0.276917 -0.155470 -0.056262
v 0.276917 -0.140931 -0.091364
v 0.276917 -0.119822 -0.122956
v 0.276917 -0.092956 -0.149822
v 0.276917 -0.061364 -0.170931
v 0.276917 -0.026262 -0.185470
v 0.276917 0.011003 -0.192883
v 0.275167 0.048775 -0.190627
v 0.275167 0.085604 -0.183302
v 0.275167 0.120296 -0.168932
v 0.275167 0.151518 -0.148070
v 0.275167 0.178070 -0.121518
v 0.275167 0.198932 -0.090296
v 0.275167 0.213302 -0.055604
v 0.275167 0.220627 -0.018775
v 0.275167 0.220627 0.018775
v 0.275167 0.213302 0.055604
v 0.275167 0.198932 0.090296
v 0.275167 0.178070 0.121518
v 0.275167 0.151518 0.148070
v 0.275167 0.120296 0.168932
v 0.275167 0.085604 0.183302
v 0.275167 0.048775 0.190627
v 0.275167 0.011225 0.190627
v 0.275167 -0.025604 0.183302
v 0.275167 -0.060296 0.168932
v 0.275167 -0.091518 0.148070
v 0.275167 -0.118070 0.121518
v 0.275167 -0.138932 0.090296
v 0.275167 -0.153302 0.055604
v 0.275167 -0.160627 0.018775
v 0.275167 -0.160627 -0.018775
v 0.275167 -0.153302 -0.055604
v 0.275167 -0.138932 -0.090296
v 0.275167 -0.118070 -0.121518
v 0.275167 -0.091518 -0.148070
v 0.275167 -0.060296 -0.168932
v 0.275167 -0.025604 -0.183302
v 0.275167 0.011225 -0.190627
v 0.276917 0.048553 -0.188372
v 0.276917 0.084946 -0.181133
v 0.276917 0.119228 -0.166933
v 0.276917 0.150080 -0.146318
v 0.276917 0.176318 -0.120080
v 0.276917 0.196933 -0.089228
v 0.276917 0.211133 -0.054946
v 0.276917 0.218372 -0.018553
v 0.276917 0.218372 0.018553
v 0.276917 0.211133 0.054946
v 0.276917 0.196933 0.089228
v 0.276917 0.176318 0.120080
v 0.276917 0.150080 0.146318
v 0.276917 0.119228 0.166933
v 0.276917 0.084946 0.181133
v 0.276917 0.048553 0.188372
v 0.276917 0.011447 0.188372
v 0.276917 -0.024946 0.181133
v 0.276917 -0.059228 0.166933
v 0.276917 -0.090080 0.146318
v 0.276917 -0.116318 0.120080
v 0.276917 -0.136933 0.089228
v 0.276917 -0.151133 0.054946
v 0.276917 -0.158372 0.018553
v 0.276917 -0.158372 -0.018553
v 0.276917 -0.151133 -0.054946
v 0.276917 -0.136933 -0.089228
v 0.276917 -0.116318 -0.120080
v 0.276917 -0.090080 -0.146318
v 0.276917 -0.059228 -0.166933
v 0.276917 -0.024946 -0.181133
v 0.276917 0.011447 -0.188372
v 0.276917 0.048331 -0.186116
v 0.276917 0.084288 -0.178964
v 0.276917 0.118159 -0.164934
v 0.276917 0.148642 -0.144566
v 0.276917 0.174566 -0.118642
v 0.276917 0.194934 -0.088159
v 0.276917 0.208964 -0.054288
v 0.276917 0.216116 -0.018331
v 0.276917 0.216116 0.018331
v 0.276917 0.208964 0.054288
v 0.276917 0.194934 0.088159
v 0.276917 0.174566 0.118642
v 0.276917 0.148642 0.144566
v 0.276917 0.118159 0.164934
v 0.276917 0.084288 0.178964
v 0.276917 0.048331 0.186116
v 0.276917 0.011669 0.186116
v 0.276917 -0.024288 0.178964
v 0.276917 -0.058159 0.164934
v 0.276917 -0.088642 0.144566
v 0.276917 -0.114566 0.118642
v 0.276917 -0.134934 0.088159
v 0.276917 -0.148964 0.054288
v 0.276917 -0.156116 0.018331
v 0.276917 -0.156116 -0.018331
v 0.276917 -0.148964 -0.054288
v 0.276917 -0.134934 -0.088159
v 0.276917 -0.114566 -0.118642
v 0.276917 -0.088642 -0.144566
v 0.276917 -0.058159 -0.164934
v 0.276917 -0.024288 -0.178964
v 0.276917 0.011669 -0.186116
v 0.274939 0.048083 -0.183604
v 0.274939 0.083555 -0.176549
v 0.274939 0.116969 -0.162708
v 0.274939 0.147041 -0.142615
v 0.274939 0.172615 -0.117041
v 0.274939 0.192708 -0.086969
v 0.274939 0.206549 -0.053555
v 0.274939 0.213604 -0.018083
v 0.274939 0.213604 0.018083
v 0.274939 0.206549 0.053555
v 0.274939 0.192708 0.086969
v 0.274939 0.172615 0.117041
v 0.274939 0.147041 0.142615
v 0.274939 0.116969 0.162708
v 0.274939 0.083555 0.176549
v 0.274939 0.048083 0.183604
v 0.274939 0.011917 0.183604
v 0.274939 -0.023555 0.176549
v 0.274939 -0.056969 0.162708
v 0.274939 -0.087041 0.142615
v 0.274939 -0.112615 0.117041
v 0.274939 -0.132708 0.086969
v 0.274939 -0.146549 0.053555
v 0.274939 -0.153604 0.018083
v 0.274939 -0.153604 -0.018083
v 0.274939 -0.146549 -0.053555
v 0.274939 -0.132708 -0.086969
v 0.274939 -0.112615 -0.117041
v 0.274939 -0.087041 -0.142615
v 0.274939 -0.056969 -0.162708
v 0.274939 -0.023555 -0.176549
v 0.274939 0.011917 -0.183604
v 0.271518 0.047278 -0.175429
v 0.271518 0.081171 -0.168688
v 0.271518 0.113097 -0.155463
v 0.271518 0.141830 -0.136265
v 0.271518 0.166265 -0.111830
v 0.271518 0.185463 -0.083097
v 0.271518 0.198688 -0.051171
v 0.271518 0.205429 -0.017278
v 0.271518 0.205429 0.017278
v 0.271518 0.198688 0.051171
v 0.271518 0.185463 0.083097
v 0.271518 0.166265 0.111830
v 0.271518 0.141830 0.136265
v 0.271518 0.113097 0.155463
v 0.271518 0.081171 0.168688
v 0.271518 0.047278 0.175429
v 0.271518 0.012722 0.175429
v 0.271518 -0.021171 0.168688
v 0.271518 -0.053097 0.155463
v 0.271518 -0.081830 0.136265
v 0.271518 -0.106265 0.111830
v 0.271518 -0.125463 0.083097
v 0.271518 -0.138688 0.051171
v 0.271518 -0.145429 0.017278
v 0.271518 -0.145429 -0.017278
v 0.271518 -0.138688 -0.051171
v 0.271518 -0.125463 -0.083097
v 0.271518 -0.106265 -0.111830
v 0.271518 -0.081830 -0.136265
v 0.271518 -0.053097 -0.155463
v 0.271518 -0.021171 -0.168688
v 0.271518 0.012722 -0.175429
v 0.225657 0.020863 -0.092766
v 0.235874 0.019143 -0.110230
v 0.245710 0.017407 -0.127854
v 0.255760 0.015667 -0.145527
v 0.265806 0.013902 -0.163441
v 0.225657 0.002941 -0.089201
v 0.235874 -0.002153 -0.105994
v 0.245710 -0.007294 -0.122941
v 0.255760 -0.012449 -0.139935
v 0.265806 -0.017674 -0.157160
v 0.225657 -0.013941 -0.082209
v 0.235874 -0.022214 -0.097685
v 0.245710 -0.030562 -0.113303
v 0.255760 -0.038933 -0.128964
v 0.265806 -0.047418 -0.144839
v 0.225657 -0.029135 -0.072056
v 0.235874 -0.040268 -0.085621
v 0.245710 -0.051502 -0.099311
v 0.255760 -0.062768 -0.113038
v 0.265806 -0.074187 -0.126953
v 0.225657 -0.042056 -0.059135
v 0.235874 -0.055621 -0.070268
v 0.245710 -0.069311 -0.081502
v 0.255760 -0.083038 -0.092768
v 0.265806 -0.096953 -0.104187
v 0.225657 -0.052209 -0.043941
v 0.235874 -0.067685 -0.052214
v 0.245710 -0.083303 -0.060562
v 0.255760 -0.098964 -0.068933
v 0.265806 -0.114839 -0.077418
v 0.225657 -0.059201 -0.027059
v 0.235874 -0.075994 -0.032153
v 0.245710 -0.092941 -0.037294
v 0.255760 -0.109935 -0.042449
v 0.265806 -0.127160 -0.047674
v 0.225657 -0.062766 -0.009137
v 0.235874 -0.080230 -0.010857
v 0.245710 -0.097854 -0.012593
v 0.255760 -0.115527 -0.014333
v 0.265806 -0.133441 -0.016098
v 0.225657 -0.062766 0.009137
v 0.235874 -0.080230 0.010857
v 0.245710 -0.097854 0.012593
v 0.255760 -0.115527 0.014333
v 0.265806 -0.133441 0.016098
v 0.225657 -0.059201 0.027059
v 0.235874 -0.075994 0.032153
v 0.245710 -0.092941 0.037294
v 0.255760 -0.109935 0.042449
v 0.265806 -0.127160 0.047674
v 0.225657 -0.052209 0.043941
v 0.235874 -0.067685 0.052214
v 0.245710 -0.083303 0.060562
v 0.255760 -0.098964 0.068933
v 0.265806 -0.114839 0.077418
v 0.225657 -0.042056 0.059135
v 0.235874 -0.055621 0.070268
v 0.245710 -0.069311 0.081502
v 0.255760 -0.083038 0.092768
v 0.265806 -0.096953 0.104187
v 0.225657 -0.029135 0.072056
v 0.235874 -0.040268 0.085621
v 0.245710 -0.051502 0.099311
v 0.255760 -0.062768 0.113038
v 0.265806 -0.074187 0.126953
v 0.225657 -0.013941 0.082209
v 0.235874 -0.022214 0.097685
v 0.245710 -0.030562 0.113303
v 0.255760 -0.038933 0.128964
v 0.265806 -0.047418 0.144839
v 0.225657 0.002941 0.089201
v 0.235874 -0.002153 0.105994
v 0.245710 -0.007294 0.122941
v 0.255760 -0.012449 0.139935
v 0.265806 -0.017674 0.157160
v 0.225657 0.020863 0.092766
v 0.235874 0.019143 0.110230
v 0.245710 0.017407 0.127854
v 0.255760 0.015667 0.145527
v 0.265806 0.013902 0.163441
v 0.225657 0.039137 0.092766
v 0.235874 0.040857 0.110230
v 0.245710 0.042592 0.127854
v 0.255760 0.044333 0.145527
v 0.265806 0.046097 0.163441
v 0.225657 0.057059 0.089201
v 0.235874 0.062153 0.105994
v 0.245710 0.067294 0.122941
v 0.255760 0.072449 0.139935
v 0.265806 0.077674 0.157160
v 0.225657 0.073941 0.082209
v 0.235874 0.082214 0.097685
v 0.245709 0.090562 0.113303
v 0.255760 0.098933 0.128964
v 0.265806 0.107418 0.144839
v 0.225657 0.089135 0.072056
v 0.235874 0.100268 0.085621
v 0.245709 0.111502 0.099311
v 0.255760 0.122768 0.113038
v 0.265806 0.134187 0.126953
v 0.225657 0.102056 0.059135
v 0.235874 0.115621 0.070268
v 0.245709 0.129311 0.081502
v 0.255760 0.143038 0.092768
v 0.265806 0.156953 0.104187
v 0.225657 0.112209 0.043941
v 0.235874 0.127685 0.052214
v 0.245709 0.143303 0.060562
v 0.255760 0.158964 0.068933
v 0.265806 0.174839 0.077418
v 0.225657 0.119201 0.027059
v 0.235874 0.135994 0.032153
v 0.245709 0.152941 0.037294
v 0.255760 0.169935 0.042449
v 0.265806 0.187160 0.047674
v 0.225657 0.122766 0.009137
v 0.235874 0.140230 0.010857
v 0.245709 0.157854 0.012593
v 0.255760 0.175527 0.014333
v 0.265806 0.193441 0.016098
v 0.225657 0.122766 -0.009137
v 0.235874 0.140230 -0.010857
v 0.245709 0.157854 -0.012593
v 0.255760 0.175527 -0.014333
v 0.265806 0.193441 -0.016098
v 0.225657 0.119201 -0.027059
v 0.235874 0.135994 -0.032153
v 0.245709 0.152941 -0.037294
v 0.255760 0.169935 -0.042449
v 0.265806 0.187160 -0.047674
v 0.225657 0.112209 -0.043941
v 0.235874 0.127685 -0.052214
v 0.245709 0.143303 -0.060562
v 0.255760 0.158964 -0.068933
v 0.265806 0.174839 -0.077418
v 0.225657 0.102056 -0.059135
v 0.235874 0.115621 -0.070268
v 0.245709 0.129311 -0.081502
v 0.255760 0.143038 -0.092768
v 0.265806 0.156953 -0.104187
v 0.225657 0.089135 -0.072056
v 0.235874 0.100268 -0.085621
v 0.245709 0.111502 -0.099311
v 0.255760 0.122768 -0.113038
v 0.265806 0.134187 -0.126953
v 0.225657 0.073941 -0.082209
v 0.235874 0.082214 -0.097685
v 0.245709 0.090562 -0.113303
v 0.255760 0.098933 -0.128964
v 0.265806 0.107418 -0.144839
v 0.225657 0.057059 -0.089201
v 0.235874 0.062153 -0.105994
v 0.245710 0.067294 -0.122941
v 0.255760 0.072449 -0.139935
v 0.265806 0.077674 -0.157160
v 0.225657 0.039137 -0.092766
v 0.235874 0.040857 -0.110230
v 0.245710 0.042592 -0.127854
v 0.255760 0.044333 -0.145527
v 0.265806 0.046097 -0.163441
v 0.227756 0.039500 -0.096460
v 0.231666 0.040178 -0.103337
v 0.227756 0.058136 -0.092753
v 0.231666 0.060142 -0.099366
v 0.227756 0.075691 -0.085482
v 0.231666 0.078949 -0.091576
v 0.227756 0.091490 -0.074925
v 0.231666 0.095874 -0.080267
v 0.227756 0.104925 -0.061490
v 0.231666 0.110267 -0.065874
v 0.227756 0.115482 -0.045691
v 0.231666 0.121576 -0.048949
v 0.227756 0.122753 -0.028136
v 0.231666 0.129366 -0.030142
v 0.227756 0.126460 -0.009500
v 0.231666 0.133337 -0.010178
v 0.227756 0.126460 0.009500
v 0.231666 0.133337 0.010178
v 0.227756 0.122753 0.028136
v 0.231666 0.129366 0.030142
v 0.227756 0.115482 0.045691
v 0.231666 0.121576 0.048949
v 0.227756 0.104925 0.061490
v 0.231666 0.110267 0.065874
v 0.227756 0.091490 0.074925
v 0.231666 0.095874 0.080267
v 0.227756 0.075691 0.085482
v 0.231666 0.078949 0.091576
v 0.227756 0.058136 0.092753
v 0.231666 0.060142 0.099366
v 0.227756 0.039500 0.096460
v 0.231666 0.040178 0.103337
v 0.227756 0.020500 0.096460
v 0.231666 0.019822 0.103337
v 0.227756 0.001864 0.092753
v 0.231666 -0.000142 0.099366
v 0.227756 -0.015691 0.085482
v 0.231666 -0.018948 0.091576
v 0.227756 -0.031490 0.074925
v 0.231666 -0.035874 0.080267
v 0.227756 -0.044925 0.061490
v 0.231666 -0.050267 0.065874
v 0.227756 -0.055482 0.045691
v 0.231666 -0.061576 0.048949
v 0.227756 -0.062753 0.028136
v 0.231666 -0.069366 0.030142
v 0.227756 -0.066460 0.009500
v 0.231666 -0.073337 0.010178
v 0.227756 -0.066460 -0.009500
v 0.231666 -0.073337 -0.010178
v 0.227756 -0.062753 -0.028136
v 0.231666 -0.069366 -0.030142
v 0.227756 -0.055482 -0.045691
v 0.231666 -0.061576 -0.048949
v 0.227756 -0.044925 -0.061490
v 0.231666 -0.050267 -0.065874
v 0.227756 -0.031490 -0.074925
v 0.231666 -0.035874 -0.080267
v 0.227756 -0.015691 -0.085482
v 0.231666 -0.018949 -0.091576
v 0.227756 0.001864 -0.092753
v 0.231666 -0.000142 -0.099366
v 0.227756 0.020500 -0.096460
v 0.231666 0.019822 -0.103337
v 0.237755 0.041242 -0.114142
v 0.241501 0.041919 -0.121015
v 0.237755 0.063294 -0.109755
v 0.241501 0.065299 -0.116364
v 0.237755 0.084066 -0.101151
v 0.241501 0.087322 -0.107242
v 0.237755 0.102761 -0.088660
v 0.241501 0.107142 -0.093998
v 0.237755 0.118660 -0.072761
v 0.241501 0.123998 -0.077142
v 0.237755 0.131151 -0.054066
v 0.241501 0.137242 -0.057322
v 0.237755 0.139755 -0.033294
v 0.241501 0.146364 -0.035299
v 0.237755 0.144142 -0.011242
v 0.241501 0.151015 -0.011919
v 0.237755 0.144142 0.011242
v 0.241501 0.151015 0.011919
v 0.237755 0.139755 0.033294
v 0.241501 0.146364 0.035299
v 0.237755 0.131151 0.054066
v 0.241501 0.137242 0.057322
v 0.237755 0.118660 0.072761
v 0.241501 0.123998 0.077142
v 0.237755 0.102761 0.088660
v 0.241501 0.107142 0.093998
v 0.237755 0.084066 0.101151
v 0.241501 0.087322 0.107242
v 0.237755 0.063294 0.109755
v 0.241501 0.065299 0.116364
v 0.237755 0.041242 0.114142
v 0.241501 0.041919 0.121015
v 0.237755 0.018758 0.114142
v 0.241501 0.018081 0.121015
v 0.237755 -0.003294 0.109755
v 0.241501 -0.005299 0.116364
v 0.237755 -0.024066 0.101151
v 0.241501 -0.027322 0.107242
v 0.237755 -0.042761 0.088660
v 0.241501 -0.047142 0.093998
v 0.237755 -0.058660 0.072761
v 0.241501 -0.063998 0.077142
v 0.237755 -0.071151 0.054066
v 0.241501 -0.077242 0.057322
v 0.237755 -0.079755 0.033294
v 0.241501 -0.086364 0.035299
v 0.237755 -0.084142 0.011242
v 0.241501 -0.091015 0.011919
v 0.237755 -0.084142 -0.011242
v 0.241501 -0.091015 -0.011919
v 0.237755 -0.079755 -0.033294
v 0.241501 -0.086364 -0.035299
v 0.237755 -0.071151 -0.054066
v 0.241501 -0.077242 -0.057322
v 0.237755 -0.058660 -0.072761
v 0.241501 -0.063998 -0.077142
v 0.237755 -0.042761 -0.088660
v 0.241501 -0.047142 -0.093998
v 0.237755 -0.024066 -0.101151
v 0.241501 -0.027322 -0.107242
v 0.237755 -0.003294 -0.109755
v 0.241501 -0.005299 -0.116364
v 0.237755 0.018758 -0.114142
v 0.241501 0.018081 -0.121015
v 0.247750 0.042966 -0.131649
v 0.251552 0.043646 -0.138553
v 0.247750 0.068400 -0.126589
v 0.251552 0.070414 -0.133228
v 0.247750 0.092359 -0.116665
v 0.251552 0.095629 -0.122784
v 0.247750 0.113921 -0.102258
v 0.251552 0.118322 -0.107621
v 0.247750 0.132258 -0.083921
v 0.251552 0.137621 -0.088322
v 0.247750 0.146665 -0.062359
v 0.251552 0.152784 -0.065629
v 0.247750 0.156589 -0.038400
v 0.251552 0.163228 -0.040414
v 0.247750 0.161649 -0.012966
v 0.251552 0.168553 -0.013646
v 0.247750 0.161649 0.012966
v 0.251552 0.168553 0.013646
v 0.247750 0.156589 0.038400
v 0.251552 0.163228 0.040414
v 0.247750 0.146665 0.062359
v 0.251552 0.152784 0.065629
v 0.247750 0.132258 0.083921
v 0.251552 0.137621 0.088322
v 0.247750 0.113921 0.102258
v 0.251552 0.118322 0.107621
v 0.247750 0.092359 0.116665
v 0.251552 0.095629 0.122784
v 0.247750 0.068400 0.126589
v 0.251552 0.070414 0.133228
v 0.247750 0.042966 0.131649
v 0.251552 0.043646 0.138553
v 0.247750 0.017034 0.131649
v 0.251552 0.016354 0.138553
v 0.247750 -0.008400 0.126589
v 0.251552 -0.010414 0.133228
v 0.247750 -0.032359 0.116665
v 0.251552 -0.035629 0.122784
v 0.247750 -0.053921 0.102258
v 0.251552 -0.058322 0.107621
v 0.247750 -0.072258 0.083921
v 0.251552 -0.077621 0.088322
v 0.247750 -0.086665 0.062359
v 0.251552 -0.092784 0.065629
v 0.247750 -0.096589 0.038400
v 0.251552 -0.103228 0.040414
v 0.247750 -0.101649 0.012966
v 0.251552 -0.108553 0.013646
v 0.247750 -0.101649 -0.012966
v 0.251552 -0.108553 -0.013646
v 0.247750 -0.096589 -0.038400
v 0.251552 -0.103228 -0.040414
v 0.247750 -0.086665 -0.062359
v 0.251552 -0.092784 -0.065629
v 0.247750 -0.072258 -0.083921
v 0.251552 -0.077621 -0.088322
v 0.247750 -0.053921 -0.102258
v 0.251552 -0.058322 -0.107621
v 0.247750 -0.032359 -0.116665
v 0.251552 -0.035629 -0.122784
v 0.247750 -0.008400 -0.126589
v 0.251552 -0.010414 -0.133228
v 0.247750 0.017034 -0.131649
v 0.251552 0.016354 -0.138553
v 0.257755 0.044715 -0.149406
v 0.261603 0.045421 -0.156574
v 0.257755 0.073580 -0.143664
v 0.261603 0.075671 -0.150557
v 0.257755 0.100770 -0.132402
v 0.261603 0.104166 -0.138754
v 0.257755 0.125241 -0.116051
v 0.261603 0.129810 -0.121619
v 0.257755 0.146051 -0.095241
v 0.261603 0.151619 -0.099810
v 0.257755 0.162402 -0.070770
v 0.261603 0.168754 -0.074166
v 0.257755 0.173664 -0.043580
v 0.261603 0.180557 -0.045671
v 0.257755 0.179406 -0.014715
v 0.261603 0.186574 -0.015421
v 0.257755 0.179406 0.014715
v 0.261603 0.186574 0.015421
v 0.257755 0.173664 0.043580
v 0.261603 0.180557 0.045671
v 0.257755 0.162402 0.070770
v 0.261603 0.168754 0.074166
v 0.257755 0.146051 0.095241
v 0.261603 0.151619 0.099810
v 0.257755 0.125241 0.116051
v 0.261603 0.129810 0.121619
v 0.257755 0.100770 0.132402
v 0.261603 0.104166 0.138754
v 0.257755 0.073580 0.143664
v 0.261603 0.075671 0.150557
v 0.257755 0.044715 0.149406
v 0.261603 0.045421 0.156574
v 0.257755 0.015285 0.149406
v 0.261603 0.014579 0.156574
v 0.257755 -0.013580 0.143664
v 0.261603 -0.015671 0.150557
v 0.257755 -0.040770 0.132402
v 0.261603 -0.044166 0.138754
v 0.257755 -0.065241 0.116051
v 0.261603 -0.069810 0.121619
v 0.257755 -0.086051 0.095241
v 0.261603 -0.091619 0.099810
v 0.257755 -0.102402 0.070770
v 0.261603 -0.108754 0.074166
v 0.257755 -0.113664 0.043580
v 0.261603 -0.120557 0.045671
v 0.257755 -0.119406 0.014715
v 0.261603 -0.126574 0.015421
v 0.257755 -0.119406 -0.014715
v 0.261603 -0.126574 -0.015421
v 0.257755 -0.113664 -0.043580
v 0.261603 -0.120557 -0.045671
v 0.257755 -0.102402 -0.070770
v 0.261603 -0.108754 -0.074166
v 0.257755 -0.086051 -0.095241
v 0.261603 -0.091619 -0.099810
v 0.257755 -0.065241 -0.116051
v 0.261603 -0.069810 -0.121619
v 0.257755 -0.040770 -0.132402
v 0.261603 -0.044166 -0.138754
v 0.257755 -0.013580 -0.143664
v 0.261603 -0.015671 -0.150557
v 0.257755 0.015285 -0.149406
v 0.261603 0.014579 -0.156574
v 0.267640 0.013565 -0.166867
v 0.267640 -0.018673 -0.160454
v 0.267640 -0.049041 -0.147875
v 0.267640 -0.076371 -0.129614
v 0.267640 -0.099614 -0.106371
v 0.267640 -0.117875 -0.079041
v 0.267640 -0.130454 -0.048673
v 0.267640 -0.136867 -0.016435
v 0.267640 -0.136867 0.016435
v 0.267640 -0.130454 0.048673
v 0.267640 -0.117875 0.079041
v 0.267640 -0.099614 0.106371
v 0.267640 -0.076371 0.129614
v 0.267640 -0.049041 0.147875
v 0.267640 -0.018673 0.160454
v 0.267640 0.013565 0.166867
v 0.267640 0.046435 0.166867
v 0.267640 0.078673 0.160454
v 0.267640 0.109041 0.147875
v 0.267640 0.136371 0.129614
v 0.267640 0.159614 0.106371
v 0.267640 0.177875 0.079041
v 0.267640 0.190454 0.048673
v 0.267640 0.196867 0.016435
v 0.267640 0.196867 -0.016435
v 0.267640 0.190454 -0.048673
v 0.267640 0.177875 -0.079041
v 0.267640 0.159614 -0.106371
v 0.267640 0.136371 -0.129614
v 0.267640 0.109041 -0.147875
v 0.267640 0.078673 -0.160454
v 0.267640 0.046435 -0.166867
v 0.220107 0.038336 -0.084640
v 0.220107 0.054689 -0.081387
v 0.220107 0.070092 -0.075007
v 0.220107 0.083955 -0.065744
v 0.220107 0.095744 -0.053955
v 0.220107 0.105007 -0.040092
v 0.220107 0.111387 -0.024689
v 0.220107 0.114640 -0.008336
v 0.220107 0.114640 0.008336
v 0.220107 0.111387 0.024689
v 0.220107 0.105007 0.040092
v 0.220107 0.095744 0.053955
v 0.220107 0.083955 0.065744
v 0.220107 0.070092 0.075007
v 0.220107 0.054689 0.081387
v 0.220107 0.038336 0.084640
v 0.220107 0.021664 0.084640
v 0.220107 0.005311 0.081387
v 0.220107 -0.010092 0.075007
v 0.220107 -0.023955 0.065744
v 0.220107 -0.035744 0.053955
v 0.220107 -0.045007 0.040092
v 0.220107 -0.051387 0.024689
v 0.220107 -0.054640 0.008336
v 0.220107 -0.054640 -0.008336
v 0.220107 -0.051387 -0.024689
v 0.220107 -0.045007 -0.040092
v 0.220107 -0.035744 -0.053955
v 0.220107 -0.023955 -0.065744
v 0.220107 -0.010092 -0.075007
v 0.220107 0.005311 -0.081387
v 0.220107 0.021664 -0.084640
v 0.225219 0.035769 -0.058576
v 0.225219 0.047086 -0.056325
v 0.225219 0.057746 -0.051909
v 0.225219 0.067340 -0.045499
v 0.225219 0.075499 -0.037340
v 0.225219 0.081909 -0.027746
v 0.225219 0.086325 -0.017086
v 0.225219 0.088576 -0.005769
v 0.225219 0.088576 0.005769
v 0.225219 0.086325 0.017086
v 0.225219 0.081909 0.027746
v 0.225219 0.075499 0.037340
v 0.225219 0.067340 0.045499
v 0.225219 0.057746 0.051909
v 0.225219 0.047086 0.056325
v 0.225219 0.035769 0.058576
v 0.225219 0.024231 0.058576
v 0.225219 0.012914 0.056325
v 0.225219 0.002254 0.051909
v 0.225219 -0.007340 0.045499
v 0.225219 -0.015499 0.037340
v 0.225219 -0.021909 0.027746
v 0.225219 -0.026325 0.017086
v 0.225219 -0.028576 0.005769
v 0.225219 -0.028576 -0.005769
v 0.225219 -0.026325 -0.017086
v 0.225219 -0.021909 -0.027746
v 0.225219 -0.015499 -0.037340
v 0.225219 -0.007340 -0.045499
v 0.225219 0.002254 -0.051909
v 0.225219 0.012914 -0.056325
v 0.225219 0.024231 -0.058576
v 0.239529 0.027556 -0.024817
v 0.239529 0.022761 -0.023863
v 0.239529 0.018245 -0.021993
v 0.239529 0.014180 -0.019277
v 0.239529 0.010723 -0.015820
v 0.239529 0.008007 -0.011755
v 0.239529 0.006137 -0.007239
v 0.239529 0.005183 -0.002444
v 0.239529 0.005183 0.002444
v 0.239529 0.006137 0.007239
v 0.239529 0.008007 0.011755
v 0.239529 0.010723 0.015820
v 0.239529 0.014180 0.019277
v 0.239529 0.018245 0.021993
v 0.239529 0.022761 0.023863
v 0.239529 0.027556 0.024817
v 0.239529 0.032444 0.024817
v 0.239529 0.037239 0.023863
v 0.239529 0.041755 0.021993
v 0.239529 0.045820 0.019277
v 0.239529 0.049277 0.015820
v 0.239529 0.051993 0.011755
v 0.239529 0.053863 0.007239
v 0.239529 0.054817 0.002444
v 0.239529 0.054817 -0.002444
v 0.239529 0.053863 -0.007239
v 0.239529 0.051993 -0.011755
v 0.239529 0.049277 -0.015820
v 0.239529 0.045820 -0.019277
v 0.239529 0.041755 -0.021993
v 0.239529 0.037239 -0.023863
v 0.239529 0.032444 -0.024817
v 0.215856 0.022429 -0.076867
v 0.215856 0.007579 -0.073913
v 0.215856 -0.006410 -0.068119
v 0.215856 -0.019000 -0.059707
v 0.215856 -0.029707 -0.049000
v 0.215856 -0.038119 -0.036410
v 0.215856 -0.043913 -0.022421
v 0.215856 -0.046867 -0.007571
v 0.215856 -0.046867 0.007571
v 0.215856 -0.043913 0.022421
v 0.215856 -0.038119 0.036410
v 0.215856 -0.029707 0.049000
v 0.215856 -0.019000 0.059706
v 0.215856 -0.006410 0.068119
v 0.215856 0.007579 0.073913
v 0.215856 0.022429 0.076867
v 0.215856 0.037571 0.076867
v 0.215856 0.052421 0.073913
v 0.215856 0.066410 0.068119
v 0.215856 0.079000 0.059707
v 0.215855 0.089707 0.049000
v 0.215855 0.098119 0.036410
v 0.215855 0.103913 0.022421
v 0.215855 0.106867 0.007571
v 0.215855 0.106867 -0.007571
v 0.215855 0.103913 -0.022421
v 0.215855 0.098119 -0.036410
v 0.215855 0.089707 -0.049000
v 0.215856 0.079000 -0.059707
v 0.215856 0.066410 -0.068119
v 0.215856 0.052421 -0.073913
v 0.215856 0.037571 -0.076867
vt 0.000000 0.000000
vt 0.000000 0.000000
vt 0.000000 0.000000
vt 0.000000 0.000000
vt 0.000000 0.000000
vt 0.000000 0.000000
vt 0.000000 0.000000
vt 0.000000 0.000000
vt 0.000000 0.000000
vt 0.000000 0.000000
vt 0.000000 0.000000
vt 0.000000 0.000000
vt 0.000000 0.000000
vt 0.000000 0.000000
vt 0.000000 0.000000
vt 0.000000 0.000000
vt 0.000000 0.000000
vt 0.000000 0.000000
vt 0.000000 0.000000
vt 0.000000 0.000000
vt 0.000000 0.000000
vt 0.000000 0.000000
vt 0.000000 0.000000
vt 0.000000 0.000000
vt 0.000000 0.000000
vt 0.000000 0.000000
vt 0.000000 0.000000
vt 0.000000 0.000000
vt 0.000000 0.000000
vt 0.000000 0.000000
vt 0.000000 0.000000
vt 0.000000 0.000000
vt 0.000000 0.000000
vt 0.000000 0.000000
vt 0.000000 0.000000
vt 0.000000 0.000000
vt 0.000000 0.000000
vt 0.000000 0.000000
vt 0.000000 0.000000
vt 0.000000 0.000000
vt 0.000000 0.000000
vt 0.000000 0.000000
vt 0.000000 0.000000
vt 0.000000 0.000000
vt 0.000000 0.000000
vt 0.000000 0.000000
vt 0.000000 0.000000
vt 0.000000 0.000000
vt 0.000000 0.000000
vt 0.000000 0.000000
vt 0.000000 0.000000
vt 0.000000 0.000000
vt 0.000000 0.000000
vt 0.000000 0.000000
vt 0.000000 0.000000
vt 0.000000 0.000000
vt 0.000000 0.000000
vt 0.000000 0.000000
vt 0.000000 0.000000
vt 0.000000 0.000000
vt 0.000000 0.000000
vt 0.000000 0.000000
vt 0.000000 0.000000
vt 0.000000 0.000000
vt 0.000000 0.000000
vt 0.000000 0.000000
vt 0.000000 0.000000
vt 0.000000 0.000000
vt 0.000000 0.000000
vt 0.000000 0.000000
vt 0.000000 0.000000
vt 0.000000 0.000000
vt 0.000000 0.000000
vt 0.000000 0.000000
vt 0.000000 0.000000
vt 0.000000 0.000000
vt 0.000000 0.000000
vt 0.000000 0.000000
vt 0.000000 0.000000
vt 0.000000 0.000000
vt 0.000000 0.000000
vt 0.000000 0.000000
vt 0.000000 0.000000
vt 0.000000 0.000000
vt 0.000000 0.000000
vt 0.000000 0.000000
vt 0.000000 0.000000
vt 0.000000 0.000000
vt 0.000000 0.000000
vt 0.000000 0.000000
vt 0.000000 0.000000
vt 0.000000 0.000000
vt 0.000000 0.000000
vt 0.000000 0.000000
vt 0.000000 0.000000
vt 0.000000 0.000000
vt 0.000000 0.000000
vt 0.000000 0.000000
vt 0.000000 0.000000
vt 0.000000 0.000000
vt 0.000000 0.000000
vt 0.000000 0.000000
vt 0.000000 0.000000
vt 0.000000 0.000000
vt 0.000000 0.000000
vt 0.000000 0.000000
vt 0.000000 0.000000
vt 0.000000 0.000000
vt 0.000000 0.000000
vt 0.000000 0.000000
vt 0.000000 0.000000
vt 0.000000 0.000000
vt 0.000000 0.000000
vt 0.000000 0.000000
vt 0.000000 0.000000
vt 0.000000 0.000000
vt 0.000000 0.000000
vt 0.000000 0.000000
vt 0.000000 0.000000
vt 0.000000 0.000000
vt 0.000000 0.000000
vt 0.000000 0.000000
vt 0.000000 0.000000
vt 0.000000 0.000000
vt 0.000000 0.000000
vt 0.000000 0.000000
vt 0.000000 0.000000
vt 0.000000 0.000000
vt 0.000000 0.000000
vt 0.000000 0.000000
vt 0.000000 0.000000
vt 0.000000 0.000000
vt 0.000000 0.000000
vt 0.000000 0.000000
vt 0.000000 0.000000
vt 0.000000 0.000000
vt 0.000000 0.000000
vt 0.000000 0.000000
vt 0.000000 0.000000
vt 0.000000 0.000000
vt 0.000000 0.000000
vt 0.000000 0.000000
vt 0.000000 0.000000
vt 0.000000 0.000000
vt 0.000000 0.000000
vt 0.000000 0.000000
vt 0.000000 0.000000
vt 0.000000 0.000000
vt 0.000000 0.000000
vt 0.000000 0.000000
vt 0.000000 0.000000
vt 0.000000 0.000000
vt 0.000000 0.000000
vt 0.000000 0.000000
vt 0.000000 0.000000
vt 0.000000 0.000000
vt 0.000000 0.000000
vt 0.000000 0.000000
vt 0.000000 0.000000
vt 0.000000 0.000000
vt 0.000000 0.000000
vt 0.000000 0.000000
vt 0.000000 0.000000
vt 0.000000 0.000000
vt 0.000000 0.000000
vt 0.000000 0.000000
vt 0.000000 0.000000
vt 0.000000 0.000000
vt 0.000000 0.000000
vt 0.000000 0.000000
vt 0.000000 0.000000
vt 0.000000 0.000000
vt 0.000000 0.000000
vt 0.000000 0.000000
vt 0.000000 0.000000
vt 0.000000 0.000000
vt 0.000000 0.000000
vt 0.000000 0.000000
vt 0.000000 0.000000
vt 0.000000 0.000000
vt 0.000000 0.000000
vt 0.000000 0.000000
vt 0.000000 0.000000
vt 0.000000 0.000000
vt 0.000000 0.000000
vt 0.000000 0.000000
vt 0.000000 0.000000
vt 0.000000 0.000000
vt 0.000000 0.000000
vt 0.000000 0.000000
vt 0.000000 0.000000
vt 0.000000 0.000000
vt 0.000000 0.000000
vt 0.000000 0.000000
vt 0.000000 0.000000
vt 0.000000 0.000000
vt 0.000000 0.000000
vt 0.000000 0.000000
vt 0.000000 0.000000
vt 0.000000 0.000000
vt 0.000000 0.000000
vt 0.000000 0.000000
vt 0.000000 0.000000
vt 0.000000 0.000000
vt 0.000000 0.000000
vt 0.000000 0.000000
vt 0.000000 0.000000
vt 0.000000 0.000000
vt 0.000000 0.000000
vt 0.000000 0.000000
vt 0.000000 0.000000
vt 0.000000 0.000000
vt 0.000000 0.000000
vt 0.000000 0.000000
vt 0.000000 0.000000
vt 0.000000 0.000000
vt 0.000000 0.000000
vt 0.000000 0.000000
vt 0.000000 0.000000
vt 0.000000 0.000000
vt 0.000000 0.000000
vt 0.000000 0.000000
vt 0.000000 0.000000
vt 0.000000 0.000000
vt 0.000000 0.000000
vt 0.000000 0.000000
vt 0.000000 0.000000
vt 0.000000 0.000000
vt 0.000000 0.000000
vt 0.000000 0.000000
vt 0.000000 0.000000
vt 0.000000 0.000000
vt 0.000000 0.000000
vt 0.000000 0.000000
vt 0.000000 0.000000
vt 0.000000 0.000000
vt 0.000000 0.000000
vt 0.000000 0.000000
vt 0.000000 0.000000
vt 0.000000 0.000000
vt 0.000000 0.000000
vt 0.000000 0.000000
vt 0.000000 0.000000
vt 0.000000 0.000000
vt 0.000000 0.000000
vt 0.000000 0.000000
vt 0.000000 0.000000
vt 0.000000 0.000000
vt 0.000000 0.000000
vt 0.000000 0.000000
vt 0.000000 0.000000
vt 0.000000 0.000000
vt 0.000000 0.000000
vt 0.000000 0.000000
vt 0.000000 0.000000
vt 0.000000 0.000000
vt 0.000000 0.000000
vt 0.000000 0.000000
vt 0.000000 0.000000
vt 0.000000 0.000000
vt 0.000000 0.000000
vt 0.000000 0.000000
vt 0.000000 0.000000
vt 0.000000 0.000000
vt 0.000000 0.000000
vt 0.000000 0.000000
vt 0.000000 0.000000
vt 0.000000 0.000000
vt 0.000000 0.000000
vt 0.000000 0.000000
vt 0.000000 0.000000
vt 0.000000 0.000000
vt 0.000000 0.000000
vt 0.000000 0.000000
vt 0.000000 0.000000
vt 0.000000 0.000000
vt 0.000000 0.000000
vt 0.000000 0.000000
vt 0.000000 0.000000
vt 0.000000 0.000000
vt 0.000000 0.000000
vt 0.000000 0.000000
vt 0.000000 0.000000
vt 0.000000 0.000000
vt 0.000000 0.000000
vt 0.000000 0.000000
vt 0.000000 0.000000
vt 0.000000 0.000000
vt 0.000000 0.000000
vt 0.000000 0.000000
vt 0.000000 0.000000
vt 0.000000 0.000000
vt 0.000000 0.000000
vt 0.000000 0.000000
vt 0.000000 0.000000
vt 0.000000 0.000000
vt 0.000000 0.000000
vt 0.000000 0.000000
vt 0.000000 0.000000
vt 0.000000 0.000000
vt 0.000000 0.000000
vt 0.000000 0.000000
vt 0.000000 0.000000
vt 0.000000 0.000000
vt 0.000000 0.000000
vt 0.000000 0.000000
vt 0.000000 0.000000
vt 0.000000 0.000000
vt 0.000000 0.000000
vt 0.000000 0.000000
vt 0.000000 0.000000
vt 0.000000 0.000000
vt 0.000000 0.000000
vt 0.000000 0.000000
vt 0.000000 0.000000
vt 0.000000 0.000000
vt 0.000000 0.000000
vt 0.000000 0.000000
vt 0.000000 0.000000
vt 0.000000 0.000000
vt 0.000000 0.000000
vt 0.000000 0.000000
vt 0.000000 0.000000
vt 0.000000 0.000000
vt 0.000000 0.000000
vt 0.000000 0.000000
vt 0.000000 0.000000
vt 0.000000 0.000000
vt 0.000000 0.000000
vt 0.000000 0.000000
vt 0.000000 0.000000
vt 0.000000 0.000000
vt 0.000000 0.000000
vt 0.000000 0.000000
vt 0.000000 0.000000
vt 0.000000 0.000000
vt 0.000000 0.000000
vt 0.000000 0.000000
vt 0.000000 0.000000
vt 0.000000 0.000000
vt 0.000000 0.000000
vt 0.000000 0.000000
vt 0.000000 0.000000
vt 0.000000 0.000000
vt 0.000000 0.000000
vt 0.000000 0.000000
vt 0.000000 0.000000
vt 0.000000 0.000000
vt 0.000000 0.000000
vt 0.000000 0.000000
vt 0.000000 0.000000
vt 0.000000 0.000000
vt 0.000000 0.000000
vt 0.000000 0.000000
vt 0.000000 0.000000
vt 0.000000 0.000000
vt 0.000000 0.000000
vt 0.000000 0.000000
vt 0.000000 0.000000
vt 0.000000 0.000000
vt 0.000000 0.000000
vt 0.000000 0.000000
vt 0.000000 0.000000
vt 0.000000 0.000000
vt 0.000000 0.000000
vt 0.000000 0.000000
vt 0.000000 0.000000
vt 0.000000 0.000000
vt 0.000000 0.000000
vt 0.000000 0.000000
vt 0.000000 0.000000
vt 0.000000 0.000000
vt 0.000000 0.000000
vt 0.000000 0.000000
vt 0.000000 0.000000
vt 0.000000 0.000000
vt 0.000000 0.000000
vt 0.000000 0.000000
vt 0.000000 0.000000
vt 0.000000 0.000000
vt 0.000000 0.000000
vt 0.000000 0.000000
vt 0.000000 0.000000
vt 0.000000 0.000000
vt 0.000000 0.000000
vt 0.000000 0.000000
vt 0.000000 0.000000
vt 0.000000 0.000000
vt 0.000000 0.000000
vt 0.000000 0.000000
vt 0.000000 0.000000
vt 0.000000 0.000000
vt 0.000000 0.000000
vt 0.000000 0.000000
vt 0.000000 0.000000
vt 0.000000 0.000000
vt 0.000000 0.000000
vt 0.000000 0.000000
vt 0.000000 0.000000
vt 0.000000 0.000000
vt 0.000000 0.000000
vt 0.000000 0.000000
vt 0.000000 0.000000
vt 0.000000 0.000000
vt 0.000000 0.000000
vt 0.000000 0.000000
vt 0.000000 0.000000
vt 0.000000 0.000000
vt 0.000000 0.000000
vt 0.000000 0.000000
vt 0.000000 0.000000
vt 0.000000 0.000000
vt 0.000000 0.000000
vt 0.000000 0.000000
vt 0.000000 0.000000
vt 0.000000 0.000000
vt 0.000000 0.000000
vt 0.000000 0.000000
vt 0.000000 0.000000
vt 0.000000 0.000000
vt 0.000000 0.000000
vt 0.000000 0.000000
vt 0.000000 0.000000
vt 0.000000 0.000000
vt 0.000000 0.000000
vt 0.000000 0.000000
vt 0.000000 0.000000
vt 0.000000 0.000000
vt 0.000000 0.000000
vt 0.000000 0.000000
vt 0.000000 0.000000
vt 0.000000 0.000000
vt 0.000000 0.000000
vt 0.000000 0.000000
vt 0.000000 0.000000
vt 0.000000 0.000000
vt 0.000000 0.000000
vt 0.000000 0.000000
vt 0.000000 0.000000
vt 0.000000 0.000000
vt 0.000000 0.000000
vt 0.000000 0.000000
vt 0.000000 0.000000
vt 0.000000 0.000000
vt 0.000000 0.000000
vt 0.000000 0.000000
vt 0.000000 0.000000
vt 0.000000 0.000000
vt 0.000000 0.000000
vt 0.000000 0.000000
vt 0.000000 0.000000
vt 0.000000 0.000000
vt 0.000000 0.000000
vt 0.000000 0.000000
vt 0.000000 0.000000
vt 0.000000 0.000000
vt 0.000000 0.000000
vt 0.000000 0.000000
vt 0.000000 0.000000
vt 0.000000 0.000000
vt 0.000000 0.000000
vt 0.000000 0.000000
vt 0.000000 0.000000
vt 0.000000 0.000000
vt 0.000000 0.000000
vt 0.000000 0.000000
vt 0.000000 0.000000
vt 0.000000 0.000000
vt 0.000000 0.000000
vt 0.000000 0.000000
vt 0.000000 0.000000
vt 0.000000 0.000000
vt 0.000000 0.000000
vt 0.000000 0.000000
vt 0.000000 0.000000
vt 0.000000 0.000000
vt 0.000000 0.000000
vt 0.000000 0.000000
vt 0.000000 0.000000
vt 0.000000 0.000000
vt 0.000000 0.000000
vt 0.000000 0.000000
vt 0.000000 0.000000
vt 0.000000 0.000000
vt 0.000000 0.000000
vt 0.000000 0.000000
vt 0.000000 0.000000
vt 0.000000 0.000000
vt 0.000000 0.000000
vt 0.000000 0.000000
vt 0.000000 0.000000
vt 0.000000 0.000000
vt 0.000000 0.000000
vt 0.000000 0.000000
vt 0.000000 0.000000
vt 0.000000 0.000000
vt 0.000000 0.000000
vt 0.000000 0.000000
vt 0.000000 0.000000
vt 0.000000 0.000000
vt 0.000000 0.000000
vt 0.000000 0.000000
vt 0.000000 0.000000
vt 0.000000 0.000000
vt 0.000000 0.000000
vt 0.000000 0.000000
vt 0.000000 0.000000
vt 0.000000 0.000000
vt 0.000000 0.000000
vt 0.000000 0.000000
vt 0.000000 0.000000
vt 0.000000 0.000000
vt 0.000000 0.000000
vt 0.000000 0.000000
vt 0.000000 0.000000
vt 0.000000 0.000000
vt 0.000000 0.000000
vt 0.000000 0.000000
vt 0.000000 0.000000
vt 0.000000 0.000000
vt 0.000000 0.000000
vt 0.000000 0.000000
vt 0.000000 0.000000
vt 0.000000 0.000000
vt 0.000000 0.000000
vt 0.000000 0.000000
vt 0.000000 0.000000
vt 0.000000 0.000000
vt 0.000000 0.000000
vt 0.000000 0.000000
vt 0.000000 0.000000
vt 0.000000 0.000000
vt 0.000000 0.000000
vt 0.000000 0.000000
vt 0.000000 0.000000
vt 0.000000 0.000000
vt 0.000000 0.000000
vt 0.000000 0.000000
vt 0.000000 0.000000
vt 0.000000 0.000000
vt 0.000000 0.000000
vt 0.000000 0.000000
vt 0.000000 0.000000
vt 0.000000 0.000000
vt 0.000000 0.000000
vt 0.000000 0.000000
vt 0.000000 0.000000
vt 0.000000 0.000000
vt 0.000000 0.000000
vt 0.000000 0.000000
vt 0.000000 0.000000
vt 0.000000 0.000000
vt 0.000000 0.000000
vt 0.000000 0.000000
vt 0.000000 0.000000
vt 0.000000 0.000000
vt 0.000000 0.000000
vt 0.000000 0.000000
vt 0.000000 0.000000
vt 0.000000 0.000000
vt 0.000000 0.000000
vt 0.000000 0.000000
vt 0.000000 0.000000
vt 0.000000 0.000000
vt 0.000000 0.000000
vt 0.000000 0.000000
vt 0.000000 0.000000
vt 0.000000 0.000000
vt 0.000000 0.000000
vt 0.000000 0.000000
vt 0.000000 0.000000
vt 0.000000 0.000000
vt 0.000000 0.000000
vt 0.000000 0.000000
vt 0.000000 0.000000
vt 0.000000 0.000000
vt 0.000000 0.000000
vt 0.000000 0.000000
vt 0.000000 0.000000
vt 0.000000 0.000000
vt 0.000000 0.000000
vt 0.000000 0.000000
vt 0.000000 0.000000
vt 0.000000 0.000000
vt 0.000000 0.000000
vt 0.000000 0.000000
vt 0.000000 0.000000
vt 0.000000 0.000000
vt 0.000000 0.000000
vt 0.000000 0.000000
vt 0.000000 0.000000
vt 0.000000 0.000000
vt 0.000000 0.000000
vt 0.000000 0.000000
vt 0.000000 0.000000
vt 0.000000 0.000000
vt 0.000000 0.000000
vt 0.000000 0.000000
vt 0.000000 0.000000
vt 0.000000 0.000000
vt 0.000000 0.000000
vt 0.000000 0.000000
vt 0.000000 0.000000
vt 0.000000 0.000000
vt 0.000000 0.000000
vt 0.000000 0.000000
vt 0.000000 0.000000
vt 0.000000 0.000000
vt 0.000000 0.000000
vt 0.000000 0.000000
vt 0.000000 0.000000
vt 0.000000 0.000000
vt 0.000000 0.000000
vt 0.000000 0.000000
vt 0.000000 0.000000
vt 0.000000 0.000000
vt 0.000000 0.000000
vt 0.000000 0.000000
vt 0.000000 0.000000
vt 0.000000 0.000000
vt 0.000000 0.000000
vt 0.000000 0.000000
vt 0.000000 0.000000
vt 0.000000 0.000000
vt 0.000000 0.000000
vt 0.000000 0.000000
vt 0.000000 0.000000
vt 0.000000 0.000000
vt 0.000000 0.000000
vt 0.000000 0.000000
vt 0.000000 0.000000
vt 0.000000 0.000000
vt 0.000000 0.000000
vt 0.000000 0.000000
vt 0.000000 0.000000
vt 0.000000 0.000000
vt 0.000000 0.000000
vt 0.000000 0.000000
vt 0.000000 0.000000
vt 0.000000 0.000000
vt 0.000000 0.000000
vt 0.000000 0.000000
vt 0.000000 0.000000
vt 0.000000 0.000000
vt 0.000000 0.000000
vt 0.000000 0.000000
vt 0.000000 0.000000
vt 0.000000 0.000000
vt 0.000000 0.000000
vt 0.000000 0.000000
vt 0.000000 0.000000
vt 0.000000 0.000000
vt 0.000000 0.000000
vt 0.000000 0.000000
vt 0.000000 0.000000
vt 0.000000 0.000000
vt 0.000000 0.000000
vt 0.000000 0.000000
vt 0.000000 0.000000
vt 0.000000 0.000000
vt 0.000000 0.000000
vt 0.000000 0.000000
vt 0.000000 0.000000
vt 0.000000 0.000000
vt 0.000000 0.000000
vt 0.000000 0.000000
vt 0.000000 0.000000
vt 0.000000 0.000000
vt 0.000000 0.000000
vt 0.000000 0.000000
vt 0.000000 0.000000
vt 0.000000 0.000000
vt 0.000000 0.000000
vt 0.000000 0.000000
vt 0.000000 0.000000
vt 0.000000 0.000000
vt 0.000000 0.000000
vt 0.000000 0.000000
vt 0.000000 0.000000
vt 0.000000 0.000000
vt 0.000000 0.000000
vt 0.000000 0.000000
vt 0.000000 0.000000
vt 0.000000 0.000000
vt 0.000000 0.000000
vt 0.000000 0.000000
vt 0.000000 0.000000
vt 0.000000 0.000000
vt 0.000000 0.000000
vt 0.000000 0.000000
vt 0.000000 0.000000
vt 0.000000 0.000000
vt 0.000000 0.000000
vt 0.000000 0.000000
vt 0.000000 0.000000
vt 0.000000 0.000000
vt 0.000000 0.000000
vt 0.000000 0.000000
vt 0.000000 0.000000
vt 0.000000 0.000000
vt 0.000000 0.000000
vt 0.000000 0.000000
vt 0.000000 0.000000
vt 0.000000 0.000000
vt 0.000000 0.000000
vt 0.000000 0.000000
vt 0.000000 0.000000
vt 0.000000 0.000000
vt 0.000000 0.000000
vt 0.000000 0.000000
vt 0.000000 0.000000
vt 0.000000 0.000000
vt 0.000000 0.000000
vt 0.000000 0.000000
vt 0.000000 0.000000
vt 0.000000 0.000000
vt 0.000000 0.000000
vt 0.000000 0.000000
vt 0.000000 0.000000
vt 0.000000 0.000000
vt 0.000000 0.000000
vt 0.000000 0.000000
vt 0.000000 0.000000
vt 0.000000 0.000000
vt 0.000000 0.000000
vt 0.000000 0.000000
vt 0.000000 0.000000
vt 0.000000 0.000000
vt 0.000000 0.000000
vt 0.000000 0.000000
vt 0.000000 0.000000
vt 0.000000 0.000000
vt 0.000000 0.000000
vt 0.000000 0.000000
vt 0.000000 0.000000
vt 0.000000 0.000000
vt 0.000000 0.000000
vt 0.000000 0.000000
vt 0.000000 0.000000
vt 0.000000 0.000000
vt 0.000000 0.000000
vt 0.000000 0.000000
vt 0.000000 0.000000
vt 0.000000 0.000000
vt 0.000000 0.000000
vt 0.000000 0.000000
vt 0.000000 0.000000
vt 0.000000 0.000000
vt 0.000000 0.000000
vt 0.000000 0.000000
vt 0.000000 0.000000
vt 0.000000 0.000000
vt 0.000000 0.000000
vt 0.000000 0.000000
vt 0.000000 0.000000
vt 0.000000 0.000000
vt 0.000000 0.000000
vt 0.000000 0.000000
vt 0.000000 0.000000
vt 0.000000 0.000000
vt 0.000000 0.000000
vt 0.000000 0.000000
vt 0.000000 0.000000
vt 0.000000 0.000000
vt 0.000000 0.000000
vt 0.000000 0.000000
vt 0.000000 0.000000
vt 0.000000 0.000000
vt 0.000000 0.000000
vt 0.000000 0.000000
vt 0.000000 0.000000
vt 0.000000 0.000000
vt 0.000000 0.000000
vt 0.000000 0.000000
vt 0.000000 0.000000
vt 0.000000 0.000000
vt 0.000000 0.000000
vt 0.000000 0.000000
vt 0.000000 0.000000
vt 0.000000 0.000000
vt 0.000000 0.000000
vt 0.000000 0.000000
vt 0.000000 0.000000
vt 0.000000 0.000000
vt 0.000000 0.000000
vt 0.000000 0.000000
vt 0.000000 0.000000
vt 0.000000 0.000000
vt 0.000000 0.000000
vt 0.000000 0.000000
vt 0.000000 0.000000
vt 0.000000 0.000000
vt 0.000000 0.000000
vt 0.000000 0.000000
vt 0.000000 0.000000
vt 0.000000 0.000000
vt 0.000000 0.000000
vt 0.000000 0.000000
vt 0.000000 0.000000
vt 0.000000 0.000000
vt 0.000000 0.000000
vt 0.000000 0.000000
vt 0.000000 0.000000
vt 0.000000 0.000000
vt 0.000000 0.000000
vt 0.000000 0.000000
vt 0.000000 0.000000
vt 0.000000 0.000000
vt 0.000000 0.000000
vt 0.000000 0.000000
vt 0.000000 0.000000
vt 0.000000 0.000000
vt 0.000000 0.000000
vt 0.000000 0.000000
vt 0.000000 0.000000
vt 0.000000 0.000000
vt 0.000000 0.000000
vt 0.000000 0.000000
vt 0.000000 0.000000
vt 0.000000 0.000000
vt 0.000000 0.000000
vt 0.000000 0.000000
vt 0.000000 0.000000
vt 0.000000 0.000000
vt 0.000000 0.000000
vt 0.000000 0.000000
vt 0.000000 0.000000
vt 0.000000 0.000000
vt 0.000000 0.000000
vt 0.000000 0.000000
vt 0.000000 0.000000
vt 0.000000 0.000000
vt 0.000000 0.000000
vt 0.000000 0.000000
vt 0.000000 0.000000
vt 0.000000 0.000000
vt 0.000000 0.000000
vt 0.000000 0.000000
vt 0.000000 0.000000
vt 0.000000 0.000000
vt 0.000000 0.000000
vt 0.000000 0.000000
vt 0.000000 0.000000
vt 0.000000 0.000000
vt 0.000000 0.000000
vt 0.000000 0.000000
vt 0.000000 0.000000
vt 0.000000 0.000000
vt 0.000000 0.000000
vt 0.000000 0.000000
vt 0.000000 0.000000
vt 0.000000 0.000000
vt 0.000000 0.000000
vt 0.000000 0.000000
vt 0.000000 0.000000
vt 0.000000 0.000000
vt 0.000000 0.000000
vt 0.000000 0.000000
vt 0.000000 0.000000
vt 0.000000 0.000000
vt 0.000000 0.000000
vt 0.000000 0.000000
vt 0.000000 0.000000
vt 0.000000 0.000000
vt 0.000000 0.000000
vt 0.000000 0.000000
vt 0.000000 0.000000
vt 0.000000 0.000000
vt 0.000000 0.000000
vt 0.000000 0.000000
vt 0.000000 0.000000
vt 0.000000 0.000000
vt 0.000000 0.000000
vt 0.000000 0.000000
vt 0.000000 0.000000
vt 0.000000 0.000000
vt 0.000000 0.000000
vt 0.000000 0.000000
vt 0.000000 0.000000
vt 0.000000 0.000000
vt 0.000000 0.000000
vt 0.000000 0.000000
vt 0.000000 0.000000
vt 0.000000 0.000000
vt 0.000000 0.000000
vt 0.000000 0.000000
vt 0.000000 0.000000
vt 0.000000 0.000000
vt 0.000000 0.000000
vt 0.000000 0.000000
vt 0.000000 0.000000
vt 0.000000 0.000000
vt 0.000000 0.000000
vt 0.000000 0.000000
vt 0.000000 0.000000
vt 0.000000 0.000000
vt 0.000000 0.000000
vt 0.000000 0.000000
vt 0.000000 0.000000
vt 0.000000 0.000000
vt 0.000000 0.000000
vt 0.000000 0.000000
vt 0.000000 0.000000
vt 0.000000 0.000000
vt 0.000000 0.000000
vt 0.000000 0.000000
vt 0.000000 0.000000
vt 0.000000 0.000000
vt 0.000000 0.000000
vt 0.000000 0.000000
vt 0.000000 0.000000
vt 0.000000 0.000000
vt 0.000000 0.000000
vt 0.000000 0.000000
vt 0.000000 0.000000
vt 0.000000 0.000000
vt 0.000000 0.000000
vt 0.000000 0.000000
vt 0.000000 0.000000
vt 0.000000 0.000000
vt 0.000000 0.000000
vt 0.000000 0.000000
vt 0.000000 0.000000
vt 0.000000 0.000000
vt 0.000000 0.000000
vt 0.000000 0.000000
vt 0.000000 0.000000
vt 0.000000 0.000000
vt 0.000000 0.000000
vt 0.000000 0.000000
vt 0.000000 0.000000
vt 0.000000 0.000000
vt 0.000000 0.000000
vt 0.000000 0.000000
vt 0.000000 0.000000
vt 0.000000 0.000000
vt 0.000000 0.000000
vt 0.000000 0.000000
vt 0.000000 0.000000
vt 0.000000 0.000000
vt 0.000000 0.000000
vt 0.000000 0.000000
vt 0.000000 0.000000
vt 0.000000 0.000000
vt 0.000000 0.000000
vt 0.000000 0.000000
vt 0.000000 0.000000
vt 0.000000 0.000000
vt 0.000000 0.000000
vt 0.000000 0.000000
vt 0.000000 0.000000
vt 0.000000 0.000000
vt 0.000000 0.000000
vt 0.000000 0.000000
vt 0.000000 0.000000
vt 0.000000 0.000000
vt 0.000000 0.000000
vt 0.000000 0.000000
vt 0.000000 0.000000
vt 0.000000 0.000000
vt 0.000000 0.000000
vt 0.000000 0.000000
vt 0.000000 0.000000
vt 0.000000 0.000000
vt 0.000000 0.000000
vt 0.000000 0.000000
vt 0.000000 0.000000
vt 0.000000 0.000000
vt 0.000000 0.000000
vt 0.000000 0.000000
vt 0.000000 0.000000
vt 0.000000 0.000000
vt 0.000000 0.000000
vt 0.000000 0.000000
vt 0.000000 0.000000
vt 0.000000 0.000000
vt 0.000000 0.000000
vt 0.000000 0.000000
vt 0.000000 0.000000
vt 0.000000 0.000000
vt 0.000000 0.000000
vt 0.000000 0.000000
vt 0.000000 0.000000
vt 0.000000 0.000000
vt 0.000000 0.000000
vt 0.000000 0.000000
vt 0.000000 0.000000
vt 0.000000 0.000000
vt 0.000000 0.000000
vt 0.000000 0.000000
vt 0.000000 0.000000
vt 0.000000 0.000000
vt 0.000000 0.000000
vt 0.000000 0.000000
vt 0.000000 0.000000
vt 0.000000 0.000000
vt 0.000000 0.000000
vt 0.000000 0.000000
vt 0.000000 0.000000
vt 0.000000 0.000000
vt 0.000000 0.000000
vt 0.000000 0.000000
vt 0.000000 0.000000
vt 0.000000 0.000000
vt 0.000000 0.000000
vt 0.000000 0.000000
vt 0.000000 0.000000
vt 0.000000 0.000000
vt 0.000000 0.000000
vt 0.000000 0.000000
vt 0.000000 0.000000
vt 0.000000 0.000000
vt 0.000000 0.000000
vt 0.000000 0.000000
vt 0.000000 0.000000
vt 0.000000 0.000000
vt 0.000000 0.000000
vt 0.000000 0.000000
vt 0.000000 0.000000
vt 0.000000 0.000000
vt 0.000000 0.000000
vt 0.000000 0.000000
vt 0.000000 0.000000
vt 0.000000 0.000000
vt 0.000000 0.000000
vt 0.000000 0.000000
vt 0.000000 0.000000
vt 0.000000 0.000000
vt 0.000000 0.000000
vt 0.000000 0.000000
vt 0.000000 0.000000
vt 0.000000 0.000000
vt 0.000000 0.000000
vt 0.000000 0.000000
vt 0.000000 0.000000
vt 0.000000 0.000000
vt 0.000000 0.000000
vt 0.000000 0.000000
vt 0.000000 0.000000
vt 0.000000 0.000000
vt 0.000000 0.000000
vt 0.000000 0.000000
vt 0.000000 0.000000
vt 0.000000 0.000000
vt 0.000000 0.000000
vt 0.000000 0.000000
vt 0.000000 0.000000
vt 0.000000 0.000000
vt 0.000000 0.000000
vt 0.000000 0.000000
vt 0.000000 0.000000
vt 0.000000 0.000000
vt 0.000000 0.000000
vt 0.000000 0.000000
vt 0.000000 0.000000
vt 0.000000 0.000000
vt 0.000000 0.000000
vt 0.000000 0.000000
vt 0.000000 0.000000
vt 0.000000 0.000000
vt 0.000000 0.000000
vt 0.000000 0.000000
vt 0.000000 0.000000
vt 0.000000 0.000000
vt 0.000000 0.000000
vt 0.000000 0.000000
vt 0.000000 0.000000
vt 0.000000 0.000000
vt 0.000000 0.000000
vt 0.000000 0.000000
vt 0.000000 0.000000
vt 0.000000 0.000000
vt 0.000000 0.000000
vt 0.000000 0.000000
vt 0.000000 0.000000
vt 0.000000 0.000000
vt 0.000000 0.000000
vt 0.000000 0.000000
vt 0.000000 0.000000
vt 0.000000 0.000000
vt 0.000000 0.000000
vt 0.000000 0.000000
vt 0.000000 0.000000
vt 0.000000 0.000000
vt 0.000000 0.000000
vt 0.000000 0.000000
vt 0.000000 0.000000
vt 0.000000 0.000000
vt 0.000000 0.000000
vt 0.000000 0.000000
vt 0.000000 0.000000
vt 0.000000 0.000000
vt 0.000000 0.000000
vt 0.000000 0.000000
vt 0.000000 0.000000
vt 0.000000 0.000000
vt 0.000000 0.000000
vt 0.000000 0.000000
vt 0.000000 0.000000
vt 0.000000 0.000000
vt 0.000000 0.000000
vt 0.000000 0.000000
vt 0.000000 0.000000
vt 0.000000 0.000000
vt 0.000000 0.000000
vt 0.000000 0.000000
vt 0.000000 0.000000
vt 0.000000 0.000000
vt 0.000000 0.000000
vt 0.000000 0.000000
vt 0.000000 0.000000
vt 0.000000 0.000000
vt 0.000000 0.000000
vt 0.000000 0.000000
vt 0.000000 0.000000
vt 0.000000 0.000000
vt 0.000000 0.000000
vt 0.000000 0.000000
vt 0.000000 0.000000
vt 0.000000 0.000000
vt 0.000000 0.000000
vt 0.000000 0.000000
vt 0.000000 0.000000
vt 0.000000 0.000000
vt 0.000000 0.000000
vt 0.000000 0.000000
vt 0.000000 0.000000
vt 0.000000 0.000000
vt 0.000000 0.000000
vt 0.000000 0.000000
vt 0.000000 0.000000
vt 0.000000 0.000000
vt 0.000000 0.000000
vt 0.000000 0.000000
vt 0.000000 0.000000
vt 0.000000 0.000000
vt 0.000000 0.000000
vt 0.000000 0.000000
vt 0.000000 0.000000
vt 0.000000 0.000000
vt 0.000000 0.000000
vt 0.000000 0.000000
vt 0.000000 0.000000
vt 0.000000 0.000000
vt 0.000000 0.000000
vt 0.000000 0.000000
vt 0.000000 0.000000
vt 0.000000 0.000000
vt 0.000000 0.000000
vt 0.000000 0.000000
vt 0.000000 0.000000
vt 0.000000 0.000000
vt 0.000000 0.000000
vt 0.000000 0.000000
vt 0.000000 0.000000
vt 0.000000 0.000000
vt 0.000000 0.000000
vt 0.000000 0.000000
vt 0.000000 0.000000
vt 0.000000 0.000000
vt 0.000000 0.000000
vt 0.000000 0.000000
vt 0.000000 0.000000
vt 0.000000 0.000000
vt 0.000000 0.000000
vt 0.000000 0.000000
vt 0.000000 0.000000
vt 0.000000 0.000000
vt 0.000000 0.000000
vt 0.000000 0.000000
vt 0.000000 0.000000
vt 0.000000 0.000000
vt 0.000000 0.000000
vt 0.000000 0.000000
vt 0.000000 0.000000
vt 0.000000 0.000000
vt 0.000000 0.000000
vt 0.000000 0.000000
vt 0.000000 0.000000
vt 0.000000 0.000000
vt 0.000000 0.000000
vt 0.000000 0.000000
vt 0.000000 0.000000
vt 0.000000 0.000000
vt 0.000000 0.000000
vt 0.000000 0.000000
vt 0.000000 0.000000
vt 0.000000 0.000000
vt 0.000000 0.000000
vt 0.000000 0.000000
vt 0.000000 0.000000
vt 0.000000 0.000000
vt 0.000000 0.000000
vt 0.000000 0.000000
vt 0.000000 0.000000
vt 0.000000 0.000000
vt 0.000000 0.000000
vt 0.000000 0.000000
vt 0.000000 0.000000
vt 0.000000 0.000000
vt 0.000000 0.000000
vt 0.000000 0.000000
vt 0.000000 0.000000
vt 0.000000 0.000000
vt 0.000000 0.000000
vt 0.000000 0.000000
vt 0.000000 0.000000
vt 0.000000 0.000000
vt 0.000000 0.000000
vt 0.000000 0.000000
vt 0.000000 0.000000
vt 0.000000 0.000000
vt 0.000000 0.000000
vt 0.000000 0.000000
vt 0.000000 0.000000
vt 0.000000 0.000000
vt 0.000000 0.000000
vt 0.000000 0.000000
vt 0.000000 0.000000
vt 0.000000 0.000000
vt 0.000000 0.000000
vt 0.000000 0.000000
vt 0.000000 0.000000
vt 0.000000 0.000000
vt 0.000000 0.000000
vt 0.000000 0.000000
vt 0.000000 0.000000
vt 0.000000 0.000000
vt 0.000000 0.000000
vt 0.000000 0.000000
vt 0.000000 0.000000
vt 0.000000 0.000000
vt 0.000000 0.000000
vt 0.000000 0.000000
vt 0.000000 0.000000
vt 0.000000 0.000000
vt 0.000000 0.000000
vt 0.000000 0.000000
vt 0.000000 0.000000
vt 0.000000 0.000000
vt 0.000000 0.000000
vt 0.000000 0.000000
vt 0.000000 0.000000
vt 0.000000 0.000000
vt 0.000000 0.000000
vt 0.000000 0.000000
vt 0.000000 0.000000
vt 0.000000 0.000000
vt 0.000000 0.000000
vt 0.000000 0.000000
vt 0.000000 0.000000
vt 0.000000 0.000000
vt 0.000000 0.000000
vt 0.000000 0.000000
vt 0.000000 0.000000
vt 0.000000 0.000000
vt 0.000000 0.000000
vt 0.000000 0.000000
vt 0.000000 0.000000
vt 0.000000 0.000000
vt 0.000000 0.000000
vt 0.000000 0.000000
vt 0.000000 0.000000
vt 0.000000 0.000000
vt 0.000000 0.000000
vt 0.000000 0.000000
vt 0.000000 0.000000
vt 0.000000 0.000000
vt 0.000000 0.000000
vt 0.000000 0.000000
vt 0.000000 0.000000
vt 0.000000 0.000000
vt 0.000000 0.000000
vt 0.000000 0.000000
vt 0.000000 0.000000
vt 0.000000 0.000000
vt 0.000000 0.000000
vt 0.000000 0.000000
vt 0.000000 0.000000
vt 0.000000 0.000000
vt 0.000000 0.000000
vt 0.000000 0.000000
vt 0.000000 0.000000
vt 0.000000 0.000000
vt 0.000000 0.000000
vt 0.000000 0.000000
vt 0.000000 0.000000
vt 0.000000 0.000000
vt 0.000000 0.000000
vt 0.000000 0.000000
vt 0.000000 0.000000
vt 0.000000 0.000000
vt 0.000000 0.000000
vt 0.000000 0.000000
vt 0.000000 0.000000
vt 0.000000 0.000000
vt 0.000000 0.000000
vt 0.000000 0.000000
vt 0.000000 0.000000
vt 0.000000 0.000000
vt 0.000000 0.000000
vt 0.000000 0.000000
vt 0.000000 0.000000
vt 0.000000 0.000000
vt 0.000000 0.000000
vt 0.000000 0.000000
vt 0.000000 0.000000
vt 0.000000 0.000000
vt 0.000000 0.000000
vt 0.000000 0.000000
vt 0.000000 0.000000
vt 0.000000 0.000000
vt 0.000000 0.000000
vt 0.000000 0.000000
vt 0.000000 0.000000
vt 0.000000 0.000000
vt 0.000000 0.000000
vt 0.000000 0.000000
vt 0.000000 0.000000
vt 0.000000 0.000000
vt 0.000000 0.000000
vt 0.000000 0.000000
vt 0.000000 0.000000
vt 0.000000 0.000000
vt 0.000000 0.000000
vt 0.000000 0.000000
vt 0.000000 0.000000
vt 0.000000 0.000000
vt 0.000000 0.000000
vt 0.000000 0.000000
vt 0.000000 0.000000
vt 0.000000 0.000000
vt 0.000000 0.000000
vt 0.000000 0.000000
vt 0.000000 0.000000
vt 0.000000 0.000000
vt 0.000000 0.000000
vt 0.000000 0.000000
vt 0.000000 0.000000
vt 0.000000 0.000000
vt 0.000000 0.000000
vt 0.000000 0.000000
vt 0.000000 0.000000
vt 0.000000 0.000000
vt 0.000000 0.000000
vt 0.000000 0.000000
vt 0.000000 0.000000
vt 0.000000 0.000000
vt 0.000000 0.000000
vt 0.000000 0.000000
vt 0.000000 0.000000
vt 0.000000 0.000000
vt 0.000000 0.000000
vt 0.000000 0.000000
vt 0.000000 0.000000
vt 0.000000 0.000000
vt 0.000000 0.000000
vt 0.000000 0.000000
vt 0.000000 0.000000
vt 0.000000 0.000000
vt 0.000000 0.000000
vt 0.000000 0.000000
vt 0.000000 0.000000
vt 0.000000 0.000000
vt 0.000000 0.000000
vt 0.000000 0.000000
vt 0.000000 0.000000
vt 0.000000 0.000000
vt 0.000000 0.000000
vt 0.000000 0.000000
vt 0.000000 0.000000
vt 0.000000 0.000000
vt 0.000000 0.000000
vt 0.000000 0.000000
vt 0.000000 0.000000
vt 0.000000 0.000000
vt 0.000000 0.000000
vt 0.000000 0.000000
vt 0.000000 0.000000
vt 0.000000 0.000000
vt 0.000000 0.000000
vt 0.000000 0.000000
vt 0.000000 0.000000
vt 0.000000 0.000000
vt 0.000000 0.000000
vt 0.000000 0.000000
vt 0.000000 0.000000
vt 0.000000 0.000000
vt 0.000000 0.000000
vt 0.000000 0.000000
vt 0.000000 0.000000
vt 0.000000 0.000000
vt 0.000000 0.000000
vt 0.000000 0.000000
vt 0.000000 0.000000
vt 0.000000 0.000000
vt 0.000000 0.000000
vt 0.000000 0.000000
vt 0.000000 0.000000
vt 0.000000 0.000000
vt 0.000000 0.000000
vt 0.000000 0.000000
vt 0.000000 0.000000
vt 0.000000 0.000000
vt 0.000000 0.000000
vt 0.000000 0.000000
vt 0.000000 0.000000
vt 0.000000 0.000000
vt 0.000000 0.000000
vt 0.000000 0.000000
vt 0.000000 0.000000
vt 0.000000 0.000000
vt 0.000000 0.000000
vt 0.000000 0.000000
vt 0.000000 0.000000
vt 0.000000 0.000000
vt 0.000000 0.000000
vt 0.000000 0.000000
vt 0.000000 0.000000
vt 0.000000 0.000000
vt 0.000000 0.000000
vt 0.000000 0.000000
vt 0.000000 0.000000
vt 0.000000 0.000000
vt 0.000000 0.000000
vt 0.000000 0.000000
vt 0.000000 0.000000
vt 0.000000 0.000000
vt 0.000000 0.000000
vt 0.000000 0.000000
vt 0.000000 0.000000
vt 0.000000 0.000000
vt 0.000000 0.000000
vt 0.000000 0.000000
vt 0.000000 0.000000
vt 0.000000 0.000000
vt 0.000000 0.000000
vt 0.000000 0.000000
vt 0.000000 0.000000
vt 0.000000 0.000000
vt 0.000000 0.000000
vt 0.000000 0.000000
vt 0.000000 0.000000
vt 0.000000 0.000000
vt 0.000000 0.000000
vt 0.000000 0.000000
vt 0.000000 0.000000
vt 0.000000 0.000000
vt 0.000000 0.000000
vt 0.000000 0.000000
vt 0.000000 0.000000
vt 0.000000 0.000000
vt 0.000000 0.000000
vt 0.000000 0.000000
vt 0.000000 0.000000
vt 0.000000 0.000000
vt 0.000000 0.000000
vt 0.000000 0.000000
vt 0.000000 0.000000
vt 0.000000 0.000000
vt 0.000000 0.000000
vt 0.000000 0.000000
vt 0.000000 0.000000
vt 0.000000 0.000000
vt 0.000000 0.000000
vt 0.000000 0.000000
vt 0.000000 0.000000
vt 0.000000 0.000000
vt 0.000000 0.000000
vt 0.000000 0.000000
vt 0.000000 0.000000
vt 0.000000 0.000000
vt 0.000000 0.000000
vt 0.000000 0.000000
vt 0.000000 0.000000
vt 0.000000 0.000000
vt 0.000000 0.000000
vt 0.000000 0.000000
vt 0.000000 0.000000
vt 0.000000 0.000000
vt 0.000000 0.000000
vt 0.000000 0.000000
vt 0.000000 0.000000
vt 0.000000 0.000000
vt 0.000000 0.000000
vt 0.000000 0.000000
vt 0.000000 0.000000
vt 0.000000 0.000000
vt 0.000000 0.000000
vt 0.000000 0.000000
vt 0.000000 0.000000
vt 0.000000 0.000000
vt 0.000000 0.000000
vt 0.000000 0.000000
vt 0.000000 0.000000
vt 0.000000 0.000000
vt 0.000000 0.000000
vt 0.000000 0.000000
vt 0.000000 0.000000
vt 0.000000 0.000000
vt 0.000000 0.000000
vt 0.000000 0.000000
vt 0.000000 0.000000
vt 0.000000 0.000000
vt 0.000000 0.000000
vt 0.000000 0.000000
vt 0.000000 0.000000
vt 0.000000 0.000000
vt 0.000000 0.000000
vt 0.000000 0.000000
vt 0.000000 0.000000
vt 0.000000 0.000000
vt 0.000000 0.000000
vt 0.000000 0.000000
vt 0.000000 0.000000
vt 0.000000 0.000000
vt 0.000000 0.000000
vt 0.000000 0.000000
vt 0.000000 0.000000
vt 0.000000 0.000000
vt 0.000000 0.000000
vt 0.000000 0.000000
vt 0.000000 0.000000
vt 0.000000 0.000000
vt 0.000000 0.000000
vt 0.000000 0.000000
vt 0.000000 0.000000
vt 0.000000 0.000000
vt 0.000000 0.000000
vt 0.000000 0.000000
vt 0.000000 0.000000
vt 0.000000 0.000000
vt 0.000000 0.000000
vt 0.000000 0.000000
vt 0.000000 0.000000
vt 0.000000 0.000000
vt 0.000000 0.000000
vt 0.000000 0.000000
vt 0.000000 0.000000
vt 0.000000 0.000000
vt 0.000000 0.000000
vt 0.000000 0.000000
vt 0.000000 0.000000
vt 0.000000 0.000000
vt 0.000000 0.000000
vt 0.000000 0.000000
vt 0.000000 0.000000
vt 0.000000 0.000000
vt 0.000000 0.000000
vt 0.000000 0.000000
vt 0.000000 0.000000
vt 0.000000 0.000000
vt 0.000000 0.000000
vt 0.000000 0.000000
vt 0.000000 0.000000
vt 0.000000 0.000000
vt 0.000000 0.000000
vt 0.000000 0.000000
vt 0.000000 0.000000
vt 0.000000 0.000000
vt 0.000000 0.000000
vt 0.000000 0.000000
vt 0.000000 0.000000
vt 0.000000 0.000000
vt 0.000000 0.000000
vt 0.000000 0.000000
vt 0.000000 0.000000
vt 0.000000 0.000000
vt 0.000000 0.000000
vt 0.000000 0.000000
vt 0.000000 0.000000
vt 0.000000 0.000000
vt 0.000000 0.000000
vt 0.000000 0.000000
vt 0.000000 0.000000
vt 0.000000 0.000000
vt 0.000000 0.000000
vt 0.000000 0.000000
vt 0.000000 0.000000
vt 0.000000 0.000000
vt 0.000000 0.000000
vt 0.000000 0.000000
vt 0.000000 0.000000
vt 0.000000 0.000000
vt 0.000000 0.000000
vt 0.000000 0.000000
vt 0.000000 0.000000
vt 0.000000 0.000000
vt 0.000000 0.000000
vt 0.000000 0.000000
vt 0.000000 0.000000
vt 0.000000 0.000000
vt 0.000000 0.000000
vt 0.000000 0.000000
vt 0.000000 0.000000
vt 0.000000 0.000000
vt 0.000000 0.000000
vt 0.000000 0.000000
vt 0.000000 0.000000
vt 0.000000 0.000000
vt 0.000000 0.000000
vt 0.000000 0.000000
vt 0.000000 0.000000
vt 0.000000 0.000000
vt 0.000000 0.000000
vt 0.000000 0.000000
vt 0.000000 0.000000
vt 0.000000 0.000000
vt 0.000000 0.000000
vt 0.000000 0.000000
vt 0.000000 0.000000
vt 0.000000 0.000000
vt 0.000000 0.000000
vt 0.000000 0.000000
vt 0.000000 0.000000
vt 0.000000 0.000000
vt 0.000000 0.000000
vt 0.000000 0.000000
vt 0.000000 0.000000
vt 0.000000 0.000000
vt 0.000000 0.000000
vt 0.000000 0.000000
vt 0.000000 0.000000
vt 0.000000 0.000000
vt 0.000000 0.000000
vt 0.000000 0.000000
vt 0.000000 0.000000
vt 0.000000 0.000000
vt 0.000000 0.000000
vt 0.000000 0.000000
vt 0.000000 0.000000
vt 0.000000 0.000000
vt 0.000000 0.000000
vt 0.000000 0.000000
vt 0.000000 0.000000
vt 0.000000 0.000000
vt 0.000000 0.000000
vt 0.000000 0.000000
vt 0.000000 0.000000
vt 0.000000 0.000000
vt 0.000000 0.000000
vt 0.000000 0.000000
vt 0.000000 0.000000
vt 0.000000 0.000000
vt 0.000000 0.000000
vt 0.000000 0.000000
vt 0.000000 0.000000
vt 0.000000 0.000000
vt 0.000000 0.000000
vt 0.000000 0.000000
vt 0.000000 0.000000
vt 0.000000 0.000000
vt 0.000000 0.000000
vt 0.000000 0.000000
vt 0.000000 0.000000
vt 0.000000 0.000000
vt 0.000000 0.000000
vt 0.000000 0.000000
vt 0.000000 0.000000
vt 0.000000 0.000000
vt 0.000000 0.000000
vt 0.000000 0.000000
vt 0.000000 0.000000
vt 0.000000 0.000000
vt 0.000000 0.000000
vt 0.000000 0.000000
vt 0.000000 0.000000
vt 0.000000 0.000000
vt 0.000000 0.000000
vt 0.000000 0.000000
vt 0.000000 0.000000
vt 0.000000 0.000000
vt 0.000000 0.000000
vt 0.000000 0.000000
vt 0.000000 0.000000
vt 0.000000 0.000000
vt 0.000000 0.000000
vt 0.000000 0.000000
vt 0.000000 0.000000
vt 0.000000 0.000000
vt 0.000000 0.000000
vt 0.000000 0.000000
vt 0.000000 0.000000
vt 0.000000 0.000000
vt 0.000000 0.000000
vt 0.000000 0.000000
vt 0.000000 0.000000
vt 0.000000 0.000000
vt 0.000000 0.000000
vt 0.000000 0.000000
vt 0.000000 0.000000
vt 0.000000 0.000000
vt 0.000000 0.000000
vt 0.000000 0.000000
vt 0.000000 0.000000
vt 0.000000 0.000000
vt 0.000000 0.000000
vt 0.000000 0.000000
vt 0.000000 0.000000
vt 0.000000 0.000000
vt 0.000000 0.000000
vt 0.000000 0.000000
vt 0.000000 0.000000
vt 0.000000 0.000000
vt 0.000000 0.000000
vt 0.000000 0.000000
vt 0.000000 0.000000
vt 0.000000 0.000000
vt 0.000000 0.000000
vt 0.000000 0.000000
vt 0.000000 0.000000
vt 0.000000 0.000000
vt 0.000000 0.000000
vt 0.000000 0.000000
vt 0.000000 0.000000
vt 0.000000 0.000000
vt 0.000000 0.000000
vt 0.000000 0.000000
vt 0.000000 0.000000
vt 0.000000 0.000000
vt 0.000000 0.000000
vt 0.000000 0.000000
vt 0.000000 0.000000
vt 0.000000 0.000000
vt 0.000000 0.000000
vt 0.000000 0.000000
vt 0.000000 0.000000
vt 0.000000 0.000000
vt 0.000000 0.000000
vt 0.000000 0.000000
vt 0.000000 0.000000
vt 0.000000 0.000000
vt 0.000000 0.000000
vt 0.000000 0.000000
vt 0.000000 0.000000
vt 0.000000 0.000000
vt 0.000000 0.000000
vt 0.000000 0.000000
vt 0.000000 0.000000
vt 0.000000 0.000000
vt 0.000000 0.000000
vt 0.000000 0.000000
vt 0.000000 0.000000
vt 0.000000 0.000000
vt 0.000000 0.000000
vt 0.000000 0.000000
vt 0.000000 0.000000
vt 0.000000 0.000000
vt 0.000000 0.000000
vt 0.000000 0.000000
vt 0.000000 0.000000
vt 0.000000 0.000000
vt 0.000000 0.000000
vt 0.000000 0.000000
vt 0.000000 0.000000
vt 0.000000 0.000000
vt 0.000000 0.000000
vt 0.000000 0.000000
vt 0.000000 0.000000
vt 0.000000 0.000000
vt 0.000000 0.000000
vt 0.000000 0.000000
vt 0.000000 0.000000
vt 0.000000 0.000000
vt 0.000000 0.000000
vt 0.000000 0.000000
vt 0.000000 0.000000
vt 0.000000 0.000000
vt 0.000000 0.000000
vt 0.000000 0.000000
vt 0.000000 0.000000
vt 0.000000 0.000000
vt 0.000000 0.000000
vt 0.000000 0.000000
vt 0.000000 0.000000
vt 0.000000 0.000000
vt 0.000000 0.000000
vt 0.000000 0.000000
vt 0.000000 0.000000
vt 0.000000 0.000000
vt 0.000000 0.000000
vt 0.000000 0.000000
vt 0.000000 0.000000
vt 0.000000 0.000000
vt 0.000000 0.000000
vt 0.000000 0.000000
vt 0.000000 0.000000
vt 0.000000 0.000000
vt 0.000000 0.000000
vt 0.000000 0.000000
vt 0.000000 0.000000
vt 0.000000 0.000000
vt 0.000000 0.000000
vt 0.000000 0.000000
vt 0.000000 0.000000
vt 0.000000 0.000000
vt 0.000000 0.000000
vt 0.000000 0.000000
vt 0.000000 0.000000
vt 0.000000 0.000000
vt 0.000000 0.000000
vt 0.000000 0.000000
vt 0.000000 0.000000
vt 0.000000 0.000000
vt 0.000000 0.000000
vt 0.000000 0.000000
vt 0.000000 0.000000
vt 0.000000 0.000000
vt 0.000000 0.000000
vt 0.000000 0.000000
vt 0.000000 0.000000
vt 0.000000 0.000000
vt 0.000000 0.000000
vt 0.000000 0.000000
vt 0.000000 0.000000
vt 0.000000 0.000000
vt 0.000000 0.000000
vt 0.000000 0.000000
vt 0.000000 0.000000
vt 0.000000 0.000000
vt 0.000000 0.000000
vt 0.000000 0.000000
vt 0.000000 0.000000
vt 0.000000 0.000000
vt 0.000000 0.000000
vt 0.000000 0.000000
vt 0.000000 0.000000
vt 0.000000 0.000000
vt 0.000000 0.000000
vt 0.000000 0.000000
vt 0.000000 0.000000
vt 0.000000 0.000000
vt 0.000000 0.000000
vt 0.000000 0.000000
vt 0.000000 0.000000
vt 0.000000 0.000000
vt 0.000000 0.000000
vt 0.000000 0.000000
vt 0.000000 0.000000
vt 0.000000 0.000000
vt 0.000000 0.000000
vt 0.000000 0.000000
vt 0.000000 0.000000
vt 0.000000 0.000000
vt 0.000000 0.000000
vt 0.000000 0.000000
vt 0.000000 0.000000
vt 0.000000 0.000000
vt 0.000000 0.000000
vt 0.000000 0.000000
vt 0.000000 0.000000
vt 0.000000 0.000000
vt 0.000000 0.000000
vt 0.000000 0.000000
vt 0.000000 0.000000
vt 0.000000 0.000000
vt 0.000000 0.000000
vt 0.000000 0.000000
vt 0.000000 0.000000
vt 0.000000 0.000000
vt 0.000000 0.000000
vt 0.000000 0.000000
vt 0.000000 0.000000
vt 0.000000 0.000000
vt 0.000000 0.000000
vt 0.000000 0.000000
vt 0.000000 0.000000
vt 0.000000 0.000000
vt 0.000000 0.000000
vt 0.000000 0.000000
vt 0.000000 0.000000
vt 0.000000 0.000000
vt 0.000000 0.000000
vt 0.000000 0.000000
vt 0.000000 0.000000
vt 0.000000 0.000000
vt 0.000000 0.000000
vt 0.000000 0.000000
vt 0.000000 0.000000
vt 0.000000 0.000000
vt 0.000000 0.000000
vt 0.000000 0.000000
vt 0.000000 0.000000
vt 0.000000 0.000000
vt 0.000000 0.000000
vt 0.000000 0.000000
vt 0.000000 0.000000
vt 0.000000 0.000000
vt 0.000000 0.000000
vt 0.000000 0.000000
vt 0.000000 0.000000
vt 0.000000 0.000000
vt 0.000000 0.000000
vt 0.000000 0.000000
vt 0.000000 0.000000
vt 0.000000 0.000000
vt 0.000000 0.000000
vt 0.000000 0.000000
vt 0.000000 0.000000
vt 0.000000 0.000000
vt 0.000000 0.000000
vt 0.000000 0.000000
vt 0.000000 0.000000
vt 0.000000 0.000000
vt 0.000000 0.000000
vt 0.000000 0.000000
vt 0.000000 0.000000
vt 0.000000 0.000000
vt 0.000000 0.000000
vt 0.000000 0.000000
vt 0.000000 0.000000
vt 0.000000 0.000000
vt 0.000000 0.000000
vt 0.000000 0.000000
vt 0.000000 0.000000
vt 0.000000 0.000000
vt 0.000000 0.000000
vt 0.000000 0.000000
vt 0.000000 0.000000
vt 0.000000 0.000000
vt 0.000000 0.000000
vt 0.000000 0.000000
vt 0.000000 0.000000
vt 0.000000 0.000000
vt 0.000000 0.000000
vt 0.000000 0.000000
vt 0.000000 0.000000
vt 0.000000 0.000000
vt 0.000000 0.000000
vt 0.000000 0.000000
vt 0.000000 0.000000
vt 0.000000 0.000000
vt 0.000000 0.000000
vt 0.000000 0.000000
vt 0.000000 0.000000
vt 0.000000 0.000000
vt 0.000000 0.000000
vt 0.000000 0.000000
vt 0.000000 0.000000
vt 0.000000 0.000000
vt 0.000000 0.000000
vt 0.000000 0.000000
vt 0.000000 0.000000
vt 0.000000 0.000000
vt 0.000000 0.000000
vt 0.000000 0.000000
vt 0.000000 0.000000
vt 0.000000 0.000000
vt 0.000000 0.000000
vt 0.000000 0.000000
vt 0.000000 0.000000
vt 0.000000 0.000000
vt 0.000000 0.000000
vt 0.000000 0.000000
vt 0.000000 0.000000
vt 0.000000 0.000000
vt 0.000000 0.000000
vt 0.000000 0.000000
vt 0.000000 0.000000
vt 0.000000 0.000000
vt 0.000000 0.000000
vt 0.000000 0.000000
vt 0.000000 0.000000
vt 0.000000 0.000000
vt 0.000000 0.000000
vt 0.000000 0.000000
vt 0.000000 0.000000
vt 0.000000 0.000000
vt 0.000000 0.000000
vt 0.000000 0.000000
vt 0.000000 0.000000
vt 0.000000 0.000000
vt 0.000000 0.000000
vt 0.000000 0.000000
vt 0.000000 0.000000
vt 0.000000 0.000000
vt 0.000000 0.000000
vt 0.000000 0.000000
vt 0.000000 0.000000
vt 0.000000 0.000000
vt 0.000000 0.000000
vt 0.000000 0.000000
vt 0.000000 0.000000
vt 0.000000 0.000000
vt 0.000000 0.000000
vt 0.000000 0.000000
vt 0.000000 0.000000
vt 0.000000 0.000000
vt 0.000000 0.000000
vt 0.000000 0.000000
vt 0.000000 0.000000
vt 0.000000 0.000000
vt 0.000000 0.000000
vt 0.000000 0.000000
vt 0.000000 0.000000
vt 0.000000 0.000000
vt 0.000000 0.000000
vt 0.000000 0.000000
vt 0.000000 0.000000
vt 0.000000 0.000000
vt 0.000000 0.000000
vt 0.000000 0.000000
vt 0.000000 0.000000
vt 0.000000 0.000000
vt 0.000000 0.000000
vt 0.000000 0.000000
vt 0.000000 0.000000
vt 0.000000 0.000000
vt 0.000000 0.000000
vt 0.000000 0.000000
vt 0.000000 0.000000
vt 0.000000 0.000000
vt 0.000000 0.000000
vt 0.000000 0.000000
vt 0.000000 0.000000
vt 0.000000 0.000000
vt 0.000000 0.000000
vt 0.000000 0.000000
vt 0.000000 0.000000
vt 0.000000 0.000000
vt 0.000000 0.000000
vt 0.000000 0.000000
vt 0.000000 0.000000
vt 0.000000 0.000000
vt 0.000000 0.000000
vt 0.000000 0.000000
vt 0.000000 0.000000
vt 0.000000 0.000000
vt 0.000000 0.000000
vt 0.000000 0.000000
vt 0.000000 0.000000
vt 0.000000 0.000000
vt 0.000000 0.000000
vt 0.000000 0.000000
vt 0.000000 0.000000
vt 0.000000 0.000000
vt 0.000000 0.000000
vt 0.000000 0.000000
vt 0.000000 0.000000
vt 0.000000 0.000000
vt 0.000000 0.000000
vt 0.000000 0.000000
vt 0.000000 0.000000
vt 0.000000 0.000000
vt 0.000000 0.000000
vt 0.000000 0.000000
vt 0.000000 0.000000
vt 0.000000 0.000000
vt 0.000000 0.000000
vt 0.000000 0.000000
vt 0.000000 0.000000
vt 0.000000 0.000000
vt 0.000000 0.000000
vt 0.000000 0.000000
vt 0.000000 0.000000
vt 0.000000 0.000000
vt 0.000000 0.000000
vt 0.000000 0.000000
vt 0.000000 0.000000
vt 0.000000 0.000000
vt 0.000000 0.000000
vt 0.000000 0.000000
vt 0.000000 0.000000
vt 0.000000 0.000000
vt 0.000000 0.000000
vt 0.000000 0.000000
vt 0.000000 0.000000
vt 0.000000 0.000000
vt 0.000000 0.000000
vt 0.000000 0.000000
vt 0.000000 0.000000
vt 0.000000 0.000000
vt 0.000000 0.000000
vt 0.000000 0.000000
vt 0.000000 0.000000
vt 0.000000 0.000000
vt 0.000000 0.000000
vt 0.000000 0.000000
vt 0.000000 0.000000
vt 0.000000 0.000000
vt 0.000000 0.000000
vt 0.000000 0.000000
vt 0.000000 0.000000
vt 0.000000 0.000000
vt 0.000000 0.000000
vt 0.000000 0.000000
vt 0.000000 0.000000
vt 0.000000 0.000000
vt 0.000000 0.000000
vt 0.000000 0.000000
vt 0.000000 0.000000
vt 0.000000 0.000000
vt 0.000000 0.000000
vt 0.000000 0.000000
vt 0.000000 0.000000
vt 0.000000 0.000000
vt 0.000000 0.000000
vt 0.000000 0.000000
vt 0.000000 0.000000
vt 0.000000 0.000000
vt 0.000000 0.000000
vt 0.000000 0.000000
vt 0.000000 0.000000
vt 0.000000 0.000000
vt 0.000000 0.000000
vt 0.000000 0.000000
vt 0.000000 0.000000
vt 0.000000 0.000000
vt 0.000000 0.000000
vt 0.000000 0.000000
vt 0.000000 0.000000
vt 0.000000 0.000000
vt 0.000000 0.000000
vt 0.000000 0.000000
vt 0.000000 0.000000
vt 0.000000 0.000000
vt 0.000000 0.000000
vt 0.000000 0.000000
vt 0.000000 0.000000
vt 0.000000 0.000000
vt 0.000000 0.000000
vt 0.000000 0.000000
vt 0.000000 0.000000
vt 0.000000 0.000000
vt 0.000000 0.000000
vt 0.000000 0.000000
vt 0.000000 0.000000
vt 0.000000 0.000000
vt 0.000000 0.000000
vt 0.000000 0.000000
vt 0.000000 0.000000
vt 0.000000 0.000000
vt 0.000000 0.000000
vt 0.000000 0.000000
vt 0.000000 0.000000
vt 0.000000 0.000000
vt 0.000000 0.000000
vt 0.000000 0.000000
vt 0.000000 0.000000
vt 0.000000 0.000000
vt 0.000000 0.000000
vt 0.000000 0.000000
vt 0.000000 0.000000
vt 0.000000 0.000000
vt 0.000000 0.000000
vt 0.000000 0.000000
vt 0.000000 0.000000
vt 0.000000 0.000000
vt 0.000000 0.000000
vt 0.000000 0.000000
vt 0.000000 0.000000
vt 0.000000 0.000000
vt 0.000000 0.000000
vt 0.000000 0.000000
vt 0.000000 0.000000
vt 0.000000 0.000000
vt 0.000000 0.000000
vt 0.000000 0.000000
vt 0.000000 0.000000
vt 0.000000 0.000000
vt 0.000000 0.000000
vt 0.000000 0.000000
vt 0.000000 0.000000
vt 0.000000 0.000000
vt 0.000000 0.000000
vt 0.000000 0.000000
vt 0.000000 0.000000
vt 0.000000 0.000000
vt 0.000000 0.000000
vt 0.000000 0.000000
vt 0.000000 0.000000
vt 0.000000 0.000000
vt 0.000000 0.000000
vt 0.000000 0.000000
vt 0.000000 0.000000
vt 0.000000 0.000000
vt 0.000000 0.000000
vt 0.000000 0.000000
vt 0.000000 0.000000
vt 0.000000 0.000000
vt 0.000000 0.000000
vt 0.000000 0.000000
vt 0.000000 0.000000
vt 0.000000 0.000000
vt 0.000000 0.000000
vt 0.000000 0.000000
vt 0.000000 0.000000
vt 0.000000 0.000000
vt 0.000000 0.000000
vt 0.000000 0.000000
vt 0.000000 0.000000
vt 0.000000 0.000000
vt 0.000000 0.000000
vt 0.000000 0.000000
vt 0.000000 0.000000
vt 0.000000 0.000000
vt 0.000000 0.000000
vt 0.000000 0.000000
vt 0.000000 0.000000
vt 0.000000 0.000000
vt 0.000000 0.000000
vt 0.000000 0.000000
vt 0.000000 0.000000
vt 0.000000 0.000000
vt 0.000000 0.000000
vt 0.000000 0.000000
vt 0.000000 0.000000
vt 0.000000 0.000000
vt 0.000000 0.000000
vt 0.000000 0.000000
vt 0.000000 0.000000
vt 0.000000 0.000000
vt 0.000000 0.000000
vt 0.000000 0.000000
vt 0.000000 0.000000
vt 0.000000 0.000000
vt 0.000000 0.000000
vt 0.000000 0.000000
vt 0.000000 0.000000
vt 0.000000 0.000000
vt 0.000000 0.000000
vt 0.000000 0.000000
vt 0.000000 0.000000
vt 0.000000 0.000000
vt 0.000000 0.000000
vt 0.000000 0.000000
vt 0.000000 0.000000
vt 0.000000 0.000000
vt 0.000000 0.000000
vt 0.000000 0.000000
vt 0.000000 0.000000
vt 0.000000 0.000000
vt 0.000000 0.000000
vt 0.000000 0.000000
vt 0.000000 0.000000
vt 0.000000 0.000000
vt 0.000000 0.000000
vt 0.000000 0.000000
vt 0.000000 0.000000
vt 0.000000 0.000000
vt 0.000000 0.000000
vt 0.000000 0.000000
vt 0.000000 0.000000
vt 0.000000 0.000000
vt 0.000000 0.000000
vt 0.000000 0.000000
vt 0.000000 0.000000
vt 0.000000 0.000000
vt 0.000000 0.000000
vt 0.000000 0.000000
vt 0.000000 0.000000
vt 0.000000 0.000000
vt 0.000000 0.000000
vt 0.000000 0.000000
vt 0.000000 0.000000
vt 0.000000 0.000000
vt 0.000000 0.000000
vt 0.000000 0.000000
vt 0.000000 0.000000
vt 0.000000 0.000000
vt 0.000000 0.000000
vt 0.000000 0.000000
vt 0.000000 0.000000
vt 0.000000 0.000000
vt 0.000000 0.000000
vt 0.000000 0.000000
vt 0.000000 0.000000
vt 0.000000 0.000000
vt 0.000000 0.000000
vt 0.000000 0.000000
vt 0.000000 0.000000
vt 0.000000 0.000000
vt 0.000000 0.000000
vt 0.000000 0.000000
vt 0.000000 0.000000
vt 0.000000 0.000000
vt 0.000000 0.000000
vt 0.000000 0.000000
vt 0.000000 0.000000
vt 0.000000 0.000000
vt 0.000000 0.000000
vt 0.000000 0.000000
vt 0.000000 0.000000
vt 0.000000 0.000000
vt 0.000000 0.000000
vt 0.000000 0.000000
vt 0.000000 0.000000
vt 0.000000 0.000000
vt 0.000000 0.000000
vt 0.000000 0.000000
vt 0.000000 0.000000
vt 0.000000 0.000000
vt 0.000000 0.000000
vt 0.000000 0.000000
vt 0.000000 0.000000
vt 0.000000 0.000000
vt 0.000000 0.000000
vt 0.000000 0.000000
vt 0.000000 0.000000
vt 0.000000 0.000000
vt 0.000000 0.000000
vt 0.000000 0.000000
vt 0.000000 0.000000
vt 0.000000 0.000000
vt 0.000000 0.000000
vt 0.000000 0.000000
vt 0.000000 0.000000
vt 0.000000 0.000000
vt 0.000000 0.000000
vt 0.000000 0.000000
vt 0.000000 0.000000
vt 0.000000 0.000000
vt 0.000000 0.000000
vt 0.000000 0.000000
vt 0.000000 0.000000
vt 0.000000 0.000000
vt 0.000000 0.000000
vt 0.000000 0.000000
vt 0.000000 0.000000
vt 0.000000 0.000000
vt 0.000000 0.000000
vt 0.000000 0.000000
vt 0.000000 0.000000
vt 0.000000 0.000000
vt 0.000000 0.000000
vt 0.000000 0.000000
vt 0.000000 0.000000
vt 0.000000 0.000000
vt 0.000000 0.000000
vt 0.000000 0.000000
vt 0.000000 0.000000
vt 0.000000 0.000000
vt 0.000000 0.000000
vt 0.000000 0.000000
vt 0.000000 0.000000
vt 0.000000 0.000000
vt 0.000000 0.000000
vt 0.000000 0.000000
vt 0.000000 0.000000
vt 0.000000 0.000000
vt 0.000000 0.000000
vt 0.000000 0.000000
vt 0.000000 0.000000
vt 0.000000 0.000000
vt 0.000000 0.000000
vt 0.000000 0.000000
vt 0.000000 0.000000
vt 0.000000 0.000000
vt 0.000000 0.000000
vt 0.000000 0.000000
vt 0.000000 0.000000
vt 0.000000 0.000000
vt 0.000000 0.000000
vt 0.000000 0.000000
vt 0.000000 0.000000
vt 0.000000 0.000000
vt 0.000000 0.000000
vt 0.000000 0.000000
vt 0.000000 0.000000
vt 0.000000 0.000000
vt 0.000000 0.000000
vt 0.000000 0.000000
vt 0.000000 0.000000
vt 0.000000 0.000000
vt 0.000000 0.000000
vt 0.000000 0.000000
vt 0.000000 0.000000
vt 0.000000 0.000000
vt 0.000000 0.000000
vt 0.000000 0.000000
vt 0.000000 0.000000
vt 0.000000 0.000000
vt 0.000000 0.000000
vt 0.000000 0.000000
vt 0.000000 0.000000
vt 0.000000 0.000000
vt 0.000000 0.000000
vt 0.000000 0.000000
vt 0.000000 0.000000
vt 0.000000 0.000000
vt 0.000000 0.000000
vt 0.000000 0.000000
vt 0.000000 0.000000
vt 0.000000 0.000000
vt 0.000000 0.000000
vt 0.000000 0.000000
vt 0.000000 0.000000
vt 0.000000 0.000000
vt 0.000000 0.000000
vt 0.000000 0.000000
vt 0.000000 0.000000
vt 0.000000 0.000000
vt 0.000000 0.000000
vt 0.000000 0.000000
vt 0.000000 0.000000
vt 0.000000 0.000000
vt 0.000000 0.000000
vt 0.000000 0.000000
vt 0.000000 0.000000
vt 0.000000 0.000000
vt 0.000000 0.000000
vt 0.000000 0.000000
vt 0.000000 0.000000
vt 0.000000 0.000000
vt 0.000000 0.000000
vt 0.000000 0.000000
vt 0.000000 0.000000
vt 0.000000 0.000000
vt 0.000000 0.000000
vt 0.000000 0.000000
vt 0.000000 0.000000
vt 0.000000 0.000000
vt 0.000000 0.000000
vt 0.000000 0.000000
vt 0.000000 0.000000
vt 0.000000 0.000000
vt 0.000000 0.000000
vt 0.000000 0.000000
vt 0.000000 0.000000
vt 0.000000 0.000000
vt 0.000000 0.000000
vt 0.000000 0.000000
vt 0.000000 0.000000
vt 0.000000 0.000000
vt 0.000000 0.000000
vt 0.000000 0.000000
vt 0.000000 0.000000
vt 0.000000 0.000000
vt 0.000000 0.000000
vt 0.000000 0.000000
vt 0.000000 0.000000
vt 0.000000 0.000000
vt 0.000000 0.000000
vt 0.000000 0.000000
vt 0.000000 0.000000
vt 0.000000 0.000000
vt 0.000000 0.000000
vt 0.000000 0.000000
vt 0.000000 0.000000
vt 0.000000 0.000000
vt 0.000000 0.000000
vt 0.000000 0.000000
vt 0.000000 0.000000
vt 0.000000 0.000000
vt 0.000000 0.000000
vt 0.000000 0.000000
vt 0.000000 0.000000
vt 0.000000 0.000000
vt 0.000000 0.000000
vt 0.000000 0.000000
vt 0.000000 0.000000
vt 0.000000 0.000000
vt 0.000000 0.000000
vt 0.000000 0.000000
vt 0.000000 0.000000
vt 0.000000 0.000000
vt 0.000000 0.000000
vt 0.000000 0.000000
vt 0.000000 0.000000
vt 0.000000 0.000000
vt 0.000000 0.000000
vt 0.000000 0.000000
vt 0.000000 0.000000
vt 0.000000 0.000000
vt 0.000000 0.000000
vt 0.000000 0.000000
vt 0.000000 0.000000
vt 0.000000 0.000000
vt 0.000000 0.000000
vt 0.000000 0.000000
vt 0.000000 0.000000
vt 0.000000 0.000000
vt 0.000000 0.000000
vt 0.000000 0.000000
vt 0.000000 0.000000
vt 0.000000 0.000000
vt 0.000000 0.000000
vt 0.000000 0.000000
vt 0.000000 0.000000
vt 0.000000 0.000000
vt 0.000000 0.000000
vt 0.000000 0.000000
vt 0.000000 0.000000
vt 0.000000 0.000000
vt 0.000000 0.000000
vt 0.000000 0.000000
vt 0.000000 0.000000
vt 0.000000 0.000000
vt 0.000000 0.000000
vt 0.000000 0.000000
vt 0.000000 0.000000
vt 0.000000 0.000000
vt 0.000000 0.000000
vt 0.000000 0.000000
vt 0.000000 0.000000
vt 0.000000 0.000000
vt 0.000000 0.000000
vt 0.000000 0.000000
vt 0.000000 0.000000
vt 0.000000 0.000000
vt 0.000000 0.000000
vt 0.000000 0.000000
vt 0.000000 0.000000
vt 0.000000 0.000000
vt 0.000000 0.000000
vt 0.000000 0.000000
vt 0.000000 0.000000
vt 0.000000 0.000000
vt 0.000000 0.000000
vt 0.000000 0.000000
vt 0.000000 0.000000
vt 0.000000 0.000000
vt 0.000000 0.000000
vt 0.000000 0.000000
vt 0.000000 0.000000
vt 0.000000 0.000000
vt 0.000000 0.000000
vt 0.000000 0.000000
vt 0.000000 0.000000
vt 0.000000 0.000000
vt 0.000000 0.000000
vt 0.000000 0.000000
vt 0.000000 0.000000
vt 0.000000 0.000000
vt 0.000000 0.000000
vt 0.000000 0.000000
vt 0.000000 0.000000
vt 0.000000 0.000000
vt 0.000000 0.000000
vt 0.000000 0.000000
vt 0.000000 0.000000
vt 0.000000 0.000000
vt 0.000000 0.000000
vt 0.000000 0.000000
vt 0.000000 0.000000
vt 0.000000 0.000000
vt 0.000000 0.000000
vt 0.000000 0.000000
vt 0.000000 0.000000
vt 0.000000 0.000000
vt 0.000000 0.000000
vt 0.000000 0.000000
vt 0.000000 0.000000
vt 0.000000 0.000000
vt 0.000000 0.000000
vt 0.000000 0.000000
vt 0.000000 0.000000
vt 0.000000 0.000000
vt 0.000000 0.000000
vt 0.000000 0.000000
vt 0.000000 0.000000
vt 0.000000 0.000000
vt 0.000000 0.000000
vt 0.000000 0.000000
vt 0.000000 0.000000
vt 0.000000 0.000000
vt 0.000000 0.000000
vt 0.000000 0.000000
vt 0.000000 0.000000
vt 0.000000 0.000000
vt 0.000000 0.000000
vt 0.000000 0.000000
vt 0.000000 0.000000
vt 0.000000 0.000000
vt 0.000000 0.000000
vt 0.000000 0.000000
vt 0.000000 0.000000
vt 0.000000 0.000000
vt 0.000000 0.000000
vt 0.000000 0.000000
vt 0.000000 0.000000
vt 0.000000 0.000000
vt 0.000000 0.000000
vt 0.000000 0.000000
vt 0.000000 0.000000
vt 0.000000 0.000000
vt 0.000000 0.000000
vt 0.000000 0.000000
vt 0.000000 0.000000
vt 0.000000 0.000000
vt 0.000000 0.000000
vt 0.000000 0.000000
vt 0.000000 0.000000
vt 0.000000 0.000000
vt 0.000000 0.000000
vt 0.000000 0.000000
vt 0.000000 0.000000
vt 0.000000 0.000000
vt 0.000000 0.000000
vt 0.000000 0.000000
vt 0.000000 0.000000
vt 0.000000 0.000000
vt 0.000000 0.000000
vt 0.000000 0.000000
vt 0.000000 0.000000
vt 0.000000 0.000000
vt 0.000000 0.000000
vt 0.000000 0.000000
vt 0.000000 0.000000
vt 0.000000 0.000000
vt 0.000000 0.000000
vt 0.000000 0.000000
vt 0.000000 0.000000
vt 0.000000 0.000000
vt 0.000000 0.000000
vt 0.000000 0.000000
vt 0.000000 0.000000
vt 0.000000 0.000000
vt 0.000000 0.000000
vt 0.000000 0.000000
vt 0.000000 0.000000
vt 0.000000 0.000000
vt 0.000000 0.000000
vt 0.000000 0.000000
vt 0.000000 0.000000
vt 0.000000 0.000000
vt 0.000000 0.000000
vt 0.000000 0.000000
vt 0.000000 0.000000
vt 0.000000 0.000000
vt 0.000000 0.000000
vt 0.000000 0.000000
vt 0.000000 0.000000
vt 0.000000 0.000000
vt 0.000000 0.000000
vt 0.000000 0.000000
vt 0.000000 0.000000
vt 0.000000 0.000000
vt 0.000000 0.000000
vt 0.000000 0.000000
vt 0.000000 0.000000
vt 0.000000 0.000000
vt 0.000000 0.000000
vt 0.000000 0.000000
vt 0.000000 0.000000
vt 0.000000 0.000000
vt 0.000000 0.000000
vt 0.000000 0.000000
vt 0.000000 0.000000
vt 0.000000 0.000000
vt 0.000000 0.000000
vt 0.000000 0.000000
vt 0.000000 0.000000
vt 0.000000 0.000000
vt 0.000000 0.000000
vt 0.000000 0.000000
vt 0.000000 0.000000
vt 0.000000 0.000000
vt 0.000000 0.000000
vt 0.000000 0.000000
vt 0.000000 0.000000
vt 0.000000 0.000000
vt 0.000000 0.000000
vt 0.000000 0.000000
vt 0.000000 0.000000
vt 0.000000 0.000000
vt 0.000000 0.000000
vt 0.000000 0.000000
vt 0.000000 0.000000
vt 0.000000 0.000000
vt 0.000000 0.000000
vt 0.000000 0.000000
vt 0.000000 0.000000
vt 0.000000 0.000000
vt 0.000000 0.000000
vt 0.000000 0.000000
vt 0.000000 0.000000
vt 0.000000 0.000000
vt 0.000000 0.000000
vt 0.000000 0.000000
vt 0.000000 0.000000
vt 0.000000 0.000000
vt 0.000000 0.000000
vt 0.000000 0.000000
vt 0.000000 0.000000
vt 0.000000 0.000000
vt 0.000000 0.000000
vt 0.000000 0.000000
vt 0.000000 0.000000
vt 0.000000 0.000000
vt 0.000000 0.000000
vt 0.000000 0.000000
vt 0.000000 0.000000
vt 0.000000 0.000000
vt 0.000000 0.000000
vt 0.000000 0.000000
vt 0.000000 0.000000
vt 0.000000 0.000000
vt 0.000000 0.000000
vt 0.000000 0.000000
vt 0.000000 0.000000
vt 0.000000 0.000000
vt 0.000000 0.000000
vt 0.000000 0.000000
vt 0.000000 0.000000
vt 0.000000 0.000000
vt 0.000000 0.000000
vt 0.000000 0.000000
vt 0.000000 0.000000
vt 0.000000 0.000000
vt 0.000000 0.000000
vt 0.000000 0.000000
vt 0.000000 0.000000
vt 0.000000 0.000000
vt 0.000000 0.000000
vt 0.000000 0.000000
vt 0.000000 0.000000
vt 0.000000 0.000000
vt 0.000000 0.000000
vt 0.000000 0.000000
vt 0.000000 0.000000
vt 0.000000 0.000000
vt 0.000000 0.000000
vt 0.000000 0.000000
vt 0.000000 0.000000
vt 0.000000 0.000000
vt 0.000000 0.000000
vt 0.000000 0.000000
vt 0.000000 0.000000
vt 0.000000 0.000000
vt 0.000000 0.000000
vt 0.000000 0.000000
vt 0.000000 0.000000
vt 0.000000 0.000000
vt 0.000000 0.000000
vt 0.000000 0.000000
vt 0.000000 0.000000
vt 0.000000 0.000000
vt 0.000000 0.000000
vt 0.000000 0.000000
vt 0.000000 0.000000
vt 0.000000 0.000000
vt 0.000000 0.000000
vt 0.000000 0.000000
vt 0.000000 0.000000
vt 0.000000 0.000000
vt 0.000000 0.000000
vt 0.000000 0.000000
vt 0.000000 0.000000
vt 0.000000 0.000000
vt 0.000000 0.000000
vt 0.000000 0.000000
vt 0.000000 0.000000
vt 0.000000 0.000000
vt 0.000000 0.000000
vt 0.000000 0.000000
vt 0.000000 0.000000
vt 0.000000 0.000000
vt 0.000000 0.000000
vt 0.000000 0.000000
vt 0.000000 0.000000
vt 0.000000 0.000000
vt 0.000000 0.000000
vt 0.000000 0.000000
vt 0.000000 0.000000
vt 0.000000 0.000000
vt 0.000000 0.000000
vt 0.000000 0.000000
vt 0.000000 0.000000
vt 0.000000 0.000000
vt 0.000000 0.000000
vt 0.000000 0.000000
vt 0.000000 0.000000
vt 0.000000 0.000000
vt 0.000000 0.000000
vt 0.000000 0.000000
vt 0.000000 0.000000
vt 0.000000 0.000000
vt 0.000000 0.000000
vt 0.000000 0.000000
vt 0.000000 0.000000
vt 0.000000 0.000000
vt 0.000000 0.000000
vt 0.000000 0.000000
vt 0.000000 0.000000
vt 0.000000 0.000000
vt 0.000000 0.000000
vt 0.000000 0.000000
vt 0.000000 0.000000
vt 0.000000 0.000000
vt 0.000000 0.000000
vt 0.000000 0.000000
vt 0.000000 0.000000
vt 0.000000 0.000000
vt 0.000000 0.000000
vt 0.000000 0.000000
vt 0.000000 0.000000
vt 0.000000 0.000000
vt 0.000000 0.000000
vt 0.000000 0.000000
vt 0.000000 0.000000
vt 0.000000 0.000000
vt 0.000000 0.000000
vt 0.000000 0.000000
vt 0.000000 0.000000
vt 0.000000 0.000000
vt 0.000000 0.000000
vt 0.000000 0.000000
vt 0.000000 0.000000
vt 0.000000 0.000000
vt 0.000000 0.000000
vt 0.000000 0.000000
vt 0.000000 0.000000
vt 0.000000 0.000000
vt 0.000000 0.000000
vt 0.000000 0.000000
vt 0.000000 0.000000
vt 0.000000 0.000000
vt 0.000000 0.000000
vt 0.000000 0.000000
vt 0.000000 0.000000
vt 0.000000 0.000000
vt 0.000000 0.000000
vt 0.000000 0.000000
vt 0.000000 0.000000
vt 0.000000 0.000000
vt 0.000000 0.000000
vt 0.000000 0.000000
vt 0.000000 0.000000
vt 0.000000 0.000000
vt 0.000000 0.000000
vt 0.000000 0.000000
vt 0.000000 0.000000
vt 0.000000 0.000000
vt 0.000000 0.000000
vt 0.000000 0.000000
vt 0.000000 0.000000
vt 0.000000 0.000000
vt 0.000000 0.000000
vt 0.000000 0.000000
vt 0.000000 0.000000
vt 0.000000 0.000000
vt 0.000000 0.000000
vt 0.000000 0.000000
vt 0.000000 0.000000
vt 0.000000 0.000000
vt 0.000000 0.000000
vt 0.000000 0.000000
vt 0.000000 0.000000
vt 0.000000 0.000000
vt 0.000000 0.000000
vt 0.000000 0.000000
vt 0.000000 0.000000
vt 0.000000 0.000000
vt 0.000000 0.000000
vt 0.000000 0.000000
vt 0.000000 0.000000
vt 0.000000 0.000000
vt 0.000000 0.000000
vt 0.000000 0.000000
vt 0.000000 0.000000
vt 0.000000 0.000000
vt 0.000000 0.000000
vt 0.000000 0.000000
vt 0.000000 0.000000
vt 0.000000 0.000000
vt 0.000000 0.000000
vt 0.000000 0.000000
vt 0.000000 0.000000
vt 0.000000 0.000000
vt 0.000000 0.000000
vt 0.000000 0.000000
vt 0.000000 0.000000
vt 0.000000 0.000000
vt 0.000000 0.000000
vt 0.000000 0.000000
vt 0.000000 0.000000
vt 0.000000 0.000000
vt 0.000000 0.000000
vt 0.000000 0.000000
vt 0.000000 0.000000
vt 0.000000 0.000000
vt 0.000000 0.000000
vt 0.000000 0.000000
vt 0.000000 0.000000
vt 0.000000 0.000000
vt 0.000000 0.000000
vt 0.000000 0.000000
vt 0.000000 0.000000
vt 0.000000 0.000000
vt 0.000000 0.000000
vt 0.000000 0.000000
vt 0.000000 0.000000
vt 0.000000 0.000000
vt 0.000000 0.000000
vt 0.000000 0.000000
vt 0.000000 0.000000
vt 0.000000 0.000000
vt 0.000000 0.000000
vt 0.000000 0.000000
vt 0.000000 0.000000
vt 0.000000 0.000000
vt 0.000000 0.000000
vt 0.000000 0.000000
vt 0.000000 0.000000
vt 0.000000 0.000000
vt 0.000000 0.000000
vt 0.000000 0.000000
vt 0.000000 0.000000
vt 0.000000 0.000000
vt 0.000000 0.000000
vt 0.000000 0.000000
vt 0.000000 0.000000
vt 0.000000 0.000000
vt 0.000000 0.000000
vt 0.000000 0.000000
vt 0.000000 0.000000
vt 0.000000 0.000000
vt 0.000000 0.000000
vt 0.000000 0.000000
vt 0.000000 0.000000
vt 0.000000 0.000000
vt 0.000000 0.000000
vt 0.000000 0.000000
vt 0.000000 0.000000
vt 0.000000 0.000000
vt 0.000000 0.000000
vt 0.000000 0.000000
vt 0.000000 0.000000
vt 0.000000 0.000000
vt 0.000000 0.000000
vt 0.000000 0.000000
vt 0.000000 0.000000
vt 0.000000 0.000000
vt 0.000000 0.000000
vt 0.000000 0.000000
vt 0.000000 0.000000
vt 0.000000 0.000000
vt 0.000000 0.000000
vt 0.000000 0.000000
vt 0.000000 0.000000
vt 0.000000 0.000000
vt 0.000000 0.000000
vt 0.000000 0.000000
vt 0.000000 0.000000
vt 0.000000 0.000000
vt 0.000000 0.000000
vt 0.000000 0.000000
vt 0.000000 0.000000
vt 0.000000 0.000000
vt 0.000000 0.000000
vt 0.000000 0.000000
vt 0.000000 0.000000
vt 0.000000 0.000000
vt 0.000000 0.000000
vt 0.000000 0.000000
vt 0.000000 0.000000
vt 0.000000 0.000000
vt 0.000000 0.000000
vt 0.000000 0.000000
vt 0.000000 0.000000
vt 0.000000 0.000000
vt 0.000000 0.000000
vt 0.000000 0.000000
vt 0.000000 0.000000
vt 0.000000 0.000000
vt 0.000000 0.000000
vt 0.000000 0.000000
vt 0.000000 0.000000
vt 0.000000 0.000000
vt 0.000000 0.000000
vt 0.000000 0.000000
vt 0.000000 0.000000
vt 0.000000 0.000000
vt 0.000000 0.000000
vt 0.000000 0.000000
vt 0.000000 0.000000
vt 0.000000 0.000000
vt 0.000000 0.000000
vt 0.000000 0.000000
vt 0.000000 0.000000
vt 0.000000 0.000000
vt 0.000000 0.000000
vt 0.000000 0.000000
vt 0.000000 0.000000
vt 0.000000 0.000000
vt 0.000000 0.000000
vt 0.000000 0.000000
vt 0.000000 0.000000
vt 0.000000 0.000000
vt 0.000000 0.000000
vt 0.000000 0.000000
vt 0.000000 0.000000
vt 0.000000 0.000000
vt 0.000000 0.000000
vt 0.000000 0.000000
vt 0.000000 0.000000
vt 0.000000 0.000000
vt 0.000000 0.000000
vt 0.000000 0.000000
vt 0.000000 0.000000
vt 0.000000 0.000000
vt 0.000000 0.000000
vt 0.000000 0.000000
vt 0.000000 0.000000
vt 0.000000 0.000000
vt 0.000000 0.000000
vt 0.000000 0.000000
vt 0.000000 0.000000
vt 0.000000 0.000000
vt 0.000000 0.000000
vt 0.000000 0.000000
vt 0.000000 0.000000
vt 0.000000 0.000000
vt 0.000000 0.000000
vt 0.000000 0.000000
vt 0.000000 0.000000
vt 0.000000 0.000000
vt 0.000000 0.000000
vt 0.000000 0.000000
vt 0.000000 0.000000
vt 0.000000 0.000000
vt 0.000000 0.000000
vt 0.000000 0.000000
vt 0.000000 0.000000
vt 0.000000 0.000000
vt 0.000000 0.000000
vt 0.000000 0.000000
vt 0.000000 0.000000
vt 0.000000 0.000000
vt 0.000000 0.000000
vt 0.000000 0.000000
vt 0.000000 0.000000
vt 0.000000 0.000000
vt 0.000000 0.000000
vt 0.000000 0.000000
vt 0.000000 0.000000
vt 0.000000 0.000000
vt 0.000000 0.000000
vt 0.000000 0.000000
vt 0.000000 0.000000
vt 0.000000 0.000000
vt 0.000000 0.000000
vt 0.000000 0.000000
vt 0.000000 0.000000
vt 0.000000 0.000000
vt 0.000000 0.000000
vt 0.000000 0.000000
vt 0.000000 0.000000
vt 0.000000 0.000000
vt 0.000000 0.000000
vt 0.000000 0.000000
vt 0.000000 0.000000
vt 0.000000 0.000000
vt 0.000000 0.000000
vt 0.000000 0.000000
vt 0.000000 0.000000
vt 0.000000 0.000000
vt 0.000000 0.000000
vt 0.000000 0.000000
vt 0.000000 0.000000
vt 0.000000 0.000000
vt 0.000000 0.000000
vt 0.000000 0.000000
vt 0.000000 0.000000
vt 0.000000 0.000000
vt 0.000000 0.000000
vt 0.000000 0.000000
vt 0.000000 0.000000
vt 0.000000 0.000000
vt 0.000000 0.000000
vt 0.000000 0.000000
vt 0.000000 0.000000
vt 0.000000 0.000000
vt 0.000000 0.000000
vt 0.000000 0.000000
vt 0.000000 0.000000
vt 0.000000 0.000000
vt 0.000000 0.000000
vt 0.000000 0.000000
vt 0.000000 0.000000
vt 0.000000 0.000000
vt 0.000000 0.000000
vt 0.000000 0.000000
vt 0.000000 0.000000
vt 0.000000 0.000000
vt 0.000000 0.000000
vt 0.000000 0.000000
vt 0.000000 0.000000
vt 0.000000 0.000000
vt 0.000000 0.000000
vt 0.000000 0.000000
vt 0.000000 0.000000
vt 0.000000 0.000000
vt 0.000000 0.000000
vt 0.000000 0.000000
vt 0.000000 0.000000
vt 0.000000 0.000000
vt 0.000000 0.000000
vt 0.000000 0.000000
vt 0.000000 0.000000
vt 0.000000 0.000000
vt 0.000000 0.000000
vt 0.000000 0.000000
vt 0.000000 0.000000
vt 0.000000 0.000000
vt 0.000000 0.000000
vt 0.000000 0.000000
vt 0.000000 0.000000
vt 0.000000 0.000000
vt 0.000000 0.000000
vt 0.000000 0.000000
vt 0.000000 0.000000
vt 0.000000 0.000000
vt 0.000000 0.000000
vt 0.000000 0.000000
vt 0.000000 0.000000
vt 0.000000 0.000000
vt 0.000000 0.000000
vt 0.000000 0.000000
vt 0.000000 0.000000
vt 0.000000 0.000000
vt 0.000000 0.000000
vt 0.000000 0.000000
vt 0.000000 0.000000
vt 0.000000 0.000000
vt 0.000000 0.000000
vt 0.000000 0.000000
vt 0.000000 0.000000
vt 0.000000 0.000000
vt 0.000000 0.000000
vt 0.000000 0.000000
vt 0.000000 0.000000
vt 0.000000 0.000000
vt 0.000000 0.000000
vt 0.000000 0.000000
vt 0.000000 0.000000
vt 0.000000 0.000000
vt 0.000000 0.000000
vt 0.000000 0.000000
vt 0.000000 0.000000
vt 0.000000 0.000000
vt 0.000000 0.000000
vt 0.000000 0.000000
vt 0.000000 0.000000
vt 0.000000 0.000000
vt 0.000000 0.000000
vt 0.000000 0.000000
vt 0.000000 0.000000
vt 0.000000 0.000000
vt 0.000000 0.000000
vt 0.000000 0.000000
vt 0.000000 0.000000
vt 0.000000 0.000000
vt 0.000000 0.000000
vt 0.000000 0.000000
vt 0.000000 0.000000
vt 0.000000 0.000000
vt 0.000000 0.000000
vt 0.000000 0.000000
vt 0.000000 0.000000
vt 0.000000 0.000000
vt 0.000000 0.000000
vt 0.000000 0.000000
vt 0.000000 0.000000
vt 0.000000 0.000000
vt 0.000000 0.000000
vt 0.000000 0.000000
vt 0.000000 0.000000
vt 0.000000 0.000000
vt 0.000000 0.000000
vt 0.000000 0.000000
vt 0.000000 0.000000
vt 0.000000 0.000000
vt 0.000000 0.000000
vt 0.000000 0.000000
vt 0.000000 0.000000
vt 0.000000 0.000000
vt 0.000000 0.000000
vt 0.000000 0.000000
vt 0.000000 0.000000
vt 0.000000 0.000000
vt 0.000000 0.000000
vt 0.000000 0.000000
vt 0.000000 0.000000
vt 0.000000 0.000000
vt 0.000000 0.000000
vt 0.000000 0.000000
vt 0.000000 0.000000
vt 0.000000 0.000000
vt 0.000000 0.000000
vt 0.000000 0.000000
vt 0.000000 0.000000
vt 0.000000 0.000000
vt 0.000000 0.000000
vt 0.000000 0.000000
vt 0.000000 0.000000
vt 0.000000 0.000000
vt 0.000000 0.000000
vt 0.000000 0.000000
vt 0.000000 0.000000
vt 0.000000 0.000000
vt 0.000000 0.000000
vt 0.000000 0.000000
vt 0.000000 0.000000
vt 0.000000 0.000000
vt 0.000000 0.000000
vt 0.000000 0.000000
vt 0.000000 0.000000
vt 0.000000 0.000000
vt 0.000000 0.000000
vt 0.000000 0.000000
vt 0.000000 0.000000
vt 0.000000 0.000000
vt 0.000000 0.000000
vt 0.000000 0.000000
vt 0.000000 0.000000
vt 0.000000 0.000000
vt 0.000000 0.000000
vt 0.000000 0.000000
vt 0.000000 0.000000
vt 0.000000 0.000000
vt 0.000000 0.000000
vt 0.000000 0.000000
vt 0.000000 0.000000
vt 0.000000 0.000000
vt 0.000000 0.000000
vt 0.000000 0.000000
vt 0.000000 0.000000
vt 0.000000 0.000000
vt 0.000000 0.000000
vt 0.000000 0.000000
vt 0.000000 0.000000
vt 0.000000 0.000000
vt 0.000000 0.000000
vt 0.000000 0.000000
vt 0.000000 0.000000
vt 0.000000 0.000000
vt 0.000000 0.000000
vt 0.000000 0.000000
vt 0.000000 0.000000
vt 0.000000 0.000000
vt 0.000000 0.000000
vt 0.000000 0.000000
vt 0.000000 0.000000
vt 0.000000 0.000000
vt 0.000000 0.000000
vt 0.000000 0.000000
vt 0.000000 0.000000
vt 0.000000 0.000000
vt 0.000000 0.000000
vt 0.000000 0.000000
vt 0.000000 0.000000
vt 0.000000 0.000000
vt 0.000000 0.000000
vt 0.000000 0.000000
vt 0.000000 0.000000
vt 0.000000 0.000000
vt 0.000000 0.000000
vt 0.000000 0.000000
vt 0.000000 0.000000
vt 0.000000 0.000000
vt 0.000000 0.000000
vt 0.000000 0.000000
vt 0.000000 0.000000
vt 0.000000 0.000000
vt 0.000000 0.000000
vt 0.000000 0.000000
vt 0.000000 0.000000
vt 0.000000 0.000000
vt 0.000000 0.000000
vt 0.000000 0.000000
vt 0.000000 0.000000
vt 0.000000 0.000000
vt 0.000000 0.000000
vt 0.000000 0.000000
vt 0.000000 0.000000
vt 0.000000 0.000000
vt 0.000000 0.000000
vt 0.000000 0.000000
vt 0.000000 0.000000
vt 0.000000 0.000000
vt 0.000000 0.000000
vt 0.000000 0.000000
vt 0.000000 0.000000
vt 0.000000 0.000000
vt 0.000000 0.000000
vt 0.000000 0.000000
vt 0.000000 0.000000
vt 0.000000 0.000000
vt 0.000000 0.000000
vt 0.000000 0.000000
vt 0.000000 0.000000
vt 0.000000 0.000000
vt 0.000000 0.000000
vt 0.000000 0.000000
vt 0.000000 0.000000
vt 0.000000 0.000000
vt 0.000000 0.000000
vt 0.000000 0.000000
vt 0.000000 0.000000
vt 0.000000 0.000000
vt 0.000000 0.000000
vt 0.000000 0.000000
vt 0.000000 0.000000
vt 0.000000 0.000000
vt 0.000000 0.000000
vt 0.000000 0.000000
vt 0.000000 0.000000
vt 0.000000 0.000000
vt 0.000000 0.000000
vt 0.000000 0.000000
vt 0.000000 0.000000
vt 0.000000 0.000000
vt 0.000000 0.000000
vt 0.000000 0.000000
vt 0.000000 0.000000
vt 0.000000 0.000000
vt 0.000000 0.000000
vt 0.000000 0.000000
vt 0.000000 0.000000
vt 0.000000 0.000000
vt 0.000000 0.000000
vt 0.000000 0.000000
vt 0.000000 0.000000
vt 0.000000 0.000000
vt 0.000000 0.000000
vt 0.000000 0.000000
vt 0.000000 0.000000
vt 0.000000 0.000000
vt 0.000000 0.000000
vt 0.000000 0.000000
vt 0.000000 0.000000
vt 0.000000 0.000000
vt 0.000000 0.000000
vt 0.000000 0.000000
vt 0.000000 0.000000
vt 0.000000 0.000000
vt 0.000000 0.000000
vt 0.000000 0.000000
vt 0.000000 0.000000
vt 0.000000 0.000000
vt 0.000000 0.000000
vt 0.000000 0.000000
vt 0.000000 0.000000
vt 0.000000 0.000000
vt 0.000000 0.000000
vt 0.000000 0.000000
vt 0.000000 0.000000
vt 0.000000 0.000000
vt 0.000000 0.000000
vt 0.000000 0.000000
vt 0.000000 0.000000
vt 0.000000 0.000000
vt 0.000000 0.000000
vt 0.000000 0.000000
vt 0.000000 0.000000
vt 0.000000 0.000000
vt 0.000000 0.000000
vt 0.000000 0.000000
vt 0.000000 0.000000
vt 0.000000 0.000000
vt 0.000000 0.000000
vt 0.000000 0.000000
vt 0.000000 0.000000
vt 0.000000 0.000000
vt 0.000000 0.000000
vt 0.000000 0.000000
vt 0.000000 0.000000
vt 0.000000 0.000000
vt 0.000000 0.000000
vt 0.000000 0.000000
vt 0.000000 0.000000
vt 0.000000 0.000000
vt 0.000000 0.000000
vt 0.000000 0.000000
vt 0.000000 0.000000
vt 0.000000 0.000000
vt 0.000000 0.000000
vt 0.000000 0.000000
vt 0.000000 0.000000
vt 0.000000 0.000000
vt 0.000000 0.000000
vt 0.000000 0.000000
vt 0.000000 0.000000
vt 0.000000 0.000000
vt 0.000000 0.000000
vt 0.000000 0.000000
vt 0.000000 0.000000
vt 0.000000 0.000000
vt 0.000000 0.000000
vt 0.000000 0.000000
vt 0.000000 0.000000
vt 0.000000 0.000000
vt 0.000000 0.000000
vt 0.000000 0.000000
vt 0.000000 0.000000
vt 0.000000 0.000000
vt 0.000000 0.000000
vt 0.000000 0.000000
vt 0.000000 0.000000
vt 0.000000 0.000000
vt 0.000000 0.000000
vt 0.000000 0.000000
vt 0.000000 0.000000
vt 0.000000 0.000000
vt 0.000000 0.000000
vt 0.000000 0.000000
vt 0.000000 0.000000
vt 0.000000 0.000000
vt 0.000000 0.000000
vt 0.000000 0.000000
vt 0.000000 0.000000
vt 0.000000 0.000000
vt 0.000000 0.000000
vt 0.000000 0.000000
vt 0.000000 0.000000
vt 0.000000 0.000000
vt 0.000000 0.000000
vt 0.000000 0.000000
vt 0.000000 0.000000
vt 0.000000 0.000000
vt 0.000000 0.000000
vt 0.000000 0.000000
vt 0.000000 0.000000
vt 0.000000 0.000000
vt 0.000000 0.000000
vt 0.000000 0.000000
vt 0.000000 0.000000
vt 0.000000 0.000000
vt 0.000000 0.000000
vt 0.000000 0.000000
vt 0.000000 0.000000
vt 0.000000 0.000000
vt 0.000000 0.000000
vt 0.000000 0.000000
vt 0.000000 0.000000
vt 0.000000 0.000000
vt 0.000000 0.000000
vt 0.000000 0.000000
vt 0.000000 0.000000
vt 0.000000 0.000000
vt 0.000000 0.000000
vt 0.000000 0.000000
vt 0.000000 0.000000
vt 0.000000 0.000000
vt 0.000000 0.000000
vt 0.000000 0.000000
vt 0.000000 0.000000
vt 0.000000 0.000000
vt 0.000000 0.000000
vt 0.000000 0.000000
vt 0.000000 0.000000
vt 0.000000 0.000000
vt 0.000000 0.000000
vt 0.000000 0.000000
vt 0.000000 0.000000
vt 0.000000 0.000000
vt 0.000000 0.000000
vt 0.000000 0.000000
vt 0.000000 0.000000
vt 0.000000 0.000000
vt 0.000000 0.000000
vt 0.000000 0.000000
vt 0.000000 0.000000
vt 0.000000 0.000000
vt 0.000000 0.000000
vt 0.000000 0.000000
vt 0.000000 0.000000
vt 0.000000 0.000000
vt 0.000000 0.000000
vt 0.000000 0.000000
vt 0.000000 0.000000
vt 0.000000 0.000000
vt 0.000000 0.000000
vt 0.000000 0.000000
vt 0.000000 0.000000
vt 0.000000 0.000000
vt 0.000000 0.000000
vt 0.000000 0.000000
vt 0.000000 0.000000
vt 0.000000 0.000000
vt 0.000000 0.000000
vt 0.000000 0.000000
vt 0.000000 0.000000
vt 0.000000 0.000000
vt 0.000000 0.000000
vt 0.000000 0.000000
vt 0.000000 0.000000
vt 0.000000 0.000000
vt 0.000000 0.000000
vt 0.000000 0.000000
vt 0.000000 0.000000
vt 0.000000 0.000000
vt 0.000000 0.000000
vt 0.000000 0.000000
vt 0.000000 0.000000
vt 0.000000 0.000000
vt 0.000000 0.000000
vt 0.000000 0.000000
vt 0.000000 0.000000
vt 0.000000 0.000000
vt 0.000000 0.000000
vt 0.000000 0.000000
vt 0.000000 0.000000
vt 0.000000 0.000000
vt 0.000000 0.000000
vt 0.000000 0.000000
vt 0.000000 0.000000
vt 0.000000 0.000000
vt 0.000000 0.000000
vt 0.000000 0.000000
vt 0.000000 0.000000
vt 0.000000 0.000000
vt 0.000000 0.000000
vt 0.000000 0.000000
vt 0.000000 0.000000
vt 0.000000 0.000000
vt 0.000000 0.000000
vt 0.000000 0.000000
vt 0.000000 0.000000
vt 0.000000 0.000000
vt 0.000000 0.000000
vt 0.000000 0.000000
vt 0.000000 0.000000
vt 0.000000 0.000000
vt 0.000000 0.000000
vt 0.000000 0.000000
vt 0.000000 0.000000
vt 0.000000 0.000000
vt 0.000000 0.000000
vt 0.000000 0.000000
vt 0.000000 0.000000
vt 0.000000 0.000000
vt 0.000000 0.000000
vt 0.000000 0.000000
vt 0.000000 0.000000
vt 0.000000 0.000000
vt 0.000000 0.000000
vt 0.000000 0.000000
vt 0.000000 0.000000
vt 0.000000 0.000000
vt 0.000000 0.000000
vt 0.000000 0.000000
vt 0.000000 0.000000
vt 0.000000 0.000000
vt 0.000000 0.000000
vt 0.000000 0.000000
vt 0.000000 0.000000
vt 0.000000 0.000000
vt 0.000000 0.000000
vt 0.000000 0.000000
vt 0.000000 0.000000
vt 0.000000 0.000000
vt 0.000000 0.000000
vt 0.000000 0.000000
vt 0.000000 0.000000
vt 0.000000 0.000000
vt 0.000000 0.000000
vt 0.000000 0.000000
vt 0.000000 0.000000
vt 0.000000 0.000000
vt 0.000000 0.000000
vt 0.000000 0.000000
vt 0.000000 0.000000
vt 0.000000 0.000000
vt 0.000000 0.000000
vt 0.000000 0.000000
vt 0.000000 0.000000
vt 0.000000 0.000000
vt 0.000000 0.000000
vt 0.000000 0.000000
vt 0.000000 0.000000
vt 0.000000 0.000000
vt 0.000000 0.000000
vt 0.000000 0.000000
vt 0.000000 0.000000
vt 0.000000 0.000000
vt 0.000000 0.000000
vt 0.000000 0.000000
vt 0.000000 0.000000
vt 0.000000 0.000000
vt 0.000000 0.000000
vt 0.000000 0.000000
vt 0.000000 0.000000
vt 0.000000 0.000000
vt 0.000000 0.000000
vt 0.000000 0.000000
vt 0.000000 0.000000
vt 0.000000 0.000000
vt 0.000000 0.000000
vt 0.000000 0.000000
vt 0.000000 0.000000
vt 0.000000 0.000000
vt 0.000000 0.000000
vt 0.000000 0.000000
vt 0.000000 0.000000
vt 0.000000 0.000000
vt 0.000000 0.000000
vt 0.000000 0.000000
vt 0.000000 0.000000
vt 0.000000 0.000000
vt 0.000000 0.000000
vt 0.000000 0.000000
vt 0.000000 0.000000
vt 0.000000 0.000000
vt 0.000000 0.000000
vt 0.000000 0.000000
vt 0.000000 0.000000
vt 0.000000 0.000000
vt 0.000000 0.000000
vt 0.000000 0.000000
vt 0.000000 0.000000
vt 0.000000 0.000000
vt 0.000000 0.000000
vt 0.000000 0.000000
vt 0.000000 0.000000
vt 0.000000 0.000000
vt 0.000000 0.000000
vt 0.000000 0.000000
vt 0.000000 0.000000
vt 0.000000 0.000000
vt 0.000000 0.000000
vt 0.000000 0.000000
vt 0.000000 0.000000
vt 0.000000 0.000000
vt 0.000000 0.000000
vt 0.000000 0.000000
vt 0.000000 0.000000
vt 0.000000 0.000000
vt 0.000000 0.000000
vt 0.000000 0.000000
vt 0.000000 0.000000
vt 0.000000 0.000000
vt 0.000000 0.000000
vt 0.000000 0.000000
vt 0.000000 0.000000
vt 0.000000 0.000000
vt 0.000000 0.000000
vt 0.000000 0.000000
vt 0.000000 0.000000
vt 0.000000 0.000000
vt 0.000000 0.000000
vt 0.000000 0.000000
vt 0.000000 0.000000
vt 0.000000 0.000000
vt 0.000000 0.000000
vt 0.000000 0.000000
vt 0.000000 0.000000
vt 0.000000 0.000000
vt 0.000000 0.000000
vt 0.000000 0.000000
vt 0.000000 0.000000
vt 0.000000 0.000000
vt 0.000000 0.000000
vt 0.000000 0.000000
vt 0.000000 0.000000
vt 0.000000 0.000000
vt 0.000000 0.000000
vt 0.000000 0.000000
vt 0.000000 0.000000
vt 0.000000 0.000000
vt 0.000000 0.000000
vt 0.000000 0.000000
vt 0.000000 0.000000
vt 0.000000 0.000000
vt 0.000000 0.000000
vt 0.000000 0.000000
vt 0.000000 0.000000
vt 0.000000 0.000000
vt 0.000000 0.000000
vt 0.000000 0.000000
vt 0.000000 0.000000
vt 0.000000 0.000000
vt 0.000000 0.000000
vt 0.000000 0.000000
vt 0.000000 0.000000
vt 0.000000 0.000000
vt 0.000000 0.000000
vt 0.000000 0.000000
vt 0.000000 0.000000
vt 0.000000 0.000000
vt 0.000000 0.000000
vt 0.000000 0.000000
vt 0.000000 0.000000
vt 0.000000 0.000000
vt 0.000000 0.000000
vt 0.000000 0.000000
vt 0.000000 0.000000
vt 0.000000 0.000000
vt 0.000000 0.000000
vt 0.000000 0.000000
vt 0.000000 0.000000
vt 0.000000 0.000000
vt 0.000000 0.000000
vt 0.000000 0.000000
vt 0.000000 0.000000
vt 0.000000 0.000000
vt 0.000000 0.000000
vt 0.000000 0.000000
vt 0.000000 0.000000
vt 0.000000 0.000000
vt 0.000000 0.000000
vt 0.000000 0.000000
vt 0.000000 0.000000
vt 0.000000 0.000000
vt 0.000000 0.000000
vt 0.000000 0.000000
vt 0.000000 0.000000
vt 0.000000 0.000000
vt 0.000000 0.000000
vt 0.000000 0.000000
vt 0.000000 0.000000
vt 0.000000 0.000000
vt 0.000000 0.000000
vt 0.000000 0.000000
vt 0.000000 0.000000
vt 0.000000 0.000000
vt 0.000000 0.000000
vt 0.000000 0.000000
vt 0.000000 0.000000
vt 0.000000 0.000000
vt 0.000000 0.000000
vt 0.000000 0.000000
vt 0.000000 0.000000
vt 0.000000 0.000000
vt 0.000000 0.000000
vt 0.000000 0.000000
vt 0.000000 0.000000
vt 0.000000 0.000000
vt 0.000000 0.000000
vt 0.000000 0.000000
vt 0.000000 0.000000
vt 0.000000 0.000000
vt 0.000000 0.000000
vt 0.000000 0.000000
vt 0.000000 0.000000
vt 0.000000 0.000000
vt 0.000000 0.000000
vt 0.000000 0.000000
vt 0.000000 0.000000
vt 0.000000 0.000000
vt 0.000000 0.000000
vt 0.000000 0.000000
vt 0.000000 0.000000
vt 0.000000 0.000000
vt 0.000000 0.000000
vt 0.000000 0.000000
vt 0.000000 0.000000
vt 0.000000 0.000000
vt 0.000000 0.000000
vt 0.000000 0.000000
vt 0.000000 0.000000
vt 0.000000 0.000000
vt 0.000000 0.000000
vt 0.000000 0.000000
vt 0.000000 0.000000
vt 0.000000 0.000000
vt 0.000000 0.000000
vt 0.000000 0.000000
vt 0.000000 0.000000
vt 0.000000 0.000000
vt 0.000000 0.000000
vt 0.000000 0.000000
vt 0.000000 0.000000
vt 0.000000 0.000000
vt 0.000000 0.000000
vt 0.000000 0.000000
vt 0.000000 0.000000
vt 0.000000 0.000000
vt 0.000000 0.000000
vt 0.000000 0.000000
vt 0.000000 0.000000
vt 0.000000 0.000000
vt 0.000000 0.000000
vt 0.000000 0.000000
vt 0.000000 0.000000
vt 0.000000 0.000000
vt 0.000000 0.000000
vt 0.000000 0.000000
vt 0.000000 0.000000
vt 0.000000 0.000000
vt 0.000000 0.000000
vt 0.000000 0.000000
vt 0.000000 0.000000
vt 0.000000 0.000000
vt 0.000000 0.000000
vt 0.000000 0.000000
vt 0.000000 0.000000
vt 0.000000 0.000000
vt 0.000000 0.000000
vt 0.000000 0.000000
vt 0.000000 0.000000
vt 0.000000 0.000000
vt 0.000000 0.000000
vt 0.000000 0.000000
vt 0.000000 0.000000
vt 0.000000 0.000000
vt 0.000000 0.000000
vt 0.000000 0.000000
vt 0.000000 0.000000
vt 0.000000 0.000000
vt 0.000000 0.000000
vt 0.000000 0.000000
vt 0.000000 0.000000
vt 0.000000 0.000000
vt 0.000000 0.000000
vt 0.000000 0.000000
vt 0.000000 0.000000
vt 0.000000 0.000000
vt 0.000000 0.000000
vt 0.000000 0.000000
vt 0.000000 0.000000
vt 0.000000 0.000000
vt 0.000000 0.000000
vt 0.000000 0.000000
vt 0.000000 0.000000
vt 0.000000 0.000000
vt 0.000000 0.000000
vt 0.000000 0.000000
vt 0.000000 0.000000
vt 0.000000 0.000000
vt 0.000000 0.000000
vt 0.000000 0.000000
vt 0.000000 0.000000
vt 0.000000 0.000000
vt 0.000000 0.000000
vt 0.000000 0.000000
vt 0.000000 0.000000
vt 0.000000 0.000000
vt 0.000000 0.000000
vt 0.000000 0.000000
vt 0.000000 0.000000
vt 0.000000 0.000000
vt 0.000000 0.000000
vt 0.000000 0.000000
vt 0.000000 0.000000
vt 0.000000 0.000000
vt 0.000000 0.000000
vt 0.000000 0.000000
vt 0.000000 0.000000
vt 0.000000 0.000000
vt 0.000000 0.000000
vt 0.000000 0.000000
vt 0.000000 0.000000
vt 0.000000 0.000000
vt 0.000000 0.000000
vt 0.000000 0.000000
vt 0.000000 0.000000
vt 0.000000 0.000000
vt 0.000000 0.000000
vt 0.000000 0.000000
vt 0.000000 0.000000
vt 0.000000 0.000000
vt 0.000000 0.000000
vt 0.000000 0.000000
vt 0.000000 0.000000
vt 0.000000 0.000000
vt 0.000000 0.000000
vt 0.000000 0.000000
vt 0.000000 0.000000
vt 0.000000 0.000000
vt 0.000000 0.000000
vt 0.000000 0.000000
vt 0.000000 0.000000
vt 0.000000 0.000000
vt 0.000000 0.000000
vt 0.000000 0.000000
vt 0.000000 0.000000
vt 0.000000 0.000000
vt 0.000000 0.000000
vt 0.000000 0.000000
vt 0.000000 0.000000
vt 0.000000 0.000000
vt 0.000000 0.000000
vt 0.000000 0.000000
vt 0.000000 0.000000
vt 0.000000 0.000000
vt 0.000000 0.000000
vt 0.000000 0.000000
vt 0.000000 0.000000
vt 0.000000 0.000000
vt 0.000000 0.000000
vt 0.000000 0.000000
vt 0.000000 0.000000
vt 0.000000 0.000000
vt 0.000000 0.000000
vt 0.000000 0.000000
vt 0.000000 0.000000
vt 0.000000 0.000000
vt 0.000000 0.000000
vt 0.000000 0.000000
vt 0.000000 0.000000
vt 0.000000 0.000000
vt 0.000000 0.000000
vt 0.000000 0.000000
vt 0.000000 0.000000
vt 0.000000 0.000000
vt 0.000000 0.000000
vt 0.000000 0.000000
vt 0.000000 0.000000
vt 0.000000 0.000000
vt 0.000000 0.000000
vt 0.000000 0.000000
vt 0.000000 0.000000
vt 0.000000 0.000000
vt 0.000000 0.000000
vt 0.000000 0.000000
vt 0.000000 0.000000
vt 0.000000 0.000000
vt 0.000000 0.000000
vt 0.000000 0.000000
vt 0.000000 0.000000
vt 0.000000 0.000000
vt 0.000000 0.000000
vt 0.000000 0.000000
vt 0.000000 0.000000
vt 0.000000 0.000000
vt 0.000000 0.000000
vt 0.000000 0.000000
vt 0.000000 0.000000
vt 0.000000 0.000000
vt 0.000000 0.000000
vt 0.000000 0.000000
vt 0.000000 0.000000
vt 0.000000 0.000000
vt 0.000000 0.000000
vt 0.000000 0.000000
vt 0.000000 0.000000
vt 0.000000 0.000000
vt 0.000000 0.000000
vt 0.000000 0.000000
vt 0.000000 0.000000
vt 0.000000 0.000000
vt 0.000000 0.000000
vt 0.000000 0.000000
vt 0.000000 0.000000
vt 0.000000 0.000000
vt 0.000000 0.000000
vt 0.000000 0.000000
vt 0.000000 0.000000
vt 0.000000 0.000000
vt 0.000000 0.000000
vt 0.000000 0.000000
vt 0.000000 0.000000
vt 0.000000 0.000000
vt 0.000000 0.000000
vt 0.000000 0.000000
vt 0.000000 0.000000
vt 0.000000 0.000000
vt 0.000000 0.000000
vt 0.000000 0.000000
vt 0.000000 0.000000
vt 0.000000 0.000000
vt 0.000000 0.000000
vt 0.000000 0.000000
vt 0.000000 0.000000
vt 0.000000 0.000000
vt 0.000000 0.000000
vt 0.000000 0.000000
vt 0.000000 0.000000
vt 0.000000 0.000000
vt 0.000000 0.000000
vt 0.000000 0.000000
vt 0.000000 0.000000
vt 0.000000 0.000000
vt 0.000000 0.000000
vt 0.000000 0.000000
vt 0.000000 0.000000
vt 0.000000 0.000000
vt 0.000000 0.000000
vt 0.000000 0.000000
vt 0.000000 0.000000
vt 0.000000 0.000000
vt 0.000000 0.000000
vt 0.000000 0.000000
vt 0.000000 0.000000
vt 0.000000 0.000000
vt 0.000000 0.000000
vt 0.000000 0.000000
vt 0.000000 0.000000
vt 0.000000 0.000000
vt 0.000000 0.000000
vt 0.000000 0.000000
vt 0.000000 0.000000
vt 0.000000 0.000000
vt 0.000000 0.000000
vt 0.000000 0.000000
vt 0.000000 0.000000
vt 0.000000 0.000000
vt 0.000000 0.000000
vt 0.000000 0.000000
vt 0.000000 0.000000
vt 0.000000 0.000000
vt 0.000000 0.000000
vt 0.000000 0.000000
vt 0.000000 0.000000
vt 0.000000 0.000000
vt 0.000000 0.000000
vt 0.000000 0.000000
vt 0.000000 0.000000
vt 0.000000 0.000000
vt 0.000000 0.000000
vt 0.000000 0.000000
vt 0.000000 0.000000
vt 0.000000 0.000000
vt 0.000000 0.000000
vt 0.000000 0.000000
vt 0.000000 0.000000
vt 0.000000 0.000000
vt 0.000000 0.000000
vt 0.000000 0.000000
vt 0.000000 0.000000
vt 0.000000 0.000000
vt 0.000000 0.000000
vt 0.000000 0.000000
vt 0.000000 0.000000
vt 0.000000 0.000000
vt 0.000000 0.000000
vt 0.000000 0.000000
vt 0.000000 0.000000
vt 0.000000 0.000000
vt 0.000000 0.000000
vt 0.000000 0.000000
vt 0.000000 0.000000
vt 0.000000 0.000000
vt 0.000000 0.000000
vt 0.000000 0.000000
vt 0.000000 0.000000
vt 0.000000 0.000000
vt 0.000000 0.000000
vt 0.000000 0.000000
vt 0.000000 0.000000
vt 0.000000 0.000000
vt 0.000000 0.000000
vt 0.000000 0.000000
vt 0.000000 0.000000
vt 0.000000 0.000000
vt 0.000000 0.000000
vt 0.000000 0.000000
vt 0.000000 0.000000
vt 0.000000 0.000000
vt 0.000000 0.000000
vt 0.000000 0.000000
vt 0.000000 0.000000
vt 0.000000 0.000000
vt 0.000000 0.000000
vt 0.000000 0.000000
vt 0.000000 0.000000
vt 0.000000 0.000000
vt 0.000000 0.000000
vt 0.000000 0.000000
vt 0.000000 0.000000
vt 0.000000 0.000000
vt 0.000000 0.000000
vt 0.000000 0.000000
vt 0.000000 0.000000
vt 0.000000 0.000000
vt 0.000000 0.000000
vt 0.000000 0.000000
vt 0.000000 0.000000
vt 0.000000 0.000000
vt 0.000000 0.000000
vt 0.000000 0.000000
vt 0.000000 0.000000
vt 0.000000 0.000000
vt 0.000000 0.000000
vt 0.000000 0.000000
vt 0.000000 0.000000
vt 0.000000 0.000000
vt 0.000000 0.000000
vt 0.000000 0.000000
vt 0.000000 0.000000
vt 0.000000 0.000000
vt 0.000000 0.000000
vt 0.000000 0.000000
vt 0.000000 0.000000
vt 0.000000 0.000000
vt 0.000000 0.000000
vt 0.000000 0.000000
vt 0.000000 0.000000
vt 0.000000 0.000000
vt 0.000000 0.000000
vt 0.000000 0.000000
vt 0.000000 0.000000
vt 0.000000 0.000000
vt 0.000000 0.000000
vt 0.000000 0.000000
vt 0.000000 0.000000
vt 0.000000 0.000000
vt 0.000000 0.000000
vt 0.000000 0.000000
vt 0.000000 0.000000
vt 0.000000 0.000000
vt 0.000000 0.000000
vt 0.000000 0.000000
vt 0.000000 0.000000
vt 0.000000 0.000000
vt 0.000000 0.000000
vt 0.000000 0.000000
vt 0.000000 0.000000
vt 0.000000 0.000000
vt 0.000000 0.000000
vt 0.000000 0.000000
vt 0.000000 0.000000
vt 0.000000 0.000000
vt 0.000000 0.000000
vt 0.000000 0.000000
vt 0.000000 0.000000
vt 0.000000 0.000000
vt 0.000000 0.000000
vt 0.000000 0.000000
vt 0.000000 0.000000
vt 0.000000 0.000000
vt 0.000000 0.000000
vt 0.000000 0.000000
vt 0.000000 0.000000
vt 0.000000 0.000000
vt 0.000000 0.000000
vt 0.000000 0.000000
vt 0.000000 0.000000
vt 0.000000 0.000000
vt 0.000000 0.000000
vt 0.000000 0.000000
vt 0.000000 0.000000
vt 0.000000 0.000000
vt 0.000000 0.000000
vt 0.000000 0.000000
vt 0.000000 0.000000
vt 0.000000 0.000000
vt 0.000000 0.000000
vt 0.000000 0.000000
vt 0.000000 0.000000
vt 0.000000 0.000000
vt 0.000000 0.000000
vt 0.000000 0.000000
vt 0.000000 0.000000
vt 0.000000 0.000000
vt 0.000000 0.000000
vt 0.000000 0.000000
vt 0.000000 0.000000
vt 0.000000 0.000000
vt 0.000000 0.000000
vt 0.000000 0.000000
vt 0.000000 0.000000
vt 0.000000 0.000000
vt 0.000000 0.000000
vt 0.000000 0.000000
vt 0.000000 0.000000
vt 0.000000 0.000000
vt 0.000000 0.000000
vt 0.000000 0.000000
vt 0.000000 0.000000
vt 0.000000 0.000000
vt 0.000000 0.000000
vt 0.000000 0.000000
vt 0.000000 0.000000
vt 0.000000 0.000000
vt 0.000000 0.000000
vt 0.000000 0.000000
vt 0.000000 0.000000
vt 0.000000 0.000000
vt 0.000000 0.000000
vt 0.000000 0.000000
vt 0.000000 0.000000
vt 0.000000 0.000000
vt 0.000000 0.000000
vt 0.000000 0.000000
vt 0.000000 0.000000
vt 0.000000 0.000000
vt 0.000000 0.000000
vt 0.000000 0.000000
vt 0.000000 0.000000
vt 0.000000 0.000000
vt 0.000000 0.000000
vt 0.000000 0.000000
vt 0.000000 0.000000
vt 0.000000 0.000000
vt 0.000000 0.000000
vt 0.000000 0.000000
vt 0.000000 0.000000
vt 0.000000 0.000000
vt 0.000000 0.000000
vt 0.000000 0.000000
vt 0.000000 0.000000
vt 0.000000 0.000000
vt 0.000000 0.000000
vt 0.000000 0.000000
vt 0.000000 0.000000
vt 0.000000 0.000000
vt 0.000000 0.000000
vt 0.000000 0.000000
vt 0.000000 0.000000
vt 0.000000 0.000000
vt 0.000000 0.000000
vt 0.000000 0.000000
vt 0.000000 0.000000
vt 0.000000 0.000000
vt 0.000000 0.000000
vt 0.000000 0.000000
vt 0.000000 0.000000
vt 0.000000 0.000000
vt 0.000000 0.000000
vt 0.000000 0.000000
vt 0.000000 0.000000
vt 0.000000 0.000000
vt 0.000000 0.000000
vt 0.000000 0.000000
vt 0.000000 0.000000
vt 0.000000 0.000000
vt 0.000000 0.000000
vt 0.000000 0.000000
vt 0.000000 0.000000
vt 0.000000 0.000000
vt 0.000000 0.000000
vt 0.000000 0.000000
vt 0.000000 0.000000
vt 0.000000 0.000000
vt 0.000000 0.000000
vt 0.000000 0.000000
vt 0.000000 0.000000
vt 0.000000 0.000000
vt 0.000000 0.000000
vt 0.000000 0.000000
vt 0.000000 0.000000
vt 0.000000 0.000000
vt 0.000000 0.000000
vt 0.000000 0.000000
vt 0.000000 0.000000
vt 0.000000 0.000000
vt 0.000000 0.000000
vt 0.000000 0.000000
vt 0.000000 0.000000
vt 0.000000 0.000000
vt 0.000000 0.000000
vt 0.000000 0.000000
vt 0.000000 0.000000
vt 0.000000 0.000000
vt 0.000000 0.000000
vt 0.000000 0.000000
vt 0.000000 0.000000
vt 0.000000 0.000000
vt 0.000000 0.000000
vt 0.000000 0.000000
vt 0.000000 0.000000
vt 0.000000 0.000000
vt 0.000000 0.000000
vt 0.000000 0.000000
vt 0.000000 0.000000
vt 0.000000 0.000000
vt 0.000000 0.000000
vt 0.000000 0.000000
vt 0.000000 0.000000
vt 0.000000 0.000000
vt 0.000000 0.000000
vt 0.000000 0.000000
vt 0.000000 0.000000
vt 0.000000 0.000000
vt 0.000000 0.000000
vt 0.000000 0.000000
vt 0.000000 0.000000
vt 0.000000 0.000000
vt 0.000000 0.000000
vt 0.000000 0.000000
vt 0.000000 0.000000
vt 0.000000 0.000000
vt 0.000000 0.000000
vt 0.000000 0.000000
vt 0.000000 0.000000
vt 0.000000 0.000000
vt 0.000000 0.000000
vt 0.000000 0.000000
vt 0.000000 0.000000
vt 0.000000 0.000000
vt 0.000000 0.000000
vt 0.000000 0.000000
vt 0.000000 0.000000
vt 0.000000 0.000000
vt 0.000000 0.000000
vt 0.000000 0.000000
vt 0.000000 0.000000
vt 0.000000 0.000000
vt 0.000000 0.000000
vt 0.000000 0.000000
vt 0.000000 0.000000
vt 0.000000 0.000000
vt 0.000000 0.000000
vt 0.000000 0.000000
vt 0.000000 0.000000
vt 0.000000 0.000000
vt 0.000000 0.000000
vt 0.000000 0.000000
vt 0.000000 0.000000
vt 0.000000 0.000000
vt 0.000000 0.000000
vt 0.000000 0.000000
vt 0.000000 0.000000
vt 0.000000 0.000000
vt 0.000000 0.000000
vt 0.000000 0.000000
vt 0.000000 0.000000
vt 0.000000 0.000000
vt 0.000000 0.000000
vt 0.000000 0.000000
vt 0.000000 0.000000
vt 0.000000 0.000000
vt 0.000000 0.000000
vt 0.000000 0.000000
vt 0.000000 0.000000
vt 0.000000 0.000000
vt 0.000000 0.000000
vt 0.000000 0.000000
vt 0.000000 0.000000
vt 0.000000 0.000000
vt 0.000000 0.000000
vt 0.000000 0.000000
vt 0.000000 0.000000
vt 0.000000 0.000000
vt 0.000000 0.000000
vt 0.000000 0.000000
vt 0.000000 0.000000
vt 0.000000 0.000000
vt 0.000000 0.000000
vt 0.000000 0.000000
vt 0.000000 0.000000
vt 0.000000 0.000000
vt 0.000000 0.000000
vt 0.000000 0.000000
vt 0.000000 0.000000
vt 0.000000 0.000000
vt 0.000000 0.000000
vt 0.000000 0.000000
vt 0.000000 0.000000
vt 0.000000 0.000000
vt 0.000000 0.000000
vt 0.000000 0.000000
vt 0.000000 0.000000
vt 0.000000 0.000000
vt 0.000000 0.000000
vt 0.000000 0.000000
vt 0.000000 0.000000
vt 0.000000 0.000000
vt 0.000000 0.000000
vt 0.000000 0.000000
vt 0.000000 0.000000
vt 0.000000 0.000000
vt 0.000000 0.000000
vt 0.000000 0.000000
vt 0.000000 0.000000
vt 0.000000 0.000000
vt 0.000000 0.000000
vt 0.000000 0.000000
vt 0.000000 0.000000
vt 0.000000 0.000000
vt 0.000000 0.000000
vt 0.000000 0.000000
vt 0.000000 0.000000
vt 0.000000 0.000000
vt 0.000000 0.000000
vt 0.000000 0.000000
vt 0.000000 0.000000
vt 0.000000 0.000000
vt 0.000000 0.000000
vt 0.000000 0.000000
vt 0.000000 0.000000
vt 0.000000 0.000000
vt 0.000000 0.000000
vt 0.000000 0.000000
vt 0.000000 0.000000
vt 0.000000 0.000000
vt 0.000000 0.000000
vt 0.000000 0.000000
vt 0.000000 0.000000
vt 0.000000 0.000000
vt 0.000000 0.000000
vt 0.000000 0.000000
vt 0.000000 0.000000
vt 0.000000 0.000000
vt 0.000000 0.000000
vt 0.000000 0.000000
vt 0.000000 0.000000
vt 0.000000 0.000000
vt 0.000000 0.000000
vt 0.000000 0.000000
vt 0.000000 0.000000
vt 0.000000 0.000000
vt 0.000000 0.000000
vt 0.000000 0.000000
vt 0.000000 0.000000
vt 0.000000 0.000000
vt 0.000000 0.000000
vt 0.000000 0.000000
vt 0.000000 0.000000
vt 0.000000 0.000000
vt 0.000000 0.000000
vt 0.000000 0.000000
vt 0.000000 0.000000
vt 0.000000 0.000000
vt 0.000000 0.000000
vt 0.000000 0.000000
vt 0.000000 0.000000
vt 0.000000 0.000000
vt 0.000000 0.000000
vt 0.000000 0.000000
vt 0.000000 0.000000
vt 0.000000 0.000000
vt 0.000000 0.000000
vt 0.000000 0.000000
vt 0.000000 0.000000
vt 0.000000 0.000000
vt 0.000000 0.000000
vt 0.000000 0.000000
vt 0.000000 0.000000
vt 0.000000 0.000000
vt 0.000000 0.000000
vt 0.000000 0.000000
vt 0.000000 0.000000
vt 0.000000 0.000000
vt 0.000000 0.000000
vt 0.000000 0.000000
vt 0.000000 0.000000
vt 0.000000 0.000000
vt 0.000000 0.000000
vt 0.000000 0.000000
vt 0.000000 0.000000
vt 0.000000 0.000000
vt 0.000000 0.000000
vt 0.000000 0.000000
vt 0.000000 0.000000
vt 0.000000 0.000000
vt 0.000000 0.000000
vt 0.000000 0.000000
vt 0.000000 0.000000
vt 0.000000 0.000000
vt 0.000000 0.000000
vt 0.000000 0.000000
vt 0.000000 0.000000
vt 0.000000 0.000000
vt 0.000000 0.000000
vt 0.000000 0.000000
vt 0.000000 0.000000
vt 0.000000 0.000000
vt 0.000000 0.000000
vt 0.000000 0.000000
vt 0.000000 0.000000
vt 0.000000 0.000000
vt 0.000000 0.000000
vt 0.000000 0.000000
vt 0.000000 0.000000
vt 0.000000 0.000000
vt 0.000000 0.000000
vt 0.000000 0.000000
vt 0.000000 0.000000
vt 0.000000 0.000000
vt 0.000000 0.000000
vt 0.000000 0.000000
vt 0.000000 0.000000
vt 0.000000 0.000000
vt 0.000000 0.000000
vt 0.000000 0.000000
vt 0.000000 0.000000
vt 0.000000 0.000000
vt 0.000000 0.000000
vt 0.000000 0.000000
vt 0.000000 0.000000
vt 0.000000 0.000000
vt 0.000000 0.000000
vt 0.000000 0.000000
vt 0.000000 0.000000
vt 0.000000 0.000000
vt 0.000000 0.000000
vt 0.000000 0.000000
vt 0.000000 0.000000
vt 0.000000 0.000000
vt 0.000000 0.000000
vt 0.000000 0.000000
vt 0.000000 0.000000
vt 0.000000 0.000000
vt 0.000000 0.000000
vt 0.000000 0.000000
vt 0.000000 0.000000
vt 0.000000 0.000000
vt 0.000000 0.000000
vt 0.000000 0.000000
vt 0.000000 0.000000
vt 0.000000 0.000000
vt 0.000000 0.000000
vt 0.000000 0.000000
vt 0.000000 0.000000
vt 0.000000 0.000000
vt 0.000000 0.000000
vt 0.000000 0.000000
vt 0.000000 0.000000
vt 0.000000 0.000000
vt 0.000000 0.000000
vt 0.000000 0.000000
vt 0.000000 0.000000
vt 0.000000 0.000000
vt 0.000000 0.000000
vt 0.000000 0.000000
vt 0.000000 0.000000
vt 0.000000 0.000000
vt 0.000000 0.000000
vt 0.000000 0.000000
vt 0.000000 0.000000
vt 0.000000 0.000000
vt 0.000000 0.000000
vt 0.000000 0.000000
vt 0.000000 0.000000
vt 0.000000 0.000000
vt 0.000000 0.000000
vt 0.000000 0.000000
vt 0.000000 0.000000
vt 0.000000 0.000000
vt 0.000000 0.000000
vt 0.000000 0.000000
vt 0.000000 0.000000
vt 0.000000 0.000000
vt 0.000000 0.000000
vt 0.000000 0.000000
vt 0.000000 0.000000
vt 0.000000 0.000000
vt 0.000000 0.000000
vt 0.000000 0.000000
vt 0.000000 0.000000
vt 0.000000 0.000000
vt 0.000000 0.000000
vt 0.000000 0.000000
vt 0.000000 0.000000
vt 0.000000 0.000000
vt 0.000000 0.000000
vt 0.000000 0.000000
vt 0.000000 0.000000
vt 0.000000 0.000000
vt 0.000000 0.000000
vt 0.000000 0.000000
vt 0.000000 0.000000
vt 0.000000 0.000000
vt 0.000000 0.000000
vt 0.000000 0.000000
vt 0.000000 0.000000
vt 0.000000 0.000000
vt 0.000000 0.000000
vt 0.000000 0.000000
vt 0.000000 0.000000
vt 0.000000 0.000000
vt 0.000000 0.000000
vt 0.000000 0.000000
vt 0.000000 0.000000
vt 0.000000 0.000000
vt 0.000000 0.000000
vt 0.000000 0.000000
vt 0.000000 0.000000
vt 0.000000 0.000000
vt 0.000000 0.000000
vt 0.000000 0.000000
vt 0.000000 0.000000
vt 0.000000 0.000000
vt 0.000000 0.000000
vt 0.000000 0.000000
vt 0.000000 0.000000
vt 0.000000 0.000000
vt 0.000000 0.000000
vt 0.000000 0.000000
vt 0.000000 0.000000
vt 0.000000 0.000000
vt 0.000000 0.000000
vt 0.000000 0.000000
vt 0.000000 0.000000
vt 0.000000 0.000000
vt 0.000000 0.000000
vt 0.000000 0.000000
vt 0.000000 0.000000
vt 0.000000 0.000000
vt 0.000000 0.000000
vt 0.000000 0.000000
vt 0.000000 0.000000
vt 0.000000 0.000000
vt 0.000000 0.000000
vt 0.000000 0.000000
vt 0.000000 0.000000
vt 0.000000 0.000000
vt 0.000000 0.000000
vt 0.000000 0.000000
vt 0.000000 0.000000
vt 0.000000 0.000000
vt 0.000000 0.000000
vt 0.000000 0.000000
vt 0.000000 0.000000
vt 0.000000 0.000000
vt 0.000000 0.000000
vt 0.000000 0.000000
vt 0.000000 0.000000
vt 0.000000 0.000000
vt 0.000000 0.000000
vt 0.000000 0.000000
vt 0.000000 0.000000
vt 0.000000 0.000000
vt 0.000000 0.000000
vt 0.000000 0.000000
vt 0.000000 0.000000
vt 0.000000 0.000000
vt 0.000000 0.000000
vt 0.000000 0.000000
vt 0.000000 0.000000
vt 0.000000 0.000000
vt 0.000000 0.000000
vt 0.000000 0.000000
vt 0.000000 0.000000
vt 0.000000 0.000000
vt 0.000000 0.000000
vt 0.000000 0.000000
vt 0.000000 0.000000
vt 0.000000 0.000000
vt 0.000000 0.000000
vt 0.000000 0.000000
vt 0.000000 0.000000
vt 0.000000 0.000000
vt 0.000000 0.000000
vt 0.000000 0.000000
vt 0.000000 0.000000
vt 0.000000 0.000000
vt 0.000000 0.000000
vt 0.000000 0.000000
vt 0.000000 0.000000
vt 0.000000 0.000000
vt 0.000000 0.000000
vt 0.000000 0.000000
vt 0.000000 0.000000
vt 0.000000 0.000000
vt 0.000000 0.000000
vt 0.000000 0.000000
vt 0.000000 0.000000
vt 0.000000 0.000000
vt 0.000000 0.000000
vt 0.000000 0.000000
vt 0.000000 0.000000
vt 0.000000 0.000000
vt 0.000000 0.000000
vt 0.000000 0.000000
vt 0.000000 0.000000
vt 0.000000 0.000000
vt 0.000000 0.000000
vt 0.000000 0.000000
vt 0.000000 0.000000
vt 0.000000 0.000000
vt 0.000000 0.000000
vt 0.000000 0.000000
vt 0.000000 0.000000
vt 0.000000 0.000000
vt 0.000000 0.000000
vt 0.000000 0.000000
vt 0.000000 0.000000
vt 0.000000 0.000000
vt 0.000000 0.000000
vt 0.000000 0.000000
vt 0.000000 0.000000
vt 0.000000 0.000000
vt 0.000000 0.000000
vt 0.000000 0.000000
vt 0.000000 0.000000
vt 0.000000 0.000000
vt 0.000000 0.000000
vt 0.000000 0.000000
vt 0.000000 0.000000
vt 0.000000 0.000000
vt 0.000000 0.000000
vt 0.000000 0.000000
vt 0.000000 0.000000
vt 0.000000 0.000000
vt 0.000000 0.000000
vt 0.000000 0.000000
vt 0.000000 0.000000
vt 0.000000 0.000000
vt 0.000000 0.000000
vt 0.000000 0.000000
vt 0.000000 0.000000
vt 0.000000 0.000000
vt 0.000000 0.000000
vt 0.000000 0.000000
vt 0.000000 0.000000
vt 0.000000 0.000000
vt 0.000000 0.000000
vt 0.000000 0.000000
vt 0.000000 0.000000
vt 0.000000 0.000000
vt 0.000000 0.000000
vt 0.000000 0.000000
vt 0.000000 0.000000
vt 0.000000 0.000000
vt 0.000000 0.000000
vt 0.000000 0.000000
vt 0.000000 0.000000
vt 0.000000 0.000000
vt 0.000000 0.000000
vt 0.000000 0.000000
vt 0.000000 0.000000
vt 0.000000 0.000000
vt 0.000000 0.000000
vt 0.000000 0.000000
vt 0.000000 0.000000
vt 0.000000 0.000000
vt 0.000000 0.000000
vt 0.000000 0.000000
vt 0.000000 0.000000
vt 0.000000 0.000000
vt 0.000000 0.000000
vt 0.000000 0.000000
vt 0.000000 0.000000
vt 0.000000 0.000000
vt 0.000000 0.000000
vt 0.000000 0.000000
vt 0.000000 0.000000
vt 0.000000 0.000000
vt 0.000000 0.000000
vt 0.000000 0.000000
vt 0.000000 0.000000
vt 0.000000 0.000000
vt 0.000000 0.000000
vt 0.000000 0.000000
vt 0.000000 0.000000
vt 0.000000 0.000000
vt 0.000000 0.000000
vt 0.000000 0.000000
vt 0.000000 0.000000
vt 0.000000 0.000000
vt 0.000000 0.000000
vt 0.000000 0.000000
vt 0.000000 0.000000
vt 0.000000 0.000000
vt 0.000000 0.000000
vt 0.000000 0.000000
vt 0.000000 0.000000
vt 0.000000 0.000000
vt 0.000000 0.000000
vt 0.000000 0.000000
vt 0.000000 0.000000
vt 0.000000 0.000000
vt 0.000000 0.000000
vt 0.000000 0.000000
vt 0.000000 0.000000
vt 0.000000 0.000000
vt 0.000000 0.000000
vt 0.000000 0.000000
vt 0.000000 0.000000
vt 0.000000 0.000000
vt 0.000000 0.000000
vt 0.000000 0.000000
vt 0.000000 0.000000
vt 0.000000 0.000000
vt 0.000000 0.000000
vt 0.000000 0.000000
vt 0.000000 0.000000
vt 0.000000 0.000000
vt 0.000000 0.000000
vt 0.000000 0.000000
vt 0.000000 0.000000
vt 0.000000 0.000000
vt 0.000000 0.000000
vt 0.000000 0.000000
vt 0.000000 0.000000
vt 0.000000 0.000000
vt 0.000000 0.000000
vt 0.000000 0.000000
vt 0.000000 0.000000
vt 0.000000 0.000000
vt 0.000000 0.000000
vt 0.000000 0.000000
vt 0.000000 0.000000
vt 0.000000 0.000000
vt 0.000000 0.000000
vt 0.000000 0.000000
vt 0.000000 0.000000
vt 0.000000 0.000000
vt 0.000000 0.000000
vt 0.000000 0.000000
vt 0.000000 0.000000
vt 0.000000 0.000000
vt 0.000000 0.000000
vt 0.000000 0.000000
vt 0.000000 0.000000
vt 0.000000 0.000000
vt 0.000000 0.000000
vt 0.000000 0.000000
vt 0.000000 0.000000
vt 0.000000 0.000000
vt 0.000000 0.000000
vt 0.000000 0.000000
vt 0.000000 0.000000
vt 0.000000 0.000000
vt 0.000000 0.000000
vt 0.000000 0.000000
vt 0.000000 0.000000
vt 0.000000 0.000000
vt 0.000000 0.000000
vt 0.000000 0.000000
vt 0.000000 0.000000
vt 0.000000 0.000000
vt 0.000000 0.000000
vt 0.000000 0.000000
vt 0.000000 0.000000
vt 0.000000 0.000000
vt 0.000000 0.000000
vt 0.000000 0.000000
vt 0.000000 0.000000
vt 0.000000 0.000000
vt 0.000000 0.000000
vt 0.000000 0.000000
vt 0.000000 0.000000
vt 0.000000 0.000000
vt 0.000000 0.000000
vt 0.000000 0.000000
vt 0.000000 0.000000
vt 0.000000 0.000000
vt 0.000000 0.000000
vt 0.000000 0.000000
vt 0.000000 0.000000
vt 0.000000 0.000000
vt 0.000000 0.000000
vt 0.000000 0.000000
vt 0.000000 0.000000
vt 0.000000 0.000000
vt 0.000000 0.000000
vt 0.000000 0.000000
vt 0.000000 0.000000
vt 0.000000 0.000000
vt 0.000000 0.000000
vt 0.000000 0.000000
vt 0.000000 0.000000
vt 0.000000 0.000000
vt 0.000000 0.000000
vt 0.000000 0.000000
vt 0.000000 0.000000
vt 0.000000 0.000000
vt 0.000000 0.000000
vt 0.000000 0.000000
vt 0.000000 0.000000
vt 0.000000 0.000000
vt 0.000000 0.000000
vt 0.000000 0.000000
vt 0.000000 0.000000
vt 0.000000 0.000000
vt 0.000000 0.000000
vt 0.000000 0.000000
vt 0.000000 0.000000
vt 0.000000 0.000000
vt 0.000000 0.000000
vt 0.000000 0.000000
vt 0.000000 0.000000
vt 0.000000 0.000000
vt 0.000000 0.000000
vt 0.000000 0.000000
vt 0.000000 0.000000
vt 0.000000 0.000000
vt 0.000000 0.000000
vt 0.000000 0.000000
vt 0.000000 0.000000
vt 0.000000 0.000000
vt 0.000000 0.000000
vt 0.000000 0.000000
vt 0.000000 0.000000
vt 0.000000 0.000000
vt 0.000000 0.000000
vt 0.000000 0.000000
vt 0.000000 0.000000
vt 0.000000 0.000000
vt 0.000000 0.000000
vt 0.000000 0.000000
vt 0.000000 0.000000
vt 0.000000 0.000000
vt 0.000000 0.000000
vt 0.000000 0.000000
vt 0.000000 0.000000
vt 0.000000 0.000000
vt 0.000000 0.000000
vt 0.000000 0.000000
vt 0.000000 0.000000
vt 0.000000 0.000000
vt 0.000000 0.000000
vt 0.000000 0.000000
vt 0.000000 0.000000
vt 0.000000 0.000000
vt 0.000000 0.000000
vt 0.000000 0.000000
vt 0.000000 0.000000
vt 0.000000 0.000000
vt 0.000000 0.000000
vt 0.000000 0.000000
vt 0.000000 0.000000
vt 0.000000 0.000000
vt 0.000000 0.000000
vt 0.000000 0.000000
vt 0.000000 0.000000
vt 0.000000 0.000000
vt 0.000000 0.000000
vt 0.000000 0.000000
vt 0.000000 0.000000
vt 0.000000 0.000000
vt 0.000000 0.000000
vt 0.000000 0.000000
vt 0.000000 0.000000
vt 0.000000 0.000000
vt 0.000000 0.000000
vt 0.000000 0.000000
vt 0.000000 0.000000
vt 0.000000 0.000000
vt 0.000000 0.000000
vt 0.000000 0.000000
vt 0.000000 0.000000
vt 0.000000 0.000000
vt 0.000000 0.000000
vt 0.000000 0.000000
vt 0.000000 0.000000
vt 0.000000 0.000000
vt 0.000000 0.000000
vt 0.000000 0.000000
vt 0.000000 0.000000
vt 0.000000 0.000000
vt 0.000000 0.000000
vt 0.000000 0.000000
vt 0.000000 0.000000
vt 0.000000 0.000000
vt 0.000000 0.000000
vt 0.000000 0.000000
vt 0.000000 0.000000
vt 0.000000 0.000000
vt 0.000000 0.000000
vt 0.000000 0.000000
vt 0.000000 0.000000
vt 0.000000 0.000000
vt 0.000000 0.000000
vt 0.000000 0.000000
vt 0.000000 0.000000
vt 0.000000 0.000000
vt 0.000000 0.000000
vt 0.000000 0.000000
vt 0.000000 0.000000
vt 0.000000 0.000000
vt 0.000000 0.000000
vt 0.000000 0.000000
vt 0.000000 0.000000
vt 0.000000 0.000000
vt 0.000000 0.000000
vt 0.000000 0.000000
vt 0.000000 0.000000
vt 0.000000 0.000000
vt 0.000000 0.000000
vt 0.000000 0.000000
vt 0.000000 0.000000
vt 0.000000 0.000000
vt 0.000000 0.000000
vt 0.000000 0.000000
vt 0.000000 0.000000
vt 0.000000 0.000000
vt 0.000000 0.000000
vt 0.000000 0.000000
vt 0.000000 0.000000
vt 0.000000 0.000000
vt 0.000000 0.000000
vt 0.000000 0.000000
vt 0.000000 0.000000
vt 0.000000 0.000000
vt 0.000000 0.000000
vt 0.000000 0.000000
vt 0.000000 0.000000
vt 0.000000 0.000000
vt 0.000000 0.000000
vt 0.000000 0.000000
vt 0.000000 0.000000
vt 0.000000 0.000000
vt 0.000000 0.000000
vt 0.000000 0.000000
vt 0.000000 0.000000
vt 0.000000 0.000000
vt 0.000000 0.000000
vt 0.000000 0.000000
vt 0.000000 0.000000
vt 0.000000 0.000000
vt 0.000000 0.000000
vt 0.000000 0.000000
vt 0.000000 0.000000
vt 0.000000 0.000000
vt 0.000000 0.000000
vt 0.000000 0.000000
vt 0.000000 0.000000
vt 0.000000 0.000000
vt 0.000000 0.000000
vt 0.000000 0.000000
vt 0.000000 0.000000
vt 0.000000 0.000000
vt 0.000000 0.000000
vt 0.000000 0.000000
vt 0.000000 0.000000
vt 0.000000 0.000000
vt 0.000000 0.000000
vt 0.000000 0.000000
vt 0.000000 0.000000
vt 0.000000 0.000000
vt 0.000000 0.000000
vt 0.000000 0.000000
vt 0.000000 0.000000
vt 0.000000 0.000000
vt 0.000000 0.000000
vt 0.000000 0.000000
vt 0.000000 0.000000
vt 0.000000 0.000000
vt 0.000000 0.000000
vt 0.000000 0.000000
vt 0.000000 0.000000
vt 0.000000 0.000000
vt 0.000000 0.000000
vt 0.000000 0.000000
vt 0.000000 0.000000
vt 0.000000 0.000000
vt 0.000000 0.000000
vt 0.000000 0.000000
vt 0.000000 0.000000
vt 0.000000 0.000000
vt 0.000000 0.000000
vt 0.000000 0.000000
vt 0.000000 0.000000
vt 0.000000 0.000000
vt 0.000000 0.000000
vt 0.000000 0.000000
vt 0.000000 0.000000
vt 0.000000 0.000000
vt 0.000000 0.000000
vt 0.000000 0.000000
vt 0.000000 0.000000
vt 0.000000 0.000000
vt 0.000000 0.000000
vt 0.000000 0.000000
vt 0.000000 0.000000
vt 0.000000 0.000000
vt 0.000000 0.000000
vt 0.000000 0.000000
vt 0.000000 0.000000
vt 0.000000 0.000000
vt 0.000000 0.000000
vt 0.000000 0.000000
vt 0.000000 0.000000
vt 0.000000 0.000000
vt 0.000000 0.000000
vt 0.000000 0.000000
vt 0.000000 0.000000
vt 0.000000 0.000000
vt 0.000000 0.000000
vt 0.000000 0.000000
vt 0.000000 0.000000
vt 0.000000 0.000000
vt 0.000000 0.000000
vt 0.000000 0.000000
vt 0.000000 0.000000
vt 0.000000 0.000000
vt 0.000000 0.000000
vt 0.000000 0.000000
vt 0.000000 0.000000
vt 0.000000 0.000000
vt 0.000000 0.000000
vt 0.000000 0.000000
vt 0.000000 0.000000
vt 0.000000 0.000000
vt 0.000000 0.000000
vt 0.000000 0.000000
vt 0.000000 0.000000
vt 0.000000 0.000000
vt 0.000000 0.000000
vn 0.0361 0.9694 -0.2429
vn 0.1926 0.9519 -0.2385
vn 0.1926 0.9239 -0.3305
vn 0.0361 0.9409 -0.3366
vn 0.0361 -0.8027 0.5953
vn 0.1926 -0.7881 0.5846
vn 0.1926 -0.7271 0.6590
vn 0.0361 -0.7405 0.6711
vn 0.0361 0.9981 -0.0491
vn 0.1926 0.9801 -0.0482
vn 0.1926 0.9707 -0.1439
vn 0.0361 0.9885 -0.1466
vn 0.0360 -0.9034 0.4273
vn 0.1926 -0.8870 0.4196
vn 0.1926 -0.8417 0.5044
vn 0.0361 -0.8572 0.5137
vn 0.0361 0.9885 0.1466
vn 0.1926 0.9707 0.1439
vn 0.1926 0.9801 0.0482
vn 0.0361 0.9981 0.0491
vn 0.0361 -0.9694 0.2428
vn 0.1926 -0.9519 0.2385
vn 0.1926 -0.9239 0.3305
vn 0.0361 -0.9409 0.3366
vn 0.0360 0.9409 0.3366
vn 0.1926 0.9239 0.3305
vn 0.1926 0.9519 0.2385
vn 0.0360 0.9694 0.2429
vn 0.0360 -0.9981 0.0491
vn 0.1926 -0.9801 0.0482
vn 0.1926 -0.9707 0.1439
vn 0.0361 -0.9885 0.1466
vn 0.0361 0.8572 0.5137
vn 0.1926 0.8417 0.5044
vn 0.1926 0.8871 0.4196
vn 0.0361 0.9034 0.4273
vn 0.0361 -0.9885 -0.1466
vn 0.1926 -0.9707 -0.1439
vn 0.1926 -0.9801 -0.0482
vn 0.0360 -0.9981 -0.0491
vn 0.0360 0.7405 0.6711
vn 0.1926 0.7271 0.6590
vn 0.1926 0.7881 0.5846
vn 0.0360 0.8027 0.5953
vn 0.0361 -0.9409 -0.3366
vn 0.1926 -0.9239 -0.3305
vn 0.1926 -0.9519 -0.2385
vn 0.0361 -0.9694 -0.2429
vn 0.0360 0.5954 0.8027
vn 0.1926 0.5846 0.7881
vn 0.1926 0.6590 0.7271
vn 0.0361 0.6711 0.7405
vn 0.0360 -0.8572 -0.5137
vn 0.1926 -0.8417 -0.5045
vn 0.1926 -0.8870 -0.4196
vn 0.0360 -0.9034 -0.4273
vn 0.0360 0.4273 0.9034
vn 0.1926 0.4196 0.8870
vn 0.1926 0.5044 0.8417
vn 0.0360 0.5137 0.8572
vn 0.0361 -0.7405 -0.6711
vn 0.1926 -0.7271 -0.6590
vn 0.1926 -0.7881 -0.5846
vn 0.0361 -0.8027 -0.5953
vn 0.0362 0.2429 0.9694
vn 0.1926 0.2385 0.9519
vn 0.1926 0.3305 0.9239
vn 0.0361 0.3366 0.9410
vn 0.0361 0.3366 -0.9410
vn 0.1926 0.3305 -0.9239
vn 0.1926 0.2385 -0.9519
vn 0.0361 0.2429 -0.9694
vn 0.0361 -0.5953 -0.8027
vn 0.1926 -0.5846 -0.7881
vn 0.1926 -0.6590 -0.7271
vn 0.0361 -0.6711 -0.7405
vn 0.0360 0.0491 0.9981
vn 0.1926 0.0482 0.9801
vn 0.1926 0.1439 0.9707
vn 0.0361 0.1466 0.9885
vn 0.0360 -0.0491 -0.9981
vn 0.1926 -0.0482 -0.9801
vn 0.1926 -0.1439 -0.9707
vn 0.0360 -0.1466 -0.9885
vn 0.0361 -0.4273 -0.9034
vn 0.1926 -0.4196 -0.8870
vn 0.1926 -0.5044 -0.8417
vn 0.0361 -0.5137 -0.8572
vn 0.0360 -0.1466 0.9885
vn 0.1926 -0.1439 0.9707
vn 0.1926 -0.0482 0.9801
vn 0.0361 -0.0491 0.9981
vn 0.0360 0.6711 -0.7405
vn 0.1926 0.6590 -0.7271
vn 0.1926 0.5846 -0.7882
vn 0.0361 0.5954 -0.8026
vn 0.0361 -0.2429 -0.9694
vn 0.1926 -0.2385 -0.9519
vn 0.1926 -0.3305 -0.9239
vn 0.0360 -0.3366 -0.9409
vn 0.0361 -0.3366 0.9409
vn 0.1926 -0.3305 0.9239
vn 0.1926 -0.2385 0.9519
vn 0.0361 -0.2429 0.9694
vn 0.0361 0.8027 -0.5953
vn 0.1926 0.7882 -0.5846
vn 0.1926 0.7271 -0.6590
vn 0.0360 0.7405 -0.6711
vn 0.0360 -0.5137 0.8572
vn 0.1926 -0.5044 0.8417
vn 0.1927 -0.4196 0.8870
vn 0.0360 -0.4273 0.9034
vn 0.0360 0.9034 -0.4273
vn 0.1926 0.8871 -0.4196
vn 0.1926 0.8417 -0.5044
vn 0.0360 0.8572 -0.5137
vn 0.0360 0.5137 -0.8572
vn 0.1926 0.5044 -0.8417
vn 0.1926 0.4196 -0.8870
vn 0.0360 0.4273 -0.9034
vn 0.0360 -0.6711 0.7405
vn 0.1926 -0.6590 0.7271
vn 0.1926 -0.5846 0.7881
vn 0.0361 -0.5953 0.8027
vn 0.1843 0.8430 0.5053
vn 0.6646 0.6409 0.3841
vn 0.6646 0.6755 0.3195
vn 0.1843 0.8885 0.4203
vn 0.1844 0.0483 0.9817
vn 0.6646 0.0367 0.7463
vn 0.6646 0.1096 0.7391
vn 0.1843 0.1442 0.9722
vn 0.1843 -0.5053 0.8431
vn 0.6646 -0.3841 0.6409
vn 0.6646 -0.3195 0.6755
vn 0.1843 -0.4203 0.8885
vn 0.1844 -0.6600 0.7283
vn 0.6646 -0.5018 0.5537
vn 0.6646 -0.4451 0.6002
vn 0.1843 -0.5855 0.7894
vn 0.1844 -0.7894 0.5855
vn 0.6646 -0.6002 0.4451
vn 0.6646 -0.5537 0.5018
vn 0.1844 -0.7283 0.6600
vn 0.1844 -0.8885 0.4203
vn 0.6646 -0.6755 0.3195
vn 0.6646 -0.6409 0.3841
vn 0.1844 -0.8430 0.5053
vn 0.1843 -0.9534 0.2389
vn 0.6646 -0.7248 0.1816
vn 0.6646 -0.7036 0.2517
vn 0.1843 -0.9254 0.3311
vn 0.1843 -0.9817 0.0483
vn 0.6646 -0.7463 0.0367
vn 0.6646 -0.7391 0.1096
vn 0.1843 -0.9722 0.1442
vn 0.1843 -0.9722 -0.1442
vn 0.6646 -0.7391 -0.1096
vn 0.6646 -0.7463 -0.0367
vn 0.1843 -0.9817 -0.0483
vn 0.1843 -0.9254 -0.3311
vn 0.6646 -0.7036 -0.2517
vn 0.6646 -0.7248 -0.1816
vn 0.1843 -0.9534 -0.2389
vn 0.1844 -0.8430 -0.5053
vn 0.6646 -0.6409 -0.3841
vn 0.6646 -0.6755 -0.3195
vn 0.1843 -0.8885 -0.4203
vn 0.1844 -0.7283 -0.6600
vn 0.6646 -0.5537 -0.5018
vn 0.6646 -0.6002 -0.4451
vn 0.1843 -0.7894 -0.5855
vn 0.1844 -0.5855 -0.7894
vn 0.6646 -0.4451 -0.6001
vn 0.6646 -0.5018 -0.5537
vn 0.1844 -0.6600 -0.7283
vn 0.1844 -0.4203 -0.8885
vn 0.6646 -0.3195 -0.6755
vn 0.6646 -0.3841 -0.6409
vn 0.1844 -0.5053 -0.8430
vn 0.1843 -0.2389 -0.9534
vn 0.6646 -0.1816 -0.7248
vn 0.6646 -0.2517 -0.7035
vn 0.1843 -0.3311 -0.9254
vn 0.1843 -0.0483 -0.9817
vn 0.6646 -0.0367 -0.7463
vn 0.6646 -0.1096 -0.7391
vn 0.1843 -0.1442 -0.9722
vn 0.1844 0.1442 -0.9722
vn 0.6646 0.1096 -0.7391
vn 0.6646 0.0367 -0.7463
vn 0.1844 0.0483 -0.9817
vn 0.1844 0.3311 -0.9254
vn 0.6646 0.2517 -0.7035
vn 0.6646 0.1816 -0.7248
vn 0.1843 0.2389 -0.9534
vn 0.1844 0.5053 -0.8430
vn 0.6646 0.3841 -0.6409
vn 0.6646 0.3195 -0.6755
vn 0.1844 0.4203 -0.8885
vn 0.1844 0.6600 -0.7283
vn 0.6646 0.5018 -0.5537
vn 0.6646 0.4451 -0.6002
vn 0.1844 0.5855 -0.7894
vn 0.1844 0.7894 -0.5855
vn 0.6646 0.6001 -0.4451
vn 0.6646 0.5537 -0.5018
vn 0.1843 0.7283 -0.6600
vn 0.1844 0.8885 -0.4203
vn 0.6646 0.6755 -0.3195
vn 0.6646 0.6409 -0.3841
vn 0.1843 0.8431 -0.5052
vn 0.1843 0.9534 -0.2389
vn 0.6646 0.7248 -0.1816
vn 0.6646 0.7035 -0.2517
vn 0.1843 0.9254 -0.3311
vn 0.1843 0.9817 -0.0483
vn 0.6646 0.7463 -0.0367
vn 0.6646 0.7391 -0.1096
vn 0.1843 0.9722 -0.1442
vn 0.1843 0.9722 0.1442
vn 0.6646 0.7391 0.1096
vn 0.6646 0.7463 0.0367
vn 0.1843 0.9817 0.0483
vn 0.9995 0.0318 0.0080
vn 0.9995 -0.0319 -0.0080
vn 0.9995 -0.0309 -0.0111
vn 0.9995 0.0309 0.0111
vn 0.1843 0.9254 0.3311
vn 0.6646 0.7036 0.2517
vn 0.6646 0.7248 0.1816
vn 0.1843 0.9534 0.2388
vn 0.1844 0.7283 0.6600
vn 0.6646 0.5537 0.5018
vn 0.6646 0.6002 0.4451
vn 0.1844 0.7894 0.5855
vn 0.1843 0.5855 0.7894
vn 0.6646 0.4451 0.6002
vn 0.6646 0.5018 0.5537
vn 0.1844 0.6600 0.7283
vn 0.1844 0.4203 0.8885
vn 0.6646 0.3195 0.6755
vn 0.6646 0.3841 0.6409
vn 0.1844 0.5053 0.8430
vn 0.1843 0.2389 0.9534
vn 0.6646 0.1816 0.7248
vn 0.6646 0.2517 0.7036
vn 0.1843 0.3311 0.9254
vn 0.0361 0.1466 -0.9885
vn 0.1926 0.1439 -0.9707
vn 0.1926 0.0482 -0.9801
vn 0.0360 0.0491 -0.9981
vn 0.1844 -0.3311 0.9254
vn 0.6646 -0.2517 0.7036
vn 0.6646 -0.1816 0.7248
vn 0.1843 -0.2389 0.9534
vn 0.6574 0.7526 -0.0370
vn 0.4088 0.9115 -0.0448
vn 0.4088 0.9027 -0.1339
vn 0.6574 0.7454 -0.1105
vn 0.9995 -0.0220 -0.0243
vn 0.9995 0.0220 0.0243
vn 0.9995 0.0196 0.0264
vn 0.9995 -0.0196 -0.0264
vn 0.9995 0.0297 0.0140
vn 0.9995 -0.0297 -0.0140
vn 0.9995 -0.0282 -0.0169
vn 0.9995 0.0282 0.0169
vn 0.9995 -0.0169 -0.0282
vn 0.9995 0.0169 0.0282
vn 0.9995 0.0140 0.0297
vn 0.9995 -0.0140 -0.0297
vn 0.9995 -0.0016 0.0328
vn 0.9995 0.0016 -0.0328
vn 0.9995 0.0048 -0.0325
vn 0.9995 -0.0048 0.0325
vn 0.9995 0.0264 0.0196
vn 0.9995 -0.0264 -0.0196
vn 0.9995 -0.0243 -0.0220
vn 0.9995 0.0243 0.0220
vn 0.9995 -0.0111 -0.0309
vn 0.9995 0.0111 0.0309
vn 0.9995 0.0080 0.0318
vn 0.9995 -0.0080 -0.0318
vn 0.9995 -0.0080 0.0318
vn 0.9995 0.0080 -0.0318
vn 0.9995 0.0111 -0.0309
vn 0.9995 -0.0111 0.0309
vn 0.9995 -0.0048 -0.0325
vn 0.9995 0.0048 0.0325
vn 0.9995 0.0016 0.0328
vn 0.9995 -0.0016 -0.0328
vn 0.9995 -0.0140 0.0297
vn 0.9995 0.0140 -0.0297
vn 0.9995 0.0169 -0.0282
vn 0.9995 -0.0169 0.0282
vn 0.9995 -0.0196 0.0264
vn 0.9995 0.0196 -0.0264
vn 0.9995 0.0220 -0.0243
vn 0.9995 -0.0220 0.0243
vn 0.9995 -0.0243 0.0220
vn 0.9995 0.0243 -0.0220
vn 0.9995 0.0264 -0.0196
vn 0.9995 -0.0264 0.0196
vn 0.9995 -0.0281 0.0169
vn 0.9995 0.0281 -0.0169
vn 0.9995 0.0297 -0.0140
vn 0.9995 -0.0297 0.0140
vn 0.9995 -0.0309 0.0111
vn 0.9995 0.0309 -0.0111
vn 0.9995 0.0318 -0.0080
vn 0.9995 -0.0318 0.0080
vn 0.9995 -0.0325 0.0048
vn 0.9995 0.0325 -0.0048
vn 0.9995 0.0328 -0.0016
vn 0.9995 -0.0328 0.0016
vn 0.9995 0.0282 -0.0169
vn 0.9995 -0.0282 0.0169
vn 0.9995 -0.0328 -0.0016
vn 0.9995 0.0328 0.0016
vn 0.9995 0.0325 0.0048
vn 0.9995 -0.0325 -0.0048
vn 0.9995 -0.0318 -0.0080
vn 0.3618 0.1367 -0.9222
vn 0.5746 0.1201 -0.8096
vn 0.5746 0.0402 -0.8174
vn 0.3618 0.0458 -0.9311
vn 0.8611 0.0746 -0.5029
vn 0.9865 0.0240 -0.1619
vn 0.9865 0.0080 -0.1634
vn 0.8611 0.0250 -0.5079
vn 0.3618 0.3140 -0.8778
vn 0.5747 0.2757 -0.7706
vn 0.5746 0.1989 -0.7939
vn 0.3618 0.2266 -0.9043
vn 0.8611 0.1713 -0.4788
vn 0.9865 0.0551 -0.1541
vn 0.9865 0.0398 -0.1587
vn 0.8611 0.1236 -0.4932
vn 0.3618 0.4792 -0.7996
vn 0.5746 0.4207 -0.7020
vn 0.5746 0.3500 -0.7398
vn 0.3618 0.3986 -0.8427
vn 0.8611 0.2614 -0.4361
vn 0.9865 0.0841 -0.1404
vn 0.9865 0.0700 -0.1479
vn 0.8611 0.2174 -0.4596
vn 0.3618 0.6260 -0.6908
vn 0.5747 0.5496 -0.6064
vn 0.5746 0.4876 -0.6573
vn 0.3618 0.5554 -0.7488
vn 0.8611 0.3415 -0.3768
vn 0.9865 0.1099 -0.1212
vn 0.9865 0.0975 -0.1314
vn 0.8611 0.3029 -0.4084
vn 0.3618 0.7488 -0.5554
vn 0.5746 0.6573 -0.4876
vn 0.5746 0.6064 -0.5496
vn 0.3618 0.6908 -0.6260
vn 0.8611 0.4084 -0.3029
vn 0.9865 0.1314 -0.0975
vn 0.9865 0.1212 -0.1099
vn 0.8611 0.3768 -0.3414
vn 0.3618 0.8427 -0.3986
vn 0.5747 0.7398 -0.3499
vn 0.5747 0.7020 -0.4207
vn 0.3618 0.7996 -0.4792
vn 0.8611 0.4597 -0.2174
vn 0.9865 0.1479 -0.0700
vn 0.9865 0.1404 -0.0841
vn 0.8611 0.4361 -0.2614
vn 0.3618 0.9043 -0.2266
vn 0.5746 0.7939 -0.1989
vn 0.5747 0.7706 -0.2757
vn 0.3618 0.8778 -0.3140
vn 0.8611 0.4932 -0.1236
vn 0.9865 0.1587 -0.0398
vn 0.9865 0.1541 -0.0551
vn 0.8611 0.4788 -0.1713
vn 0.3618 0.9311 -0.0458
vn 0.5746 0.8174 -0.0402
vn 0.5746 0.8096 -0.1201
vn 0.3618 0.9222 -0.1368
vn 0.8611 0.5079 -0.0250
vn 0.9865 0.1635 -0.0080
vn 0.9865 0.1619 -0.0240
vn 0.8611 0.5030 -0.0746
vn 0.3619 0.9221 0.1367
vn 0.5746 0.8096 0.1201
vn 0.5746 0.8174 0.0402
vn 0.3618 0.9311 0.0458
vn 0.8611 0.5030 0.0746
vn 0.9865 0.1619 0.0240
vn 0.9865 0.1635 0.0080
vn 0.8611 0.5079 0.0250
vn 0.3618 0.8778 0.3140
vn 0.5746 0.7706 0.2757
vn 0.5746 0.7939 0.1989
vn 0.3618 0.9043 0.2266
vn 0.8611 0.4787 0.1713
vn 0.9865 0.1541 0.0551
vn 0.9865 0.1588 0.0398
vn 0.8611 0.4932 0.1236
vn 0.3618 0.7996 0.4792
vn 0.5746 0.7020 0.4207
vn 0.5746 0.7398 0.3500
vn 0.3618 0.8427 0.3986
vn 0.8611 0.4361 0.2614
vn 0.9865 0.1404 0.0841
vn 0.9865 0.1479 0.0700
vn 0.8611 0.4597 0.2174
vn 0.3618 0.6908 0.6260
vn 0.5746 0.6064 0.5496
vn 0.5746 0.6573 0.4876
vn 0.3618 0.7488 0.5554
vn 0.8611 0.3768 0.3415
vn 0.9865 0.1212 0.1099
vn 0.9865 0.1314 0.0975
vn 0.8611 0.4084 0.3029
vn 0.3618 0.5554 0.7488
vn 0.5746 0.4875 0.6573
vn 0.5746 0.5496 0.6064
vn 0.3618 0.6260 0.6908
vn 0.8611 0.3029 0.4084
vn 0.9865 0.0975 0.1314
vn 0.9865 0.1099 0.1212
vn 0.8611 0.3415 0.3768
vn 0.3618 0.3986 0.8427
vn 0.5747 0.3499 0.7398
vn 0.5746 0.4207 0.7020
vn 0.3618 0.4792 0.7996
vn 0.8611 0.2174 0.4597
vn 0.9865 0.0700 0.1479
vn 0.9865 0.0841 0.1404
vn 0.8611 0.2614 0.4361
vn 0.3618 0.2266 0.9043
vn 0.5747 0.1989 0.7939
vn 0.5746 0.2757 0.7706
vn 0.3618 0.3140 0.8778
vn 0.8611 0.1236 0.4932
vn 0.9865 0.0398 0.1587
vn 0.9865 0.0551 0.1541
vn 0.8611 0.1713 0.4788
vn 0.3618 0.0458 0.9311
vn 0.5746 0.0402 0.8174
vn 0.5746 0.1201 0.8096
vn 0.3618 0.1368 0.9222
vn 0.8611 0.0250 0.5079
vn 0.9865 0.0080 0.1634
vn 0.9865 0.0240 0.1619
vn 0.8611 0.0746 0.5030
vn 0.3618 -0.1368 0.9222
vn 0.5746 -0.1201 0.8096
vn 0.5746 -0.0402 0.8174
vn 0.3618 -0.0458 0.9311
vn 0.8611 -0.0746 0.5030
vn 0.9865 -0.0240 0.1619
vn 0.9865 -0.0080 0.1634
vn 0.8611 -0.0250 0.5079
vn 0.3618 -0.3140 0.8778
vn 0.5746 -0.2757 0.7706
vn 0.5746 -0.1989 0.7939
vn 0.3618 -0.2265 0.9043
vn 0.8611 -0.1713 0.4788
vn 0.9865 -0.0551 0.1541
vn 0.9865 -0.0398 0.1587
vn 0.8611 -0.1236 0.4932
vn 0.3618 -0.4792 0.7996
vn 0.5746 -0.4207 0.7020
vn 0.5746 -0.3499 0.7398
vn 0.3618 -0.3986 0.8427
vn 0.8611 -0.2614 0.4361
vn 0.9865 -0.0841 0.1404
vn 0.9865 -0.0700 0.1479
vn 0.8611 -0.2174 0.4596
vn 0.3618 -0.6260 0.6908
vn 0.5746 -0.5496 0.6064
vn 0.5746 -0.4875 0.6573
vn 0.3618 -0.5554 0.7488
vn 0.8611 -0.3415 0.3768
vn 0.9865 -0.1099 0.1212
vn 0.9865 -0.0975 0.1314
vn 0.8611 -0.3029 0.4084
vn 0.3618 -0.7488 0.5554
vn 0.5746 -0.6573 0.4876
vn 0.5746 -0.6064 0.5496
vn 0.3618 -0.6908 0.6260
vn 0.8611 -0.4084 0.3029
vn 0.9865 -0.1314 0.0975
vn 0.9865 -0.1212 0.1099
vn 0.8611 -0.3768 0.3415
vn 0.3618 -0.8427 0.3986
vn 0.5746 -0.7398 0.3499
vn 0.5746 -0.7020 0.4207
vn 0.3618 -0.7996 0.4792
vn 0.8611 -0.4597 0.2174
vn 0.9865 -0.1479 0.0700
vn 0.9865 -0.1403 0.0841
vn 0.8611 -0.4362 0.2614
vn 0.3618 -0.9043 0.2266
vn 0.5746 -0.7939 0.1989
vn 0.5747 -0.7706 0.2757
vn 0.3618 -0.8778 0.3140
vn 0.8611 -0.4932 0.1236
vn 0.9865 -0.1587 0.0398
vn 0.9865 -0.1541 0.0551
vn 0.8611 -0.4788 0.1713
vn 0.3618 -0.9311 0.0458
vn 0.5746 -0.8174 0.0402
vn 0.5746 -0.8096 0.1201
vn 0.3618 -0.9222 0.1368
vn 0.8611 -0.5079 0.0250
vn 0.9865 -0.1635 0.0080
vn 0.9865 -0.1619 0.0240
vn 0.8611 -0.5030 0.0746
vn 0.3618 -0.9222 -0.1368
vn 0.5746 -0.8096 -0.1201
vn 0.5746 -0.8174 -0.0402
vn 0.3618 -0.9311 -0.0458
vn 0.8611 -0.5030 -0.0746
vn 0.9865 -0.1619 -0.0240
vn 0.9865 -0.1634 -0.0080
vn 0.8611 -0.5079 -0.0250
vn 0.3618 -0.8778 -0.3140
vn 0.5746 -0.7706 -0.2757
vn 0.5746 -0.7939 -0.1989
vn 0.3618 -0.9043 -0.2266
vn 0.8611 -0.4788 -0.1713
vn 0.9865 -0.1541 -0.0551
vn 0.9865 -0.1587 -0.0398
vn 0.8611 -0.4932 -0.1236
vn 0.3618 -0.7996 -0.4792
vn 0.5746 -0.7020 -0.4207
vn 0.5746 -0.7398 -0.3499
vn 0.3618 -0.8427 -0.3986
vn 0.8611 -0.4361 -0.2614
vn 0.9865 -0.1404 -0.0841
vn 0.9865 -0.1479 -0.0700
vn 0.8611 -0.4596 -0.2174
vn 0.3618 -0.6908 -0.6260
vn 0.5746 -0.6064 -0.5496
vn 0.5746 -0.6573 -0.4876
vn 0.3618 -0.7488 -0.5554
vn 0.8611 -0.3768 -0.3415
vn 0.9865 -0.1212 -0.1099
vn 0.9865 -0.1314 -0.0975
vn 0.8611 -0.4084 -0.3029
vn 0.3618 -0.5554 -0.7488
vn 0.5746 -0.4876 -0.6573
vn 0.5746 -0.5496 -0.6064
vn 0.3618 -0.6260 -0.6908
vn 0.8611 -0.3029 -0.4084
vn 0.9865 -0.0975 -0.1314
vn 0.9865 -0.1099 -0.1212
vn 0.8611 -0.3415 -0.3768
vn 0.3618 -0.3986 -0.8427
vn 0.5746 -0.3499 -0.7398
vn 0.5746 -0.4207 -0.7020
vn 0.3618 -0.4792 -0.7996
vn 0.8611 -0.2174 -0.4596
vn 0.9865 -0.0700 -0.1479
vn 0.9865 -0.0841 -0.1404
vn 0.8611 -0.2614 -0.4361
vn 0.3618 -0.2266 -0.9043
vn 0.5746 -0.1989 -0.7939
vn 0.5746 -0.2757 -0.7706
vn 0.3618 -0.3140 -0.8778
vn 0.8611 -0.1236 -0.4932
vn 0.9865 -0.0398 -0.1587
vn 0.9865 -0.0551 -0.1541
vn 0.8611 -0.1713 -0.4788
vn 0.3618 -0.0458 -0.9312
vn 0.5747 -0.0402 -0.8174
vn 0.5746 -0.1201 -0.8096
vn 0.3618 -0.1368 -0.9222
vn 0.8611 -0.0250 -0.5079
vn 0.9865 -0.0080 -0.1634
vn 0.9865 -0.0240 -0.1619
vn 0.8611 -0.0746 -0.5030
vn 0.8611 -0.0250 0.5078
vn 0.5506 -0.1225 0.8257
vn 0.2594 -0.1417 0.9553
vn 0.2594 -0.0474 0.9646
vn 0.5506 -0.0410 0.8337
vn 0.5506 -0.2812 0.7860
vn 0.2594 -0.3253 0.9093
vn 0.2594 -0.2347 0.9368
vn 0.5506 -0.2029 0.8097
vn 0.8611 -0.2174 0.4597
vn 0.5506 -0.4291 0.7160
vn 0.2594 -0.4965 0.8284
vn 0.2594 -0.4130 0.8730
vn 0.5506 -0.3569 0.7546
vn 0.5506 -0.5605 0.6185
vn 0.2594 -0.6486 0.7156
vn 0.2594 -0.5753 0.7757
vn 0.5506 -0.4973 0.6705
vn 0.8611 -0.3768 0.3414
vn 0.5506 -0.6705 0.4973
vn 0.2594 -0.7757 0.5753
vn 0.2594 -0.7156 0.6485
vn 0.5506 -0.6185 0.5606
vn 0.8611 -0.4361 0.2614
vn 0.9865 -0.1404 0.0841
vn 0.5507 -0.7546 0.3569
vn 0.2594 -0.8730 0.4130
vn 0.2594 -0.8284 0.4965
vn 0.5507 -0.7160 0.4291
vn 0.5506 -0.8097 0.2029
vn 0.2594 -0.9368 0.2347
vn 0.2594 -0.9093 0.3253
vn 0.5506 -0.7860 0.2812
vn 0.5507 -0.8337 0.0410
vn 0.2594 -0.9646 0.0474
vn 0.2594 -0.9553 0.1417
vn 0.5506 -0.8257 0.1224
vn 0.5506 -0.8257 -0.1225
vn 0.2594 -0.9553 -0.1417
vn 0.2594 -0.9646 -0.0474
vn 0.5506 -0.8337 -0.0410
vn 0.5506 -0.7860 -0.2812
vn 0.2594 -0.9093 -0.3253
vn 0.2594 -0.9368 -0.2347
vn 0.5506 -0.8097 -0.2029
vn 0.8611 -0.4362 -0.2614
vn 0.5506 -0.7160 -0.4291
vn 0.2594 -0.8284 -0.4965
vn 0.2594 -0.8730 -0.4130
vn 0.5506 -0.7546 -0.3569
vn 0.5506 -0.6185 -0.5605
vn 0.2594 -0.7156 -0.6486
vn 0.2594 -0.7757 -0.5753
vn 0.5506 -0.6704 -0.4973
vn 0.5507 -0.4973 -0.6704
vn 0.2594 -0.5753 -0.7757
vn 0.2594 -0.6486 -0.7156
vn 0.5506 -0.5605 -0.6185
vn 0.8611 -0.2174 -0.4597
vn 0.5506 -0.3569 -0.7546
vn 0.2594 -0.4130 -0.8730
vn 0.2594 -0.4965 -0.8284
vn 0.5506 -0.4291 -0.7160
vn 0.5506 -0.2029 -0.8097
vn 0.2594 -0.2347 -0.9368
vn 0.2594 -0.3253 -0.9093
vn 0.5506 -0.2812 -0.7860
vn 0.5506 -0.0410 -0.8337
vn 0.2594 -0.0474 -0.9646
vn 0.2594 -0.1417 -0.9553
vn 0.5506 -0.1225 -0.8257
vn 0.8611 0.0746 -0.5030
vn 0.5506 0.1224 -0.8257
vn 0.2594 0.1417 -0.9553
vn 0.2594 0.0474 -0.9646
vn 0.5507 0.0410 -0.8337
vn 0.5506 0.2812 -0.7860
vn 0.2594 0.3253 -0.9093
vn 0.2594 0.2347 -0.9368
vn 0.5506 0.2029 -0.8097
vn 0.8611 0.2614 -0.4362
vn 0.5507 0.4291 -0.7160
vn 0.2594 0.4965 -0.8284
vn 0.2594 0.4129 -0.8730
vn 0.5506 0.3569 -0.7546
vn 0.9865 0.1099 -0.1213
vn 0.5506 0.5605 -0.6185
vn 0.2594 0.6486 -0.7156
vn 0.2594 0.5753 -0.7757
vn 0.5506 0.4973 -0.6705
vn 0.8611 0.3768 -0.3415
vn 0.9865 0.1213 -0.1099
vn 0.5506 0.6705 -0.4973
vn 0.2594 0.7757 -0.5753
vn 0.2594 0.7156 -0.6485
vn 0.5507 0.6185 -0.5605
vn 0.9865 0.1403 -0.0841
vn 0.5507 0.7546 -0.3569
vn 0.2594 0.8730 -0.4129
vn 0.2594 0.8284 -0.4965
vn 0.5506 0.7160 -0.4291
vn 0.5506 0.8097 -0.2029
vn 0.2594 0.9368 -0.2347
vn 0.2594 0.9093 -0.3253
vn 0.5506 0.7860 -0.2812
vn 0.9865 0.1634 -0.0080
vn 0.5506 0.8337 -0.0410
vn 0.2594 0.9646 -0.0474
vn 0.2594 0.9553 -0.1417
vn 0.5506 0.8257 -0.1224
vn 0.9865 0.1634 0.0080
vn 0.5506 0.8257 0.1224
vn 0.2594 0.9553 0.1417
vn 0.2594 0.9646 0.0474
vn 0.5507 0.8337 0.0410
vn 0.9865 0.1587 0.0398
vn 0.5506 0.7860 0.2812
vn 0.2594 0.9093 0.3253
vn 0.2594 0.9368 0.2347
vn 0.5506 0.8097 0.2029
vn 0.8611 0.4362 0.2614
vn 0.8611 0.4596 0.2174
vn 0.5507 0.7160 0.4291
vn 0.2594 0.8284 0.4965
vn 0.2594 0.8730 0.4130
vn 0.5506 0.7546 0.3569
vn 0.5506 0.6185 0.5606
vn 0.2594 0.7156 0.6485
vn 0.2594 0.7757 0.5753
vn 0.5506 0.6704 0.4973
vn 0.9865 0.1099 0.1213
vn 0.5506 0.4973 0.6705
vn 0.2594 0.5753 0.7757
vn 0.2594 0.6486 0.7156
vn 0.5506 0.5605 0.6185
vn 0.5507 0.3569 0.7546
vn 0.2593 0.4130 0.8730
vn 0.2594 0.4965 0.8284
vn 0.5507 0.4291 0.7160
vn 0.5506 0.2029 0.8097
vn 0.2594 0.2347 0.9368
vn 0.2594 0.3253 0.9093
vn 0.5506 0.2812 0.7860
vn 0.5506 0.0410 0.8337
vn 0.2594 0.0474 0.9646
vn 0.2594 0.1417 0.9553
vn 0.5506 0.1225 0.8257
vn 0.1843 -0.1442 0.9722
vn 0.6646 -0.1096 0.7391
vn 0.6646 -0.0367 0.7463
vn 0.1844 -0.0483 0.9817
vn 0.9673 -0.0124 0.2532
vn 0.9715 -0.0116 0.2369
vn 0.9715 -0.0348 0.2347
vn 0.9673 -0.0372 0.2508
vn 0.9673 -0.0616 0.2459
vn 0.9715 -0.0576 0.2301
vn 0.9715 -0.0799 0.2234
vn 0.9673 -0.0854 0.2387
vn 0.9673 -0.1084 0.2292
vn 0.9715 -0.1014 0.2144
vn 0.9715 -0.1219 0.2035
vn 0.9673 -0.1303 0.2175
vn 0.9673 -0.1510 0.2036
vn 0.9715 -0.1413 0.1905
vn 0.9715 -0.1593 0.1758
vn 0.9673 -0.1702 0.1878
vn 0.9673 -0.1878 0.1702
vn 0.9715 -0.1758 0.1593
vn 0.9715 -0.1905 0.1413
vn 0.9673 -0.2036 0.1510
vn 0.9673 -0.2174 0.1303
vn 0.9715 -0.2035 0.1219
vn 0.9715 -0.2144 0.1014
vn 0.9673 -0.2292 0.1084
vn 0.9673 -0.2387 0.0854
vn 0.9715 -0.2234 0.0799
vn 0.9715 -0.2301 0.0576
vn 0.9673 -0.2459 0.0616
vn 0.9673 -0.2508 0.0372
vn 0.9715 -0.2347 0.0348
vn 0.9715 -0.2369 0.0116
vn 0.9673 -0.2532 0.0124
vn 0.9673 -0.2532 -0.0124
vn 0.9715 -0.2369 -0.0116
vn 0.9715 -0.2346 -0.0348
vn 0.9673 -0.2508 -0.0372
vn 0.9673 -0.2459 -0.0616
vn 0.9715 -0.2301 -0.0576
vn 0.9715 -0.2234 -0.0799
vn 0.9673 -0.2387 -0.0854
vn 0.9673 -0.2292 -0.1084
vn 0.9715 -0.2144 -0.1014
vn 0.9715 -0.2035 -0.1219
vn 0.9673 -0.2175 -0.1303
vn 0.9673 -0.2036 -0.1510
vn 0.9715 -0.1905 -0.1413
vn 0.9715 -0.1758 -0.1593
vn 0.9673 -0.1878 -0.1702
vn 0.9673 -0.1702 -0.1879
vn 0.9715 -0.1593 -0.1758
vn 0.9715 -0.1413 -0.1905
vn 0.9673 -0.1510 -0.2036
vn 0.9673 -0.1303 -0.2175
vn 0.9715 -0.1219 -0.2035
vn 0.9715 -0.1014 -0.2144
vn 0.9673 -0.1084 -0.2292
vn 0.9673 -0.0854 -0.2387
vn 0.9715 -0.0799 -0.2234
vn 0.9715 -0.0576 -0.2301
vn 0.9673 -0.0616 -0.2459
vn 0.9673 -0.0372 -0.2508
vn 0.9715 -0.0348 -0.2346
vn 0.9715 -0.0116 -0.2369
vn 0.9673 -0.0125 -0.2532
vn 0.9673 0.0125 -0.2532
vn 0.9715 0.0117 -0.2369
vn 0.9715 0.0348 -0.2346
vn 0.9673 0.0372 -0.2508
vn 0.9673 0.0616 -0.2459
vn 0.9715 0.0576 -0.2301
vn 0.9715 0.0799 -0.2234
vn 0.9673 0.0854 -0.2387
vn 0.9673 0.1084 -0.2292
vn 0.9715 0.1014 -0.2144
vn 0.9715 0.1219 -0.2035
vn 0.9673 0.1303 -0.2174
vn 0.9673 0.1510 -0.2036
vn 0.9715 0.1413 -0.1905
vn 0.9715 0.1593 -0.1758
vn 0.9673 0.1702 -0.1878
vn 0.9673 0.1878 -0.1702
vn 0.9715 0.1758 -0.1593
vn 0.9715 0.1905 -0.1413
vn 0.9673 0.2036 -0.1510
vn 0.9673 0.2175 -0.1303
vn 0.9715 0.2035 -0.1219
vn 0.9715 0.2144 -0.1014
vn 0.9673 0.2292 -0.1084
vn 0.9673 0.2387 -0.0854
vn 0.9715 0.2234 -0.0799
vn 0.9715 0.2301 -0.0576
vn 0.9673 0.2459 -0.0616
vn 0.9673 0.2508 -0.0372
vn 0.9715 0.2347 -0.0348
vn 0.9715 0.2369 -0.0116
vn 0.9673 0.2532 -0.0125
vn 0.9673 0.2532 0.0124
vn 0.9715 0.2369 0.0116
vn 0.9715 0.2347 0.0348
vn 0.9673 0.2508 0.0372
vn 0.9673 0.2459 0.0616
vn 0.9715 0.2301 0.0576
vn 0.9715 0.2234 0.0799
vn 0.9673 0.2387 0.0854
vn 0.9673 0.2292 0.1084
vn 0.9715 0.2144 0.1014
vn 0.9715 0.2035 0.1219
vn 0.9673 0.2175 0.1303
vn 0.9673 0.2036 0.1510
vn 0.9715 0.1905 0.1413
vn 0.9715 0.1758 0.1593
vn 0.9673 0.1878 0.1702
vn 0.9673 0.1702 0.1878
vn 0.9715 0.1593 0.1758
vn 0.9715 0.1413 0.1905
vn 0.9673 0.1510 0.2036
vn 0.9673 0.1303 0.2174
vn 0.9715 0.1219 0.2035
vn 0.9715 0.1014 0.2144
vn 0.9673 0.1084 0.2292
vn 0.9673 0.0854 0.2387
vn 0.9715 0.0799 0.2234
vn 0.9715 0.0576 0.2301
vn 0.9673 0.0616 0.2459
vn 0.9673 0.0372 0.2508
vn 0.9715 0.0348 0.2347
vn 0.9715 0.0116 0.2369
vn 0.9673 0.0124 0.2532
vn 0.6574 -0.6463 -0.3874
vn 0.4089 -0.7828 -0.4691
vn 0.4089 -0.8250 -0.3902
vn 0.6574 -0.6812 -0.3222
vn 0.6574 0.7454 0.1105
vn 0.4088 0.9027 0.1339
vn 0.4088 0.9115 0.0448
vn 0.6574 0.7526 0.0370
vn 0.6574 -0.5584 -0.5060
vn 0.4089 -0.6762 -0.6128
vn 0.4089 -0.7330 -0.5437
vn 0.6574 -0.6052 -0.4489
vn 0.6574 0.7095 0.2538
vn 0.4088 0.8593 0.3074
vn 0.4088 0.8852 0.2218
vn 0.6574 0.7309 0.1831
vn 0.6574 -0.4489 -0.6052
vn 0.4088 -0.5437 -0.7330
vn 0.4089 -0.6128 -0.6762
vn 0.6574 -0.5060 -0.5583
vn 0.6574 0.6463 0.3874
vn 0.4088 0.7828 0.4691
vn 0.4088 0.8250 0.3902
vn 0.6574 0.6812 0.3222
vn 0.6574 -0.3222 -0.6812
vn 0.4089 -0.3902 -0.8250
vn 0.4088 -0.4691 -0.7828
vn 0.6574 -0.3874 -0.6463
vn 0.6574 -0.1105 0.7454
vn 0.4089 -0.1339 0.9027
vn 0.4089 -0.0448 0.9115
vn 0.6574 -0.0370 0.7526
vn 0.6574 0.5584 0.5060
vn 0.4089 0.6762 0.6128
vn 0.4089 0.7330 0.5437
vn 0.6574 0.6052 0.4489
vn 0.6574 -0.1831 -0.7309
vn 0.4089 -0.2218 -0.8852
vn 0.4089 -0.3074 -0.8593
vn 0.6574 -0.2538 -0.7095
vn 0.6574 -0.2538 0.7095
vn 0.4089 -0.3074 0.8593
vn 0.4089 -0.2218 0.8852
vn 0.6574 -0.1831 0.7309
vn 0.6574 0.4489 0.6052
vn 0.4089 0.5437 0.7330
vn 0.4089 0.6128 0.6762
vn 0.6574 0.5060 0.5584
vn 0.6574 -0.0370 -0.7526
vn 0.4088 -0.0448 -0.9115
vn 0.4089 -0.1339 -0.9027
vn 0.6574 -0.1105 -0.7454
vn 0.6574 -0.3874 0.6463
vn 0.4088 -0.4691 0.7828
vn 0.4089 -0.3902 0.8250
vn 0.6574 -0.3222 0.6812
vn 0.6574 0.3222 0.6812
vn 0.4089 0.3902 0.8250
vn 0.4089 0.4691 0.7828
vn 0.6574 0.3874 0.6464
vn 0.6574 0.1105 -0.7454
vn 0.4088 0.1339 -0.9027
vn 0.4088 0.0448 -0.9115
vn 0.6574 0.0370 -0.7526
vn 0.6574 -0.5060 0.5583
vn 0.4089 -0.6128 0.6762
vn 0.4089 -0.5437 0.7330
vn 0.6574 -0.4489 0.6052
vn 0.6574 0.1831 0.7309
vn 0.4088 0.2218 0.8852
vn 0.4088 0.3074 0.8593
vn 0.6574 0.2538 0.7095
vn 0.6574 0.2538 -0.7095
vn 0.4088 0.3074 -0.8593
vn 0.4088 0.2218 -0.8852
vn 0.6574 0.1831 -0.7309
vn 0.6574 -0.6052 0.4489
vn 0.4089 -0.7330 0.5437
vn 0.4089 -0.6762 0.6128
vn 0.6574 -0.5584 0.5060
vn 0.6574 0.0370 0.7526
vn 0.4088 0.0448 0.9115
vn 0.4089 0.1339 0.9027
vn 0.6574 0.1105 0.7454
vn 0.6574 0.3874 -0.6463
vn 0.4089 0.4691 -0.7828
vn 0.4089 0.3902 -0.8250
vn 0.6574 0.3222 -0.6812
vn 0.6574 -0.6812 0.3222
vn 0.4089 -0.8250 0.3902
vn 0.4089 -0.7828 0.4691
vn 0.6574 -0.6464 0.3874
vn 0.6574 0.5060 -0.5584
vn 0.4089 0.6128 -0.6762
vn 0.4089 0.5437 -0.7330
vn 0.6574 0.4489 -0.6052
vn 0.6574 -0.7309 0.1831
vn 0.4088 -0.8852 0.2218
vn 0.4088 -0.8593 0.3074
vn 0.6574 -0.7095 0.2538
vn 0.6574 0.6052 -0.4489
vn 0.4089 0.7330 -0.5437
vn 0.4089 0.6762 -0.6128
vn 0.6574 0.5583 -0.5060
vn 0.6574 -0.7526 0.0370
vn 0.4089 -0.9115 0.0448
vn 0.4089 -0.9027 0.1339
vn 0.6574 -0.7454 0.1105
vn 0.6574 0.6812 -0.3222
vn 0.4089 0.8250 -0.3902
vn 0.4089 0.7828 -0.4691
vn 0.6574 0.6463 -0.3874
vn 0.6574 -0.7454 -0.1105
vn 0.4089 -0.9027 -0.1339
vn 0.4089 -0.9115 -0.0448
vn 0.6574 -0.7526 -0.0370
vn 0.6574 0.7309 -0.1831
vn 0.4088 0.8853 -0.2218
vn 0.4089 0.8593 -0.3074
vn 0.6574 0.7095 -0.2538
vn 0.6574 -0.7095 -0.2538
vn 0.4088 -0.8593 -0.3074
vn 0.4088 -0.8852 -0.2218
vn 0.6574 -0.7309 -0.1831
vn 0.9983 -0.0028 0.0575
vn 0.8778 -0.0235 0.4785
vn 0.8778 -0.0703 0.4738
vn 0.9983 -0.0084 0.0569
vn 0.9983 -0.0140 0.0558
vn 0.8778 -0.1164 0.4647
vn 0.8778 -0.1614 0.4510
vn 0.9983 -0.0194 0.0542
vn 0.9983 -0.0246 0.0520
vn 0.8778 -0.2048 0.4330
vn 0.8778 -0.2463 0.4109
vn 0.9983 -0.0296 0.0493
vn 0.9983 -0.0343 0.0462
vn 0.8778 -0.2854 0.3848
vn 0.8778 -0.3217 0.3550
vn 0.9983 -0.0386 0.0426
vn 0.9983 -0.0426 0.0386
vn 0.8778 -0.3549 0.3217
vn 0.8778 -0.3848 0.2854
vn 0.9983 -0.0462 0.0343
vn 0.9983 -0.0494 0.0296
vn 0.8778 -0.4109 0.2463
vn 0.8778 -0.4330 0.2048
vn 0.9983 -0.0520 0.0246
vn 0.9983 -0.0542 0.0194
vn 0.8778 -0.4510 0.1614
vn 0.8778 -0.4646 0.1164
vn 0.9983 -0.0558 0.0140
vn 0.9983 -0.0569 0.0084
vn 0.8778 -0.4738 0.0703
vn 0.8778 -0.4785 0.0235
vn 0.9983 -0.0575 0.0028
vn 0.9983 -0.0575 -0.0028
vn 0.8778 -0.4784 -0.0235
vn 0.8778 -0.4738 -0.0703
vn 0.9983 -0.0569 -0.0084
vn 0.9983 -0.0558 -0.0140
vn 0.8778 -0.4646 -0.1164
vn 0.8778 -0.4510 -0.1614
vn 0.9983 -0.0542 -0.0194
vn 0.9983 -0.0520 -0.0246
vn 0.8778 -0.4330 -0.2048
vn 0.8778 -0.4109 -0.2463
vn 0.9983 -0.0493 -0.0296
vn 0.9983 -0.0462 -0.0343
vn 0.8778 -0.3847 -0.2854
vn 0.8778 -0.3549 -0.3217
vn 0.9983 -0.0426 -0.0386
vn 0.9983 -0.0386 -0.0426
vn 0.8778 -0.3217 -0.3550
vn 0.8778 -0.2854 -0.3847
vn 0.9983 -0.0343 -0.0462
vn 0.9983 -0.0296 -0.0493
vn 0.8778 -0.2462 -0.4109
vn 0.8778 -0.2048 -0.4330
vn 0.9983 -0.0246 -0.0520
vn 0.9983 -0.0194 -0.0542
vn 0.8778 -0.1614 -0.4510
vn 0.8778 -0.1164 -0.4647
vn 0.9983 -0.0140 -0.0558
vn 0.9983 -0.0084 -0.0569
vn 0.8778 -0.0703 -0.4738
vn 0.8778 -0.0235 -0.4785
vn 0.9983 -0.0028 -0.0575
vn 0.9983 0.0028 -0.0575
vn 0.8778 0.0235 -0.4784
vn 0.8778 0.0703 -0.4738
vn 0.9983 0.0084 -0.0569
vn 0.9983 0.0140 -0.0558
vn 0.8778 0.1164 -0.4647
vn 0.8778 0.1614 -0.4510
vn 0.9983 0.0194 -0.0542
vn 0.9983 0.0246 -0.0520
vn 0.8778 0.2048 -0.4330
vn 0.8778 0.2463 -0.4109
vn 0.9983 0.0296 -0.0494
vn 0.9983 0.0343 -0.0462
vn 0.8778 0.2854 -0.3848
vn 0.8778 0.3217 -0.3550
vn 0.9983 0.0386 -0.0426
vn 0.9983 0.0426 -0.0386
vn 0.8778 0.3549 -0.3217
vn 0.8778 0.3847 -0.2854
vn 0.9983 0.0462 -0.0343
vn 0.9983 0.0493 -0.0296
vn 0.8778 0.4109 -0.2463
vn 0.8778 0.4330 -0.2048
vn 0.9983 0.0520 -0.0246
vn 0.9983 0.0542 -0.0194
vn 0.8778 0.4510 -0.1614
vn 0.8778 0.4647 -0.1164
vn 0.9983 0.0558 -0.0140
vn 0.9983 0.0569 -0.0084
vn 0.8778 0.4738 -0.0703
vn 0.8778 0.4785 -0.0235
vn 0.9983 0.0574 -0.0028
vn 0.9983 0.0575 0.0028
vn 0.8778 0.4785 0.0235
vn 0.8778 0.4738 0.0703
vn 0.9983 0.0569 0.0084
vn 0.9983 0.0558 0.0140
vn 0.8778 0.4647 0.1164
vn 0.8778 0.4510 0.1614
vn 0.9983 0.0542 0.0194
vn 0.9983 0.0520 0.0246
vn 0.8778 0.4330 0.2048
vn 0.8778 0.4109 0.2463
vn 0.9983 0.0493 0.0296
vn 0.9983 0.0462 0.0343
vn 0.8778 0.3847 0.2854
vn 0.8778 0.3550 0.3217
vn 0.9983 0.0426 0.0386
vn 0.9983 0.0386 0.0426
vn 0.8778 0.3217 0.3550
vn 0.8778 0.2854 0.3847
vn 0.9983 0.0343 0.0462
vn 0.9983 0.0296 0.0494
vn 0.8778 0.2463 0.4109
vn 0.8778 0.2048 0.4330
vn 0.9983 0.0246 0.0520
vn 0.9983 0.0194 0.0542
vn 0.8778 0.1614 0.4510
vn 0.8778 0.1164 0.4647
vn 0.9983 0.0140 0.0558
vn 0.9983 0.0084 0.0569
vn 0.8778 0.0703 0.4738
vn 0.8778 0.0235 0.4784
vn 0.9983 0.0028 0.0575
vn 0.8889 0.0225 -0.4576
vn 0.9973 0.0036 -0.0733
vn 0.9973 0.0108 -0.0726
vn 0.8889 0.0672 -0.4532
vn 0.8889 0.1113 -0.4444
vn 0.9973 0.0178 -0.0712
vn 0.9973 0.0247 -0.0692
vn 0.8889 0.1543 -0.4313
vn 0.8889 0.1959 -0.4141
vn 0.9973 0.0314 -0.0664
vn 0.9973 0.0377 -0.0630
vn 0.8889 0.2355 -0.3930
vn 0.8889 0.2729 -0.3680
vn 0.9973 0.0437 -0.0590
vn 0.9973 0.0493 -0.0544
vn 0.8889 0.3077 -0.3395
vn 0.8889 0.3394 -0.3076
vn 0.9973 0.0544 -0.0493
vn 0.9973 0.0590 -0.0437
vn 0.8889 0.3680 -0.2729
vn 0.8889 0.3930 -0.2355
vn 0.9973 0.0630 -0.0377
vn 0.9973 0.0664 -0.0314
vn 0.8889 0.4141 -0.1959
vn 0.8889 0.4314 -0.1543
vn 0.9973 0.0691 -0.0247
vn 0.9973 0.0712 -0.0178
vn 0.8889 0.4444 -0.1113
vn 0.8889 0.4532 -0.0672
vn 0.9973 0.0727 -0.0108
vn 0.9973 0.0734 -0.0036
vn 0.8889 0.4576 -0.0225
vn 0.8889 0.4576 0.0225
vn 0.9973 0.0734 0.0036
vn 0.9973 0.0727 0.0108
vn 0.8889 0.4532 0.0672
vn 0.8889 0.4444 0.1113
vn 0.9973 0.0712 0.0178
vn 0.9973 0.0691 0.0247
vn 0.8889 0.4314 0.1543
vn 0.8889 0.4141 0.1959
vn 0.9973 0.0664 0.0314
vn 0.9973 0.0630 0.0377
vn 0.8889 0.3929 0.2355
vn 0.8889 0.3679 0.2729
vn 0.9973 0.0590 0.0437
vn 0.9973 0.0544 0.0493
vn 0.8889 0.3395 0.3076
vn 0.8889 0.3077 0.3395
vn 0.9973 0.0493 0.0544
vn 0.9973 0.0437 0.0590
vn 0.8889 0.2729 0.3680
vn 0.8889 0.2355 0.3930
vn 0.9973 0.0378 0.0630
vn 0.9973 0.0314 0.0664
vn 0.8889 0.1959 0.4141
vn 0.8889 0.1543 0.4314
vn 0.9973 0.0247 0.0692
vn 0.9973 0.0178 0.0712
vn 0.8889 0.1113 0.4444
vn 0.8889 0.0672 0.4532
vn 0.9973 0.0108 0.0726
vn 0.9973 0.0036 0.0733
vn 0.8889 0.0225 0.4576
vn 0.8889 -0.0225 0.4576
vn 0.9973 -0.0036 0.0733
vn 0.9973 -0.0108 0.0726
vn 0.8889 -0.0672 0.4532
vn 0.8889 -0.1113 0.4444
vn 0.9973 -0.0178 0.0712
vn 0.9973 -0.0247 0.0691
vn 0.8889 -0.1543 0.4313
vn 0.8889 -0.1959 0.4141
vn 0.9973 -0.0314 0.0664
vn 0.9973 -0.0378 0.0630
vn 0.8889 -0.2355 0.3929
vn 0.8889 -0.2729 0.3680
vn 0.9973 -0.0437 0.0590
vn 0.9973 -0.0493 0.0544
vn 0.8889 -0.3076 0.3395
vn 0.8889 -0.3394 0.3076
vn 0.9973 -0.0544 0.0493
vn 0.9973 -0.0590 0.0437
vn 0.8889 -0.3679 0.2729
vn 0.8889 -0.3930 0.2355
vn 0.9973 -0.0630 0.0377
vn 0.9973 -0.0664 0.0314
vn 0.8889 -0.4142 0.1959
vn 0.8889 -0.4314 0.1543
vn 0.9973 -0.0691 0.0247
vn 0.9973 -0.0712 0.0178
vn 0.8889 -0.4444 0.1113
vn 0.8889 -0.4532 0.0672
vn 0.9973 -0.0726 0.0108
vn 0.9973 -0.0733 0.0036
vn 0.8889 -0.4576 0.0225
vn 0.8889 -0.4576 -0.0225
vn 0.9973 -0.0734 -0.0036
vn 0.9973 -0.0726 -0.0108
vn 0.8889 -0.4532 -0.0672
vn 0.8889 -0.4444 -0.1113
vn 0.9973 -0.0712 -0.0178
vn 0.9973 -0.0691 -0.0247
vn 0.8889 -0.4314 -0.1543
vn 0.8889 -0.4141 -0.1959
vn 0.9973 -0.0664 -0.0314
vn 0.9973 -0.0630 -0.0377
vn 0.8889 -0.3930 -0.2355
vn 0.8889 -0.3679 -0.2729
vn 0.9973 -0.0590 -0.0437
vn 0.9973 -0.0544 -0.0493
vn 0.8889 -0.3394 -0.3076
vn 0.8889 -0.3076 -0.3395
vn 0.9973 -0.0493 -0.0544
vn 0.9973 -0.0437 -0.0590
vn 0.8889 -0.2729 -0.3680
vn 0.8889 -0.2355 -0.3929
vn 0.9973 -0.0378 -0.0630
vn 0.9973 -0.0314 -0.0664
vn 0.8889 -0.1959 -0.4141
vn 0.8889 -0.1543 -0.4314
vn 0.9973 -0.0247 -0.0691
vn 0.9973 -0.0178 -0.0712
vn 0.8889 -0.1113 -0.4444
vn 0.8889 -0.0672 -0.4532
vn 0.9973 -0.0108 -0.0726
vn 0.9973 -0.0036 -0.0733
vn 0.8889 -0.0225 -0.4576
vn 0.9147 0.0198 -0.4036
vn 0.9147 -0.0198 0.4036
vn 0.9147 -0.0593 0.3997
vn 0.9147 0.0593 -0.3997
vn 0.9147 0.0982 -0.3920
vn 0.9147 -0.0982 0.3920
vn 0.9147 -0.1361 0.3805
vn 0.9147 0.1361 -0.3805
vn 0.9147 0.1728 -0.3653
vn 0.9147 -0.1728 0.3653
vn 0.9147 -0.2077 0.3466
vn 0.9147 0.2077 -0.3466
vn 0.9147 0.2407 -0.3246
vn 0.9147 -0.2407 0.3246
vn 0.9147 -0.2714 0.2994
vn 0.9147 0.2714 -0.2994
vn 0.9147 0.2994 -0.2714
vn 0.9147 -0.2994 0.2714
vn 0.9147 -0.3245 0.2407
vn 0.9147 0.3246 -0.2407
vn 0.9147 0.3466 -0.2077
vn 0.9147 -0.3466 0.2077
vn 0.9147 -0.3653 0.1728
vn 0.9147 0.3653 -0.1728
vn 0.9147 0.3805 -0.1361
vn 0.9147 -0.3805 0.1361
vn 0.9147 -0.3920 0.0982
vn 0.9147 0.3920 -0.0982
vn 0.9147 0.3997 -0.0593
vn 0.9147 -0.3997 0.0593
vn 0.9147 -0.4036 0.0198
vn 0.9147 0.4036 -0.0198
vn 0.9147 0.4036 0.0198
vn 0.9147 -0.4036 -0.0198
vn 0.9147 -0.3997 -0.0593
vn 0.9147 0.3997 0.0593
vn 0.9147 0.3920 0.0982
vn 0.9147 -0.3920 -0.0982
vn 0.9147 -0.3805 -0.1361
vn 0.9147 0.3805 0.1361
vn 0.9147 0.3653 0.1728
vn 0.9147 -0.3653 -0.1728
vn 0.9147 -0.3466 -0.2077
vn 0.9147 0.3466 0.2077
vn 0.9147 0.3246 0.2407
vn 0.9147 -0.3246 -0.2407
vn 0.9147 -0.2994 -0.2714
vn 0.9147 0.2994 0.2714
vn 0.9147 0.2714 0.2994
vn 0.9147 -0.2714 -0.2994
vn 0.9147 -0.2407 -0.3246
vn 0.9147 0.2407 0.3246
vn 0.9147 0.2077 0.3466
vn 0.9147 -0.2077 -0.3466
vn 0.9147 -0.1728 -0.3653
vn 0.9147 0.1728 0.3653
vn 0.9147 0.1361 0.3805
vn 0.9147 -0.1361 -0.3805
vn 0.9147 -0.0982 -0.3920
vn 0.9147 0.0982 0.3920
vn 0.9147 0.0593 0.3997
vn 0.9147 -0.0593 -0.3997
vn 0.9147 -0.0198 -0.4036
vn 0.9147 0.0198 0.4036
vn 0.9147 -0.3245 -0.2407
vn 0.9147 -0.3246 0.2407
vn 0.9147 0.3245 0.2407
vn 0.9372 -0.0171 0.3484
vn 0.8859 -0.0228 0.4633
vn 0.8859 -0.0680 0.4588
vn 0.9372 -0.0512 0.3450
vn 0.9372 -0.0848 0.3383
vn 0.8859 -0.1127 0.4499
vn 0.8859 -0.1562 0.4367
vn 0.9372 -0.1175 0.3284
vn 0.9372 -0.1491 0.3153
vn 0.8859 -0.1983 0.4193
vn 0.8859 -0.2384 0.3979
vn 0.9372 -0.1793 0.2992
vn 0.9372 -0.2078 0.2801
vn 0.8859 -0.2763 0.3726
vn 0.8859 -0.3115 0.3437
vn 0.9372 -0.2342 0.2584
vn 0.9372 -0.2584 0.2342
vn 0.8859 -0.3437 0.3115
vn 0.8859 -0.3725 0.2763
vn 0.9372 -0.2801 0.2078
vn 0.9372 -0.2992 0.1793
vn 0.8859 -0.3979 0.2384
vn 0.8859 -0.4193 0.1983
vn 0.9372 -0.3153 0.1491
vn 0.9372 -0.3284 0.1175
vn 0.8859 -0.4367 0.1562
vn 0.8859 -0.4499 0.1127
vn 0.9372 -0.3383 0.0848
vn 0.9372 -0.3450 0.0512
vn 0.8859 -0.4588 0.0680
vn 0.8859 -0.4633 0.0228
vn 0.9372 -0.3484 0.0171
vn 0.9372 -0.3484 -0.0171
vn 0.8859 -0.4633 -0.0228
vn 0.8859 -0.4588 -0.0680
vn 0.9372 -0.3450 -0.0512
vn 0.9372 -0.3383 -0.0848
vn 0.8859 -0.4499 -0.1127
vn 0.8859 -0.4367 -0.1562
vn 0.9372 -0.3284 -0.1175
vn 0.9372 -0.3153 -0.1491
vn 0.8859 -0.4193 -0.1983
vn 0.8859 -0.3979 -0.2384
vn 0.9372 -0.2992 -0.1793
vn 0.9372 -0.2801 -0.2078
vn 0.8859 -0.3725 -0.2763
vn 0.8859 -0.3437 -0.3115
vn 0.9372 -0.2584 -0.2342
vn 0.9372 -0.2342 -0.2584
vn 0.8859 -0.3115 -0.3437
vn 0.8859 -0.2763 -0.3726
vn 0.9372 -0.2078 -0.2801
vn 0.9372 -0.1793 -0.2992
vn 0.8859 -0.2384 -0.3979
vn 0.8859 -0.1983 -0.4193
vn 0.9372 -0.1491 -0.3153
vn 0.9372 -0.1175 -0.3284
vn 0.8859 -0.1562 -0.4367
vn 0.8859 -0.1127 -0.4499
vn 0.9372 -0.0848 -0.3383
vn 0.9372 -0.0512 -0.3450
vn 0.8859 -0.0680 -0.4588
vn 0.8859 -0.0228 -0.4633
vn 0.9372 -0.0171 -0.3484
vn 0.9372 0.0171 -0.3484
vn 0.8859 0.0228 -0.4633
vn 0.8859 0.0680 -0.4588
vn 0.9372 0.0512 -0.3450
vn 0.9372 0.0848 -0.3383
vn 0.8859 0.1127 -0.4499
vn 0.8859 0.1563 -0.4367
vn 0.9372 0.1175 -0.3284
vn 0.9372 0.1491 -0.3153
vn 0.8859 0.1983 -0.4193
vn 0.8859 0.2385 -0.3979
vn 0.9372 0.1793 -0.2992
vn 0.9372 0.2078 -0.2801
vn 0.8859 0.2763 -0.3725
vn 0.8859 0.3115 -0.3437
vn 0.9372 0.2342 -0.2584
vn 0.9372 0.2584 -0.2342
vn 0.8859 0.3437 -0.3115
vn 0.8859 0.3726 -0.2763
vn 0.9372 0.2801 -0.2078
vn 0.9372 0.2992 -0.1793
vn 0.8859 0.3979 -0.2384
vn 0.8859 0.4193 -0.1983
vn 0.9372 0.3153 -0.1491
vn 0.9372 0.3284 -0.1175
vn 0.8859 0.4367 -0.1563
vn 0.8859 0.4500 -0.1127
vn 0.9372 0.3383 -0.0848
vn 0.9372 0.3450 -0.0512
vn 0.8859 0.4588 -0.0680
vn 0.8859 0.4633 -0.0228
vn 0.9372 0.3484 -0.0171
vn 0.9372 0.3484 0.0171
vn 0.8859 0.4633 0.0228
vn 0.8859 0.4588 0.0680
vn 0.9372 0.3450 0.0512
vn 0.9372 0.3383 0.0848
vn 0.8859 0.4500 0.1127
vn 0.8859 0.4367 0.1563
vn 0.9372 0.3284 0.1175
vn 0.9372 0.3153 0.1491
vn 0.8859 0.4193 0.1983
vn 0.8859 0.3979 0.2385
vn 0.9372 0.2992 0.1793
vn 0.9372 0.2801 0.2078
vn 0.8859 0.3725 0.2763
vn 0.8859 0.3437 0.3115
vn 0.9372 0.2584 0.2342
vn 0.9372 0.2342 0.2584
vn 0.8859 0.3115 0.3437
vn 0.8859 0.2763 0.3726
vn 0.9372 0.2078 0.2801
vn 0.9372 0.1793 0.2992
vn 0.8859 0.2384 0.3979
vn 0.8859 0.1983 0.4193
vn 0.9372 0.1491 0.3153
vn 0.9372 0.1175 0.3284
vn 0.8859 0.1563 0.4367
vn 0.8859 0.1127 0.4500
vn 0.9372 0.0848 0.3383
vn 0.9372 0.0512 0.3450
vn 0.8859 0.0680 0.4588
vn 0.8859 0.0228 0.4633
vn 0.9372 0.0171 0.3484
vn 0.9090 -0.0205 0.4164
vn 0.9147 -0.0198 0.4037
vn 0.9147 -0.0593 0.3998
vn 0.9090 -0.0612 0.4124
vn 0.9090 -0.1013 0.4044
vn 0.9090 -0.1404 0.3925
vn 0.9090 -0.1783 0.3768
vn 0.9147 -0.2078 0.3467
vn 0.9090 -0.2143 0.3576
vn 0.9090 -0.2483 0.3348
vn 0.9147 -0.2408 0.3246
vn 0.9147 -0.2714 0.2995
vn 0.9090 -0.2799 0.3089
vn 0.9090 -0.3089 0.2799
vn 0.9147 -0.2995 0.2714
vn 0.9147 -0.3246 0.2408
vn 0.9090 -0.3348 0.2483
vn 0.9090 -0.3576 0.2143
vn 0.9147 -0.3467 0.2078
vn 0.9090 -0.3769 0.1783
vn 0.9090 -0.3925 0.1404
vn 0.9090 -0.4044 0.1013
vn 0.9090 -0.4124 0.0612
vn 0.9147 -0.3998 0.0593
vn 0.9147 -0.4037 0.0198
vn 0.9090 -0.4164 0.0205
vn 0.9090 -0.4164 -0.0205
vn 0.9147 -0.4037 -0.0198
vn 0.9147 -0.3998 -0.0593
vn 0.9090 -0.4124 -0.0612
vn 0.9090 -0.4044 -0.1013
vn 0.9090 -0.3925 -0.1404
vn 0.9090 -0.3769 -0.1783
vn 0.9147 -0.3467 -0.2078
vn 0.9090 -0.3576 -0.2143
vn 0.9090 -0.3348 -0.2483
vn 0.9147 -0.3246 -0.2408
vn 0.9147 -0.2995 -0.2714
vn 0.9090 -0.3089 -0.2799
vn 0.9090 -0.2800 -0.3089
vn 0.9147 -0.2714 -0.2995
vn 0.9147 -0.2408 -0.3246
vn 0.9090 -0.2483 -0.3348
vn 0.9090 -0.2143 -0.3576
vn 0.9147 -0.2078 -0.3467
vn 0.9090 -0.1783 -0.3768
vn 0.9090 -0.1404 -0.3925
vn 0.9090 -0.1013 -0.4044
vn 0.9090 -0.0612 -0.4124
vn 0.9147 -0.0593 -0.3998
vn 0.9147 -0.0198 -0.4037
vn 0.9090 -0.0205 -0.4164
vn 0.9090 0.0205 -0.4164
vn 0.9147 0.0198 -0.4037
vn 0.9147 0.0593 -0.3998
vn 0.9090 0.0612 -0.4124
vn 0.9090 0.1013 -0.4044
vn 0.9090 0.1404 -0.3925
vn 0.9090 0.1783 -0.3768
vn 0.9147 0.2078 -0.3467
vn 0.9090 0.2143 -0.3576
vn 0.9090 0.2483 -0.3348
vn 0.9147 0.2408 -0.3246
vn 0.9147 0.2714 -0.2995
vn 0.9090 0.2799 -0.3089
vn 0.9090 0.3089 -0.2799
vn 0.9147 0.2995 -0.2714
vn 0.9147 0.3246 -0.2408
vn 0.9090 0.3348 -0.2483
vn 0.9090 0.3576 -0.2143
vn 0.9147 0.3467 -0.2078
vn 0.9090 0.3768 -0.1783
vn 0.9090 0.3925 -0.1404
vn 0.9090 0.4044 -0.1013
vn 0.9090 0.4124 -0.0612
vn 0.9147 0.3998 -0.0593
vn 0.9147 0.4037 -0.0198
vn 0.9090 0.4164 -0.0205
vn 0.9090 0.4164 0.0205
vn 0.9147 0.4037 0.0198
vn 0.9147 0.3998 0.0593
vn 0.9090 0.4124 0.0612
vn 0.9090 0.4044 0.1013
vn 0.9090 0.3925 0.1404
vn 0.9090 0.3768 0.1783
vn 0.9147 0.3467 0.2078
vn 0.9090 0.3576 0.2143
vn 0.9090 0.3348 0.2483
vn 0.9147 0.3246 0.2408
vn 0.9147 0.2995 0.2714
vn 0.9090 0.3089 0.2799
vn 0.9090 0.2799 0.3089
vn 0.9147 0.2714 0.2995
vn 0.9147 0.2408 0.3246
vn 0.9090 0.2483 0.3348
vn 0.9090 0.2143 0.3576
vn 0.9147 0.2078 0.3467
vn 0.9090 0.1783 0.3768
vn 0.9090 0.1404 0.3925
vn 0.9090 0.1013 0.4044
vn 0.9090 0.0612 0.4124
vn 0.9147 0.0593 0.3998
vn 0.9147 0.0198 0.4037
vn 0.9090 0.0205 0.4164
vn 0.8589 -0.0251 0.5115
vn 0.8509 -0.0258 0.5246
vn 0.8509 -0.0771 0.5196
vn 0.8589 -0.0751 0.5066
vn 0.8589 -0.1245 0.4968
vn 0.8509 -0.1277 0.5095
vn 0.8509 -0.1769 0.4946
vn 0.8589 -0.1725 0.4822
vn 0.8589 -0.2190 0.4629
vn 0.8509 -0.2246 0.4748
vn 0.8509 -0.2700 0.4506
vn 0.8589 -0.2633 0.4393
vn 0.8589 -0.3051 0.4113
vn 0.8509 -0.3129 0.4219
vn 0.8509 -0.3527 0.3892
vn 0.8589 -0.3439 0.3795
vn 0.8589 -0.3795 0.3439
vn 0.8509 -0.3892 0.3527
vn 0.8509 -0.4219 0.3129
vn 0.8589 -0.4113 0.3051
vn 0.8589 -0.4393 0.2633
vn 0.8509 -0.4506 0.2700
vn 0.8509 -0.4748 0.2246
vn 0.8589 -0.4629 0.2190
vn 0.8589 -0.4822 0.1725
vn 0.8509 -0.4946 0.1769
vn 0.8509 -0.5095 0.1277
vn 0.8589 -0.4968 0.1245
vn 0.8589 -0.5066 0.0751
vn 0.8509 -0.5196 0.0771
vn 0.8509 -0.5246 0.0258
vn 0.8589 -0.5115 0.0251
vn 0.8589 -0.5115 -0.0251
vn 0.8509 -0.5246 -0.0258
vn 0.8509 -0.5196 -0.0771
vn 0.8589 -0.5066 -0.0751
vn 0.8589 -0.4968 -0.1245
vn 0.8509 -0.5095 -0.1277
vn 0.8509 -0.4946 -0.1769
vn 0.8589 -0.4822 -0.1725
vn 0.8589 -0.4629 -0.2190
vn 0.8509 -0.4748 -0.2246
vn 0.8509 -0.4506 -0.2700
vn 0.8589 -0.4393 -0.2633
vn 0.8589 -0.4113 -0.3051
vn 0.8509 -0.4219 -0.3129
vn 0.8509 -0.3892 -0.3527
vn 0.8589 -0.3795 -0.3439
vn 0.8589 -0.3439 -0.3795
vn 0.8509 -0.3527 -0.3892
vn 0.8509 -0.3129 -0.4219
vn 0.8589 -0.3051 -0.4113
vn 0.8589 -0.2633 -0.4393
vn 0.8509 -0.2700 -0.4506
vn 0.8509 -0.2246 -0.4748
vn 0.8589 -0.2190 -0.4629
vn 0.8589 -0.1725 -0.4822
vn 0.8509 -0.1769 -0.4946
vn 0.8509 -0.1277 -0.5095
vn 0.8589 -0.1245 -0.4968
vn 0.8589 -0.0751 -0.5066
vn 0.8509 -0.0771 -0.5196
vn 0.8509 -0.0258 -0.5246
vn 0.8589 -0.0251 -0.5115
vn 0.8589 0.0251 -0.5115
vn 0.8509 0.0258 -0.5246
vn 0.8509 0.0771 -0.5196
vn 0.8589 0.0751 -0.5066
vn 0.8589 0.1245 -0.4967
vn 0.8509 0.1277 -0.5095
vn 0.8509 0.1769 -0.4946
vn 0.8589 0.1725 -0.4822
vn 0.8589 0.2190 -0.4629
vn 0.8509 0.2246 -0.4748
vn 0.8509 0.2700 -0.4506
vn 0.8589 0.2633 -0.4393
vn 0.8589 0.3051 -0.4113
vn 0.8509 0.3129 -0.4219
vn 0.8509 0.3527 -0.3892
vn 0.8589 0.3439 -0.3795
vn 0.8589 0.3795 -0.3439
vn 0.8509 0.3892 -0.3527
vn 0.8509 0.4219 -0.3129
vn 0.8589 0.4113 -0.3051
vn 0.8589 0.4393 -0.2633
vn 0.8509 0.4506 -0.2700
vn 0.8509 0.4748 -0.2246
vn 0.8589 0.4629 -0.2190
vn 0.8589 0.4822 -0.1725
vn 0.8509 0.4946 -0.1769
vn 0.8509 0.5095 -0.1277
vn 0.8589 0.4968 -0.1245
vn 0.8589 0.5066 -0.0751
vn 0.8509 0.5196 -0.0771
vn 0.8509 0.5246 -0.0258
vn 0.8589 0.5115 -0.0251
vn 0.8589 0.5115 0.0251
vn 0.8509 0.5246 0.0258
vn 0.8509 0.5196 0.0771
vn 0.8589 0.5066 0.0751
vn 0.8589 0.4967 0.1245
vn 0.8509 0.5095 0.1277
vn 0.8509 0.4946 0.1769
vn 0.8589 0.4822 0.1725
vn 0.8589 0.4629 0.2190
vn 0.8509 0.4748 0.2246
vn 0.8509 0.4506 0.2700
vn 0.8589 0.4393 0.2633
vn 0.8589 0.4113 0.3051
vn 0.8509 0.4219 0.3129
vn 0.8509 0.3892 0.3527
vn 0.8589 0.3795 0.3439
vn 0.8589 0.3439 0.3795
vn 0.8509 0.3527 0.3892
vn 0.8509 0.3129 0.4219
vn 0.8589 0.3051 0.4113
vn 0.8589 0.2633 0.4393
vn 0.8509 0.2700 0.4506
vn 0.8509 0.2246 0.4748
vn 0.8589 0.2190 0.4629
vn 0.8589 0.1725 0.4822
vn 0.8509 0.1769 0.4946
vn 0.8509 0.1277 0.5095
vn 0.8589 0.1245 0.4968
vn 0.8589 0.0751 0.5066
vn 0.8509 0.0771 0.5196
vn 0.8509 0.0258 0.5246
vn 0.8589 0.0251 0.5115
vn 0.8672 -0.0245 0.4973
vn 0.8547 -0.0255 0.5185
vn 0.8547 -0.0761 0.5135
vn 0.8672 -0.0730 0.4926
vn 0.8672 -0.1210 0.4830
vn 0.8547 -0.1261 0.5035
vn 0.8547 -0.1749 0.4888
vn 0.8672 -0.1677 0.4688
vn 0.8672 -0.2129 0.4501
vn 0.8547 -0.2220 0.4692
vn 0.8547 -0.2668 0.4452
vn 0.8672 -0.2560 0.4271
vn 0.8672 -0.2966 0.3999
vn 0.8547 -0.3092 0.4169
vn 0.8547 -0.3486 0.3846
vn 0.8672 -0.3344 0.3690
vn 0.8672 -0.3690 0.3344
vn 0.8547 -0.3846 0.3486
vn 0.8547 -0.4169 0.3092
vn 0.8672 -0.3999 0.2966
vn 0.8672 -0.4271 0.2560
vn 0.8547 -0.4452 0.2668
vn 0.8547 -0.4692 0.2220
vn 0.8672 -0.4501 0.2129
vn 0.8672 -0.4688 0.1677
vn 0.8547 -0.4887 0.1749
vn 0.8547 -0.5035 0.1261
vn 0.8672 -0.4830 0.1210
vn 0.8672 -0.4926 0.0730
vn 0.8547 -0.5135 0.0761
vn 0.8547 -0.5185 0.0255
vn 0.8672 -0.4973 0.0245
vn 0.8672 -0.4973 -0.0245
vn 0.8547 -0.5185 -0.0255
vn 0.8547 -0.5135 -0.0761
vn 0.8672 -0.4926 -0.0730
vn 0.8672 -0.4830 -0.1210
vn 0.8547 -0.5035 -0.1261
vn 0.8547 -0.4887 -0.1749
vn 0.8672 -0.4688 -0.1677
vn 0.8672 -0.4501 -0.2129
vn 0.8547 -0.4692 -0.2220
vn 0.8547 -0.4452 -0.2668
vn 0.8672 -0.4271 -0.2560
vn 0.8672 -0.3999 -0.2966
vn 0.8547 -0.4169 -0.3092
vn 0.8547 -0.3846 -0.3486
vn 0.8672 -0.3690 -0.3344
vn 0.8672 -0.3344 -0.3690
vn 0.8547 -0.3486 -0.3846
vn 0.8547 -0.3092 -0.4169
vn 0.8672 -0.2966 -0.3999
vn 0.8672 -0.2560 -0.4271
vn 0.8547 -0.2668 -0.4452
vn 0.8547 -0.2220 -0.4692
vn 0.8672 -0.2129 -0.4501
vn 0.8672 -0.1677 -0.4688
vn 0.8547 -0.1749 -0.4888
vn 0.8547 -0.1261 -0.5035
vn 0.8672 -0.1210 -0.4830
vn 0.8672 -0.0730 -0.4926
vn 0.8547 -0.0761 -0.5135
vn 0.8547 -0.0255 -0.5185
vn 0.8672 -0.0245 -0.4973
vn 0.8672 0.0245 -0.4973
vn 0.8547 0.0255 -0.5185
vn 0.8547 0.0761 -0.5135
vn 0.8672 0.0730 -0.4926
vn 0.8672 0.1210 -0.4830
vn 0.8547 0.1261 -0.5035
vn 0.8547 0.1749 -0.4888
vn 0.8672 0.1677 -0.4688
vn 0.8672 0.2129 -0.4501
vn 0.8547 0.2220 -0.4692
vn 0.8547 0.2668 -0.4452
vn 0.8672 0.2560 -0.4271
vn 0.8672 0.2966 -0.3999
vn 0.8547 0.3092 -0.4169
vn 0.8547 0.3486 -0.3846
vn 0.8672 0.3344 -0.3690
vn 0.8672 0.3690 -0.3344
vn 0.8547 0.3846 -0.3486
vn 0.8547 0.4169 -0.3092
vn 0.8672 0.3999 -0.2966
vn 0.8672 0.4271 -0.2560
vn 0.8547 0.4453 -0.2668
vn 0.8547 0.4692 -0.2220
vn 0.8672 0.4501 -0.2129
vn 0.8672 0.4688 -0.1677
vn 0.8547 0.4888 -0.1749
vn 0.8547 0.5035 -0.1261
vn 0.8672 0.4830 -0.1210
vn 0.8672 0.4926 -0.0730
vn 0.8547 0.5135 -0.0761
vn 0.8547 0.5185 -0.0255
vn 0.8672 0.4973 -0.0245
vn 0.8672 0.4973 0.0245
vn 0.8547 0.5185 0.0255
vn 0.8547 0.5135 0.0761
vn 0.8672 0.4926 0.0730
vn 0.8672 0.4830 0.1210
vn 0.8547 0.5035 0.1261
vn 0.8547 0.4888 0.1749
vn 0.8672 0.4688 0.1677
vn 0.8672 0.4501 0.2129
vn 0.8547 0.4692 0.2220
vn 0.8547 0.4452 0.2668
vn 0.8672 0.4271 0.2560
vn 0.8672 0.3999 0.2966
vn 0.8547 0.4169 0.3092
vn 0.8547 0.3846 0.3486
vn 0.8672 0.3690 0.3344
vn 0.8672 0.3344 0.3690
vn 0.8547 0.3486 0.3846
vn 0.8547 0.3092 0.4169
vn 0.8672 0.2966 0.3999
vn 0.8672 0.2560 0.4271
vn 0.8547 0.2668 0.4452
vn 0.8547 0.2220 0.4692
vn 0.8672 0.2129 0.4501
vn 0.8672 0.1677 0.4688
vn 0.8547 0.1749 0.4888
vn 0.8547 0.1261 0.5035
vn 0.8672 0.1210 0.4830
vn 0.8672 0.0730 0.4926
vn 0.8547 0.0761 0.5135
vn 0.8547 0.0255 0.5185
vn 0.8672 0.0245 0.4973
vn 0.8681 -0.0244 0.4958
vn 0.8585 -0.0252 0.5121
vn 0.8585 -0.0752 0.5072
vn 0.8681 -0.0728 0.4910
vn 0.8681 -0.1206 0.4815
vn 0.8585 -0.1246 0.4974
vn 0.8585 -0.1727 0.4828
vn 0.8681 -0.1672 0.4674
vn 0.8681 -0.2123 0.4487
vn 0.8585 -0.2192 0.4635
vn 0.8585 -0.2636 0.4398
vn 0.8681 -0.2552 0.4258
vn 0.8681 -0.2957 0.3987
vn 0.8585 -0.3055 0.4118
vn 0.8585 -0.3443 0.3799
vn 0.8681 -0.3333 0.3678
vn 0.8681 -0.3678 0.3333
vn 0.8585 -0.3799 0.3443
vn 0.8585 -0.4118 0.3055
vn 0.8681 -0.3987 0.2957
vn 0.8681 -0.4258 0.2552
vn 0.8585 -0.4398 0.2636
vn 0.8585 -0.4635 0.2192
vn 0.8681 -0.4487 0.2123
vn 0.8681 -0.4674 0.1672
vn 0.8585 -0.4828 0.1727
vn 0.8585 -0.4974 0.1246
vn 0.8681 -0.4815 0.1206
vn 0.8681 -0.4910 0.0728
vn 0.8585 -0.5072 0.0752
vn 0.8585 -0.5121 0.0252
vn 0.8681 -0.4958 0.0244
vn 0.8681 -0.4958 -0.0244
vn 0.8585 -0.5121 -0.0252
vn 0.8585 -0.5072 -0.0752
vn 0.8681 -0.4910 -0.0728
vn 0.8681 -0.4815 -0.1206
vn 0.8585 -0.4974 -0.1246
vn 0.8585 -0.4828 -0.1727
vn 0.8681 -0.4674 -0.1672
vn 0.8681 -0.4487 -0.2123
vn 0.8585 -0.4635 -0.2192
vn 0.8585 -0.4398 -0.2636
vn 0.8681 -0.4258 -0.2552
vn 0.8681 -0.3987 -0.2957
vn 0.8585 -0.4118 -0.3055
vn 0.8585 -0.3799 -0.3443
vn 0.8681 -0.3678 -0.3333
vn 0.8681 -0.3333 -0.3678
vn 0.8585 -0.3443 -0.3799
vn 0.8585 -0.3055 -0.4118
vn 0.8681 -0.2957 -0.3987
vn 0.8681 -0.2552 -0.4258
vn 0.8585 -0.2636 -0.4398
vn 0.8585 -0.2192 -0.4635
vn 0.8681 -0.2123 -0.4487
vn 0.8681 -0.1672 -0.4674
vn 0.8585 -0.1727 -0.4828
vn 0.8585 -0.1246 -0.4974
vn 0.8681 -0.1206 -0.4815
vn 0.8681 -0.0728 -0.4910
vn 0.8585 -0.0752 -0.5072
vn 0.8585 -0.0252 -0.5121
vn 0.8681 -0.0244 -0.4958
vn 0.8681 0.0244 -0.4958
vn 0.8585 0.0252 -0.5121
vn 0.8585 0.0752 -0.5072
vn 0.8681 0.0728 -0.4910
vn 0.8681 0.1206 -0.4815
vn 0.8585 0.1246 -0.4974
vn 0.8585 0.1727 -0.4828
vn 0.8681 0.1672 -0.4674
vn 0.8681 0.2123 -0.4487
vn 0.8585 0.2192 -0.4635
vn 0.8585 0.2636 -0.4398
vn 0.8681 0.2552 -0.4258
vn 0.8681 0.2957 -0.3987
vn 0.8585 0.3055 -0.4118
vn 0.8585 0.3443 -0.3799
vn 0.8681 0.3333 -0.3678
vn 0.8681 0.3678 -0.3333
vn 0.8585 0.3799 -0.3443
vn 0.8585 0.4118 -0.3055
vn 0.8681 0.3987 -0.2957
vn 0.8681 0.4258 -0.2552
vn 0.8585 0.4398 -0.2636
vn 0.8585 0.4635 -0.2192
vn 0.8681 0.4487 -0.2123
vn 0.8681 0.4674 -0.1672
vn 0.8585 0.4828 -0.1727
vn 0.8585 0.4974 -0.1246
vn 0.8681 0.4815 -0.1206
vn 0.8681 0.4910 -0.0728
vn 0.8585 0.5072 -0.0752
vn 0.8585 0.5121 -0.0252
vn 0.8681 0.4958 -0.0244
vn 0.8681 0.4958 0.0244
vn 0.8585 0.5121 0.0252
vn 0.8585 0.5072 0.0752
vn 0.8681 0.4910 0.0728
vn 0.8681 0.4815 0.1206
vn 0.8585 0.4974 0.1246
vn 0.8585 0.4828 0.1727
vn 0.8681 0.4674 0.1672
vn 0.8681 0.4487 0.2123
vn 0.8585 0.4635 0.2192
vn 0.8585 0.4398 0.2636
vn 0.8681 0.4258 0.2552
vn 0.8681 0.3987 0.2957
vn 0.8585 0.4118 0.3055
vn 0.8585 0.3799 0.3443
vn 0.8681 0.3678 0.3333
vn 0.8681 0.3333 0.3678
vn 0.8585 0.3443 0.3799
vn 0.8585 0.3055 0.4118
vn 0.8681 0.2957 0.3987
vn 0.8681 0.2552 0.4258
vn 0.8585 0.2636 0.4398
vn 0.8585 0.2192 0.4635
vn 0.8681 0.2123 0.4487
vn 0.8681 0.1672 0.4674
vn 0.8585 0.1727 0.4828
vn 0.8585 0.1246 0.4974
vn 0.8681 0.1206 0.4815
vn 0.8681 0.0728 0.4910
vn 0.8585 0.0752 0.5072
vn 0.8585 0.0252 0.5121
vn 0.8681 0.0244 0.4958
vn 0.8722 -0.0240 0.4885
vn 0.8590 -0.0251 0.5113
vn 0.8590 -0.0751 0.5064
vn 0.8722 -0.0717 0.4838
vn 0.8722 -0.1189 0.4744
vn 0.8590 -0.1244 0.4966
vn 0.8590 -0.1724 0.4820
vn 0.8722 -0.1647 0.4605
vn 0.8722 -0.2091 0.4421
vn 0.8590 -0.2189 0.4628
vn 0.8590 -0.2632 0.4391
vn 0.8722 -0.2514 0.4195
vn 0.8722 -0.2914 0.3928
vn 0.8590 -0.3050 0.4112
vn 0.8590 -0.3438 0.3793
vn 0.8722 -0.3284 0.3624
vn 0.8722 -0.3624 0.3284
vn 0.8590 -0.3793 0.3438
vn 0.8590 -0.4112 0.3050
vn 0.8722 -0.3928 0.2914
vn 0.8722 -0.4195 0.2514
vn 0.8590 -0.4391 0.2632
vn 0.8590 -0.4628 0.2189
vn 0.8722 -0.4421 0.2091
vn 0.8722 -0.4605 0.1647
vn 0.8590 -0.4820 0.1724
vn 0.8590 -0.4966 0.1244
vn 0.8722 -0.4744 0.1189
vn 0.8722 -0.4838 0.0717
vn 0.8590 -0.5064 0.0751
vn 0.8590 -0.5113 0.0251
vn 0.8722 -0.4885 0.0240
vn 0.8722 -0.4885 -0.0240
vn 0.8590 -0.5113 -0.0251
vn 0.8590 -0.5064 -0.0751
vn 0.8722 -0.4838 -0.0717
vn 0.8722 -0.4744 -0.1189
vn 0.8590 -0.4966 -0.1244
vn 0.8590 -0.4820 -0.1724
vn 0.8722 -0.4605 -0.1647
vn 0.8722 -0.4421 -0.2091
vn 0.8590 -0.4628 -0.2189
vn 0.8590 -0.4391 -0.2632
vn 0.8722 -0.4195 -0.2514
vn 0.8722 -0.3928 -0.2914
vn 0.8590 -0.4112 -0.3050
vn 0.8590 -0.3793 -0.3438
vn 0.8722 -0.3624 -0.3284
vn 0.8722 -0.3284 -0.3624
vn 0.8590 -0.3438 -0.3793
vn 0.8590 -0.3050 -0.4112
vn 0.8722 -0.2914 -0.3928
vn 0.8722 -0.2514 -0.4195
vn 0.8590 -0.2632 -0.4391
vn 0.8590 -0.2189 -0.4628
vn 0.8722 -0.2091 -0.4421
vn 0.8722 -0.1647 -0.4605
vn 0.8590 -0.1724 -0.4820
vn 0.8590 -0.1244 -0.4966
vn 0.8722 -0.1189 -0.4744
vn 0.8722 -0.0717 -0.4838
vn 0.8590 -0.0751 -0.5064
vn 0.8590 -0.0251 -0.5113
vn 0.8722 -0.0240 -0.4885
vn 0.8722 0.0240 -0.4885
vn 0.8590 0.0251 -0.5113
vn 0.8590 0.0751 -0.5064
vn 0.8722 0.0717 -0.4838
vn 0.8722 0.1189 -0.4744
vn 0.8590 0.1244 -0.4966
vn 0.8590 0.1724 -0.4820
vn 0.8722 0.1647 -0.4605
vn 0.8722 0.2091 -0.4421
vn 0.8590 0.2189 -0.4628
vn 0.8590 0.2632 -0.4391
vn 0.8722 0.2514 -0.4195
vn 0.8722 0.2914 -0.3928
vn 0.8590 0.3050 -0.4112
vn 0.8590 0.3438 -0.3793
vn 0.8722 0.3284 -0.3624
vn 0.8722 0.3624 -0.3284
vn 0.8590 0.3793 -0.3438
vn 0.8590 0.4112 -0.3050
vn 0.8722 0.3928 -0.2914
vn 0.8722 0.4195 -0.2514
vn 0.8590 0.4391 -0.2632
vn 0.8590 0.4628 -0.2189
vn 0.8722 0.4421 -0.2091
vn 0.8722 0.4605 -0.1647
vn 0.8590 0.4820 -0.1724
vn 0.8590 0.4966 -0.1244
vn 0.8722 0.4744 -0.1189
vn 0.8722 0.4838 -0.0717
vn 0.8590 0.5064 -0.0751
vn 0.8590 0.5113 -0.0251
vn 0.8722 0.4885 -0.0240
vn 0.8722 0.4885 0.0240
vn 0.8590 0.5113 0.0251
vn 0.8590 0.5064 0.0751
vn 0.8722 0.4838 0.0717
vn 0.8722 0.4744 0.1189
vn 0.8590 0.4966 0.1244
vn 0.8590 0.4820 0.1724
vn 0.8722 0.4605 0.1647
vn 0.8722 0.4421 0.2091
vn 0.8590 0.4628 0.2189
vn 0.8590 0.4391 0.2632
vn 0.8722 0.4195 0.2514
vn 0.8722 0.3928 0.2914
vn 0.8590 0.4112 0.3050
vn 0.8590 0.3793 0.3438
vn 0.8722 0.3624 0.3284
vn 0.8722 0.3284 0.3624
vn 0.8590 0.3438 0.3793
vn 0.8590 0.3050 0.4112
vn 0.8722 0.2914 0.3928
vn 0.8722 0.2514 0.4195
vn 0.8590 0.2632 0.4391
vn 0.8590 0.2189 0.4628
vn 0.8722 0.2091 0.4421
vn 0.8722 0.1647 0.4605
vn 0.8590 0.1724 0.4820
vn 0.8590 0.1244 0.4966
vn 0.8722 0.1189 0.4744
vn 0.8722 0.0717 0.4838
vn 0.8590 0.0751 0.5064
vn 0.8590 0.0251 0.5113
vn 0.8722 0.0240 0.4885
vn 0.8329 -0.0272 0.5528
vn 0.8292 -0.0274 0.5583
vn 0.8292 -0.0820 0.5529
vn 0.8329 -0.0812 0.5474
vn 0.8329 -0.1345 0.5368
vn 0.8292 -0.1358 0.5422
vn 0.8292 -0.1883 0.5263
vn 0.8329 -0.1864 0.5211
vn 0.8329 -0.2366 0.5003
vn 0.8292 -0.2390 0.5053
vn 0.8292 -0.2873 0.4795
vn 0.8329 -0.2845 0.4747
vn 0.8329 -0.3297 0.4445
vn 0.8292 -0.3330 0.4490
vn 0.8292 -0.3754 0.4142
vn 0.8329 -0.3716 0.4101
vn 0.8329 -0.4101 0.3716
vn 0.8292 -0.4142 0.3754
vn 0.8292 -0.4490 0.3330
vn 0.8329 -0.4445 0.3297
vn 0.8329 -0.4747 0.2845
vn 0.8292 -0.4795 0.2873
vn 0.8292 -0.5053 0.2390
vn 0.8329 -0.5003 0.2366
vn 0.8329 -0.5211 0.1864
vn 0.8292 -0.5263 0.1883
vn 0.8292 -0.5422 0.1358
vn 0.8329 -0.5368 0.1345
vn 0.8329 -0.5474 0.0812
vn 0.8292 -0.5529 0.0820
vn 0.8292 -0.5583 0.0275
vn 0.8329 -0.5528 0.0272
vn 0.8329 -0.5528 -0.0272
vn 0.8292 -0.5583 -0.0275
vn 0.8292 -0.5529 -0.0820
vn 0.8329 -0.5474 -0.0812
vn 0.8329 -0.5368 -0.1345
vn 0.8292 -0.5422 -0.1358
vn 0.8292 -0.5263 -0.1883
vn 0.8329 -0.5211 -0.1864
vn 0.8329 -0.5003 -0.2366
vn 0.8292 -0.5053 -0.2390
vn 0.8292 -0.4795 -0.2873
vn 0.8329 -0.4747 -0.2845
vn 0.8329 -0.4445 -0.3297
vn 0.8292 -0.4490 -0.3330
vn 0.8292 -0.4142 -0.3754
vn 0.8329 -0.4101 -0.3716
vn 0.8329 -0.3716 -0.4101
vn 0.8292 -0.3754 -0.4142
vn 0.8292 -0.3330 -0.4490
vn 0.8329 -0.3297 -0.4445
vn 0.8329 -0.2845 -0.4747
vn 0.8292 -0.2873 -0.4795
vn 0.8292 -0.2390 -0.5053
vn 0.8329 -0.2366 -0.5003
vn 0.8329 -0.1864 -0.5211
vn 0.8292 -0.1883 -0.5263
vn 0.8292 -0.1358 -0.5422
vn 0.8329 -0.1345 -0.5368
vn 0.8329 -0.0812 -0.5474
vn 0.8292 -0.0820 -0.5529
vn 0.8292 -0.0274 -0.5583
vn 0.8329 -0.0272 -0.5528
vn 0.8329 0.0272 -0.5528
vn 0.8292 0.0275 -0.5583
vn 0.8292 0.0820 -0.5529
vn 0.8329 0.0812 -0.5474
vn 0.8329 0.1345 -0.5368
vn 0.8292 0.1358 -0.5422
vn 0.8292 0.1883 -0.5263
vn 0.8329 0.1864 -0.5211
vn 0.8329 0.2366 -0.5003
vn 0.8292 0.2390 -0.5053
vn 0.8292 0.2874 -0.4795
vn 0.8329 0.2845 -0.4747
vn 0.8329 0.3297 -0.4445
vn 0.8292 0.3330 -0.4490
vn 0.8292 0.3754 -0.4142
vn 0.8329 0.3716 -0.4101
vn 0.8329 0.4101 -0.3716
vn 0.8292 0.4142 -0.3754
vn 0.8292 0.4490 -0.3330
vn 0.8329 0.4445 -0.3297
vn 0.8329 0.4747 -0.2845
vn 0.8292 0.4795 -0.2874
vn 0.8292 0.5053 -0.2390
vn 0.8329 0.5003 -0.2366
vn 0.8329 0.5211 -0.1864
vn 0.8292 0.5263 -0.1883
vn 0.8292 0.5422 -0.1358
vn 0.8329 0.5368 -0.1345
vn 0.8329 0.5474 -0.0812
vn 0.8292 0.5529 -0.0820
vn 0.8292 0.5583 -0.0275
vn 0.8329 0.5528 -0.0272
vn 0.8329 0.5528 0.0272
vn 0.8292 0.5583 0.0274
vn 0.8292 0.5529 0.0820
vn 0.8329 0.5474 0.0812
vn 0.8329 0.5368 0.1345
vn 0.8292 0.5422 0.1358
vn 0.8292 0.5263 0.1883
vn 0.8329 0.5211 0.1864
vn 0.8329 0.5003 0.2366
vn 0.8292 0.5053 0.2390
vn 0.8292 0.4795 0.2874
vn 0.8329 0.4747 0.2845
vn 0.8329 0.4445 0.3297
vn 0.8292 0.4490 0.3330
vn 0.8292 0.4142 0.3754
vn 0.8329 0.4101 0.3716
vn 0.8329 0.3716 0.4101
vn 0.8292 0.3754 0.4142
vn 0.8292 0.3330 0.4490
vn 0.8329 0.3297 0.4445
vn 0.8329 0.2845 0.4747
vn 0.8292 0.2874 0.4795
vn 0.8292 0.2390 0.5053
vn 0.8329 0.2366 0.5003
vn 0.8329 0.1864 0.5211
vn 0.8292 0.1883 0.5263
vn 0.8292 0.1358 0.5422
vn 0.8329 0.1345 0.5368
vn 0.8329 0.0812 0.5474
vn 0.8292 0.0820 0.5529
vn 0.8292 0.0275 0.5583
vn 0.8329 0.0272 0.5528
vn 0.9129 -0.0599 -0.4037
vn 0.9418 0.0493 0.3326
vn 0.9418 0.0165 0.3359
vn 0.9129 -0.0200 -0.4077
vn 0.9129 -0.1375 -0.3843
vn 0.9418 0.1133 0.3166
vn 0.9418 0.0817 0.3262
vn 0.9129 -0.0992 -0.3959
vn 0.9129 -0.2098 -0.3501
vn 0.9418 0.1729 0.2884
vn 0.9418 0.1438 0.3040
vn 0.9129 -0.1745 -0.3690
vn 0.9129 -0.2741 -0.3024
vn 0.9418 0.2258 0.2492
vn 0.9418 0.2003 0.2701
vn 0.9129 -0.2432 -0.3278
vn 0.9129 -0.3278 -0.2431
vn 0.9418 0.2701 0.2003
vn 0.9418 0.2492 0.2258
vn 0.9129 -0.3024 -0.2741
vn 0.9129 -0.3690 -0.1745
vn 0.9418 0.3040 0.1438
vn 0.9418 0.2884 0.1729
vn 0.9129 -0.3501 -0.2098
vn 0.9129 -0.3959 -0.0992
vn 0.9418 0.3262 0.0817
vn 0.9418 0.3166 0.1133
vn 0.9129 -0.3843 -0.1375
vn 0.9129 -0.4077 -0.0200
vn 0.9418 0.3359 0.0165
vn 0.9418 0.3326 0.0493
vn 0.9129 -0.4037 -0.0599
vn 0.9129 -0.4037 0.0599
vn 0.9418 0.3326 -0.0493
vn 0.9418 0.3359 -0.0165
vn 0.9129 -0.4077 0.0200
vn 0.9129 -0.3843 0.1375
vn 0.9418 0.3166 -0.1133
vn 0.9418 0.3262 -0.0817
vn 0.9129 -0.3959 0.0992
vn 0.9129 -0.3501 0.2098
vn 0.9418 0.2884 -0.1729
vn 0.9418 0.3040 -0.1438
vn 0.9129 -0.3690 0.1745
vn 0.9129 -0.3024 0.2741
vn 0.9418 0.2492 -0.2258
vn 0.9418 0.2701 -0.2003
vn 0.9129 -0.3278 0.2431
vn 0.9129 -0.2432 0.3278
vn 0.9418 0.2003 -0.2701
vn 0.9418 0.2258 -0.2492
vn 0.9129 -0.2741 0.3024
vn 0.9129 -0.1745 0.3690
vn 0.9418 0.1438 -0.3040
vn 0.9418 0.1729 -0.2884
vn 0.9129 -0.2098 0.3501
vn 0.9129 -0.0992 0.3959
vn 0.9418 0.0817 -0.3262
vn 0.9418 0.1133 -0.3166
vn 0.9129 -0.1375 0.3843
vn 0.9129 -0.0200 0.4077
vn 0.9418 0.0165 -0.3359
vn 0.9418 0.0493 -0.3326
vn 0.9129 -0.0599 0.4037
vn 0.9129 0.0599 0.4037
vn 0.9418 -0.0493 -0.3326
vn 0.9418 -0.0165 -0.3359
vn 0.9129 0.0200 0.4077
vn 0.9129 0.1375 0.3843
vn 0.9418 -0.1133 -0.3166
vn 0.9418 -0.0817 -0.3262
vn 0.9129 0.0992 0.3959
vn 0.9129 0.2098 0.3501
vn 0.9418 -0.1729 -0.2884
vn 0.9418 -0.1438 -0.3040
vn 0.9129 0.1745 0.3690
vn 0.9129 0.2741 0.3024
vn 0.9418 -0.2258 -0.2492
vn 0.9418 -0.2003 -0.2701
vn 0.9129 0.2431 0.3278
vn 0.9129 0.3278 0.2432
vn 0.9418 -0.2701 -0.2003
vn 0.9418 -0.2492 -0.2258
vn 0.9129 0.3024 0.2741
vn 0.9129 0.3690 0.1745
vn 0.9418 -0.3040 -0.1438
vn 0.9418 -0.2884 -0.1729
vn 0.9129 0.3501 0.2098
vn 0.9129 0.3959 0.0992
vn 0.9418 -0.3262 -0.0817
vn 0.9418 -0.3166 -0.1133
vn 0.9129 0.3843 0.1375
vn 0.9129 0.4077 0.0200
vn 0.9418 -0.3359 -0.0165
vn 0.9418 -0.3326 -0.0493
vn 0.9129 0.4037 0.0599
vn 0.9129 0.4037 -0.0599
vn 0.9418 -0.3326 0.0493
vn 0.9418 -0.3359 0.0165
vn 0.9129 0.4077 -0.0200
vn 0.9129 0.3843 -0.1375
vn 0.9418 -0.3166 0.1133
vn 0.9418 -0.3262 0.0817
vn 0.9129 0.3959 -0.0992
vn 0.9129 0.3501 -0.2098
vn 0.9418 -0.2884 0.1729
vn 0.9418 -0.3040 0.1438
vn 0.9129 0.3690 -0.1745
vn 0.9129 0.3024 -0.2741
vn 0.9418 -0.2492 0.2258
vn 0.9418 -0.2701 0.2003
vn 0.9129 0.3278 -0.2432
vn 0.9129 0.2432 -0.3278
vn 0.9418 -0.2003 0.2701
vn 0.9418 -0.2258 0.2492
vn 0.9129 0.2741 -0.3024
vn 0.9129 0.1745 -0.3690
vn 0.9418 -0.1438 0.3040
vn 0.9418 -0.1729 0.2884
vn 0.9129 0.2098 -0.3501
vn 0.9129 0.0992 -0.3959
vn 0.9418 -0.0817 0.3262
vn 0.9418 -0.1133 0.3166
vn 0.9129 0.1375 -0.3843
vn 0.9129 0.0200 -0.4077
vn 0.9418 -0.0165 0.3359
vn 0.9418 -0.0493 0.3326
vn 0.9129 0.0599 -0.4037
vn 0.9873 0.0310 -0.1561
vn 0.9873 0.0609 -0.1470
vn 0.9873 0.0884 -0.1323
vn 0.9873 0.1125 -0.1125
vn 0.9873 0.1323 -0.0884
vn 0.9873 0.1470 -0.0609
vn 0.9873 0.1561 -0.0310
vn 0.9873 0.1591 0.0000
vn 0.9873 0.1561 0.0310
vn 0.9873 0.1470 0.0609
vn 0.9873 0.1323 0.0884
vn 0.9873 0.1125 0.1125
vn 0.9873 0.0884 0.1323
vn 0.9873 0.0609 0.1470
vn 0.9873 0.0311 0.1561
vn 0.9873 -0.0000 0.1591
vn 0.9873 -0.0311 0.1561
vn 0.9873 -0.0609 0.1470
vn 0.9873 -0.0884 0.1323
vn 0.9873 -0.1125 0.1125
vn 0.9873 -0.1323 0.0884
vn 0.9873 -0.1470 0.0609
vn 0.9873 -0.1561 0.0310
vn 0.9873 -0.1591 0.0000
vn 0.9873 -0.1561 -0.0310
vn 0.9873 -0.1470 -0.0609
vn 0.9873 -0.1323 -0.0884
vn 0.9873 -0.1125 -0.1125
vn 0.9873 -0.0884 -0.1323
vn 0.9873 -0.0609 -0.1470
vn 0.9873 -0.0311 -0.1561
vn 0.9873 0.0000 -0.1591
vn 0.8336 0.0271 -0.5517
vn 0.6712 0.0364 -0.7404
vn 0.6712 0.1087 -0.7333
vn 0.8336 0.0810 -0.5464
vn 0.8336 0.1342 -0.5358
vn 0.6712 0.1801 -0.7191
vn 0.6712 0.2497 -0.6980
vn 0.8336 0.1861 -0.5201
vn 0.8336 0.2362 -0.4993
vn 0.6712 0.3170 -0.6701
vn 0.6712 0.3811 -0.6358
vn 0.8336 0.2840 -0.4738
vn 0.8336 0.3291 -0.4437
vn 0.6712 0.4416 -0.5954
vn 0.6712 0.4978 -0.5493
vn 0.8336 0.3709 -0.4093
vn 0.8336 0.4093 -0.3709
vn 0.6712 0.5493 -0.4978
vn 0.6712 0.5954 -0.4416
vn 0.8336 0.4437 -0.3291
vn 0.8336 0.4738 -0.2840
vn 0.6712 0.6358 -0.3811
vn 0.6712 0.6701 -0.3170
vn 0.8336 0.4993 -0.2362
vn 0.8336 0.5201 -0.1861
vn 0.6712 0.6980 -0.2497
vn 0.6712 0.7191 -0.1801
vn 0.8336 0.5358 -0.1342
vn 0.8336 0.5464 -0.0810
vn 0.6712 0.7333 -0.1087
vn 0.6712 0.7404 -0.0364
vn 0.8336 0.5517 -0.0271
vn 0.8336 0.5517 0.0271
vn 0.6712 0.7404 0.0364
vn 0.6712 0.7333 0.1087
vn 0.8336 0.5464 0.0810
vn 0.8336 0.5358 0.1342
vn 0.6712 0.7191 0.1801
vn 0.6712 0.6980 0.2497
vn 0.8336 0.5201 0.1861
vn 0.8336 0.4993 0.2362
vn 0.6712 0.6701 0.3170
vn 0.6712 0.6358 0.3811
vn 0.8336 0.4738 0.2840
vn 0.8336 0.4437 0.3291
vn 0.6712 0.5954 0.4416
vn 0.6712 0.5493 0.4978
vn 0.8336 0.4093 0.3709
vn 0.8336 0.3709 0.4093
vn 0.6712 0.4978 0.5493
vn 0.6712 0.4416 0.5954
vn 0.8336 0.3291 0.4437
vn 0.8336 0.2840 0.4738
vn 0.6712 0.3811 0.6358
vn 0.6712 0.3170 0.6701
vn 0.8336 0.2362 0.4993
vn 0.8336 0.1861 0.5201
vn 0.6712 0.2497 0.6980
vn 0.6712 0.1801 0.7191
vn 0.8336 0.1342 0.5358
vn 0.8336 0.0810 0.5464
vn 0.6712 0.1087 0.7333
vn 0.6712 0.0364 0.7404
vn 0.8336 0.0271 0.5517
vn 0.8336 -0.0271 0.5517
vn 0.6712 -0.0364 0.7404
vn 0.6712 -0.1087 0.7333
vn 0.8336 -0.0810 0.5464
vn 0.8336 -0.1342 0.5358
vn 0.6712 -0.1801 0.7191
vn 0.6712 -0.2497 0.6980
vn 0.8336 -0.1861 0.5201
vn 0.8336 -0.2362 0.4993
vn 0.6712 -0.3170 0.6701
vn 0.6712 -0.3811 0.6358
vn 0.8336 -0.2840 0.4738
vn 0.8336 -0.3291 0.4437
vn 0.6712 -0.4416 0.5954
vn 0.6712 -0.4978 0.5493
vn 0.8336 -0.3709 0.4093
vn 0.8336 -0.4093 0.3709
vn 0.6712 -0.5493 0.4978
vn 0.6712 -0.5954 0.4416
vn 0.8336 -0.4437 0.3291
vn 0.8336 -0.4738 0.2840
vn 0.6712 -0.6358 0.3811
vn 0.6712 -0.6701 0.3170
vn 0.8336 -0.4993 0.2362
vn 0.8336 -0.5201 0.1861
vn 0.6712 -0.6980 0.2497
vn 0.6712 -0.7191 0.1801
vn 0.8336 -0.5358 0.1342
vn 0.8336 -0.5464 0.0810
vn 0.6712 -0.7333 0.1087
vn 0.6712 -0.7404 0.0364
vn 0.8336 -0.5517 0.0271
vn 0.8336 -0.5517 -0.0271
vn 0.6712 -0.7404 -0.0364
vn 0.6712 -0.7333 -0.1087
vn 0.8336 -0.5464 -0.0810
vn 0.8336 -0.5358 -0.1342
vn 0.6712 -0.7191 -0.1801
vn 0.6712 -0.6980 -0.2497
vn 0.8336 -0.5201 -0.1861
vn 0.8336 -0.4993 -0.2362
vn 0.6712 -0.6701 -0.3170
vn 0.6712 -0.6358 -0.3811
vn 0.8336 -0.4738 -0.2840
vn 0.8336 -0.4437 -0.3291
vn 0.6712 -0.5954 -0.4416
vn 0.6712 -0.5493 -0.4978
vn 0.8336 -0.4093 -0.3709
vn 0.8336 -0.3709 -0.4093
vn 0.6712 -0.4978 -0.5493
vn 0.6712 -0.4416 -0.5954
vn 0.8336 -0.3291 -0.4437
vn 0.8336 -0.2840 -0.4738
vn 0.6712 -0.3811 -0.6358
vn 0.6712 -0.3170 -0.6701
vn 0.8336 -0.2362 -0.4993
vn 0.8336 -0.1861 -0.5201
vn 0.6712 -0.2497 -0.6980
vn 0.6712 -0.1801 -0.7191
vn 0.8336 -0.1342 -0.5358
vn 0.8336 -0.0810 -0.5464
vn 0.6712 -0.1087 -0.7333
vn 0.6712 -0.0364 -0.7404
vn 0.8336 -0.0271 -0.5517
vn 0.6712 -0.7190 0.1801
vn 0.6712 0.7190 0.1801
vn 0.8336 0.4436 0.3291
vn 0.6712 0.6979 0.2497
vn 0.8336 -0.3710 0.4093
vn 0.8336 -0.4436 0.3291
vn 0.8336 -0.4994 0.2362
vn 0.8336 -0.4436 -0.3291
vn 0.8336 0.4436 -0.3291
vn 0.8336 0.4994 -0.2362
vn 0.8336 0.2839 -0.4738
vn 0.6712 0.1087 0.7332
vn 0.6712 -0.6979 -0.2497
vn 0.6712 -0.1087 -0.7332
vn 0.8228 0.0834 0.5622
vn 0.8436 0.0788 0.5311
vn 0.8436 0.0264 0.5363
vn 0.8228 0.0279 0.5677
vn 0.8593 0.0750 0.5059
vn 0.8885 0.0673 0.4539
vn 0.8885 0.0225 0.4583
vn 0.8593 0.0251 0.5108
vn 0.8493 0.0774 0.5221
vn 0.8645 0.0737 0.4972
vn 0.8645 0.0247 0.5020
vn 0.8493 0.0259 0.5272
vn 0.8548 0.0761 0.5133
vn 0.8727 0.0716 0.4831
vn 0.8727 0.0240 0.4877
vn 0.8548 0.0255 0.5183
vn 0.8454 0.0784 0.5284
vn 0.8552 0.0760 0.5127
vn 0.8552 0.0255 0.5177
vn 0.8454 0.0262 0.5335
vn 0.8228 0.1915 0.5352
vn 0.8436 0.1809 0.5055
vn 0.8436 0.1305 0.5208
vn 0.8228 0.1381 0.5513
vn 0.8593 0.1723 0.4816
vn 0.8885 0.1546 0.4320
vn 0.8885 0.1115 0.4451
vn 0.8593 0.1243 0.4961
vn 0.8493 0.1778 0.4970
vn 0.8645 0.1693 0.4732
vn 0.8645 0.1221 0.4876
vn 0.8493 0.1283 0.5120
vn 0.8548 0.1748 0.4886
vn 0.8727 0.1645 0.4598
vn 0.8727 0.1187 0.4737
vn 0.8548 0.1261 0.5034
vn 0.8454 0.1799 0.5030
vn 0.8552 0.1746 0.4880
vn 0.8552 0.1260 0.5028
vn 0.8454 0.1298 0.5182
vn 0.8228 0.2922 0.4875
vn 0.8436 0.2760 0.4605
vn 0.8436 0.2296 0.4853
vn 0.8228 0.2430 0.5138
vn 0.8593 0.2629 0.4387
vn 0.8885 0.2359 0.3935
vn 0.8885 0.1962 0.4148
vn 0.8593 0.2187 0.4623
vn 0.8493 0.2714 0.4528
vn 0.8645 0.2584 0.4311
vn 0.8645 0.2149 0.4544
vn 0.8493 0.2257 0.4772
vn 0.8548 0.2668 0.4451
vn 0.8727 0.2510 0.4189
vn 0.8727 0.2088 0.4414
vn 0.8548 0.2219 0.4691
vn 0.8454 0.2746 0.4582
vn 0.8552 0.2664 0.4446
vn 0.8552 0.2216 0.4685
vn 0.8454 0.2284 0.4829
vn 0.8228 0.3817 0.4212
vn 0.8436 0.3605 0.3978
vn 0.8436 0.3199 0.4312
vn 0.8228 0.3386 0.4565
vn 0.8593 0.3435 0.3790
vn 0.8885 0.3081 0.3400
vn 0.8885 0.2733 0.3685
vn 0.8593 0.3047 0.4108
vn 0.8493 0.3545 0.3911
vn 0.8645 0.3375 0.3724
vn 0.8645 0.2994 0.4037
vn 0.8493 0.3145 0.4240
vn 0.8548 0.3485 0.3845
vn 0.8727 0.3279 0.3619
vn 0.8727 0.2909 0.3922
vn 0.8548 0.3092 0.4168
vn 0.8454 0.3587 0.3958
vn 0.8552 0.3481 0.3840
vn 0.8552 0.3088 0.4163
vn 0.8454 0.3182 0.4290
vn 0.8228 0.4565 0.3386
vn 0.8436 0.4312 0.3199
vn 0.8436 0.3978 0.3605
vn 0.8228 0.4212 0.3817
vn 0.8593 0.4108 0.3047
vn 0.8885 0.3685 0.2733
vn 0.8885 0.3400 0.3081
vn 0.8593 0.3790 0.3435
vn 0.8493 0.4240 0.3145
vn 0.8645 0.4037 0.2994
vn 0.8645 0.3724 0.3375
vn 0.8493 0.3911 0.3545
vn 0.8548 0.4168 0.3092
vn 0.8726 0.3922 0.2909
vn 0.8726 0.3619 0.3279
vn 0.8548 0.3845 0.3485
vn 0.8454 0.4290 0.3182
vn 0.8552 0.4163 0.3088
vn 0.8552 0.3840 0.3481
vn 0.8454 0.3958 0.3587
vn 0.8228 0.5138 0.2430
vn 0.8436 0.4853 0.2296
vn 0.8436 0.4605 0.2760
vn 0.8228 0.4875 0.2922
vn 0.8593 0.4623 0.2187
vn 0.8885 0.4148 0.1962
vn 0.8885 0.3936 0.2359
vn 0.8593 0.4387 0.2629
vn 0.8493 0.4772 0.2257
vn 0.8645 0.4544 0.2149
vn 0.8645 0.4311 0.2584
vn 0.8493 0.4528 0.2713
vn 0.8548 0.4691 0.2219
vn 0.8727 0.4414 0.2088
vn 0.8727 0.4189 0.2510
vn 0.8548 0.4451 0.2668
vn 0.8454 0.4829 0.2284
vn 0.8552 0.4685 0.2216
vn 0.8552 0.4446 0.2664
vn 0.8454 0.4582 0.2746
vn 0.8228 0.5513 0.1381
vn 0.8436 0.5208 0.1305
vn 0.8436 0.5055 0.1809
vn 0.8228 0.5352 0.1915
vn 0.8593 0.4961 0.1243
vn 0.8885 0.4451 0.1115
vn 0.8885 0.4320 0.1546
vn 0.8593 0.4816 0.1723
vn 0.8493 0.5120 0.1283
vn 0.8645 0.4876 0.1221
vn 0.8645 0.4732 0.1693
vn 0.8493 0.4970 0.1778
vn 0.8548 0.5034 0.1261
vn 0.8727 0.4737 0.1187
vn 0.8727 0.4598 0.1645
vn 0.8548 0.4886 0.1748
vn 0.8454 0.5182 0.1298
vn 0.8552 0.5028 0.1260
vn 0.8552 0.4880 0.1746
vn 0.8454 0.5030 0.1799
vn 0.8228 0.5677 0.0279
vn 0.8436 0.5363 0.0264
vn 0.8436 0.5311 0.0788
vn 0.8228 0.5622 0.0834
vn 0.8593 0.5108 0.0251
vn 0.8885 0.4583 0.0225
vn 0.8885 0.4539 0.0673
vn 0.8593 0.5059 0.0750
vn 0.8493 0.5272 0.0259
vn 0.8645 0.5020 0.0247
vn 0.8645 0.4972 0.0737
vn 0.8493 0.5221 0.0774
vn 0.8548 0.5183 0.0255
vn 0.8727 0.4878 0.0240
vn 0.8727 0.4831 0.0716
vn 0.8548 0.5133 0.0761
vn 0.8454 0.5335 0.0262
vn 0.8552 0.5177 0.0255
vn 0.8552 0.5127 0.0760
vn 0.8454 0.5284 0.0784
vn 0.8228 0.5622 -0.0834
vn 0.8436 0.5311 -0.0788
vn 0.8436 0.5363 -0.0264
vn 0.8228 0.5677 -0.0279
vn 0.8593 0.5059 -0.0750
vn 0.8885 0.4538 -0.0673
vn 0.8885 0.4583 -0.0225
vn 0.8593 0.5108 -0.0251
vn 0.8493 0.5221 -0.0774
vn 0.8645 0.4972 -0.0737
vn 0.8645 0.5020 -0.0247
vn 0.8493 0.5272 -0.0259
vn 0.8548 0.5133 -0.0761
vn 0.8727 0.4831 -0.0716
vn 0.8727 0.4877 -0.0240
vn 0.8548 0.5183 -0.0255
vn 0.8454 0.5284 -0.0784
vn 0.8552 0.5127 -0.0760
vn 0.8552 0.5177 -0.0255
vn 0.8454 0.5335 -0.0262
vn 0.8228 0.5352 -0.1915
vn 0.8436 0.5055 -0.1809
vn 0.8436 0.5208 -0.1305
vn 0.8228 0.5513 -0.1381
vn 0.8593 0.4816 -0.1723
vn 0.8885 0.4320 -0.1546
vn 0.8885 0.4451 -0.1115
vn 0.8593 0.4961 -0.1243
vn 0.8493 0.4970 -0.1778
vn 0.8645 0.4732 -0.1693
vn 0.8645 0.4876 -0.1221
vn 0.8493 0.5120 -0.1283
vn 0.8548 0.4886 -0.1748
vn 0.8727 0.4598 -0.1645
vn 0.8727 0.4737 -0.1187
vn 0.8548 0.5034 -0.1261
vn 0.8454 0.5030 -0.1799
vn 0.8552 0.4880 -0.1746
vn 0.8552 0.5028 -0.1260
vn 0.8454 0.5182 -0.1298
vn 0.8228 0.4875 -0.2922
vn 0.8436 0.4605 -0.2760
vn 0.8436 0.4853 -0.2296
vn 0.8228 0.5138 -0.2430
vn 0.8593 0.4387 -0.2629
vn 0.8885 0.3936 -0.2359
vn 0.8885 0.4148 -0.1962
vn 0.8593 0.4623 -0.2187
vn 0.8493 0.4528 -0.2714
vn 0.8645 0.4311 -0.2584
vn 0.8645 0.4544 -0.2149
vn 0.8493 0.4772 -0.2257
vn 0.8548 0.4451 -0.2668
vn 0.8726 0.4189 -0.2510
vn 0.8727 0.4414 -0.2088
vn 0.8548 0.4691 -0.2219
vn 0.8454 0.4582 -0.2746
vn 0.8552 0.4446 -0.2664
vn 0.8552 0.4685 -0.2216
vn 0.8454 0.4829 -0.2284
vn 0.8228 0.4212 -0.3817
vn 0.8436 0.3978 -0.3605
vn 0.8436 0.4312 -0.3199
vn 0.8228 0.4565 -0.3386
vn 0.8593 0.3790 -0.3435
vn 0.8885 0.3400 -0.3081
vn 0.8885 0.3685 -0.2733
vn 0.8593 0.4108 -0.3047
vn 0.8493 0.3911 -0.3545
vn 0.8645 0.3724 -0.3375
vn 0.8645 0.4037 -0.2994
vn 0.8493 0.4240 -0.3145
vn 0.8548 0.3845 -0.3485
vn 0.8727 0.3619 -0.3279
vn 0.8726 0.3922 -0.2909
vn 0.8548 0.4168 -0.3092
vn 0.8454 0.3958 -0.3587
vn 0.8552 0.3840 -0.3481
vn 0.8552 0.4163 -0.3088
vn 0.8454 0.4291 -0.3182
vn 0.8228 0.3386 -0.4565
vn 0.8436 0.3199 -0.4312
vn 0.8436 0.3606 -0.3978
vn 0.8228 0.3817 -0.4212
vn 0.8593 0.3047 -0.4108
vn 0.8885 0.2733 -0.3685
vn 0.8885 0.3081 -0.3400
vn 0.8593 0.3434 -0.3790
vn 0.8493 0.3145 -0.4240
vn 0.8645 0.2994 -0.4037
vn 0.8645 0.3375 -0.3724
vn 0.8493 0.3545 -0.3911
vn 0.8548 0.3092 -0.4168
vn 0.8727 0.2909 -0.3922
vn 0.8727 0.3279 -0.3619
vn 0.8548 0.3485 -0.3845
vn 0.8454 0.3182 -0.4291
vn 0.8552 0.3088 -0.4163
vn 0.8552 0.3481 -0.3840
vn 0.8454 0.3587 -0.3958
vn 0.8228 0.2430 -0.5138
vn 0.8436 0.2296 -0.4853
vn 0.8436 0.2760 -0.4605
vn 0.8228 0.2922 -0.4875
vn 0.8593 0.2187 -0.4623
vn 0.8885 0.1962 -0.4148
vn 0.8885 0.2359 -0.3935
vn 0.8593 0.2629 -0.4387
vn 0.8493 0.2257 -0.4772
vn 0.8645 0.2149 -0.4544
vn 0.8645 0.2584 -0.4311
vn 0.8493 0.2714 -0.4528
vn 0.8548 0.2219 -0.4691
vn 0.8727 0.2088 -0.4414
vn 0.8727 0.2510 -0.4189
vn 0.8548 0.2668 -0.4451
vn 0.8454 0.2284 -0.4829
vn 0.8552 0.2216 -0.4685
vn 0.8552 0.2664 -0.4446
vn 0.8454 0.2746 -0.4582
vn 0.8228 0.1381 -0.5513
vn 0.8436 0.1305 -0.5208
vn 0.8436 0.1809 -0.5055
vn 0.8228 0.1915 -0.5352
vn 0.8593 0.1243 -0.4961
vn 0.8885 0.1115 -0.4451
vn 0.8885 0.1546 -0.4320
vn 0.8593 0.1723 -0.4816
vn 0.8493 0.1283 -0.5120
vn 0.8645 0.1221 -0.4876
vn 0.8645 0.1693 -0.4732
vn 0.8493 0.1778 -0.4970
vn 0.8548 0.1261 -0.5034
vn 0.8727 0.1187 -0.4737
vn 0.8727 0.1645 -0.4598
vn 0.8548 0.1748 -0.4886
vn 0.8454 0.1298 -0.5182
vn 0.8552 0.1260 -0.5028
vn 0.8552 0.1746 -0.4880
vn 0.8454 0.1799 -0.5030
vn 0.8228 0.0279 -0.5677
vn 0.8436 0.0264 -0.5363
vn 0.8436 0.0788 -0.5311
vn 0.8228 0.0834 -0.5622
vn 0.8593 0.0251 -0.5108
vn 0.8885 0.0225 -0.4583
vn 0.8885 0.0673 -0.4539
vn 0.8593 0.0750 -0.5059
vn 0.8493 0.0259 -0.5272
vn 0.8645 0.0247 -0.5020
vn 0.8645 0.0737 -0.4972
vn 0.8493 0.0774 -0.5221
vn 0.8548 0.0255 -0.5183
vn 0.8727 0.0240 -0.4878
vn 0.8727 0.0716 -0.4831
vn 0.8548 0.0761 -0.5133
vn 0.8454 0.0262 -0.5335
vn 0.8552 0.0255 -0.5177
vn 0.8552 0.0760 -0.5127
vn 0.8454 0.0784 -0.5284
vn 0.8228 -0.0834 -0.5622
vn 0.8436 -0.0788 -0.5311
vn 0.8436 -0.0264 -0.5363
vn 0.8228 -0.0279 -0.5677
vn 0.8593 -0.0750 -0.5059
vn 0.8885 -0.0673 -0.4539
vn 0.8885 -0.0225 -0.4583
vn 0.8593 -0.0251 -0.5108
vn 0.8493 -0.0774 -0.5221
vn 0.8645 -0.0737 -0.4972
vn 0.8645 -0.0247 -0.5020
vn 0.8493 -0.0259 -0.5272
vn 0.8548 -0.0761 -0.5133
vn 0.8727 -0.0716 -0.4831
vn 0.8727 -0.0240 -0.4878
vn 0.8548 -0.0255 -0.5183
vn 0.8454 -0.0784 -0.5284
vn 0.8552 -0.0760 -0.5127
vn 0.8552 -0.0255 -0.5177
vn 0.8454 -0.0262 -0.5335
vn 0.8228 -0.1915 -0.5352
vn 0.8436 -0.1809 -0.5055
vn 0.8436 -0.1305 -0.5208
vn 0.8228 -0.1381 -0.5513
vn 0.8593 -0.1723 -0.4816
vn 0.8885 -0.1546 -0.4320
vn 0.8885 -0.1115 -0.4451
vn 0.8593 -0.1243 -0.4961
vn 0.8493 -0.1778 -0.4970
vn 0.8645 -0.1693 -0.4732
vn 0.8645 -0.1221 -0.4876
vn 0.8493 -0.1283 -0.5120
vn 0.8548 -0.1748 -0.4886
vn 0.8727 -0.1645 -0.4598
vn 0.8727 -0.1187 -0.4737
vn 0.8548 -0.1261 -0.5034
vn 0.8454 -0.1799 -0.5030
vn 0.8552 -0.1746 -0.4880
vn 0.8552 -0.1260 -0.5028
vn 0.8454 -0.1298 -0.5182
vn 0.8228 -0.2922 -0.4875
vn 0.8436 -0.2760 -0.4605
vn 0.8436 -0.2296 -0.4853
vn 0.8228 -0.2430 -0.5138
vn 0.8593 -0.2629 -0.4387
vn 0.8885 -0.2359 -0.3936
vn 0.8885 -0.1962 -0.4148
vn 0.8593 -0.2187 -0.4623
vn 0.8493 -0.2713 -0.4528
vn 0.8645 -0.2584 -0.4311
vn 0.8645 -0.2149 -0.4544
vn 0.8493 -0.2257 -0.4772
vn 0.8548 -0.2668 -0.4451
vn 0.8727 -0.2510 -0.4189
vn 0.8726 -0.2088 -0.4414
vn 0.8548 -0.2219 -0.4691
vn 0.8454 -0.2746 -0.4582
vn 0.8552 -0.2664 -0.4446
vn 0.8552 -0.2216 -0.4685
vn 0.8454 -0.2284 -0.4829
vn 0.8228 -0.3817 -0.4212
vn 0.8436 -0.3605 -0.3978
vn 0.8436 -0.3199 -0.4312
vn 0.8228 -0.3386 -0.4565
vn 0.8593 -0.3435 -0.3790
vn 0.8885 -0.3081 -0.3400
vn 0.8885 -0.2733 -0.3685
vn 0.8593 -0.3047 -0.4108
vn 0.8493 -0.3545 -0.3911
vn 0.8645 -0.3375 -0.3724
vn 0.8645 -0.2994 -0.4037
vn 0.8493 -0.3145 -0.4240
vn 0.8548 -0.3485 -0.3845
vn 0.8727 -0.3279 -0.3618
vn 0.8727 -0.2909 -0.3922
vn 0.8548 -0.3092 -0.4168
vn 0.8454 -0.3587 -0.3958
vn 0.8552 -0.3480 -0.3841
vn 0.8552 -0.3088 -0.4163
vn 0.8454 -0.3182 -0.4290
vn 0.8228 -0.4565 -0.3386
vn 0.8436 -0.4312 -0.3199
vn 0.8436 -0.3978 -0.3605
vn 0.8228 -0.4212 -0.3817
vn 0.8593 -0.4108 -0.3047
vn 0.8885 -0.3685 -0.2733
vn 0.8885 -0.3400 -0.3081
vn 0.8593 -0.3790 -0.3435
vn 0.8493 -0.4240 -0.3145
vn 0.8645 -0.4037 -0.2994
vn 0.8645 -0.3724 -0.3375
vn 0.8493 -0.3911 -0.3545
vn 0.8548 -0.4168 -0.3092
vn 0.8727 -0.3922 -0.2909
vn 0.8727 -0.3618 -0.3279
vn 0.8548 -0.3845 -0.3485
vn 0.8454 -0.4290 -0.3182
vn 0.8552 -0.4163 -0.3088
vn 0.8552 -0.3841 -0.3481
vn 0.8454 -0.3958 -0.3587
vn 0.8228 -0.5138 -0.2430
vn 0.8436 -0.4853 -0.2296
vn 0.8436 -0.4605 -0.2760
vn 0.8228 -0.4875 -0.2922
vn 0.8593 -0.4623 -0.2187
vn 0.8885 -0.4148 -0.1962
vn 0.8885 -0.3935 -0.2359
vn 0.8593 -0.4387 -0.2629
vn 0.8493 -0.4772 -0.2257
vn 0.8645 -0.4544 -0.2149
vn 0.8645 -0.4311 -0.2584
vn 0.8493 -0.4528 -0.2714
vn 0.8548 -0.4691 -0.2219
vn 0.8727 -0.4414 -0.2088
vn 0.8727 -0.4189 -0.2510
vn 0.8548 -0.4451 -0.2668
vn 0.8454 -0.4829 -0.2284
vn 0.8552 -0.4685 -0.2216
vn 0.8552 -0.4446 -0.2664
vn 0.8454 -0.4582 -0.2746
vn 0.8228 -0.5513 -0.1381
vn 0.8436 -0.5208 -0.1305
vn 0.8436 -0.5055 -0.1809
vn 0.8228 -0.5352 -0.1915
vn 0.8593 -0.4961 -0.1243
vn 0.8885 -0.4451 -0.1115
vn 0.8885 -0.4320 -0.1546
vn 0.8593 -0.4815 -0.1723
vn 0.8493 -0.5120 -0.1283
vn 0.8645 -0.4876 -0.1221
vn 0.8645 -0.4733 -0.1693
vn 0.8493 -0.4970 -0.1778
vn 0.8548 -0.5034 -0.1261
vn 0.8727 -0.4737 -0.1187
vn 0.8727 -0.4598 -0.1645
vn 0.8548 -0.4886 -0.1748
vn 0.8454 -0.5182 -0.1298
vn 0.8552 -0.5028 -0.1260
vn 0.8552 -0.4880 -0.1746
vn 0.8454 -0.5030 -0.1799
vn 0.8228 -0.5677 -0.0279
vn 0.8436 -0.5363 -0.0264
vn 0.8436 -0.5311 -0.0788
vn 0.8228 -0.5622 -0.0834
vn 0.8593 -0.5108 -0.0251
vn 0.8885 -0.4583 -0.0225
vn 0.8885 -0.4539 -0.0673
vn 0.8593 -0.5059 -0.0750
vn 0.8493 -0.5272 -0.0259
vn 0.8645 -0.5020 -0.0247
vn 0.8645 -0.4972 -0.0737
vn 0.8493 -0.5221 -0.0774
vn 0.8548 -0.5183 -0.0255
vn 0.8727 -0.4878 -0.0240
vn 0.8726 -0.4831 -0.0716
vn 0.8548 -0.5133 -0.0761
vn 0.8454 -0.5335 -0.0262
vn 0.8552 -0.5177 -0.0255
vn 0.8552 -0.5127 -0.0760
vn 0.8454 -0.5284 -0.0784
vn 0.8228 -0.5622 0.0834
vn 0.8436 -0.5311 0.0788
vn 0.8436 -0.5363 0.0264
vn 0.8228 -0.5677 0.0279
vn 0.8593 -0.5059 0.0750
vn 0.8885 -0.4539 0.0673
vn 0.8885 -0.4583 0.0225
vn 0.8593 -0.5108 0.0251
vn 0.8493 -0.5221 0.0774
vn 0.8645 -0.4972 0.0737
vn 0.8645 -0.5020 0.0247
vn 0.8493 -0.5272 0.0259
vn 0.8548 -0.5133 0.0761
vn 0.8727 -0.4831 0.0716
vn 0.8727 -0.4878 0.0240
vn 0.8548 -0.5183 0.0255
vn 0.8454 -0.5284 0.0784
vn 0.8552 -0.5127 0.0760
vn 0.8552 -0.5177 0.0255
vn 0.8454 -0.5336 0.0262
vn 0.8228 -0.5352 0.1915
vn 0.8436 -0.5055 0.1809
vn 0.8436 -0.5208 0.1305
vn 0.8228 -0.5513 0.1381
vn 0.8593 -0.4816 0.1723
vn 0.8885 -0.4320 0.1546
vn 0.8885 -0.4451 0.1115
vn 0.8593 -0.4961 0.1243
vn 0.8493 -0.4970 0.1778
vn 0.8645 -0.4733 0.1693
vn 0.8645 -0.4876 0.1221
vn 0.8493 -0.5120 0.1283
vn 0.8548 -0.4886 0.1748
vn 0.8727 -0.4598 0.1645
vn 0.8727 -0.4737 0.1187
vn 0.8548 -0.5034 0.1261
vn 0.8454 -0.5030 0.1799
vn 0.8552 -0.4880 0.1746
vn 0.8552 -0.5028 0.1260
vn 0.8454 -0.5182 0.1298
vn 0.8228 -0.4875 0.2922
vn 0.8436 -0.4605 0.2760
vn 0.8436 -0.4853 0.2296
vn 0.8228 -0.5138 0.2430
vn 0.8593 -0.4387 0.2629
vn 0.8885 -0.3936 0.2359
vn 0.8885 -0.4148 0.1962
vn 0.8593 -0.4623 0.2187
vn 0.8493 -0.4528 0.2714
vn 0.8645 -0.4311 0.2584
vn 0.8645 -0.4544 0.2149
vn 0.8493 -0.4772 0.2257
vn 0.8548 -0.4451 0.2668
vn 0.8727 -0.4189 0.2510
vn 0.8727 -0.4414 0.2088
vn 0.8548 -0.4691 0.2219
vn 0.8454 -0.4582 0.2746
vn 0.8552 -0.4446 0.2664
vn 0.8552 -0.4685 0.2216
vn 0.8454 -0.4829 0.2284
vn 0.8228 -0.4212 0.3817
vn 0.8436 -0.3978 0.3605
vn 0.8436 -0.4312 0.3199
vn 0.8228 -0.4565 0.3386
vn 0.8593 -0.3790 0.3435
vn 0.8885 -0.3400 0.3081
vn 0.8885 -0.3685 0.2733
vn 0.8593 -0.4108 0.3047
vn 0.8493 -0.3911 0.3545
vn 0.8645 -0.3724 0.3375
vn 0.8645 -0.4037 0.2994
vn 0.8493 -0.4240 0.3145
vn 0.8548 -0.3845 0.3485
vn 0.8727 -0.3618 0.3279
vn 0.8727 -0.3922 0.2909
vn 0.8548 -0.4168 0.3092
vn 0.8454 -0.3958 0.3587
vn 0.8552 -0.3841 0.3481
vn 0.8552 -0.4163 0.3088
vn 0.8454 -0.4290 0.3182
vn 0.8228 -0.3386 0.4565
vn 0.8436 -0.3198 0.4312
vn 0.8436 -0.3605 0.3978
vn 0.8228 -0.3817 0.4212
vn 0.8593 -0.3047 0.4108
vn 0.8885 -0.2733 0.3685
vn 0.8885 -0.3081 0.3400
vn 0.8593 -0.3435 0.3790
vn 0.8493 -0.3145 0.4240
vn 0.8645 -0.2994 0.4037
vn 0.8645 -0.3375 0.3724
vn 0.8493 -0.3545 0.3911
vn 0.8548 -0.3092 0.4168
vn 0.8727 -0.2909 0.3922
vn 0.8727 -0.3279 0.3618
vn 0.8548 -0.3485 0.3845
vn 0.8454 -0.3182 0.4290
vn 0.8552 -0.3088 0.4163
vn 0.8552 -0.3481 0.3841
vn 0.8454 -0.3587 0.3958
vn 0.8228 -0.2430 0.5138
vn 0.8436 -0.2296 0.4853
vn 0.8436 -0.2760 0.4605
vn 0.8228 -0.2922 0.4875
vn 0.8593 -0.2187 0.4623
vn 0.8885 -0.1962 0.4148
vn 0.8885 -0.2359 0.3936
vn 0.8593 -0.2629 0.4387
vn 0.8493 -0.2257 0.4772
vn 0.8645 -0.2149 0.4544
vn 0.8645 -0.2584 0.4311
vn 0.8493 -0.2713 0.4528
vn 0.8548 -0.2219 0.4691
vn 0.8727 -0.2088 0.4414
vn 0.8727 -0.2510 0.4189
vn 0.8548 -0.2668 0.4451
vn 0.8454 -0.2284 0.4829
vn 0.8552 -0.2216 0.4685
vn 0.8552 -0.2664 0.4446
vn 0.8454 -0.2746 0.4582
vn 0.8228 -0.1381 0.5513
vn 0.8436 -0.1305 0.5208
vn 0.8436 -0.1809 0.5055
vn 0.8228 -0.1915 0.5352
vn 0.8593 -0.1243 0.4961
vn 0.8885 -0.1115 0.4451
vn 0.8885 -0.1546 0.4320
vn 0.8593 -0.1723 0.4816
vn 0.8493 -0.1283 0.5120
vn 0.8645 -0.1221 0.4876
vn 0.8645 -0.1693 0.4732
vn 0.8493 -0.1778 0.4970
vn 0.8548 -0.1261 0.5034
vn 0.8727 -0.1187 0.4737
vn 0.8727 -0.1645 0.4598
vn 0.8548 -0.1748 0.4886
vn 0.8454 -0.1298 0.5182
vn 0.8552 -0.1260 0.5028
vn 0.8552 -0.1746 0.4880
vn 0.8454 -0.1799 0.5030
vn 0.8228 -0.0279 0.5677
vn 0.8436 -0.0264 0.5363
vn 0.8436 -0.0788 0.5311
vn 0.8228 -0.0834 0.5622
vn 0.8593 -0.0251 0.5108
vn 0.8885 -0.0225 0.4583
vn 0.8885 -0.0673 0.4538
vn 0.8593 -0.0750 0.5059
vn 0.8493 -0.0259 0.5272
vn 0.8645 -0.0247 0.5020
vn 0.8645 -0.0737 0.4972
vn 0.8493 -0.0774 0.5221
vn 0.8548 -0.0255 0.5183
vn 0.8727 -0.0240 0.4878
vn 0.8727 -0.0716 0.4831
vn 0.8548 -0.0761 0.5133
vn 0.8454 -0.0262 0.5335
vn 0.8552 -0.0255 0.5177
vn 0.8552 -0.0760 0.5127
vn 0.8454 -0.0784 0.5284
vn 0.8956 -0.0218 0.4443
vn 0.8862 -0.0228 0.4628
vn 0.8862 -0.0680 0.4583
vn 0.8956 -0.0653 0.4400
vn 0.8956 -0.1081 0.4315
vn 0.8862 -0.1126 0.4494
vn 0.8862 -0.1561 0.4363
vn 0.8956 -0.1499 0.4189
vn 0.8956 -0.1902 0.4021
vn 0.8862 -0.1981 0.4188
vn 0.8862 -0.2382 0.3974
vn 0.8956 -0.2287 0.3816
vn 0.8956 -0.2650 0.3573
vn 0.8862 -0.2760 0.3721
vn 0.8862 -0.3111 0.3433
vn 0.8956 -0.2987 0.3296
vn 0.8956 -0.3296 0.2987
vn 0.8862 -0.3433 0.3111
vn 0.8862 -0.3721 0.2760
vn 0.8956 -0.3573 0.2650
vn 0.8956 -0.3816 0.2287
vn 0.8862 -0.3974 0.2382
vn 0.8862 -0.4188 0.1981
vn 0.8956 -0.4021 0.1902
vn 0.8956 -0.4189 0.1498
vn 0.8862 -0.4362 0.1561
vn 0.8862 -0.4494 0.1126
vn 0.8956 -0.4315 0.1081
vn 0.8956 -0.4400 0.0653
vn 0.8862 -0.4583 0.0680
vn 0.8862 -0.4628 0.0228
vn 0.8956 -0.4443 0.0218
vn 0.8956 -0.4443 -0.0218
vn 0.8862 -0.4628 -0.0228
vn 0.8862 -0.4583 -0.0680
vn 0.8956 -0.4400 -0.0653
vn 0.8956 -0.4315 -0.1081
vn 0.8862 -0.4494 -0.1126
vn 0.8862 -0.4363 -0.1561
vn 0.8956 -0.4188 -0.1498
vn 0.8956 -0.4021 -0.1902
vn 0.8862 -0.4188 -0.1981
vn 0.8862 -0.3974 -0.2382
vn 0.8956 -0.3816 -0.2287
vn 0.8956 -0.3573 -0.2650
vn 0.8862 -0.3721 -0.2760
vn 0.8862 -0.3433 -0.3111
vn 0.8956 -0.3296 -0.2987
vn 0.8956 -0.2987 -0.3296
vn 0.8862 -0.3111 -0.3433
vn 0.8862 -0.2760 -0.3721
vn 0.8956 -0.2650 -0.3573
vn 0.8956 -0.2287 -0.3816
vn 0.8862 -0.2382 -0.3974
vn 0.8862 -0.1981 -0.4188
vn 0.8956 -0.1902 -0.4021
vn 0.8956 -0.1499 -0.4189
vn 0.8862 -0.1561 -0.4363
vn 0.8862 -0.1126 -0.4494
vn 0.8956 -0.1081 -0.4315
vn 0.8956 -0.0653 -0.4400
vn 0.8862 -0.0680 -0.4583
vn 0.8862 -0.0228 -0.4628
vn 0.8956 -0.0218 -0.4443
vn 0.8956 0.0218 -0.4443
vn 0.8862 0.0228 -0.4628
vn 0.8862 0.0680 -0.4583
vn 0.8956 0.0653 -0.4400
vn 0.8956 0.1081 -0.4315
vn 0.8862 0.1126 -0.4494
vn 0.8862 0.1561 -0.4363
vn 0.8956 0.1498 -0.4189
vn 0.8956 0.1902 -0.4021
vn 0.8862 0.1981 -0.4188
vn 0.8862 0.2382 -0.3974
vn 0.8956 0.2287 -0.3816
vn 0.8956 0.2650 -0.3573
vn 0.8862 0.2760 -0.3721
vn 0.8862 0.3111 -0.3433
vn 0.8956 0.2987 -0.3296
vn 0.8956 0.3296 -0.2987
vn 0.8862 0.3433 -0.3111
vn 0.8862 0.3721 -0.2760
vn 0.8956 0.3573 -0.2650
vn 0.8956 0.3816 -0.2287
vn 0.8862 0.3974 -0.2382
vn 0.8862 0.4188 -0.1981
vn 0.8956 0.4021 -0.1902
vn 0.8956 0.4189 -0.1498
vn 0.8862 0.4362 -0.1561
vn 0.8862 0.4494 -0.1126
vn 0.8956 0.4315 -0.1081
vn 0.8956 0.4400 -0.0653
vn 0.8862 0.4583 -0.0680
vn 0.8862 0.4628 -0.0228
vn 0.8956 0.4443 -0.0218
vn 0.8956 0.4443 0.0218
vn 0.8862 0.4628 0.0228
vn 0.8862 0.4583 0.0680
vn 0.8956 0.4400 0.0653
vn 0.8956 0.4315 0.1081
vn 0.8862 0.4494 0.1126
vn 0.8862 0.4363 0.1561
vn 0.8956 0.4189 0.1498
vn 0.8956 0.4021 0.1902
vn 0.8862 0.4188 0.1981
vn 0.8862 0.3974 0.2382
vn 0.8956 0.3816 0.2287
vn 0.8956 0.3573 0.2650
vn 0.8862 0.3721 0.2760
vn 0.8862 0.3433 0.3111
vn 0.8956 0.3296 0.2987
vn 0.8956 0.2987 0.3296
vn 0.8862 0.3111 0.3433
vn 0.8862 0.2760 0.3721
vn 0.8956 0.2650 0.3573
vn 0.8956 0.2287 0.3816
vn 0.8862 0.2382 0.3974
vn 0.8862 0.1981 0.4188
vn 0.8956 0.1902 0.4021
vn 0.8956 0.1498 0.4188
vn 0.8862 0.1561 0.4363
vn 0.8862 0.1126 0.4494
vn 0.8956 0.1081 0.4315
vn 0.8956 0.0653 0.4400
vn 0.8862 0.0680 0.4583
vn 0.8862 0.0228 0.4628
vn 0.8956 0.0218 0.4443
vn 0.9145 -0.0199 0.4041
vn 0.8952 -0.0219 0.4452
vn 0.8952 -0.0654 0.4409
vn 0.9145 -0.0593 0.4002
vn 0.9145 -0.0983 0.3924
vn 0.8952 -0.1083 0.4324
vn 0.8952 -0.1501 0.4197
vn 0.9145 -0.1363 0.3809
vn 0.9145 -0.1730 0.3657
vn 0.8952 -0.1906 0.4029
vn 0.8952 -0.2291 0.3823
vn 0.9145 -0.2080 0.3470
vn 0.9145 -0.2410 0.3249
vn 0.8952 -0.2655 0.3580
vn 0.8952 -0.2993 0.3303
vn 0.9145 -0.2717 0.2998
vn 0.9145 -0.2998 0.2717
vn 0.8952 -0.3303 0.2993
vn 0.8952 -0.3580 0.2655
vn 0.9145 -0.3249 0.2410
vn 0.9145 -0.3470 0.2080
vn 0.8952 -0.3823 0.2291
vn 0.8952 -0.4029 0.1906
vn 0.9145 -0.3657 0.1730
vn 0.9145 -0.3809 0.1363
vn 0.8952 -0.4197 0.1501
vn 0.8952 -0.4324 0.1083
vn 0.9145 -0.3924 0.0983
vn 0.9145 -0.4002 0.0593
vn 0.8952 -0.4409 0.0654
vn 0.8952 -0.4452 0.0219
vn 0.9145 -0.4041 0.0199
vn 0.9145 -0.4041 -0.0199
vn 0.8952 -0.4452 -0.0219
vn 0.8952 -0.4409 -0.0654
vn 0.9145 -0.4002 -0.0593
vn 0.9145 -0.3924 -0.0983
vn 0.8952 -0.4324 -0.1083
vn 0.8952 -0.4197 -0.1501
vn 0.9145 -0.3809 -0.1363
vn 0.9145 -0.3657 -0.1730
vn 0.8952 -0.4029 -0.1906
vn 0.8952 -0.3823 -0.2291
vn 0.9145 -0.3470 -0.2080
vn 0.9145 -0.3249 -0.2410
vn 0.8952 -0.3580 -0.2655
vn 0.8952 -0.3303 -0.2993
vn 0.9145 -0.2998 -0.2717
vn 0.9145 -0.2717 -0.2998
vn 0.8952 -0.2993 -0.3303
vn 0.8952 -0.2655 -0.3580
vn 0.9145 -0.2410 -0.3249
vn 0.9145 -0.2080 -0.3470
vn 0.8952 -0.2291 -0.3823
vn 0.8952 -0.1906 -0.4029
vn 0.9145 -0.1730 -0.3657
vn 0.9145 -0.1363 -0.3809
vn 0.8952 -0.1501 -0.4197
vn 0.8952 -0.1083 -0.4324
vn 0.9145 -0.0983 -0.3924
vn 0.9145 -0.0593 -0.4002
vn 0.8952 -0.0654 -0.4409
vn 0.8952 -0.0219 -0.4452
vn 0.9145 -0.0199 -0.4041
vn 0.9145 0.0199 -0.4041
vn 0.8952 0.0219 -0.4452
vn 0.8952 0.0654 -0.4409
vn 0.9145 0.0593 -0.4002
vn 0.9145 0.0983 -0.3924
vn 0.8952 0.1083 -0.4324
vn 0.8952 0.1501 -0.4197
vn 0.9145 0.1363 -0.3809
vn 0.9145 0.1730 -0.3657
vn 0.8952 0.1906 -0.4029
vn 0.8952 0.2291 -0.3823
vn 0.9145 0.2080 -0.3470
vn 0.9145 0.2410 -0.3249
vn 0.8952 0.2655 -0.3580
vn 0.8952 0.2993 -0.3303
vn 0.9145 0.2717 -0.2998
vn 0.9145 0.2998 -0.2717
vn 0.8952 0.3303 -0.2993
vn 0.8952 0.3580 -0.2655
vn 0.9145 0.3249 -0.2410
vn 0.9145 0.3470 -0.2080
vn 0.8952 0.3823 -0.2291
vn 0.8952 0.4029 -0.1906
vn 0.9145 0.3657 -0.1730
vn 0.9145 0.3809 -0.1363
vn 0.8952 0.4197 -0.1501
vn 0.8952 0.4324 -0.1083
vn 0.9145 0.3924 -0.0983
vn 0.9145 0.4002 -0.0593
vn 0.8952 0.4409 -0.0654
vn 0.8952 0.4452 -0.0219
vn 0.9145 0.4041 -0.0199
vn 0.9145 0.4041 0.0199
vn 0.8952 0.4452 0.0219
vn 0.8952 0.4409 0.0654
vn 0.9145 0.4002 0.0593
vn 0.9145 0.3924 0.0983
vn 0.8952 0.4324 0.1083
vn 0.8952 0.4197 0.1501
vn 0.9145 0.3809 0.1363
vn 0.9145 0.3657 0.1730
vn 0.8952 0.4029 0.1906
vn 0.8952 0.3823 0.2291
vn 0.9145 0.3470 0.2080
vn 0.9145 0.3249 0.2410
vn 0.8952 0.3580 0.2655
vn 0.8952 0.3303 0.2993
vn 0.9145 0.2998 0.2717
vn 0.9145 0.2717 0.2998
vn 0.8952 0.2993 0.3303
vn 0.8952 0.2655 0.3580
vn 0.9145 0.2410 0.3249
vn 0.9145 0.2080 0.3470
vn 0.8952 0.2291 0.3823
vn 0.8952 0.1906 0.4029
vn 0.9145 0.1730 0.3657
vn 0.9145 0.1363 0.3809
vn 0.8952 0.1501 0.4197
vn 0.8952 0.1083 0.4324
vn 0.9145 0.0983 0.3924
vn 0.9145 0.0593 0.4002
vn 0.8952 0.0654 0.4409
vn 0.8952 0.0219 0.4452
vn 0.9145 0.0199 0.4041
vn 0.8981 -0.0216 0.4392
vn 0.8895 -0.0224 0.4565
vn 0.8895 -0.0670 0.4521
vn 0.8981 -0.0645 0.4350
vn 0.8981 -0.1069 0.4266
vn 0.8895 -0.1111 0.4433
vn 0.8895 -0.1539 0.4303
vn 0.8981 -0.1481 0.4140
vn 0.8981 -0.1880 0.3975
vn 0.8895 -0.1954 0.4131
vn 0.8895 -0.2349 0.3920
vn 0.8981 -0.2261 0.3772
vn 0.8981 -0.2620 0.3532
vn 0.8895 -0.2723 0.3671
vn 0.8895 -0.3069 0.3386
vn 0.8981 -0.2953 0.3258
vn 0.8981 -0.3258 0.2953
vn 0.8895 -0.3386 0.3069
vn 0.8895 -0.3671 0.2723
vn 0.8981 -0.3532 0.2620
vn 0.8981 -0.3772 0.2261
vn 0.8895 -0.3920 0.2349
vn 0.8895 -0.4131 0.1954
vn 0.8981 -0.3975 0.1880
vn 0.8981 -0.4140 0.1481
vn 0.8895 -0.4303 0.1539
vn 0.8895 -0.4433 0.1111
vn 0.8981 -0.4266 0.1069
vn 0.8981 -0.4350 0.0645
vn 0.8895 -0.4521 0.0670
vn 0.8895 -0.4565 0.0224
vn 0.8981 -0.4392 0.0216
vn 0.8981 -0.4392 -0.0216
vn 0.8895 -0.4565 -0.0224
vn 0.8895 -0.4521 -0.0670
vn 0.8981 -0.4350 -0.0645
vn 0.8981 -0.4266 -0.1069
vn 0.8895 -0.4433 -0.1111
vn 0.8895 -0.4303 -0.1539
vn 0.8981 -0.4140 -0.1481
vn 0.8981 -0.3975 -0.1880
vn 0.8895 -0.4131 -0.1954
vn 0.8895 -0.3920 -0.2349
vn 0.8981 -0.3772 -0.2261
vn 0.8981 -0.3532 -0.2620
vn 0.8895 -0.3671 -0.2723
vn 0.8895 -0.3386 -0.3069
vn 0.8981 -0.3258 -0.2953
vn 0.8981 -0.2953 -0.3258
vn 0.8895 -0.3069 -0.3386
vn 0.8895 -0.2723 -0.3671
vn 0.8981 -0.2620 -0.3532
vn 0.8981 -0.2261 -0.3772
vn 0.8895 -0.2349 -0.3920
vn 0.8895 -0.1954 -0.4131
vn 0.8981 -0.1880 -0.3975
vn 0.8981 -0.1481 -0.4140
vn 0.8895 -0.1539 -0.4303
vn 0.8895 -0.1111 -0.4433
vn 0.8981 -0.1069 -0.4266
vn 0.8981 -0.0645 -0.4350
vn 0.8895 -0.0670 -0.4521
vn 0.8895 -0.0224 -0.4565
vn 0.8981 -0.0216 -0.4392
vn 0.8981 0.0216 -0.4392
vn 0.8895 0.0224 -0.4565
vn 0.8895 0.0670 -0.4521
vn 0.8981 0.0645 -0.4350
vn 0.8981 0.1069 -0.4266
vn 0.8895 0.1111 -0.4433
vn 0.8895 0.1539 -0.4303
vn 0.8981 0.1481 -0.4140
vn 0.8981 0.1880 -0.3975
vn 0.8895 0.1954 -0.4131
vn 0.8895 0.2349 -0.3920
vn 0.8981 0.2261 -0.3772
vn 0.8981 0.2620 -0.3532
vn 0.8895 0.2723 -0.3671
vn 0.8895 0.3069 -0.3386
vn 0.8981 0.2953 -0.3258
vn 0.8981 0.3258 -0.2953
vn 0.8895 0.3386 -0.3069
vn 0.8895 0.3671 -0.2723
vn 0.8981 0.3532 -0.2620
vn 0.8981 0.3772 -0.2261
vn 0.8895 0.3920 -0.2349
vn 0.8895 0.4131 -0.1954
vn 0.8981 0.3975 -0.1880
vn 0.8981 0.4140 -0.1481
vn 0.8895 0.4303 -0.1539
vn 0.8895 0.4433 -0.1111
vn 0.8981 0.4266 -0.1069
vn 0.8981 0.4350 -0.0645
vn 0.8895 0.4521 -0.0670
vn 0.8895 0.4565 -0.0224
vn 0.8981 0.4392 -0.0216
vn 0.8981 0.4392 0.0216
vn 0.8895 0.4565 0.0224
vn 0.8895 0.4521 0.0670
vn 0.8981 0.4350 0.0645
vn 0.8981 0.4266 0.1069
vn 0.8895 0.4433 0.1111
vn 0.8895 0.4303 0.1539
vn 0.8981 0.4140 0.1481
vn 0.8981 0.3975 0.1880
vn 0.8895 0.4131 0.1954
vn 0.8895 0.3920 0.2349
vn 0.8981 0.3772 0.2261
vn 0.8981 0.3532 0.2620
vn 0.8895 0.3671 0.2723
vn 0.8895 0.3386 0.3069
vn 0.8981 0.3258 0.2953
vn 0.8981 0.2953 0.3258
vn 0.8895 0.3069 0.3386
vn 0.8895 0.2723 0.3671
vn 0.8981 0.2620 0.3532
vn 0.8981 0.2261 0.3772
vn 0.8895 0.2349 0.3920
vn 0.8895 0.1954 0.4131
vn 0.8981 0.1880 0.3975
vn 0.8981 0.1481 0.4140
vn 0.8895 0.1539 0.4303
vn 0.8895 0.1111 0.4433
vn 0.8981 0.1069 0.4266
vn 0.8981 0.0645 0.4350
vn 0.8895 0.0670 0.4521
vn 0.8895 0.0224 0.4565
vn 0.8981 0.0216 0.4392
vn 0.9065 -0.0207 0.4217
vn 0.8956 -0.0652 0.4400
vn 0.9065 -0.0619 0.4176
vn 0.9065 -0.1026 0.4095
vn 0.8956 -0.1498 0.4188
vn 0.9065 -0.1422 0.3975
vn 0.9065 -0.1805 0.3817
vn 0.8956 -0.2287 0.3815
vn 0.9065 -0.2170 0.3621
vn 0.9065 -0.2515 0.3391
vn 0.9065 -0.2835 0.3128
vn 0.9065 -0.3128 0.2835
vn 0.9065 -0.3391 0.2515
vn 0.9065 -0.3621 0.2170
vn 0.8956 -0.3815 0.2287
vn 0.9065 -0.3817 0.1805
vn 0.9065 -0.3975 0.1422
vn 0.8956 -0.4188 0.1498
vn 0.9065 -0.4096 0.1026
vn 0.9065 -0.4176 0.0619
vn 0.8956 -0.4400 0.0652
vn 0.9065 -0.4217 0.0207
vn 0.9065 -0.4217 -0.0207
vn 0.8956 -0.4400 -0.0652
vn 0.9065 -0.4176 -0.0619
vn 0.9065 -0.4096 -0.1026
vn 0.9065 -0.3975 -0.1422
vn 0.9065 -0.3817 -0.1805
vn 0.8956 -0.3815 -0.2287
vn 0.9065 -0.3621 -0.2170
vn 0.9065 -0.3391 -0.2515
vn 0.9065 -0.3128 -0.2835
vn 0.9065 -0.2835 -0.3128
vn 0.9065 -0.2515 -0.3391
vn 0.9065 -0.2170 -0.3621
vn 0.8956 -0.2287 -0.3815
vn 0.9065 -0.1805 -0.3817
vn 0.9065 -0.1422 -0.3975
vn 0.8956 -0.1498 -0.4188
vn 0.9065 -0.1026 -0.4096
vn 0.9065 -0.0619 -0.4176
vn 0.8956 -0.0652 -0.4400
vn 0.9065 -0.0207 -0.4217
vn 0.9065 0.0207 -0.4217
vn 0.8956 0.0652 -0.4400
vn 0.9065 0.0619 -0.4176
vn 0.9065 0.1026 -0.4095
vn 0.8956 0.1498 -0.4188
vn 0.9065 0.1422 -0.3975
vn 0.9065 0.1805 -0.3817
vn 0.8956 0.2287 -0.3815
vn 0.9065 0.2170 -0.3621
vn 0.9065 0.2515 -0.3391
vn 0.9065 0.2835 -0.3128
vn 0.9065 0.3128 -0.2835
vn 0.9065 0.3391 -0.2515
vn 0.9065 0.3621 -0.2170
vn 0.8956 0.3815 -0.2287
vn 0.9065 0.3817 -0.1805
vn 0.9065 0.3975 -0.1422
vn 0.8956 0.4188 -0.1498
vn 0.9065 0.4095 -0.1026
vn 0.9065 0.4176 -0.0619
vn 0.8956 0.4400 -0.0652
vn 0.9065 0.4217 -0.0207
vn 0.9065 0.4217 0.0207
vn 0.8956 0.4400 0.0652
vn 0.9065 0.4176 0.0619
vn 0.9065 0.4096 0.1026
vn 0.8956 0.4188 0.1498
vn 0.9065 0.3975 0.1422
vn 0.9065 0.3817 0.1805
vn 0.8956 0.3815 0.2287
vn 0.9065 0.3621 0.2170
vn 0.9065 0.3391 0.2515
vn 0.9065 0.3128 0.2835
vn 0.9065 0.2835 0.3129
vn 0.9065 0.2515 0.3391
vn 0.9065 0.2170 0.3621
vn 0.8956 0.2287 0.3815
vn 0.9065 0.1805 0.3817
vn 0.9065 0.1422 0.3975
vn 0.9065 0.1026 0.4096
vn 0.9065 0.0619 0.4176
vn 0.9065 0.0207 0.4217
vn 0.9069 0.0618 0.4167
vn 0.9156 0.0590 0.3977
vn 0.9156 0.0197 0.4016
vn 0.9069 0.0207 0.4208
vn 0.9069 0.1419 0.3967
vn 0.9156 0.1354 0.3785
vn 0.9156 0.0977 0.3900
vn 0.9069 0.1024 0.4086
vn 0.9069 0.2166 0.3614
vn 0.9156 0.2067 0.3448
vn 0.9156 0.1719 0.3634
vn 0.9069 0.1801 0.3808
vn 0.9069 0.2829 0.3122
vn 0.9156 0.2700 0.2979
vn 0.9156 0.2395 0.3229
vn 0.9069 0.2510 0.3384
vn 0.9069 0.3384 0.2510
vn 0.9156 0.3229 0.2395
vn 0.9156 0.2979 0.2700
vn 0.9069 0.3122 0.2829
vn 0.9069 0.3808 0.1801
vn 0.9156 0.3634 0.1719
vn 0.9156 0.3448 0.2067
vn 0.9069 0.3614 0.2166
vn 0.9069 0.4087 0.1024
vn 0.9156 0.3900 0.0977
vn 0.9156 0.3785 0.1354
vn 0.9069 0.3967 0.1419
vn 0.9069 0.4208 0.0207
vn 0.9156 0.4015 0.0197
vn 0.9156 0.3977 0.0590
vn 0.9069 0.4167 0.0618
vn 0.9069 0.4167 -0.0618
vn 0.9156 0.3977 -0.0590
vn 0.9156 0.4015 -0.0197
vn 0.9069 0.4208 -0.0207
vn 0.9069 0.3967 -0.1419
vn 0.9156 0.3785 -0.1354
vn 0.9156 0.3900 -0.0977
vn 0.9069 0.4086 -0.1024
vn 0.9069 0.3614 -0.2166
vn 0.9156 0.3448 -0.2067
vn 0.9156 0.3634 -0.1719
vn 0.9069 0.3808 -0.1801
vn 0.9069 0.3122 -0.2829
vn 0.9156 0.2979 -0.2700
vn 0.9156 0.3229 -0.2395
vn 0.9069 0.3384 -0.2510
vn 0.9069 0.2510 -0.3384
vn 0.9156 0.2395 -0.3229
vn 0.9156 0.2700 -0.2979
vn 0.9069 0.2829 -0.3122
vn 0.9069 0.1801 -0.3808
vn 0.9156 0.1719 -0.3634
vn 0.9156 0.2067 -0.3448
vn 0.9069 0.2166 -0.3614
vn 0.9069 0.1024 -0.4086
vn 0.9156 0.0977 -0.3900
vn 0.9156 0.1354 -0.3785
vn 0.9069 0.1419 -0.3967
vn 0.9069 0.0207 -0.4208
vn 0.9156 0.0197 -0.4016
vn 0.9156 0.0590 -0.3977
vn 0.9069 0.0618 -0.4167
vn 0.9069 -0.0618 -0.4167
vn 0.9156 -0.0590 -0.3977
vn 0.9156 -0.0197 -0.4016
vn 0.9069 -0.0207 -0.4208
vn 0.9069 -0.1419 -0.3967
vn 0.9156 -0.1354 -0.3785
vn 0.9156 -0.0977 -0.3900
vn 0.9069 -0.1024 -0.4087
vn 0.9069 -0.2166 -0.3614
vn 0.9156 -0.2067 -0.3448
vn 0.9156 -0.1719 -0.3634
vn 0.9069 -0.1801 -0.3808
vn 0.9069 -0.2829 -0.3122
vn 0.9156 -0.2700 -0.2979
vn 0.9156 -0.2395 -0.3229
vn 0.9069 -0.2510 -0.3384
vn 0.9069 -0.3384 -0.2510
vn 0.9156 -0.3229 -0.2395
vn 0.9156 -0.2979 -0.2700
vn 0.9069 -0.3122 -0.2829
vn 0.9069 -0.3808 -0.1801
vn 0.9156 -0.3634 -0.1719
vn 0.9156 -0.3448 -0.2067
vn 0.9069 -0.3614 -0.2166
vn 0.9069 -0.4086 -0.1024
vn 0.9156 -0.3900 -0.0977
vn 0.9156 -0.3785 -0.1354
vn 0.9069 -0.3967 -0.1419
vn 0.9069 -0.4208 -0.0207
vn 0.9156 -0.4016 -0.0197
vn 0.9156 -0.3977 -0.0590
vn 0.9069 -0.4167 -0.0618
vn 0.9069 -0.4167 0.0618
vn 0.9156 -0.3977 0.0590
vn 0.9156 -0.4015 0.0197
vn 0.9069 -0.4208 0.0207
vn 0.9069 -0.3967 0.1419
vn 0.9156 -0.3785 0.1354
vn 0.9156 -0.3900 0.0977
vn 0.9069 -0.4086 0.1024
vn 0.9069 -0.3613 0.2166
vn 0.9156 -0.3448 0.2067
vn 0.9156 -0.3634 0.1719
vn 0.9069 -0.3808 0.1801
vn 0.9069 -0.3122 0.2829
vn 0.9156 -0.2979 0.2700
vn 0.9156 -0.3229 0.2395
vn 0.9069 -0.3384 0.2510
vn 0.9069 -0.2510 0.3384
vn 0.9156 -0.2395 0.3229
vn 0.9156 -0.2700 0.2979
vn 0.9069 -0.2829 0.3122
vn 0.9069 -0.1801 0.3808
vn 0.9156 -0.1719 0.3634
vn 0.9156 -0.2067 0.3448
vn 0.9069 -0.2166 0.3614
vn 0.9069 -0.1024 0.4087
vn 0.9156 -0.0977 0.3900
vn 0.9156 -0.1354 0.3785
vn 0.9069 -0.1419 0.3967
vn 0.9069 -0.0207 0.4208
vn 0.9156 -0.0197 0.4015
vn 0.9156 -0.0590 0.3977
vn 0.9069 -0.0618 0.4167
vn 0.9018 0.0212 -0.4316
vn 0.8804 0.0233 -0.4736
vn 0.8804 0.0696 -0.4691
vn 0.9018 0.0634 -0.4275
vn 0.9018 0.1050 -0.4192
vn 0.8804 0.1152 -0.4600
vn 0.8804 0.1597 -0.4465
vn 0.9018 0.1456 -0.4069
vn 0.9018 0.1848 -0.3907
vn 0.8804 0.2028 -0.4286
vn 0.8804 0.2438 -0.4067
vn 0.9018 0.2222 -0.3707
vn 0.9018 0.2575 -0.3471
vn 0.8804 0.2825 -0.3809
vn 0.8804 0.3184 -0.3514
vn 0.9018 0.2902 -0.3202
vn 0.9018 0.3202 -0.2902
vn 0.8804 0.3514 -0.3184
vn 0.8804 0.3809 -0.2825
vn 0.9018 0.3471 -0.2575
vn 0.9018 0.3707 -0.2222
vn 0.8804 0.4067 -0.2438
vn 0.8804 0.4286 -0.2028
vn 0.9018 0.3907 -0.1848
vn 0.9018 0.4069 -0.1456
vn 0.8804 0.4465 -0.1597
vn 0.8804 0.4600 -0.1152
vn 0.9018 0.4192 -0.1050
vn 0.9018 0.4275 -0.0634
vn 0.8804 0.4691 -0.0696
vn 0.8804 0.4736 -0.0233
vn 0.9018 0.4316 -0.0212
vn 0.9018 0.4316 0.0212
vn 0.8804 0.4736 0.0233
vn 0.8804 0.4691 0.0696
vn 0.9018 0.4275 0.0634
vn 0.9018 0.4192 0.1050
vn 0.8804 0.4600 0.1152
vn 0.8804 0.4465 0.1597
vn 0.9018 0.4069 0.1456
vn 0.9018 0.3907 0.1848
vn 0.8804 0.4286 0.2028
vn 0.8804 0.4067 0.2438
vn 0.9018 0.3707 0.2222
vn 0.9018 0.3471 0.2575
vn 0.8804 0.3809 0.2825
vn 0.8804 0.3514 0.3184
vn 0.9018 0.3202 0.2902
vn 0.9018 0.2902 0.3202
vn 0.8804 0.3184 0.3514
vn 0.8804 0.2825 0.3809
vn 0.9018 0.2575 0.3471
vn 0.9018 0.2222 0.3707
vn 0.8804 0.2438 0.4067
vn 0.8804 0.2028 0.4286
vn 0.9018 0.1848 0.3907
vn 0.9018 0.1456 0.4069
vn 0.8804 0.1597 0.4465
vn 0.8804 0.1152 0.4600
vn 0.9018 0.1050 0.4192
vn 0.9018 0.0634 0.4275
vn 0.8804 0.0696 0.4691
vn 0.8804 0.0233 0.4736
vn 0.9018 0.0212 0.4316
vn 0.9018 -0.0212 0.4316
vn 0.8804 -0.0233 0.4736
vn 0.8804 -0.0696 0.4691
vn 0.9018 -0.0634 0.4275
vn 0.9018 -0.1050 0.4192
vn 0.8804 -0.1152 0.4600
vn 0.8804 -0.1597 0.4465
vn 0.9018 -0.1456 0.4069
vn 0.9018 -0.1848 0.3907
vn 0.8804 -0.2028 0.4286
vn 0.8804 -0.2438 0.4067
vn 0.9018 -0.2222 0.3707
vn 0.9018 -0.2575 0.3471
vn 0.8804 -0.2825 0.3809
vn 0.8804 -0.3184 0.3514
vn 0.9018 -0.2902 0.3202
vn 0.9018 -0.3202 0.2902
vn 0.8804 -0.3514 0.3184
vn 0.8804 -0.3809 0.2825
vn 0.9018 -0.3471 0.2575
vn 0.9018 -0.3707 0.2222
vn 0.8804 -0.4067 0.2438
vn 0.8804 -0.4286 0.2028
vn 0.9018 -0.3907 0.1848
vn 0.9018 -0.4069 0.1456
vn 0.8804 -0.4465 0.1597
vn 0.8804 -0.4600 0.1152
vn 0.9018 -0.4192 0.1050
vn 0.9018 -0.4275 0.0634
vn 0.8804 -0.4691 0.0696
vn 0.8804 -0.4736 0.0233
vn 0.9018 -0.4316 0.0212
vn 0.9018 -0.4316 -0.0212
vn 0.8804 -0.4736 -0.0233
vn 0.8804 -0.4691 -0.0696
vn 0.9018 -0.4275 -0.0634
vn 0.9018 -0.4192 -0.1050
vn 0.8804 -0.4600 -0.1152
vn 0.8804 -0.4465 -0.1597
vn 0.9018 -0.4069 -0.1456
vn 0.9018 -0.3907 -0.1848
vn 0.8804 -0.4286 -0.2028
vn 0.8804 -0.4067 -0.2438
vn 0.9018 -0.3707 -0.2222
vn 0.9018 -0.3471 -0.2575
vn 0.8804 -0.3809 -0.2825
vn 0.8804 -0.3514 -0.3184
vn 0.9018 -0.3202 -0.2902
vn 0.9018 -0.2902 -0.3202
vn 0.8804 -0.3184 -0.3514
vn 0.8804 -0.2825 -0.3809
vn 0.9018 -0.2575 -0.3471
vn 0.9018 -0.2222 -0.3707
vn 0.8804 -0.2438 -0.4067
vn 0.8804 -0.2028 -0.4286
vn 0.9018 -0.1848 -0.3907
vn 0.9018 -0.1456 -0.4069
vn 0.8804 -0.1597 -0.4465
vn 0.8804 -0.1152 -0.4600
vn 0.9018 -0.1050 -0.4192
vn 0.9018 -0.0634 -0.4275
vn 0.8804 -0.0696 -0.4691
vn 0.8804 -0.0233 -0.4736
vn 0.9018 -0.0212 -0.4316
vn 0.9642 0.0023 -0.2653
vn 0.9389 -0.0456 -0.3412
vn 0.9389 -0.0219 -0.3435
vn 0.9642 -0.0540 -0.2597
vn 0.9642 -0.0495 -0.2606
vn 0.9389 -0.1113 -0.3258
vn 0.9389 -0.0885 -0.3327
vn 0.9642 -0.1036 -0.2442
vn 0.9642 -0.0994 -0.2460
vn 0.9389 -0.1727 -0.2978
vn 0.9389 -0.1517 -0.3090
vn 0.9642 -0.1493 -0.2193
vn 0.9642 -0.1455 -0.2218
vn 0.9389 -0.2275 -0.2584
vn 0.9389 -0.2090 -0.2735
vn 0.9642 -0.1892 -0.1860
vn 0.9642 -0.1860 -0.1892
vn 0.9389 -0.2735 -0.2090
vn 0.9389 -0.2584 -0.2275
vn 0.9642 -0.2218 -0.1455
vn 0.9642 -0.2193 -0.1493
vn 0.9389 -0.3090 -0.1517
vn 0.9389 -0.2978 -0.1727
vn 0.9642 -0.2460 -0.0994
vn 0.9642 -0.2442 -0.1036
vn 0.9389 -0.3327 -0.0885
vn 0.9389 -0.3258 -0.1113
vn 0.9642 -0.2606 -0.0495
vn 0.9642 -0.2597 -0.0540
vn 0.9389 -0.3435 -0.0219
vn 0.9389 -0.3412 -0.0456
vn 0.9642 -0.2653 0.0023
vn 0.9642 -0.2653 -0.0023
vn 0.9389 -0.3412 0.0456
vn 0.9389 -0.3435 0.0219
vn 0.9642 -0.2597 0.0540
vn 0.9642 -0.2606 0.0495
vn 0.9389 -0.3258 0.1113
vn 0.9389 -0.3327 0.0885
vn 0.9642 -0.2442 0.1036
vn 0.9642 -0.2460 0.0994
vn 0.9389 -0.2978 0.1727
vn 0.9389 -0.3090 0.1517
vn 0.9642 -0.2193 0.1493
vn 0.9642 -0.2218 0.1455
vn 0.9389 -0.2584 0.2275
vn 0.9389 -0.2735 0.2090
vn 0.9642 -0.1860 0.1892
vn 0.9642 -0.1892 0.1860
vn 0.9389 -0.2090 0.2735
vn 0.9389 -0.2275 0.2584
vn 0.9642 -0.1455 0.2218
vn 0.9642 -0.1493 0.2193
vn 0.9389 -0.1517 0.3090
vn 0.9389 -0.1727 0.2978
vn 0.9642 -0.0994 0.2460
vn 0.9642 -0.1036 0.2442
vn 0.9389 -0.0885 0.3327
vn 0.9389 -0.1113 0.3258
vn 0.9642 -0.0495 0.2606
vn 0.9642 -0.0540 0.2597
vn 0.9389 -0.0219 0.3435
vn 0.9389 -0.0456 0.3412
vn 0.9642 0.0023 0.2653
vn 0.9642 -0.0023 0.2653
vn 0.9389 0.0456 0.3412
vn 0.9389 0.0219 0.3435
vn 0.9642 0.0540 0.2597
vn 0.9642 0.0495 0.2606
vn 0.9389 0.1113 0.3258
vn 0.9389 0.0885 0.3327
vn 0.9642 0.1036 0.2442
vn 0.9642 0.0994 0.2460
vn 0.9389 0.1727 0.2978
vn 0.9389 0.1517 0.3090
vn 0.9642 0.1493 0.2193
vn 0.9642 0.1455 0.2218
vn 0.9389 0.2275 0.2584
vn 0.9389 0.2090 0.2735
vn 0.9642 0.1892 0.1860
vn 0.9642 0.1860 0.1892
vn 0.9389 0.2735 0.2090
vn 0.9389 0.2584 0.2275
vn 0.9642 0.2218 0.1455
vn 0.9642 0.2193 0.1493
vn 0.9389 0.3090 0.1517
vn 0.9389 0.2978 0.1727
vn 0.9642 0.2460 0.0994
vn 0.9642 0.2442 0.1036
vn 0.9389 0.3327 0.0885
vn 0.9389 0.3258 0.1113
vn 0.9642 0.2606 0.0495
vn 0.9642 0.2597 0.0540
vn 0.9389 0.3435 0.0219
vn 0.9389 0.3412 0.0456
vn 0.9642 0.2653 -0.0023
vn 0.9642 0.2653 0.0023
vn 0.9389 0.3412 -0.0456
vn 0.9389 0.3435 -0.0219
vn 0.9642 0.2597 -0.0540
vn 0.9642 0.2606 -0.0495
vn 0.9389 0.3258 -0.1113
vn 0.9389 0.3327 -0.0885
vn 0.9642 0.2442 -0.1036
vn 0.9642 0.2460 -0.0994
vn 0.9389 0.2978 -0.1727
vn 0.9389 0.3090 -0.1517
vn 0.9642 0.2193 -0.1493
vn 0.9642 0.2218 -0.1455
vn 0.9389 0.2584 -0.2275
vn 0.9389 0.2735 -0.2090
vn 0.9642 0.1860 -0.1892
vn 0.9642 0.1892 -0.1860
vn 0.9389 0.2090 -0.2735
vn 0.9389 0.2275 -0.2584
vn 0.9642 0.1455 -0.2218
vn 0.9642 0.1493 -0.2193
vn 0.9389 0.1517 -0.3090
vn 0.9389 0.1727 -0.2978
vn 0.9642 0.0994 -0.2460
vn 0.9642 0.1036 -0.2442
vn 0.9389 0.0885 -0.3327
vn 0.9389 0.1113 -0.3258
vn 0.9642 0.0495 -0.2606
vn 0.9642 0.0540 -0.2597
vn 0.9389 0.0219 -0.3435
vn 0.9389 0.0456 -0.3412
vn 0.9642 -0.0023 -0.2653
usemtl WooferMain
s off
f 1341/1713/566 3070/1714/566 5142/1715/566 2620/1716/566
f 3070/1714/567 1516/1717/567 2711/1718/567 5142/1715/567
f 5142/1715/568 2711/1718/568 1513/1719/568 3069/1720/568
f 2620/1716/569 5142/1715/569 3069/1720/569 1340/1721/569
f 1355/1722/570 3084/1723/570 5143/1724/570 2634/1725/570
f 3084/1723/571 1558/1726/571 2781/1727/571 5143/1724/571
f 5143/1724/572 2781/1727/572 1555/1728/572 3083/1729/572
f 2634/1725/573 5143/1724/573 3083/1729/573 1354/1730/573
f 1342/1731/574 3071/1732/574 5144/1733/574 2621/1734/574
f 3071/1732/575 1519/1735/575 2716/1736/575 5144/1733/575
f 5144/1733/576 2716/1736/576 1516/1717/576 3070/1714/576
f 2621/1734/577 5144/1733/577 3070/1714/577 1341/1713/577
f 1356/1737/578 3085/1738/578 5145/1739/578 2635/1740/578
f 3085/1738/579 1561/1741/579 2786/1742/579 5145/1739/579
f 5145/1739/580 2786/1742/580 1558/1726/580 3084/1723/580
f 2635/1740/581 5145/1739/581 3084/1723/581 1355/1722/581
f 1343/1743/582 3072/1744/582 5146/1745/582 2622/1746/582
f 3072/1744/583 1522/1747/583 2721/1748/583 5146/1745/583
f 5146/1745/584 2721/1748/584 1519/1735/584 3071/1732/584
f 2622/1746/585 5146/1745/585 3071/1732/585 1342/1731/585
f 1357/1749/586 3086/1750/586 5147/1751/586 2636/1752/586
f 3086/1750/587 1564/1753/587 2791/1754/587 5147/1751/587
f 5147/1751/588 2791/1754/588 1561/1741/588 3085/1738/588
f 2636/1752/589 5147/1751/589 3085/1738/589 1356/1737/589
f 1344/1755/590 3073/1756/590 5148/1757/590 2623/1758/590
f 3073/1756/591 1525/1759/591 2726/1760/591 5148/1757/591
f 5148/1757/592 2726/1760/592 1522/1747/592 3072/1744/592
f 2623/1758/593 5148/1757/593 3072/1744/593 1343/1743/593
f 1358/1761/594 3087/1762/594 5149/1763/594 2637/1764/594
f 3087/1762/595 1567/1765/595 2796/1766/595 5149/1763/595
f 5149/1763/596 2796/1766/596 1564/1753/596 3086/1750/596
f 2637/1764/597 5149/1763/597 3086/1750/597 1357/1749/597
f 1345/1767/598 3074/1768/598 5150/1769/598 2624/1770/598
f 3074/1768/599 1528/1771/599 2731/1772/599 5150/1769/599
f 5150/1769/600 2731/1772/600 1525/1759/600 3073/1756/600
f 2624/1770/601 5150/1769/601 3073/1756/601 1344/1755/601
f 1359/1773/602 3088/1774/602 5151/1775/602 2638/1776/602
f 3088/1774/603 1570/1777/603 2801/1778/603 5151/1775/603
f 5151/1775/604 2801/1778/604 1567/1765/604 3087/1762/604
f 2638/1776/605 5151/1775/605 3087/1762/605 1358/1761/605
f 1346/1779/606 3075/1780/606 5152/1781/606 2625/1782/606
f 3075/1780/607 1531/1783/607 2736/1784/607 5152/1781/607
f 5152/1781/608 2736/1784/608 1528/1771/608 3074/1768/608
f 2625/1782/609 5152/1781/609 3074/1768/609 1345/1767/609
f 1360/1785/610 3089/1786/610 5153/1787/610 2639/1788/610
f 3089/1786/611 1573/1789/611 2806/1790/611 5153/1787/611
f 5153/1787/612 2806/1790/612 1570/1777/612 3088/1774/612
f 2639/1788/613 5153/1787/613 3088/1774/613 1359/1773/613
f 1347/1791/614 3076/1792/614 5154/1793/614 2626/1794/614
f 3076/1792/615 1534/1795/615 2741/1796/615 5154/1793/615
f 5154/1793/616 2741/1796/616 1531/1783/616 3075/1780/616
f 2626/1794/617 5154/1793/617 3075/1780/617 1346/1779/617
f 1361/1797/618 3090/1798/618 5155/1799/618 2640/1800/618
f 3090/1798/619 1576/1801/619 2811/1802/619 5155/1799/619
f 5155/1799/620 2811/1802/620 1573/1789/620 3089/1786/620
f 2640/1800/621 5155/1799/621 3089/1786/621 1360/1785/621
f 1348/1803/622 3077/1804/622 5156/1805/622 2627/1806/622
f 3077/1804/623 1537/1807/623 2746/1808/623 5156/1805/623
f 5156/1805/624 2746/1808/624 1534/1795/624 3076/1792/624
f 2627/1806/625 5156/1805/625 3076/1792/625 1347/1791/625
f 1362/1809/626 3091/1810/626 5157/1811/626 2641/1812/626
f 3091/1810/627 1579/1813/627 2816/1814/627 5157/1811/627
f 5157/1811/628 2816/1814/628 1576/1801/628 3090/1798/628
f 2641/1812/629 5157/1811/629 3090/1798/629 1361/1797/629
f 1349/1815/630 3078/1816/630 5158/1817/630 2628/1818/630
f 3078/1816/631 1540/1819/631 2751/1820/631 5158/1817/631
f 5158/1817/632 2751/1820/632 1537/1807/632 3077/1804/632
f 2628/1818/633 5158/1817/633 3077/1804/633 1348/1803/633
f 1336/1821/634 3064/1822/634 5159/1823/634 2615/1824/634
f 3064/1822/635 1501/1825/635 2686/1826/635 5159/1823/635
f 5159/1823/636 2686/1826/636 1495/1827/636 3062/1828/636
f 2615/1824/637 5159/1823/637 3062/1828/637 1335/1829/637
f 1363/1830/638 3092/1831/638 5160/1832/638 2642/1833/638
f 3092/1831/639 1582/1834/639 2821/1835/639 5160/1832/639
f 5160/1832/640 2821/1835/640 1579/1813/640 3091/1810/640
f 2642/1833/641 5160/1832/641 3091/1810/641 1362/1809/641
f 1350/1836/642 3079/1837/642 5161/1838/642 2629/1839/642
f 3079/1837/643 1543/1840/643 2756/1841/643 5161/1838/643
f 5161/1838/644 2756/1841/644 1540/1819/644 3078/1816/644
f 2629/1839/645 5161/1838/645 3078/1816/645 1349/1815/645
f 1334/1842/646 3063/1843/646 5162/1844/646 2645/1845/646
f 3063/1843/647 1497/1846/647 2835/1847/647 5162/1844/647
f 5162/1844/648 2835/1847/648 1588/1848/648 3065/1849/648
f 2645/1845/649 5162/1844/649 3065/1849/649 1365/1850/649
f 1364/1851/650 3093/1852/650 5163/1853/650 2643/1854/650
f 3093/1852/651 1585/1855/651 2826/1856/651 5163/1853/651
f 5163/1853/652 2826/1856/652 1582/1834/652 3092/1831/652
f 2643/1854/653 5163/1853/653 3092/1831/653 1363/1830/653
f 1351/1857/654 3080/1858/654 5164/1859/654 2630/1860/654
f 3080/1858/655 1546/1861/655 2761/1862/655 5164/1859/655
f 5164/1859/656 2761/1862/656 1543/1840/656 3079/1837/656
f 2630/1860/657 5164/1859/657 3079/1837/657 1350/1836/657
f 1338/1863/658 3067/1864/658 5165/1865/658 2617/1866/658
f 3067/1864/659 1507/1867/659 2696/1868/659 5165/1865/659
f 5165/1865/660 2696/1868/660 1504/1869/660 3066/1870/660
f 2617/1866/661 5165/1865/661 3066/1870/661 1337/1871/661
f 1365/1850/662 3065/1849/662 5166/1872/662 2644/1873/662
f 3065/1849/663 1588/1848/663 2831/1874/663 5166/1872/663
f 5166/1872/664 2831/1874/664 1585/1855/664 3093/1852/664
f 2644/1873/665 5166/1872/665 3093/1852/665 1364/1851/665
f 1352/1875/666 3081/1876/666 5167/1877/666 2631/1878/666
f 3081/1876/667 1549/1879/667 2766/1880/667 5167/1877/667
f 5167/1877/668 2766/1880/668 1546/1861/668 3080/1858/668
f 2631/1878/669 5167/1877/669 3080/1858/669 1351/1857/669
f 1339/1881/670 3068/1882/670 5168/1883/670 2618/1884/670
f 3068/1882/671 1510/1885/671 2701/1886/671 5168/1883/671
f 5168/1883/672 2701/1886/672 1507/1867/672 3067/1864/672
f 2618/1884/673 5168/1883/673 3067/1864/673 1338/1863/673
f 1353/1887/674 3082/1888/674 5169/1889/674 2632/1890/674
f 3082/1888/675 1552/1891/675 2771/1892/675 5169/1889/675
f 5169/1889/676 2771/1892/676 1549/1879/676 3081/1876/676
f 2632/1890/677 5169/1889/677 3081/1876/677 1352/1875/677
f 1340/1721/678 3069/1720/678 5170/1893/678 2619/1894/678
f 3069/1720/679 1513/1719/679 2706/1895/679 5170/1893/679
f 5170/1893/680 2706/1895/680 1510/1885/680 3068/1882/680
f 2619/1894/681 5170/1893/681 3068/1882/681 1339/1881/681
f 1337/1871/682 3066/1870/682 5171/1896/682 2616/1897/682
f 3066/1870/683 1504/1869/683 2691/1898/683 5171/1896/683
f 5171/1896/684 2691/1898/684 1501/1825/684 3064/1822/684
f 2616/1897/685 5171/1896/685 3064/1822/685 1336/1821/685
f 1354/1730/686 3083/1729/686 5172/1899/686 2633/1900/686
f 3083/1729/687 1555/1728/687 2776/1901/687 5172/1899/687
f 5172/1899/688 2776/1901/688 1552/1891/688 3082/1888/688
f 2633/1900/689 5172/1899/689 3082/1888/689 1353/1887/689
f 1479/1902/690 3054/1903/690 5173/1904/690 2974/1905/690
f 3054/1903/691 1617/1906/691 2672/1907/691 5173/1904/691
f 5173/1904/692 2672/1907/692 1616/1908/692 3053/1909/692
f 2974/1905/693 5173/1904/693 3053/1909/693 1476/1910/693
f 1399/1911/694 2999/1912/694 5174/1913/694 2997/1914/694
f 2999/1912/695 1591/1915/695 2677/1916/695 5174/1913/695
f 5174/1913/696 2677/1916/696 1621/1917/696 3002/1918/696
f 2997/1914/697 5174/1913/697 3002/1918/697 1491/1919/697
f 1407/1920/698 3006/1921/698 5175/1922/698 2854/1923/698
f 3006/1921/699 1593/1924/699 2648/1925/699 5175/1922/699
f 5175/1922/700 2648/1925/700 1592/1926/700 3004/1927/700
f 2854/1923/701 5175/1922/701 3004/1927/701 1404/1928/701
f 1410/1929/702 3008/1930/702 5176/1931/702 2859/1932/702
f 3008/1930/703 1594/1933/703 2649/1934/703 5176/1931/703
f 5176/1931/704 2649/1934/704 1593/1924/704 3006/1921/704
f 2859/1932/705 5176/1931/705 3006/1921/705 1407/1920/705
f 1413/1935/706 3010/1936/706 5177/1937/706 2864/1938/706
f 3010/1936/707 1595/1939/707 2650/1940/707 5177/1937/707
f 5177/1937/708 2650/1940/708 1594/1933/708 3008/1930/708
f 2864/1938/709 5177/1937/709 3008/1930/709 1410/1929/709
f 1416/1941/710 3012/1942/710 5178/1943/710 2869/1944/710
f 3012/1942/711 1596/1945/711 2651/1946/711 5178/1943/711
f 5178/1943/712 2651/1946/712 1595/1939/712 3010/1936/712
f 2869/1944/713 5178/1943/713 3010/1936/713 1413/1935/713
f 1419/1947/714 3014/1948/714 5179/1949/714 2874/1950/714
f 3014/1948/715 1597/1951/715 2652/1952/715 5179/1949/715
f 5179/1949/716 2652/1952/716 1596/1945/716 3012/1942/716
f 2874/1950/717 5179/1949/717 3012/1942/717 1416/1941/717
f 1422/1953/718 3016/1954/718 5180/1955/718 2879/1956/718
f 3016/1954/719 1598/1957/719 2653/1958/719 5180/1955/719
f 5180/1955/720 2653/1958/720 1597/1951/720 3014/1948/720
f 2879/1956/721 5180/1955/721 3014/1948/721 1419/1947/721
f 1425/1959/722 3018/1960/722 5181/1961/722 2884/1962/722
f 3018/1960/723 1599/1963/723 2654/1964/723 5181/1961/723
f 5181/1961/724 2654/1964/724 1598/1957/724 3016/1954/724
f 2884/1962/725 5181/1961/725 3016/1954/725 1422/1953/725
f 1428/1965/726 3020/1966/726 5182/1967/726 2889/1968/726
f 3020/1966/727 1600/1969/727 2655/1970/727 5182/1967/727
f 5182/1967/728 2655/1970/728 1599/1963/728 3018/1960/728
f 2889/1968/729 5182/1967/729 3018/1960/729 1425/1959/729
f 1431/1971/730 3022/1972/730 5183/1973/730 2894/1974/730
f 3022/1972/731 1601/1975/731 2656/1976/731 5183/1973/731
f 5183/1973/732 2656/1976/732 1600/1969/732 3020/1966/732
f 2894/1974/733 5183/1973/733 3020/1966/733 1428/1965/733
f 1434/1977/734 3024/1978/734 5184/1979/734 2899/1980/734
f 3024/1978/735 1602/1981/735 2657/1982/735 5184/1979/735
f 5184/1979/736 2657/1982/736 1601/1975/736 3022/1972/736
f 2899/1980/737 5184/1979/737 3022/1972/737 1431/1971/737
f 1437/1983/738 3026/1984/738 5185/1985/738 2904/1986/738
f 3026/1984/739 1603/1987/739 2658/1988/739 5185/1985/739
f 5185/1985/740 2658/1988/740 1602/1981/740 3024/1978/740
f 2904/1986/741 5185/1985/741 3024/1978/741 1434/1977/741
f 1440/1989/742 3028/1990/742 5186/1991/742 2909/1992/742
f 3028/1990/743 1604/1993/743 2659/1994/743 5186/1991/743
f 5186/1991/744 2659/1994/744 1603/1987/744 3026/1984/744
f 2909/1992/745 5186/1991/745 3026/1984/745 1437/1983/745
f 1443/1995/746 3030/1996/746 5187/1997/746 2914/1998/746
f 3030/1996/747 1605/1999/747 2660/2000/747 5187/1997/747
f 5187/1997/748 2660/2000/748 1604/1993/748 3028/1990/748
f 2914/1998/749 5187/1997/749 3028/1990/749 1440/1989/749
f 1446/2001/750 3032/2002/750 5188/2003/750 2919/2004/750
f 3032/2002/751 1606/2005/751 2661/2006/751 5188/2003/751
f 5188/2003/752 2661/2006/752 1605/1999/752 3030/1996/752
f 2919/2004/753 5188/2003/753 3030/1996/753 1443/1995/753
f 1449/2007/754 3034/2008/754 5189/2009/754 2924/2010/754
f 3034/2008/755 1607/2011/755 2662/2012/755 5189/2009/755
f 5189/2009/756 2662/2012/756 1606/2005/756 3032/2002/756
f 2924/2010/757 5189/2009/757 3032/2002/757 1446/2001/757
f 1452/2013/758 3036/2014/758 5190/2015/758 2929/2016/758
f 3036/2014/759 1608/2017/759 2663/2018/759 5190/2015/759
f 5190/2015/760 2663/2018/760 1607/2011/760 3034/2008/760
f 2929/2016/761 5190/2015/761 3034/2008/761 1449/2007/761
f 1455/2019/762 3038/2020/762 5191/2021/762 2934/2022/762
f 3038/2020/763 1609/2023/763 2664/2024/763 5191/2021/763
f 5191/2021/764 2664/2024/764 1608/2017/764 3036/2014/764
f 2934/2022/765 5191/2021/765 3036/2014/765 1452/2013/765
f 1458/2025/766 3040/2026/766 5192/2027/766 2939/2028/766
f 3040/2026/767 1610/2029/767 2665/2030/767 5192/2027/767
f 5192/2027/768 2665/2030/768 1609/2023/768 3038/2020/768
f 2939/2028/769 5192/2027/769 3038/2020/769 1455/2019/769
f 1461/2031/770 3042/2032/770 5193/2033/770 2944/2034/770
f 3042/2032/771 1611/2035/771 2666/2036/771 5193/2033/771
f 5193/2033/772 2666/2036/772 1610/2029/772 3040/2026/772
f 2944/2034/773 5193/2033/773 3040/2026/773 1458/2025/773
f 1464/2037/774 3044/2038/774 5194/2039/774 2949/2040/774
f 3044/2038/775 1612/2041/775 2667/2042/775 5194/2039/775
f 5194/2039/776 2667/2042/776 1611/2035/776 3042/2032/776
f 2949/2040/777 5194/2039/777 3042/2032/777 1461/2031/777
f 1467/2043/778 3046/2044/778 5195/2045/778 2954/2046/778
f 3046/2044/779 1613/2047/779 2668/2048/779 5195/2045/779
f 5195/2045/780 2668/2048/780 1612/2041/780 3044/2038/780
f 2954/2046/781 5195/2045/781 3044/2038/781 1464/2037/781
f 1470/2049/782 3048/2050/782 5196/2051/782 2959/2052/782
f 3048/2050/783 1614/2053/783 2669/2054/783 5196/2051/783
f 5196/2051/784 2669/2054/784 1613/2047/784 3046/2044/784
f 2959/2052/785 5196/2051/785 3046/2044/785 1467/2043/785
f 1473/2055/786 3050/2056/786 5197/2057/786 2964/2058/786
f 3050/2056/787 1615/2059/787 2670/2060/787 5197/2057/787
f 5197/2057/788 2670/2060/788 1614/2053/788 3048/2050/788
f 2964/2058/789 5197/2057/789 3048/2050/789 1470/2049/789
f 1474/2061/790 3051/2062/790 5198/2063/790 2966/2064/790
f 3051/2062/791 1569/2065/791 2809/2066/791 5198/2063/791
f 5198/2063/792 2809/2066/792 1572/2067/792 3052/2068/792
f 2966/2064/793 5198/2063/793 3052/2068/793 1477/2069/793
f 1476/1910/794 3053/1909/794 5199/2070/794 2969/2071/794
f 3053/1909/795 1616/1908/795 2671/2072/795 5199/2070/795
f 5199/2070/796 2671/2072/796 1615/2059/796 3050/2056/796
f 2969/2071/797 5199/2070/797 3050/2056/797 1473/2055/797
f 1482/2073/798 3056/2074/798 5200/2075/798 2979/2076/798
f 3056/2074/799 1618/2077/799 2673/2078/799 5200/2075/799
f 5200/2075/800 2673/2078/800 1617/1906/800 3054/1903/800
f 2979/2076/801 5200/2075/801 3054/1903/801 1479/1902/801
f 1485/2079/802 3058/2080/802 5201/2081/802 2984/2082/802
f 3058/2080/803 1619/2083/803 2674/2084/803 5201/2081/803
f 5201/2081/804 2674/2084/804 1618/2077/804 3056/2074/804
f 2984/2082/805 5201/2081/805 3056/2074/805 1482/2073/805
f 1488/2085/806 3060/2086/806 5202/2087/806 2989/2088/806
f 3060/2086/807 1620/2089/807 2675/2090/807 5202/2087/807
f 5202/2087/808 2675/2090/808 1619/2083/808 3058/2080/808
f 2989/2088/809 5202/2087/809 3058/2080/809 1485/2079/809
f 1491/1919/810 3002/1918/810 5203/2091/810 2994/2092/810
f 3002/1918/811 1621/1917/811 2676/2093/811 5203/2091/811
f 5203/2091/812 2676/2093/812 1620/2089/812 3060/2086/812
f 2994/2092/813 5203/2091/813 3060/2086/813 1488/2085/813
f 1335/1829/814 3062/1828/814 5204/2094/814 2614/2095/814
f 3062/1828/815 1495/1827/815 2679/2096/815 5204/2094/815
f 5204/2094/816 2679/2096/816 1497/1846/816 3063/1843/816
f 2614/2095/817 5204/2094/817 3063/1843/817 1334/1842/817
f 1404/1928/818 3004/1927/818 5205/2097/818 2849/2098/818
f 3004/1927/819 1592/1926/819 2647/2099/819 5205/2097/819
f 5205/2097/820 2647/2099/820 1590/2100/820 2998/2101/820
f 2849/2098/821 5205/2097/821 2998/2101/821 1401/2102/821
f 1390/2103/822 3191/2104/822 5206/2105/822 3117/2106/822
f 3191/2104/823 1678/2107/823 3181/2108/823 5206/2105/823
f 5206/2105/824 3181/2108/824 1677/2109/824 3190/2110/824
f 3117/2106/825 5206/2105/825 3190/2110/825 1389/2111/825
f 1435/2112/826 3025/2113/826 5207/2114/826 2901/2115/826
f 3025/2113/827 1530/2116/827 2744/2117/827 5207/2114/827
f 5207/2114/828 2744/2117/828 1533/2118/828 3027/2119/828
f 2901/2115/829 5207/2114/829 3027/2119/829 1438/2120/829
f 1477/2069/830 3052/2068/830 5208/2121/830 2971/2122/830
f 3052/2068/831 1572/2067/831 2814/2123/831 5208/2121/831
f 5208/2121/832 2814/2123/832 1575/2124/832 3055/2125/832
f 2971/2122/833 5208/2121/833 3055/2125/833 1480/2126/833
f 1438/2120/834 3027/2119/834 5209/2127/834 2906/2128/834
f 3027/2119/835 1533/2118/835 2749/2129/835 5209/2127/835
f 5209/2127/836 2749/2129/836 1536/2130/836 3029/2131/836
f 2906/2128/837 5209/2127/837 3029/2131/837 1441/2132/837
f 1398/2133/838 3000/2134/838 5210/2135/838 2839/2136/838
f 3000/2134/839 1498/2137/839 2684/2138/839 5210/2135/839
f 5210/2135/840 2684/2138/840 1494/2139/840 3001/2140/840
f 2839/2136/841 5210/2135/841 3001/2140/841 1402/2141/841
f 1480/2126/842 3055/2125/842 5211/2142/842 2976/2143/842
f 3055/2125/843 1575/2124/843 2819/2144/843 5211/2142/843
f 5211/2142/844 2819/2144/844 1578/2145/844 3057/2146/844
f 2976/2143/845 5211/2142/845 3057/2146/845 1483/2147/845
f 1441/2132/846 3029/2131/846 5212/2148/846 2911/2149/846
f 3029/2131/847 1536/2130/847 2754/2150/847 5212/2148/847
f 5212/2148/848 2754/2150/848 1539/2151/848 3031/2152/848
f 2911/2149/849 5212/2148/849 3031/2152/849 1444/2153/849
f 1402/2141/850 3001/2140/850 5213/2154/850 2846/2155/850
f 3001/2140/851 1494/2139/851 2689/2156/851 5213/2154/851
f 5213/2154/852 2689/2156/852 1500/2157/852 3005/2158/852
f 2846/2155/853 5213/2154/853 3005/2158/853 1405/2159/853
f 1483/2147/827 3057/2146/827 5214/2160/827 2981/2161/827
f 3057/2146/826 1578/2145/826 2824/2162/826 5214/2160/826
f 5214/2160/829 2824/2162/829 1581/2163/829 3059/2164/829
f 2981/2161/828 5214/2160/828 3059/2164/828 1486/2165/828
f 1444/2153/854 3031/2152/854 5215/2166/854 2916/2167/854
f 3031/2152/855 1539/2151/855 2759/2168/855 5215/2166/855
f 5215/2166/856 2759/2168/856 1542/2169/856 3033/2170/856
f 2916/2167/857 5215/2166/857 3033/2170/857 1447/2171/857
f 1405/2159/858 3005/2158/858 5216/2172/858 2851/2173/858
f 3005/2158/859 1500/2157/859 2694/2174/859 5216/2172/859
f 5216/2172/860 2694/2174/860 1503/2175/860 3007/2176/860
f 2851/2173/861 5216/2172/861 3007/2176/861 1408/2177/861
f 1486/2165/835 3059/2164/835 5217/2178/835 2986/2179/835
f 3059/2164/834 1581/2163/834 2829/2180/834 5217/2178/834
f 5217/2178/837 2829/2180/837 1584/2181/837 3061/2182/837
f 2986/2179/836 5217/2178/836 3061/2182/836 1489/2183/836
f 1447/2171/839 3033/2170/839 5218/2184/839 2921/2185/839
f 3033/2170/838 1542/2169/838 2764/2186/838 5218/2184/838
f 5218/2184/841 2764/2186/841 1545/2187/841 3035/2188/841
f 2921/2185/840 5218/2184/840 3035/2188/840 1450/2189/840
f 1408/2177/862 3007/2176/862 5219/2190/862 2856/2191/862
f 3007/2176/863 1503/2175/863 2699/2192/863 5219/2190/863
f 5219/2190/864 2699/2192/864 1506/2193/864 3009/2194/864
f 2856/2191/865 5219/2190/865 3009/2194/865 1411/2195/865
f 1489/2183/847 3061/2182/847 5220/2196/847 2991/2197/847
f 3061/2182/846 1584/2181/846 2834/2198/846 5220/2196/846
f 5220/2196/849 2834/2198/849 1587/2199/849 3003/2200/849
f 2991/2197/848 5220/2196/848 3003/2200/848 1492/2201/848
f 1450/2189/851 3035/2188/851 5221/2202/851 2926/2203/851
f 3035/2188/850 1545/2187/850 2769/2204/850 5221/2202/850
f 5221/2202/853 2769/2204/853 1548/2205/853 3037/2206/853
f 2926/2203/852 5221/2202/852 3037/2206/852 1453/2207/852
f 1411/2195/866 3009/2194/866 5222/2208/866 2861/2209/866
f 3009/2194/867 1506/2193/867 2704/2210/867 5222/2208/867
f 5222/2208/868 2704/2210/868 1509/2211/868 3011/2212/868
f 2861/2209/869 5222/2208/869 3011/2212/869 1414/2213/869
f 1492/2201/855 3003/2200/855 5223/2214/855 2995/2215/855
f 3003/2200/854 1587/2199/854 2837/2216/854 5223/2214/854
f 5223/2214/857 2837/2216/857 1498/2137/857 3000/2134/857
f 2995/2215/856 5223/2214/856 3000/2134/856 1398/2133/856
f 1453/2207/859 3037/2206/859 5224/2217/859 2931/2218/859
f 3037/2206/858 1548/2205/858 2774/2219/858 5224/2217/858
f 5224/2217/861 2774/2219/861 1551/2220/861 3039/2221/861
f 2931/2218/860 5224/2217/860 3039/2221/860 1456/2222/860
f 1414/2213/870 3011/2212/870 5225/2223/870 2866/2224/870
f 3011/2212/871 1509/2211/871 2709/2225/871 5225/2223/871
f 5225/2223/872 2709/2225/872 1512/2226/872 3013/2227/872
f 2866/2224/873 5225/2223/873 3013/2227/873 1417/2228/873
f 1456/2222/863 3039/2221/863 5226/2229/863 2936/2230/863
f 3039/2221/862 1551/2220/862 2779/2231/862 5226/2229/862
f 5226/2229/865 2779/2231/865 1554/2232/865 3041/2233/865
f 2936/2230/864 5226/2229/864 3041/2233/864 1459/2234/864
f 1417/2228/874 3013/2227/874 5227/2235/874 2871/2236/874
f 3013/2227/875 1512/2226/875 2714/2237/875 5227/2235/875
f 5227/2235/876 2714/2237/876 1515/2238/876 3015/2239/876
f 2871/2236/877 5227/2235/877 3015/2239/877 1420/2240/877
f 1459/2234/867 3041/2233/867 5228/2241/867 2941/2242/867
f 3041/2233/866 1554/2232/866 2784/2243/866 5228/2241/866
f 5228/2241/869 2784/2243/869 1557/2244/869 3043/2245/869
f 2941/2242/868 5228/2241/868 3043/2245/868 1462/2246/868
f 1420/2240/878 3015/2239/878 5229/2247/878 2876/2248/878
f 3015/2239/879 1515/2238/879 2719/2249/879 5229/2247/879
f 5229/2247/880 2719/2249/880 1518/2250/880 3017/2251/880
f 2876/2248/881 5229/2247/881 3017/2251/881 1423/2252/881
f 1462/2246/882 3043/2245/882 5230/2253/882 2946/2254/882
f 3043/2245/883 1557/2244/883 2789/2255/883 5230/2253/883
f 5230/2253/873 2789/2255/873 1560/2256/873 3045/2257/873
f 2946/2254/872 5230/2253/872 3045/2257/872 1465/2258/872
f 1423/2252/884 3017/2251/884 5231/2259/884 2881/2260/884
f 3017/2251/885 1518/2250/885 2724/2261/885 5231/2259/885
f 5231/2259/886 2724/2261/886 1521/2262/886 3019/2263/886
f 2881/2260/887 5231/2259/887 3019/2263/887 1426/2264/887
f 1465/2258/875 3045/2257/875 5232/2265/875 2951/2266/875
f 3045/2257/874 1560/2256/874 2794/2267/874 5232/2265/874
f 5232/2265/877 2794/2267/877 1563/2268/877 3047/2269/877
f 2951/2266/876 5232/2265/876 3047/2269/876 1468/2270/876
f 1426/2264/888 3019/2263/888 5233/2271/888 2886/2272/888
f 3019/2263/790 1521/2262/790 2729/2273/790 5233/2271/790
f 5233/2271/793 2729/2273/793 1524/2274/793 3021/2275/793
f 2886/2272/792 5233/2271/792 3021/2275/792 1429/2276/792
f 1468/2270/879 3047/2269/879 5234/2277/879 2956/2278/879
f 3047/2269/878 1563/2268/878 2799/2279/878 5234/2277/878
f 5234/2277/881 2799/2279/881 1566/2280/881 3049/2281/881
f 2956/2278/880 5234/2277/880 3049/2281/880 1471/2282/880
f 1429/2276/831 3021/2275/831 5235/2283/831 2891/2284/831
f 3021/2275/830 1524/2274/830 2734/2285/830 5235/2283/830
f 5235/2283/833 2734/2285/833 1527/2286/833 3023/2287/833
f 2891/2284/832 5235/2283/832 3023/2287/832 1432/2288/832
f 1471/2282/885 3049/2281/885 5236/2289/885 2961/2290/885
f 3049/2281/884 1566/2280/884 2804/2291/884 5236/2289/884
f 5236/2289/887 2804/2291/887 1569/2065/887 3051/2062/887
f 2961/2290/886 5236/2289/886 3051/2062/886 1474/2061/886
f 1432/2288/843 3023/2287/843 5237/2292/843 2896/2293/843
f 3023/2287/842 1527/2286/842 2739/2294/842 5237/2292/842
f 5237/2292/845 2739/2294/845 1530/2116/845 3025/2113/845
f 2896/2293/844 5237/2292/844 3025/2113/844 1435/2112/844
f 1495/1827/889 2678/2295/889 5238/2296/889 2679/2096/889
f 2678/2295/890 1496/2297/890 2681/2298/890 5238/2296/890
f 5238/2296/891 2681/2298/891 1499/2299/891 2680/2300/891
f 2679/2096/892 5238/2296/892 2680/2300/892 1497/1846/892
f 1496/2297/893 2682/2301/893 5239/2302/893 2681/2298/893
f 2682/2301/894 1494/2139/894 2684/2138/894 5239/2302/894
f 5239/2302/895 2684/2138/895 1498/2137/895 2683/2303/895
f 2681/2298/896 5239/2302/896 2683/2303/896 1499/2299/896
f 1501/1825/897 2685/2304/897 5240/2305/897 2686/1826/897
f 2685/2304/898 1502/2306/898 2687/2307/898 5240/2305/898
f 5240/2305/899 2687/2307/899 1496/2297/899 2678/2295/899
f 2686/1826/900 5240/2305/900 2678/2295/900 1495/1827/900
f 1502/2306/901 2688/2308/901 5241/2309/901 2687/2307/901
f 2688/2308/902 1500/2157/902 2689/2156/902 5241/2309/902
f 5241/2309/903 2689/2156/903 1494/2139/903 2682/2301/903
f 2687/2307/904 5241/2309/904 2682/2301/904 1496/2297/904
f 1504/1869/905 2690/2310/905 5242/2311/905 2691/1898/905
f 2690/2310/906 1505/2312/906 2692/2313/906 5242/2311/906
f 5242/2311/907 2692/2313/907 1502/2306/907 2685/2304/907
f 2691/1898/908 5242/2311/908 2685/2304/908 1501/1825/908
f 1505/2312/909 2693/2314/909 5243/2315/909 2692/2313/909
f 2693/2314/910 1503/2175/910 2694/2174/910 5243/2315/910
f 5243/2315/911 2694/2174/911 1500/2157/911 2688/2308/911
f 2692/2313/912 5243/2315/912 2688/2308/912 1502/2306/912
f 1507/1867/913 2695/2316/913 5244/2317/913 2696/1868/913
f 2695/2316/914 1508/2318/914 2697/2319/914 5244/2317/914
f 5244/2317/915 2697/2319/915 1505/2312/915 2690/2310/915
f 2696/1868/916 5244/2317/916 2690/2310/916 1504/1869/916
f 1508/2318/917 2698/2320/917 5245/2321/917 2697/2319/917
f 2698/2320/918 1506/2193/918 2699/2192/918 5245/2321/918
f 5245/2321/919 2699/2192/919 1503/2175/919 2693/2314/919
f 2697/2319/920 5245/2321/920 2693/2314/920 1505/2312/920
f 1510/1885/921 2700/2322/921 5246/2323/921 2701/1886/921
f 2700/2322/922 1511/2324/922 2702/2325/922 5246/2323/922
f 5246/2323/923 2702/2325/923 1508/2318/923 2695/2316/923
f 2701/1886/924 5246/2323/924 2695/2316/924 1507/1867/924
f 1511/2324/925 2703/2326/925 5247/2327/925 2702/2325/925
f 2703/2326/926 1509/2211/926 2704/2210/926 5247/2327/926
f 5247/2327/927 2704/2210/927 1506/2193/927 2698/2320/927
f 2702/2325/928 5247/2327/928 2698/2320/928 1508/2318/928
f 1513/1719/929 2705/2328/929 5248/2329/929 2706/1895/929
f 2705/2328/930 1514/2330/930 2707/2331/930 5248/2329/930
f 5248/2329/931 2707/2331/931 1511/2324/931 2700/2322/931
f 2706/1895/932 5248/2329/932 2700/2322/932 1510/1885/932
f 1514/2330/933 2708/2332/933 5249/2333/933 2707/2331/933
f 2708/2332/934 1512/2226/934 2709/2225/934 5249/2333/934
f 5249/2333/935 2709/2225/935 1509/2211/935 2703/2326/935
f 2707/2331/936 5249/2333/936 2703/2326/936 1511/2324/936
f 1516/1717/937 2710/2334/937 5250/2335/937 2711/1718/937
f 2710/2334/938 1517/2336/938 2712/2337/938 5250/2335/938
f 5250/2335/939 2712/2337/939 1514/2330/939 2705/2328/939
f 2711/1718/940 5250/2335/940 2705/2328/940 1513/1719/940
f 1517/2336/941 2713/2338/941 5251/2339/941 2712/2337/941
f 2713/2338/942 1515/2238/942 2714/2237/942 5251/2339/942
f 5251/2339/943 2714/2237/943 1512/2226/943 2708/2332/943
f 2712/2337/944 5251/2339/944 2708/2332/944 1514/2330/944
f 1519/1735/945 2715/2340/945 5252/2341/945 2716/1736/945
f 2715/2340/946 1520/2342/946 2717/2343/946 5252/2341/946
f 5252/2341/947 2717/2343/947 1517/2336/947 2710/2334/947
f 2716/1736/948 5252/2341/948 2710/2334/948 1516/1717/948
f 1520/2342/949 2718/2344/949 5253/2345/949 2717/2343/949
f 2718/2344/950 1518/2250/950 2719/2249/950 5253/2345/950
f 5253/2345/951 2719/2249/951 1515/2238/951 2713/2338/951
f 2717/2343/952 5253/2345/952 2713/2338/952 1517/2336/952
f 1522/1747/953 2720/2346/953 5254/2347/953 2721/1748/953
f 2720/2346/954 1523/2348/954 2722/2349/954 5254/2347/954
f 5254/2347/955 2722/2349/955 1520/2342/955 2715/2340/955
f 2721/1748/956 5254/2347/956 2715/2340/956 1519/1735/956
f 1523/2348/957 2723/2350/957 5255/2351/957 2722/2349/957
f 2723/2350/958 1521/2262/958 2724/2261/958 5255/2351/958
f 5255/2351/959 2724/2261/959 1518/2250/959 2718/2344/959
f 2722/2349/960 5255/2351/960 2718/2344/960 1520/2342/960
f 1525/1759/961 2725/2352/961 5256/2353/961 2726/1760/961
f 2725/2352/962 1526/2354/962 2727/2355/962 5256/2353/962
f 5256/2353/963 2727/2355/963 1523/2348/963 2720/2346/963
f 2726/1760/964 5256/2353/964 2720/2346/964 1522/1747/964
f 1526/2354/965 2728/2356/965 5257/2357/965 2727/2355/965
f 2728/2356/966 1524/2274/966 2729/2273/966 5257/2357/966
f 5257/2357/967 2729/2273/967 1521/2262/967 2723/2350/967
f 2727/2355/968 5257/2357/968 2723/2350/968 1523/2348/968
f 1528/1771/969 2730/2358/969 5258/2359/969 2731/1772/969
f 2730/2358/970 1529/2360/970 2732/2361/970 5258/2359/970
f 5258/2359/971 2732/2361/971 1526/2354/971 2725/2352/971
f 2731/1772/972 5258/2359/972 2725/2352/972 1525/1759/972
f 1529/2360/973 2733/2362/973 5259/2363/973 2732/2361/973
f 2733/2362/974 1527/2286/974 2734/2285/974 5259/2363/974
f 5259/2363/975 2734/2285/975 1524/2274/975 2728/2356/975
f 2732/2361/976 5259/2363/976 2728/2356/976 1526/2354/976
f 1531/1783/977 2735/2364/977 5260/2365/977 2736/1784/977
f 2735/2364/978 1532/2366/978 2737/2367/978 5260/2365/978
f 5260/2365/979 2737/2367/979 1529/2360/979 2730/2358/979
f 2736/1784/980 5260/2365/980 2730/2358/980 1528/1771/980
f 1532/2366/981 2738/2368/981 5261/2369/981 2737/2367/981
f 2738/2368/982 1530/2116/982 2739/2294/982 5261/2369/982
f 5261/2369/983 2739/2294/983 1527/2286/983 2733/2362/983
f 2737/2367/984 5261/2369/984 2733/2362/984 1529/2360/984
f 1534/1795/985 2740/2370/985 5262/2371/985 2741/1796/985
f 2740/2370/986 1535/2372/986 2742/2373/986 5262/2371/986
f 5262/2371/987 2742/2373/987 1532/2366/987 2735/2364/987
f 2741/1796/988 5262/2371/988 2735/2364/988 1531/1783/988
f 1535/2372/989 2743/2374/989 5263/2375/989 2742/2373/989
f 2743/2374/990 1533/2118/990 2744/2117/990 5263/2375/990
f 5263/2375/991 2744/2117/991 1530/2116/991 2738/2368/991
f 2742/2373/992 5263/2375/992 2738/2368/992 1532/2366/992
f 1537/1807/993 2745/2376/993 5264/2377/993 2746/1808/993
f 2745/2376/994 1538/2378/994 2747/2379/994 5264/2377/994
f 5264/2377/995 2747/2379/995 1535/2372/995 2740/2370/995
f 2746/1808/996 5264/2377/996 2740/2370/996 1534/1795/996
f 1538/2378/997 2748/2380/997 5265/2381/997 2747/2379/997
f 2748/2380/998 1536/2130/998 2749/2129/998 5265/2381/998
f 5265/2381/999 2749/2129/999 1533/2118/999 2743/2374/999
f 2747/2379/1000 5265/2381/1000 2743/2374/1000 1535/2372/1000
f 1540/1819/1001 2750/2382/1001 5266/2383/1001 2751/1820/1001
f 2750/2382/1002 1541/2384/1002 2752/2385/1002 5266/2383/1002
f 5266/2383/1003 2752/2385/1003 1538/2378/1003 2745/2376/1003
f 2751/1820/1004 5266/2383/1004 2745/2376/1004 1537/1807/1004
f 1541/2384/1005 2753/2386/1005 5267/2387/1005 2752/2385/1005
f 2753/2386/1006 1539/2151/1006 2754/2150/1006 5267/2387/1006
f 5267/2387/1007 2754/2150/1007 1536/2130/1007 2748/2380/1007
f 2752/2385/1008 5267/2387/1008 2748/2380/1008 1538/2378/1008
f 1543/1840/1009 2755/2388/1009 5268/2389/1009 2756/1841/1009
f 2755/2388/1010 1544/2390/1010 2757/2391/1010 5268/2389/1010
f 5268/2389/1011 2757/2391/1011 1541/2384/1011 2750/2382/1011
f 2756/1841/1012 5268/2389/1012 2750/2382/1012 1540/1819/1012
f 1544/2390/1013 2758/2392/1013 5269/2393/1013 2757/2391/1013
f 2758/2392/1014 1542/2169/1014 2759/2168/1014 5269/2393/1014
f 5269/2393/1015 2759/2168/1015 1539/2151/1015 2753/2386/1015
f 2757/2391/1016 5269/2393/1016 2753/2386/1016 1541/2384/1016
f 1546/1861/1017 2760/2394/1017 5270/2395/1017 2761/1862/1017
f 2760/2394/1018 1547/2396/1018 2762/2397/1018 5270/2395/1018
f 5270/2395/1019 2762/2397/1019 1544/2390/1019 2755/2388/1019
f 2761/1862/1020 5270/2395/1020 2755/2388/1020 1543/1840/1020
f 1547/2396/1021 2763/2398/1021 5271/2399/1021 2762/2397/1021
f 2763/2398/1022 1545/2187/1022 2764/2186/1022 5271/2399/1022
f 5271/2399/1023 2764/2186/1023 1542/2169/1023 2758/2392/1023
f 2762/2397/1024 5271/2399/1024 2758/2392/1024 1544/2390/1024
f 1549/1879/1025 2765/2400/1025 5272/2401/1025 2766/1880/1025
f 2765/2400/1026 1550/2402/1026 2767/2403/1026 5272/2401/1026
f 5272/2401/1027 2767/2403/1027 1547/2396/1027 2760/2394/1027
f 2766/1880/1028 5272/2401/1028 2760/2394/1028 1546/1861/1028
f 1550/2402/1029 2768/2404/1029 5273/2405/1029 2767/2403/1029
f 2768/2404/1030 1548/2205/1030 2769/2204/1030 5273/2405/1030
f 5273/2405/1031 2769/2204/1031 1545/2187/1031 2763/2398/1031
f 2767/2403/1032 5273/2405/1032 2763/2398/1032 1547/2396/1032
f 1552/1891/1033 2770/2406/1033 5274/2407/1033 2771/1892/1033
f 2770/2406/1034 1553/2408/1034 2772/2409/1034 5274/2407/1034
f 5274/2407/1035 2772/2409/1035 1550/2402/1035 2765/2400/1035
f 2771/1892/1036 5274/2407/1036 2765/2400/1036 1549/1879/1036
f 1553/2408/1037 2773/2410/1037 5275/2411/1037 2772/2409/1037
f 2773/2410/1038 1551/2220/1038 2774/2219/1038 5275/2411/1038
f 5275/2411/1039 2774/2219/1039 1548/2205/1039 2768/2404/1039
f 2772/2409/1040 5275/2411/1040 2768/2404/1040 1550/2402/1040
f 1555/1728/1041 2775/2412/1041 5276/2413/1041 2776/1901/1041
f 2775/2412/1042 1556/2414/1042 2777/2415/1042 5276/2413/1042
f 5276/2413/1043 2777/2415/1043 1553/2408/1043 2770/2406/1043
f 2776/1901/1044 5276/2413/1044 2770/2406/1044 1552/1891/1044
f 1556/2414/1045 2778/2416/1045 5277/2417/1045 2777/2415/1045
f 2778/2416/1046 1554/2232/1046 2779/2231/1046 5277/2417/1046
f 5277/2417/1047 2779/2231/1047 1551/2220/1047 2773/2410/1047
f 2777/2415/1048 5277/2417/1048 2773/2410/1048 1553/2408/1048
f 1558/1726/1049 2780/2418/1049 5278/2419/1049 2781/1727/1049
f 2780/2418/1050 1559/2420/1050 2782/2421/1050 5278/2419/1050
f 5278/2419/1051 2782/2421/1051 1556/2414/1051 2775/2412/1051
f 2781/1727/1052 5278/2419/1052 2775/2412/1052 1555/1728/1052
f 1559/2420/1053 2783/2422/1053 5279/2423/1053 2782/2421/1053
f 2783/2422/1054 1557/2244/1054 2784/2243/1054 5279/2423/1054
f 5279/2423/1055 2784/2243/1055 1554/2232/1055 2778/2416/1055
f 2782/2421/1056 5279/2423/1056 2778/2416/1056 1556/2414/1056
f 1561/1741/1057 2785/2424/1057 5280/2425/1057 2786/1742/1057
f 2785/2424/1058 1562/2426/1058 2787/2427/1058 5280/2425/1058
f 5280/2425/1059 2787/2427/1059 1559/2420/1059 2780/2418/1059
f 2786/1742/1060 5280/2425/1060 2780/2418/1060 1558/1726/1060
f 1562/2426/1061 2788/2428/1061 5281/2429/1061 2787/2427/1061
f 2788/2428/1062 1560/2256/1062 2789/2255/1062 5281/2429/1062
f 5281/2429/1063 2789/2255/1063 1557/2244/1063 2783/2422/1063
f 2787/2427/1064 5281/2429/1064 2783/2422/1064 1559/2420/1064
f 1564/1753/1065 2790/2430/1065 5282/2431/1065 2791/1754/1065
f 2790/2430/1066 1565/2432/1066 2792/2433/1066 5282/2431/1066
f 5282/2431/1067 2792/2433/1067 1562/2426/1067 2785/2424/1067
f 2791/1754/1068 5282/2431/1068 2785/2424/1068 1561/1741/1068
f 1565/2432/1069 2793/2434/1069 5283/2435/1069 2792/2433/1069
f 2793/2434/1070 1563/2268/1070 2794/2267/1070 5283/2435/1070
f 5283/2435/1071 2794/2267/1071 1560/2256/1071 2788/2428/1071
f 2792/2433/1072 5283/2435/1072 2788/2428/1072 1562/2426/1072
f 1567/1765/1073 2795/2436/1073 5284/2437/1073 2796/1766/1073
f 2795/2436/1074 1568/2438/1074 2797/2439/1074 5284/2437/1074
f 5284/2437/1075 2797/2439/1075 1565/2432/1075 2790/2430/1075
f 2796/1766/1076 5284/2437/1076 2790/2430/1076 1564/1753/1076
f 1568/2438/1077 2798/2440/1077 5285/2441/1077 2797/2439/1077
f 2798/2440/1078 1566/2280/1078 2799/2279/1078 5285/2441/1078
f 5285/2441/1079 2799/2279/1079 1563/2268/1079 2793/2434/1079
f 2797/2439/1080 5285/2441/1080 2793/2434/1080 1565/2432/1080
f 1570/1777/1081 2800/2442/1081 5286/2443/1081 2801/1778/1081
f 2800/2442/1082 1571/2444/1082 2802/2445/1082 5286/2443/1082
f 5286/2443/1083 2802/2445/1083 1568/2438/1083 2795/2436/1083
f 2801/1778/1084 5286/2443/1084 2795/2436/1084 1567/1765/1084
f 1571/2444/1085 2803/2446/1085 5287/2447/1085 2802/2445/1085
f 2803/2446/1086 1569/2065/1086 2804/2291/1086 5287/2447/1086
f 5287/2447/1087 2804/2291/1087 1566/2280/1087 2798/2440/1087
f 2802/2445/1088 5287/2447/1088 2798/2440/1088 1568/2438/1088
f 1573/1789/1089 2805/2448/1089 5288/2449/1089 2806/1790/1089
f 2805/2448/1090 1574/2450/1090 2807/2451/1090 5288/2449/1090
f 5288/2449/1091 2807/2451/1091 1571/2444/1091 2800/2442/1091
f 2806/1790/1092 5288/2449/1092 2800/2442/1092 1570/1777/1092
f 1574/2450/1093 2808/2452/1093 5289/2453/1093 2807/2451/1093
f 2808/2452/1094 1572/2067/1094 2809/2066/1094 5289/2453/1094
f 5289/2453/1095 2809/2066/1095 1569/2065/1095 2803/2446/1095
f 2807/2451/1096 5289/2453/1096 2803/2446/1096 1571/2444/1096
f 1576/1801/1097 2810/2454/1097 5290/2455/1097 2811/1802/1097
f 2810/2454/1098 1577/2456/1098 2812/2457/1098 5290/2455/1098
f 5290/2455/1099 2812/2457/1099 1574/2450/1099 2805/2448/1099
f 2811/1802/1100 5290/2455/1100 2805/2448/1100 1573/1789/1100
f 1577/2456/1101 2813/2458/1101 5291/2459/1101 2812/2457/1101
f 2813/2458/1102 1575/2124/1102 2814/2123/1102 5291/2459/1102
f 5291/2459/1103 2814/2123/1103 1572/2067/1103 2808/2452/1103
f 2812/2457/1104 5291/2459/1104 2808/2452/1104 1574/2450/1104
f 1579/1813/1105 2815/2460/1105 5292/2461/1105 2816/1814/1105
f 2815/2460/1106 1580/2462/1106 2817/2463/1106 5292/2461/1106
f 5292/2461/1107 2817/2463/1107 1577/2456/1107 2810/2454/1107
f 2816/1814/1108 5292/2461/1108 2810/2454/1108 1576/1801/1108
f 1580/2462/1109 2818/2464/1109 5293/2465/1109 2817/2463/1109
f 2818/2464/1110 1578/2145/1110 2819/2144/1110 5293/2465/1110
f 5293/2465/1111 2819/2144/1111 1575/2124/1111 2813/2458/1111
f 2817/2463/1112 5293/2465/1112 2813/2458/1112 1577/2456/1112
f 1582/1834/1113 2820/2466/1113 5294/2467/1113 2821/1835/1113
f 2820/2466/1114 1583/2468/1114 2822/2469/1114 5294/2467/1114
f 5294/2467/1115 2822/2469/1115 1580/2462/1115 2815/2460/1115
f 2821/1835/1116 5294/2467/1116 2815/2460/1116 1579/1813/1116
f 1583/2468/1117 2823/2470/1117 5295/2471/1117 2822/2469/1117
f 2823/2470/1118 1581/2163/1118 2824/2162/1118 5295/2471/1118
f 5295/2471/1119 2824/2162/1119 1578/2145/1119 2818/2464/1119
f 2822/2469/1120 5295/2471/1120 2818/2464/1120 1580/2462/1120
f 1585/1855/1121 2825/2472/1121 5296/2473/1121 2826/1856/1121
f 2825/2472/1122 1586/2474/1122 2827/2475/1122 5296/2473/1122
f 5296/2473/1123 2827/2475/1123 1583/2468/1123 2820/2466/1123
f 2826/1856/1124 5296/2473/1124 2820/2466/1124 1582/1834/1124
f 1586/2474/1125 2828/2476/1125 5297/2477/1125 2827/2475/1125
f 2828/2476/1126 1584/2181/1126 2829/2180/1126 5297/2477/1126
f 5297/2477/1127 2829/2180/1127 1581/2163/1127 2823/2470/1127
f 2827/2475/1128 5297/2477/1128 2823/2470/1128 1583/2468/1128
f 1588/1848/1129 2830/2478/1129 5298/2479/1129 2831/1874/1129
f 2830/2478/1130 1589/2480/1130 2832/2481/1130 5298/2479/1130
f 5298/2479/1131 2832/2481/1131 1586/2474/1131 2825/2472/1131
f 2831/1874/1132 5298/2479/1132 2825/2472/1132 1585/1855/1132
f 1589/2480/1133 2833/2482/1133 5299/2483/1133 2832/2481/1133
f 2833/2482/1134 1587/2199/1134 2834/2198/1134 5299/2483/1134
f 5299/2483/1135 2834/2198/1135 1584/2181/1135 2828/2476/1135
f 2832/2481/1136 5299/2483/1136 2828/2476/1136 1586/2474/1136
f 1497/1846/1137 2680/2300/1137 5300/2484/1137 2835/1847/1137
f 2680/2300/1138 1499/2299/1138 2836/2485/1138 5300/2484/1138
f 5300/2484/1139 2836/2485/1139 1589/2480/1139 2830/2478/1139
f 2835/1847/1140 5300/2484/1140 2830/2478/1140 1588/1848/1140
f 1499/2299/1141 2683/2303/1141 5301/2486/1141 2836/2485/1141
f 2683/2303/1142 1498/2137/1142 2837/2216/1142 5301/2486/1142
f 5301/2486/1143 2837/2216/1143 1587/2199/1143 2833/2482/1143
f 2836/2485/1144 5301/2486/1144 2833/2482/1144 1589/2480/1144
f 1402/2141/1022 2838/2487/1022 5302/2488/1022 2839/2136/1022
f 2838/2487/1021 1403/2489/1021 2841/2490/1021 5302/2488/1021
f 5302/2488/1145 2841/2490/1145 1400/2491/1145 2840/2492/1145
f 2839/2136/1023 5302/2488/1023 2840/2492/1023 1398/2133/1023
f 1403/2489/1146 2842/2493/1146 5303/2494/1146 2841/2490/1146
f 2842/2493/1147 1401/2102/1147 2844/2495/1147 5303/2494/1147
f 5303/2494/1148 2844/2495/1148 1399/1911/1148 2843/2496/1148
f 2841/2490/1149 5303/2494/1149 2843/2496/1149 1400/2491/1149
f 1405/2159/1030 2845/2497/1030 5304/2498/1030 2846/2155/1030
f 2845/2497/1029 1406/2499/1029 2847/2500/1029 5304/2498/1029
f 5304/2498/1032 2847/2500/1032 1403/2489/1032 2838/2487/1032
f 2846/2155/1031 5304/2498/1031 2838/2487/1031 1402/2141/1031
f 1406/2499/1150 2848/2501/1150 5305/2502/1150 2847/2500/1150
f 2848/2501/1151 1404/1928/1151 2849/2098/1151 5305/2502/1151
f 5305/2502/1152 2849/2098/1152 1401/2102/1152 2842/2493/1152
f 2847/2500/1153 5305/2502/1153 2842/2493/1153 1403/2489/1153
f 1408/2177/1038 2850/2503/1038 5306/2504/1038 2851/2173/1038
f 2850/2503/1037 1409/2505/1037 2852/2506/1037 5306/2504/1037
f 5306/2504/1154 2852/2506/1154 1406/2499/1154 2845/2497/1154
f 2851/2173/1039 5306/2504/1039 2845/2497/1039 1405/2159/1039
f 1409/2505/1155 2853/2507/1155 5307/2508/1155 2852/2506/1155
f 2853/2507/1156 1407/1920/1156 2854/1923/1156 5307/2508/1156
f 5307/2508/1157 2854/1923/1157 1404/1928/1157 2848/2501/1157
f 2852/2506/1158 5307/2508/1158 2848/2501/1158 1406/2499/1158
f 1411/2195/1046 2855/2509/1046 5308/2510/1046 2856/2191/1046
f 2855/2509/1045 1412/2511/1045 2857/2512/1045 5308/2510/1045
f 5308/2510/1048 2857/2512/1048 1409/2505/1048 2850/2503/1048
f 2856/2191/1047 5308/2510/1047 2850/2503/1047 1408/2177/1047
f 1412/2511/1159 2858/2513/1159 5309/2514/1159 2857/2512/1159
f 2858/2513/1160 1410/1929/1160 2859/1932/1160 5309/2514/1160
f 5309/2514/1161 2859/1932/1161 1407/1920/1161 2853/2507/1161
f 2857/2512/1162 5309/2514/1162 2853/2507/1162 1409/2505/1162
f 1414/2213/1054 2860/2515/1054 5310/2516/1054 2861/2209/1054
f 2860/2515/1053 1415/2517/1053 2862/2518/1053 5310/2516/1053
f 5310/2516/1163 2862/2518/1163 1412/2511/1163 2855/2509/1163
f 2861/2209/1055 5310/2516/1055 2855/2509/1055 1411/2195/1055
f 1415/2517/1164 2863/2519/1164 5311/2520/1164 2862/2518/1164
f 2863/2519/1165 1413/1935/1165 2864/1938/1165 5311/2520/1165
f 5311/2520/1166 2864/1938/1166 1410/1929/1166 2858/2513/1166
f 2862/2518/1167 5311/2520/1167 2858/2513/1167 1412/2511/1167
f 1417/2228/1062 2865/2521/1062 5312/2522/1062 2866/2224/1062
f 2865/2521/1061 1418/2523/1061 2867/2524/1061 5312/2522/1061
f 5312/2522/1168 2867/2524/1168 1415/2517/1168 2860/2515/1168
f 2866/2224/1169 5312/2522/1169 2860/2515/1169 1414/2213/1169
f 1418/2523/1170 2868/2525/1170 5313/2526/1170 2867/2524/1170
f 2868/2525/1171 1416/1941/1171 2869/1944/1171 5313/2526/1171
f 5313/2526/1172 2869/1944/1172 1413/1935/1172 2863/2519/1172
f 2867/2524/1173 5313/2526/1173 2863/2519/1173 1415/2517/1173
f 1420/2240/1070 2870/2527/1070 5314/2528/1070 2871/2236/1070
f 2870/2527/1069 1421/2529/1069 2872/2530/1069 5314/2528/1069
f 5314/2528/1072 2872/2530/1072 1418/2523/1072 2865/2521/1072
f 2871/2236/1071 5314/2528/1071 2865/2521/1071 1417/2228/1071
f 1421/2529/1174 2873/2531/1174 5315/2532/1174 2872/2530/1174
f 2873/2531/1175 1419/1947/1175 2874/1950/1175 5315/2532/1175
f 5315/2532/1176 2874/1950/1176 1416/1941/1176 2868/2525/1176
f 2872/2530/1177 5315/2532/1177 2868/2525/1177 1418/2523/1177
f 1423/2252/1078 2875/2533/1078 5316/2534/1078 2876/2248/1078
f 2875/2533/1077 1424/2535/1077 2877/2536/1077 5316/2534/1077
f 5316/2534/1080 2877/2536/1080 1421/2529/1080 2870/2527/1080
f 2876/2248/1079 5316/2534/1079 2870/2527/1079 1420/2240/1079
f 1424/2535/1178 2878/2537/1178 5317/2538/1178 2877/2536/1178
f 2878/2537/1179 1422/1953/1179 2879/1956/1179 5317/2538/1179
f 5317/2538/1180 2879/1956/1180 1419/1947/1180 2873/2531/1180
f 2877/2536/1181 5317/2538/1181 2873/2531/1181 1421/2529/1181
f 1426/2264/1086 2880/2539/1086 5318/2540/1086 2881/2260/1086
f 2880/2539/1085 1427/2541/1085 2882/2542/1085 5318/2540/1085
f 5318/2540/1088 2882/2542/1088 1424/2535/1088 2875/2533/1088
f 2881/2260/1087 5318/2540/1087 2875/2533/1087 1423/2252/1087
f 1427/2541/1182 2883/2543/1182 5319/2544/1182 2882/2542/1182
f 2883/2543/1183 1425/1959/1183 2884/1962/1183 5319/2544/1183
f 5319/2544/1184 2884/1962/1184 1422/1953/1184 2878/2537/1184
f 2882/2542/1185 5319/2544/1185 2878/2537/1185 1424/2535/1185
f 1429/2276/1094 2885/2545/1094 5320/2546/1094 2886/2272/1094
f 2885/2545/1093 1430/2547/1093 2887/2548/1093 5320/2546/1093
f 5320/2546/1096 2887/2548/1096 1427/2541/1096 2880/2539/1096
f 2886/2272/1095 5320/2546/1095 2880/2539/1095 1426/2264/1095
f 1430/2547/1186 2888/2549/1186 5321/2550/1186 2887/2548/1186
f 2888/2549/1187 1428/1965/1187 2889/1968/1187 5321/2550/1187
f 5321/2550/1188 2889/1968/1188 1425/1959/1188 2883/2543/1188
f 2887/2548/1189 5321/2550/1189 2883/2543/1189 1427/2541/1189
f 1432/2288/1102 2890/2551/1102 5322/2552/1102 2891/2284/1102
f 2890/2551/1190 1433/2553/1190 2892/2554/1190 5322/2552/1190
f 5322/2552/1104 2892/2554/1104 1430/2547/1104 2885/2545/1104
f 2891/2284/1103 5322/2552/1103 2885/2545/1103 1429/2276/1103
f 1433/2553/1191 2893/2555/1191 5323/2556/1191 2892/2554/1191
f 2893/2555/1192 1431/1971/1192 2894/1974/1192 5323/2556/1192
f 5323/2556/1193 2894/1974/1193 1428/1965/1193 2888/2549/1193
f 2892/2554/1194 5323/2556/1194 2888/2549/1194 1430/2547/1194
f 1435/2112/1110 2895/2557/1110 5324/2558/1110 2896/2293/1110
f 2895/2557/1109 1436/2559/1109 2897/2560/1109 5324/2558/1109
f 5324/2558/1112 2897/2560/1112 1433/2553/1112 2890/2551/1112
f 2896/2293/1111 5324/2558/1111 2890/2551/1111 1432/2288/1111
f 1436/2559/1195 2898/2561/1195 5325/2562/1195 2897/2560/1195
f 2898/2561/1196 1434/1977/1196 2899/1980/1196 5325/2562/1196
f 5325/2562/1197 2899/1980/1197 1431/1971/1197 2893/2555/1197
f 2897/2560/1198 5325/2562/1198 2893/2555/1198 1433/2553/1198
f 1438/2120/1118 2900/2563/1118 5326/2564/1118 2901/2115/1118
f 2900/2563/1117 1439/2565/1117 2902/2566/1117 5326/2564/1117
f 5326/2564/1120 2902/2566/1120 1436/2559/1120 2895/2557/1120
f 2901/2115/1119 5326/2564/1119 2895/2557/1119 1435/2112/1119
f 1439/2565/1199 2903/2567/1199 5327/2568/1199 2902/2566/1199
f 2903/2567/1200 1437/1983/1200 2904/1986/1200 5327/2568/1200
f 5327/2568/1201 2904/1986/1201 1434/1977/1201 2898/2561/1201
f 2902/2566/1202 5327/2568/1202 2898/2561/1202 1436/2559/1202
f 1441/2132/1126 2905/2569/1126 5328/2570/1126 2906/2128/1126
f 2905/2569/1203 1442/2571/1203 2907/2572/1203 5328/2570/1203
f 5328/2570/1128 2907/2572/1128 1439/2565/1128 2900/2563/1128
f 2906/2128/1127 5328/2570/1127 2900/2563/1127 1438/2120/1127
f 1442/2571/1204 2908/2573/1204 5329/2574/1204 2907/2572/1204
f 2908/2573/1205 1440/1989/1205 2909/1992/1205 5329/2574/1205
f 5329/2574/1206 2909/1992/1206 1437/1983/1206 2903/2567/1206
f 2907/2572/1207 5329/2574/1207 2903/2567/1207 1439/2565/1207
f 1444/2153/1134 2910/2575/1134 5330/2576/1134 2911/2149/1134
f 2910/2575/1133 1445/2577/1133 2912/2578/1133 5330/2576/1133
f 5330/2576/1136 2912/2578/1136 1442/2571/1136 2905/2569/1136
f 2911/2149/1135 5330/2576/1135 2905/2569/1135 1441/2132/1135
f 1445/2577/1208 2913/2579/1208 5331/2580/1208 2912/2578/1208
f 2913/2579/1209 1443/1995/1209 2914/1998/1209 5331/2580/1209
f 5331/2580/1210 2914/1998/1210 1440/1989/1210 2908/2573/1210
f 2912/2578/1211 5331/2580/1211 2908/2573/1211 1442/2571/1211
f 1447/2171/1142 2915/2581/1142 5332/2582/1142 2916/2167/1142
f 2915/2581/1141 1448/2583/1141 2917/2584/1141 5332/2582/1141
f 5332/2582/1144 2917/2584/1144 1445/2577/1144 2910/2575/1144
f 2916/2167/1143 5332/2582/1143 2910/2575/1143 1444/2153/1143
f 1448/2583/1212 2918/2585/1212 5333/2586/1212 2917/2584/1212
f 2918/2585/1213 1446/2001/1213 2919/2004/1213 5333/2586/1213
f 5333/2586/1214 2919/2004/1214 1443/1995/1214 2913/2579/1214
f 2917/2584/1215 5333/2586/1215 2913/2579/1215 1445/2577/1215
f 1450/2189/894 2920/2587/894 5334/2588/894 2921/2185/894
f 2920/2587/1216 1451/2589/1216 2922/2590/1216 5334/2588/1216
f 5334/2588/896 2922/2590/896 1448/2583/896 2915/2581/896
f 2921/2185/895 5334/2588/895 2915/2581/895 1447/2171/895
f 1451/2589/1217 2923/2591/1217 5335/2592/1217 2922/2590/1217
f 2923/2591/1218 1449/2007/1218 2924/2010/1218 5335/2592/1218
f 5335/2592/1219 2924/2010/1219 1446/2001/1219 2918/2585/1219
f 2922/2590/1220 5335/2592/1220 2918/2585/1220 1448/2583/1220
f 1453/2207/902 2925/2593/902 5336/2594/902 2926/2203/902
f 2925/2593/901 1454/2595/901 2927/2596/901 5336/2594/901
f 5336/2594/904 2927/2596/904 1451/2589/904 2920/2587/904
f 2926/2203/903 5336/2594/903 2920/2587/903 1450/2189/903
f 1454/2595/1221 2928/2597/1221 5337/2598/1221 2927/2596/1221
f 2928/2597/1222 1452/2013/1222 2929/2016/1222 5337/2598/1222
f 5337/2598/1223 2929/2016/1223 1449/2007/1223 2923/2591/1223
f 2927/2596/1224 5337/2598/1224 2923/2591/1224 1451/2589/1224
f 1456/2222/910 2930/2599/910 5338/2600/910 2931/2218/910
f 2930/2599/1225 1457/2601/1225 2932/2602/1225 5338/2600/1225
f 5338/2600/912 2932/2602/912 1454/2595/912 2925/2593/912
f 2931/2218/911 5338/2600/911 2925/2593/911 1453/2207/911
f 1457/2601/1226 2933/2603/1226 5339/2604/1226 2932/2602/1226
f 2933/2603/1227 1455/2019/1227 2934/2022/1227 5339/2604/1227
f 5339/2604/1228 2934/2022/1228 1452/2013/1228 2928/2597/1228
f 2932/2602/1229 5339/2604/1229 2928/2597/1229 1454/2595/1229
f 1459/2234/1230 2935/2605/1230 5340/2606/1230 2936/2230/1230
f 2935/2605/917 1460/2607/917 2937/2608/917 5340/2606/917
f 5340/2606/920 2937/2608/920 1457/2601/920 2930/2599/920
f 2936/2230/919 5340/2606/919 2930/2599/919 1456/2222/919
f 1460/2607/1231 2938/2609/1231 5341/2610/1231 2937/2608/1231
f 2938/2609/1232 1458/2025/1232 2939/2028/1232 5341/2610/1232
f 5341/2610/1233 2939/2028/1233 1455/2019/1233 2933/2603/1233
f 2937/2608/1234 5341/2610/1234 2933/2603/1234 1457/2601/1234
f 1462/2246/926 2940/2611/926 5342/2612/926 2941/2242/926
f 2940/2611/925 1463/2613/925 2942/2614/925 5342/2612/925
f 5342/2612/1235 2942/2614/1235 1460/2607/1235 2935/2605/1235
f 2941/2242/1236 5342/2612/1236 2935/2605/1236 1459/2234/1236
f 1463/2613/1237 2943/2615/1237 5343/2616/1237 2942/2614/1237
f 2943/2615/1238 1461/2031/1238 2944/2034/1238 5343/2616/1238
f 5343/2616/1239 2944/2034/1239 1458/2025/1239 2938/2609/1239
f 2942/2614/1240 5343/2616/1240 2938/2609/1240 1460/2607/1240
f 1465/2258/934 2945/2617/934 5344/2618/934 2946/2254/934
f 2945/2617/933 1466/2619/933 2947/2620/933 5344/2618/933
f 5344/2618/936 2947/2620/936 1463/2613/936 2940/2611/936
f 2946/2254/1241 5344/2618/1241 2940/2611/1241 1462/2246/1241
f 1466/2619/1242 2948/2621/1242 5345/2622/1242 2947/2620/1242
f 2948/2621/1243 1464/2037/1243 2949/2040/1243 5345/2622/1243
f 5345/2622/1244 2949/2040/1244 1461/2031/1244 2943/2615/1244
f 2947/2620/1245 5345/2622/1245 2943/2615/1245 1463/2613/1245
f 1468/2270/942 2950/2623/942 5346/2624/942 2951/2266/942
f 2950/2623/941 1469/2625/941 2952/2626/941 5346/2624/941
f 5346/2624/944 2952/2626/944 1466/2619/944 2945/2617/944
f 2951/2266/943 5346/2624/943 2945/2617/943 1465/2258/943
f 1469/2625/1246 2953/2627/1246 5347/2628/1246 2952/2626/1246
f 2953/2627/1247 1467/2043/1247 2954/2046/1247 5347/2628/1247
f 5347/2628/1248 2954/2046/1248 1464/2037/1248 2948/2621/1248
f 2952/2626/1249 5347/2628/1249 2948/2621/1249 1466/2619/1249
f 1471/2282/1250 2955/2629/1250 5348/2630/1250 2956/2278/1250
f 2955/2629/949 1472/2631/949 2957/2632/949 5348/2630/949
f 5348/2630/952 2957/2632/952 1469/2625/952 2950/2623/952
f 2956/2278/951 5348/2630/951 2950/2623/951 1468/2270/951
f 1472/2631/1251 2958/2633/1251 5349/2634/1251 2957/2632/1251
f 2958/2633/1252 1470/2049/1252 2959/2052/1252 5349/2634/1252
f 5349/2634/1253 2959/2052/1253 1467/2043/1253 2953/2627/1253
f 2957/2632/1254 5349/2634/1254 2953/2627/1254 1469/2625/1254
f 1474/2061/958 2960/2635/958 5350/2636/958 2961/2290/958
f 2960/2635/957 1475/2637/957 2962/2638/957 5350/2636/957
f 5350/2636/960 2962/2638/960 1472/2631/960 2955/2629/960
f 2961/2290/1255 5350/2636/1255 2955/2629/1255 1471/2282/1255
f 1475/2637/1256 2963/2639/1256 5351/2640/1256 2962/2638/1256
f 2963/2639/1257 1473/2055/1257 2964/2058/1257 5351/2640/1257
f 5351/2640/1258 2964/2058/1258 1470/2049/1258 2958/2633/1258
f 2962/2638/1259 5351/2640/1259 2958/2633/1259 1472/2631/1259
f 1477/2069/966 2965/2641/966 5352/2642/966 2966/2064/966
f 2965/2641/965 1478/2643/965 2967/2644/965 5352/2642/965
f 5352/2642/968 2967/2644/968 1475/2637/968 2960/2635/968
f 2966/2064/1260 5352/2642/1260 2960/2635/1260 1474/2061/1260
f 1478/2643/1261 2968/2645/1261 5353/2646/1261 2967/2644/1261
f 2968/2645/1262 1476/1910/1262 2969/2071/1262 5353/2646/1262
f 5353/2646/1263 2969/2071/1263 1473/2055/1263 2963/2639/1263
f 2967/2644/1264 5353/2646/1264 2963/2639/1264 1475/2637/1264
f 1480/2126/974 2970/2647/974 5354/2648/974 2971/2122/974
f 2970/2647/1265 1481/2649/1265 2972/2650/1265 5354/2648/1265
f 5354/2648/1266 2972/2650/1266 1478/2643/1266 2965/2641/1266
f 2971/2122/975 5354/2648/975 2965/2641/975 1477/2069/975
f 1481/2649/1267 2973/2651/1267 5355/2652/1267 2972/2650/1267
f 2973/2651/1268 1479/1902/1268 2974/1905/1268 5355/2652/1268
f 5355/2652/1269 2974/1905/1269 1476/1910/1269 2968/2645/1269
f 2972/2650/1270 5355/2652/1270 2968/2645/1270 1478/2643/1270
f 1483/2147/982 2975/2653/982 5356/2654/982 2976/2143/982
f 2975/2653/981 1484/2655/981 2977/2656/981 5356/2654/981
f 5356/2654/984 2977/2656/984 1481/2649/984 2970/2647/984
f 2976/2143/983 5356/2654/983 2970/2647/983 1480/2126/983
f 1484/2655/1271 2978/2657/1271 5357/2658/1271 2977/2656/1271
f 2978/2657/1272 1482/2073/1272 2979/2076/1272 5357/2658/1272
f 5357/2658/1273 2979/2076/1273 1479/1902/1273 2973/2651/1273
f 2977/2656/1274 5357/2658/1274 2973/2651/1274 1481/2649/1274
f 1486/2165/990 2980/2659/990 5358/2660/990 2981/2161/990
f 2980/2659/989 1487/2661/989 2982/2662/989 5358/2660/989
f 5358/2660/992 2982/2662/992 1484/2655/992 2975/2653/992
f 2981/2161/1275 5358/2660/1275 2975/2653/1275 1483/2147/1275
f 1487/2661/1276 2983/2663/1276 5359/2664/1276 2982/2662/1276
f 2983/2663/1277 1485/2079/1277 2984/2082/1277 5359/2664/1277
f 5359/2664/1278 2984/2082/1278 1482/2073/1278 2978/2657/1278
f 2982/2662/1279 5359/2664/1279 2978/2657/1279 1484/2655/1279
f 1489/2183/998 2985/2665/998 5360/2666/998 2986/2179/998
f 2985/2665/997 1490/2667/997 2987/2668/997 5360/2666/997
f 5360/2666/1000 2987/2668/1000 1487/2661/1000 2980/2659/1000
f 2986/2179/999 5360/2666/999 2980/2659/999 1486/2165/999
f 1490/2667/1280 2988/2669/1280 5361/2670/1280 2987/2668/1280
f 2988/2669/1281 1488/2085/1281 2989/2088/1281 5361/2670/1281
f 5361/2670/1282 2989/2088/1282 1485/2079/1282 2983/2663/1282
f 2987/2668/1283 5361/2670/1283 2983/2663/1283 1487/2661/1283
f 1492/2201/1006 2990/2671/1006 5362/2672/1006 2991/2197/1006
f 2990/2671/1005 1493/2673/1005 2992/2674/1005 5362/2672/1005
f 5362/2672/1008 2992/2674/1008 1490/2667/1008 2985/2665/1008
f 2991/2197/1007 5362/2672/1007 2985/2665/1007 1489/2183/1007
f 1493/2673/1284 2993/2675/1284 5363/2676/1284 2992/2674/1284
f 2993/2675/1285 1491/1919/1285 2994/2092/1285 5363/2676/1285
f 5363/2676/1286 2994/2092/1286 1488/2085/1286 2988/2669/1286
f 2992/2674/1287 5363/2676/1287 2988/2669/1287 1490/2667/1287
f 1398/2133/1014 2840/2492/1014 5364/2677/1014 2995/2215/1014
f 2840/2492/1013 1400/2491/1013 2996/2678/1013 5364/2677/1013
f 5364/2677/1016 2996/2678/1016 1493/2673/1016 2990/2671/1016
f 2995/2215/1015 5364/2677/1015 2990/2671/1015 1492/2201/1015
f 1400/2491/1288 2843/2496/1288 5365/2679/1288 2996/2678/1288
f 2843/2496/1289 1399/1911/1289 2997/1914/1289 5365/2679/1289
f 5365/2679/1290 2997/1914/1290 1491/1919/1290 2993/2675/1290
f 2996/2678/1291 5365/2679/1291 2993/2675/1291 1493/2673/1291
f 1401/2102/1292 2998/2101/1292 5366/2680/1292 2844/2495/1292
f 2998/2101/1293 1590/2100/1293 2646/2681/1293 5366/2680/1293
f 5366/2680/1294 2646/2681/1294 1591/1915/1294 2999/1912/1294
f 2844/2495/1295 5366/2680/1295 2999/1912/1295 1399/1911/1295
f 1366/2682/1296 3126/2683/1296 5367/2684/1296 3094/2685/1296
f 3126/2683/1297 1591/1915/1297 2646/2681/1297 5367/2684/1297
f 5367/2684/1298 2646/2681/1298 1590/2100/1298 3127/2686/1298
f 3094/2685/1299 5367/2684/1299 3127/2686/1299 1367/2687/1299
f 1367/2687/1300 3127/2686/1300 5368/2688/1300 3095/2689/1300
f 3127/2686/1301 1590/2100/1301 2647/2099/1301 5368/2688/1301
f 5368/2688/1302 2647/2099/1302 1592/1926/1302 3128/2690/1302
f 3095/2689/1303 5368/2688/1303 3128/2690/1303 1368/2691/1303
f 1368/2691/1304 3128/2690/1304 5369/2692/1304 3096/2693/1304
f 3128/2690/1305 1592/1926/1305 2648/1925/1305 5369/2692/1305
f 5369/2692/1306 2648/1925/1306 1593/1924/1306 3129/2694/1306
f 3096/2693/1307 5369/2692/1307 3129/2694/1307 1369/2695/1307
f 1369/2695/1308 3129/2694/1308 5370/2696/1308 3097/2697/1308
f 3129/2694/1309 1593/1924/1309 2649/1934/1309 5370/2696/1309
f 5370/2696/1310 2649/1934/1310 1594/1933/1310 3130/2698/1310
f 3097/2697/1311 5370/2696/1311 3130/2698/1311 1370/2699/1311
f 1370/2699/1312 3130/2698/1312 5371/2700/1312 3098/2701/1312
f 3130/2698/1313 1594/1933/1313 2650/1940/1313 5371/2700/1313
f 5371/2700/1314 2650/1940/1314 1595/1939/1314 3131/2702/1314
f 3098/2701/1315 5371/2700/1315 3131/2702/1315 1371/2703/1315
f 1371/2703/1316 3131/2702/1316 5372/2704/1316 3099/2705/1316
f 3131/2702/1317 1595/1939/1317 2651/1946/1317 5372/2704/1317
f 5372/2704/1318 2651/1946/1318 1596/1945/1318 3132/2706/1318
f 3099/2705/1319 5372/2704/1319 3132/2706/1319 1372/2707/1319
f 1372/2707/1320 3132/2706/1320 5373/2708/1320 3100/2709/1320
f 3132/2706/1321 1596/1945/1321 2652/1952/1321 5373/2708/1321
f 5373/2708/1322 2652/1952/1322 1597/1951/1322 3133/2710/1322
f 3100/2709/1323 5373/2708/1323 3133/2710/1323 1373/2711/1323
f 1373/2711/1324 3133/2710/1324 5374/2712/1324 3101/2713/1324
f 3133/2710/1325 1597/1951/1325 2653/1958/1325 5374/2712/1325
f 5374/2712/1326 2653/1958/1326 1598/1957/1326 3134/2714/1326
f 3101/2713/1327 5374/2712/1327 3134/2714/1327 1374/2715/1327
f 1374/2715/1328 3134/2714/1328 5375/2716/1328 3102/2717/1328
f 3134/2714/1329 1598/1957/1329 2654/1964/1329 5375/2716/1329
f 5375/2716/1330 2654/1964/1330 1599/1963/1330 3135/2718/1330
f 3102/2717/1331 5375/2716/1331 3135/2718/1331 1375/2719/1331
f 1375/2719/1332 3135/2718/1332 5376/2720/1332 3103/2721/1332
f 3135/2718/1333 1599/1963/1333 2655/1970/1333 5376/2720/1333
f 5376/2720/1334 2655/1970/1334 1600/1969/1334 3136/2722/1334
f 3103/2721/1335 5376/2720/1335 3136/2722/1335 1376/2723/1335
f 1376/2723/1336 3136/2722/1336 5377/2724/1336 3104/2725/1336
f 3136/2722/1337 1600/1969/1337 2656/1976/1337 5377/2724/1337
f 5377/2724/1338 2656/1976/1338 1601/1975/1338 3137/2726/1338
f 3104/2725/1339 5377/2724/1339 3137/2726/1339 1377/2727/1339
f 1377/2727/1340 3137/2726/1340 5378/2728/1340 3105/2729/1340
f 3137/2726/1341 1601/1975/1341 2657/1982/1341 5378/2728/1341
f 5378/2728/1342 2657/1982/1342 1602/1981/1342 3138/2730/1342
f 3105/2729/1343 5378/2728/1343 3138/2730/1343 1378/2731/1343
f 1378/2731/1344 3138/2730/1344 5379/2732/1344 3106/2733/1344
f 3138/2730/1345 1602/1981/1345 2658/1988/1345 5379/2732/1345
f 5379/2732/1346 2658/1988/1346 1603/1987/1346 3139/2734/1346
f 3106/2733/1347 5379/2732/1347 3139/2734/1347 1379/2735/1347
f 1379/2735/1348 3139/2734/1348 5380/2736/1348 3107/2737/1348
f 3139/2734/1349 1603/1987/1349 2659/1994/1349 5380/2736/1349
f 5380/2736/1350 2659/1994/1350 1604/1993/1350 3140/2738/1350
f 3107/2737/1351 5380/2736/1351 3140/2738/1351 1380/2739/1351
f 1380/2739/1352 3140/2738/1352 5381/2740/1352 3108/2741/1352
f 3140/2738/1353 1604/1993/1353 2660/2000/1353 5381/2740/1353
f 5381/2740/1354 2660/2000/1354 1605/1999/1354 3141/2742/1354
f 3108/2741/1355 5381/2740/1355 3141/2742/1355 1381/2743/1355
f 1381/2743/1356 3141/2742/1356 5382/2744/1356 3109/2745/1356
f 3141/2742/1357 1605/1999/1357 2661/2006/1357 5382/2744/1357
f 5382/2744/1358 2661/2006/1358 1606/2005/1358 3142/2746/1358
f 3109/2745/1359 5382/2744/1359 3142/2746/1359 1382/2747/1359
f 1382/2747/1360 3142/2746/1360 5383/2748/1360 3110/2749/1360
f 3142/2746/1361 1606/2005/1361 2662/2012/1361 5383/2748/1361
f 5383/2748/1362 2662/2012/1362 1607/2011/1362 3143/2750/1362
f 3110/2749/1363 5383/2748/1363 3143/2750/1363 1383/2751/1363
f 1383/2751/1364 3143/2750/1364 5384/2752/1364 3111/2753/1364
f 3143/2750/1365 1607/2011/1365 2663/2018/1365 5384/2752/1365
f 5384/2752/1366 2663/2018/1366 1608/2017/1366 3144/2754/1366
f 3111/2753/1367 5384/2752/1367 3144/2754/1367 1384/2755/1367
f 1384/2755/1368 3144/2754/1368 5385/2756/1368 3112/2757/1368
f 3144/2754/1369 1608/2017/1369 2664/2024/1369 5385/2756/1369
f 5385/2756/1370 2664/2024/1370 1609/2023/1370 3145/2758/1370
f 3112/2757/1371 5385/2756/1371 3145/2758/1371 1385/2759/1371
f 1385/2759/1372 3145/2758/1372 5386/2760/1372 3113/2761/1372
f 3145/2758/1373 1609/2023/1373 2665/2030/1373 5386/2760/1373
f 5386/2760/1374 2665/2030/1374 1610/2029/1374 3146/2762/1374
f 3113/2761/1375 5386/2760/1375 3146/2762/1375 1386/2763/1375
f 1386/2763/1376 3146/2762/1376 5387/2764/1376 3114/2765/1376
f 3146/2762/1377 1610/2029/1377 2666/2036/1377 5387/2764/1377
f 5387/2764/1378 2666/2036/1378 1611/2035/1378 3147/2766/1378
f 3114/2765/1379 5387/2764/1379 3147/2766/1379 1387/2767/1379
f 1387/2767/1380 3147/2766/1380 5388/2768/1380 3115/2769/1380
f 3147/2766/1381 1611/2035/1381 2667/2042/1381 5388/2768/1381
f 5388/2768/1382 2667/2042/1382 1612/2041/1382 3148/2770/1382
f 3115/2769/1383 5388/2768/1383 3148/2770/1383 1388/2771/1383
f 1388/2771/1384 3148/2770/1384 5389/2772/1384 3116/2773/1384
f 3148/2770/1385 1612/2041/1385 2668/2048/1385 5389/2772/1385
f 5389/2772/1386 2668/2048/1386 1613/2047/1386 3149/2774/1386
f 3116/2773/1387 5389/2772/1387 3149/2774/1387 1389/2111/1387
f 1389/2111/1388 3149/2774/1388 5390/2775/1388 3117/2106/1388
f 3149/2774/1389 1613/2047/1389 2669/2054/1389 5390/2775/1389
f 5390/2775/1390 2669/2054/1390 1614/2053/1390 3150/2776/1390
f 3117/2106/1391 5390/2775/1391 3150/2776/1391 1390/2103/1391
f 1390/2103/1392 3150/2776/1392 5391/2777/1392 3118/2778/1392
f 3150/2776/1393 1614/2053/1393 2670/2060/1393 5391/2777/1393
f 5391/2777/1394 2670/2060/1394 1615/2059/1394 3151/2779/1394
f 3118/2778/1395 5391/2777/1395 3151/2779/1395 1391/2780/1395
f 1391/2780/1396 3151/2779/1396 5392/2781/1396 3119/2782/1396
f 3151/2779/1397 1615/2059/1397 2671/2072/1397 5392/2781/1397
f 5392/2781/1398 2671/2072/1398 1616/1908/1398 3152/2783/1398
f 3119/2782/1399 5392/2781/1399 3152/2783/1399 1392/2784/1399
f 1392/2784/1400 3152/2783/1400 5393/2785/1400 3120/2786/1400
f 3152/2783/1401 1616/1908/1401 2672/1907/1401 5393/2785/1401
f 5393/2785/1402 2672/1907/1402 1617/1906/1402 3153/2787/1402
f 3120/2786/1403 5393/2785/1403 3153/2787/1403 1393/2788/1403
f 1393/2788/1404 3153/2787/1404 5394/2789/1404 3121/2790/1404
f 3153/2787/1405 1617/1906/1405 2673/2078/1405 5394/2789/1405
f 5394/2789/1406 2673/2078/1406 1618/2077/1406 3154/2791/1406
f 3121/2790/1407 5394/2789/1407 3154/2791/1407 1394/2792/1407
f 1394/2792/1408 3154/2791/1408 5395/2793/1408 3122/2794/1408
f 3154/2791/1409 1618/2077/1409 2674/2084/1409 5395/2793/1409
f 5395/2793/1410 2674/2084/1410 1619/2083/1410 3155/2795/1410
f 3122/2794/1411 5395/2793/1411 3155/2795/1411 1395/2796/1411
f 1395/2796/1412 3155/2795/1412 5396/2797/1412 3123/2798/1412
f 3155/2795/1413 1619/2083/1413 2675/2090/1413 5396/2797/1413
f 5396/2797/1414 2675/2090/1414 1620/2089/1414 3156/2799/1414
f 3123/2798/1415 5396/2797/1415 3156/2799/1415 1396/2800/1415
f 1396/2800/1416 3156/2799/1416 5397/2801/1416 3124/2802/1416
f 3156/2799/1417 1620/2089/1417 2676/2093/1417 5397/2801/1417
f 5397/2801/1418 2676/2093/1418 1621/1917/1418 3157/2803/1418
f 3124/2802/1419 5397/2801/1419 3157/2803/1419 1397/2804/1419
f 1397/2804/1420 3157/2803/1420 5398/2805/1420 3125/2806/1420
f 3157/2803/1421 1621/1917/1421 2677/1916/1421 5398/2805/1421
f 5398/2805/1422 2677/1916/1422 1591/1915/1422 3126/2683/1422
f 3125/2806/1423 5398/2805/1423 3126/2683/1423 1366/2682/1423
f 1377/2727/1424 3193/2807/1424 5400/2808/1424 3104/2725/1424
f 3193/2807/1425 1665/2809/1425 3168/2810/1425 5400/2808/1425
f 5400/2808/1426 3168/2810/1426 1664/2811/1426 3192/2812/1426
f 3104/2725/1427 5400/2808/1427 3192/2812/1427 1376/2723/1427
f 1391/2780/1428 3194/2813/1428 5401/2814/1428 3118/2778/1428
f 3194/2813/1429 1679/2815/1429 3182/2816/1429 5401/2814/1429
f 5401/2814/1430 3182/2816/1430 1678/2107/1430 3191/2104/1430
f 3118/2778/1431 5401/2814/1431 3191/2104/1431 1390/2103/1431
f 1378/2731/1432 3195/2817/1432 5402/2818/1432 3105/2729/1432
f 3195/2817/1433 1666/2819/1433 3169/2820/1433 5402/2818/1433
f 5402/2818/1434 3169/2820/1434 1665/2809/1434 3193/2807/1434
f 3105/2729/1435 5402/2818/1435 3193/2807/1435 1377/2727/1435
f 1392/2784/1436 3196/2821/1436 5403/2822/1436 3119/2782/1436
f 3196/2821/1437 1680/2823/1437 3183/2824/1437 5403/2822/1437
f 5403/2822/1438 3183/2824/1438 1679/2815/1438 3194/2813/1438
f 3119/2782/1439 5403/2822/1439 3194/2813/1439 1391/2780/1439
f 1379/2735/1440 3197/2825/1440 5404/2826/1440 3106/2733/1440
f 3197/2825/1441 1667/2827/1441 3170/2828/1441 5404/2826/1441
f 5404/2826/1442 3170/2828/1442 1666/2819/1442 3195/2817/1442
f 3106/2733/1443 5404/2826/1443 3195/2817/1443 1378/2731/1443
f 1393/2788/1444 3198/2829/1444 5405/2830/1444 3120/2786/1444
f 3198/2829/1445 1681/2831/1445 3184/2832/1445 5405/2830/1445
f 5405/2830/1446 3184/2832/1446 1680/2823/1446 3196/2821/1446
f 3120/2786/1447 5405/2830/1447 3196/2821/1447 1392/2784/1447
f 1380/2739/1448 3199/2833/1448 5406/2834/1448 3107/2737/1448
f 3199/2833/1449 1668/2835/1449 3171/2836/1449 5406/2834/1449
f 5406/2834/1450 3171/2836/1450 1667/2827/1450 3197/2825/1450
f 3107/2737/1451 5406/2834/1451 3197/2825/1451 1379/2735/1451
f 1367/2687/1452 3201/2837/1452 5407/2838/1452 3094/2685/1452
f 3201/2837/1453 1654/2839/1453 3158/2840/1453 5407/2838/1453
f 5407/2838/1454 3158/2840/1454 1655/2841/1454 3200/2842/1454
f 3094/2685/1455 5407/2838/1455 3200/2842/1455 1366/2682/1455
f 1394/2792/1456 3202/2843/1456 5408/2844/1456 3121/2790/1456
f 3202/2843/1457 1682/2845/1457 3185/2846/1457 5408/2844/1457
f 5408/2844/1458 3185/2846/1458 1681/2831/1458 3198/2829/1458
f 3121/2790/1459 5408/2844/1459 3198/2829/1459 1393/2788/1459
f 1381/2743/1460 3203/2847/1460 5409/2848/1460 3108/2741/1460
f 3203/2847/1461 1669/2849/1461 3172/2850/1461 5409/2848/1461
f 5409/2848/1462 3172/2850/1462 1668/2835/1462 3199/2833/1462
f 3108/2741/1463 5409/2848/1463 3199/2833/1463 1380/2739/1463
f 1368/2691/1464 3204/2851/1464 5410/2852/1464 3095/2689/1464
f 3204/2851/1465 1656/2853/1465 3159/2854/1465 5410/2852/1465
f 5410/2852/1466 3159/2854/1466 1654/2839/1466 3201/2837/1466
f 3095/2689/1467 5410/2852/1467 3201/2837/1467 1367/2687/1467
f 1395/2796/1468 3205/2855/1468 5411/2856/1468 3122/2794/1468
f 3205/2855/1469 1683/2857/1469 3186/2858/1469 5411/2856/1469
f 5411/2856/1470 3186/2858/1470 1682/2845/1470 3202/2843/1470
f 3122/2794/1471 5411/2856/1471 3202/2843/1471 1394/2792/1471
f 1382/2747/1472 3206/2859/1472 5412/2860/1472 3109/2745/1472
f 3206/2859/1473 1670/2861/1473 3173/2862/1473 5412/2860/1473
f 5412/2860/1474 3173/2862/1474 1669/2849/1474 3203/2847/1474
f 3109/2745/1475 5412/2860/1475 3203/2847/1475 1381/2743/1475
f 1369/2695/1476 3207/2863/1476 5413/2864/1476 3096/2693/1476
f 3207/2863/1477 1657/2865/1477 3160/2866/1477 5413/2864/1477
f 5413/2864/1478 3160/2866/1478 1656/2853/1478 3204/2851/1478
f 3096/2693/1479 5413/2864/1479 3204/2851/1479 1368/2691/1479
f 1396/2800/1480 3208/2867/1480 5414/2868/1480 3123/2798/1480
f 3208/2867/1481 1684/2869/1481 3187/2870/1481 5414/2868/1481
f 5414/2868/1482 3187/2870/1482 1683/2857/1482 3205/2855/1482
f 3123/2798/1483 5414/2868/1483 3205/2855/1483 1395/2796/1483
f 1383/2751/1484 3209/2871/1484 5415/2872/1484 3110/2749/1484
f 3209/2871/1485 1671/2873/1485 3174/2874/1485 5415/2872/1485
f 5415/2872/1486 3174/2874/1486 1670/2861/1486 3206/2859/1486
f 3110/2749/1487 5415/2872/1487 3206/2859/1487 1382/2747/1487
f 1370/2699/1488 3210/2875/1488 5416/2876/1488 3097/2697/1488
f 3210/2875/1489 1658/2877/1489 3161/2878/1489 5416/2876/1489
f 5416/2876/1490 3161/2878/1490 1657/2865/1490 3207/2863/1490
f 3097/2697/1491 5416/2876/1491 3207/2863/1491 1369/2695/1491
f 1397/2804/1492 3211/2879/1492 5417/2880/1492 3124/2802/1492
f 3211/2879/1493 1685/2881/1493 3188/2882/1493 5417/2880/1493
f 5417/2880/1494 3188/2882/1494 1684/2869/1494 3208/2867/1494
f 3124/2802/1495 5417/2880/1495 3208/2867/1495 1396/2800/1495
f 1384/2755/1496 3212/2883/1496 5418/2884/1496 3111/2753/1496
f 3212/2883/1497 1672/2885/1497 3175/2886/1497 5418/2884/1497
f 5418/2884/1498 3175/2886/1498 1671/2873/1498 3209/2871/1498
f 3111/2753/1499 5418/2884/1499 3209/2871/1499 1383/2751/1499
f 1371/2703/1500 3213/2887/1500 5419/2888/1500 3098/2701/1500
f 3213/2887/1501 1659/2889/1501 3162/2890/1501 5419/2888/1501
f 5419/2888/1502 3162/2890/1502 1658/2877/1502 3210/2875/1502
f 3098/2701/1503 5419/2888/1503 3210/2875/1503 1370/2699/1503
f 1366/2682/1504 3200/2842/1504 5420/2891/1504 3125/2806/1504
f 3200/2842/1505 1655/2841/1505 3189/2892/1505 5420/2891/1505
f 5420/2891/1506 3189/2892/1506 1685/2881/1506 3211/2879/1506
f 3125/2806/1507 5420/2891/1507 3211/2879/1507 1397/2804/1507
f 1385/2759/1508 3214/2893/1508 5421/2894/1508 3112/2757/1508
f 3214/2893/1509 1673/2895/1509 3176/2896/1509 5421/2894/1509
f 5421/2894/1510 3176/2896/1510 1672/2885/1510 3212/2883/1510
f 3112/2757/1511 5421/2894/1511 3212/2883/1511 1384/2755/1511
f 1372/2707/1512 3215/2897/1512 5422/2898/1512 3099/2705/1512
f 3215/2897/1513 1660/2899/1513 3163/2900/1513 5422/2898/1513
f 5422/2898/1514 3163/2900/1514 1659/2889/1514 3213/2887/1514
f 3099/2705/1515 5422/2898/1515 3213/2887/1515 1371/2703/1515
f 1386/2763/1516 3216/2901/1516 5423/2902/1516 3113/2761/1516
f 3216/2901/1517 1674/2903/1517 3177/2904/1517 5423/2902/1517
f 5423/2902/1518 3177/2904/1518 1673/2895/1518 3214/2893/1518
f 3113/2761/1519 5423/2902/1519 3214/2893/1519 1385/2759/1519
f 1373/2711/1520 3217/2905/1520 5424/2906/1520 3100/2709/1520
f 3217/2905/1521 1661/2907/1521 3164/2908/1521 5424/2906/1521
f 5424/2906/1522 3164/2908/1522 1660/2899/1522 3215/2897/1522
f 3100/2709/1523 5424/2906/1523 3215/2897/1523 1372/2707/1523
f 1387/2767/1524 3218/2909/1524 5425/2910/1524 3114/2765/1524
f 3218/2909/1525 1675/2911/1525 3178/2912/1525 5425/2910/1525
f 5425/2910/1526 3178/2912/1526 1674/2903/1526 3216/2901/1526
f 3114/2765/1527 5425/2910/1527 3216/2901/1527 1386/2763/1527
f 1374/2715/1528 3219/2913/1528 5426/2914/1528 3101/2713/1528
f 3219/2913/1529 1662/2915/1529 3165/2916/1529 5426/2914/1529
f 5426/2914/1530 3165/2916/1530 1661/2907/1530 3217/2905/1530
f 3101/2713/1531 5426/2914/1531 3217/2905/1531 1373/2711/1531
f 1388/2771/1532 3220/2917/1532 5427/2918/1532 3115/2769/1532
f 3220/2917/1533 1676/2919/1533 3179/2920/1533 5427/2918/1533
f 5427/2918/1534 3179/2920/1534 1675/2911/1534 3218/2909/1534
f 3115/2769/1535 5427/2918/1535 3218/2909/1535 1387/2767/1535
f 1375/2719/1536 3221/2921/1536 5428/2922/1536 3102/2717/1536
f 3221/2921/1537 1663/2923/1537 3166/2924/1537 5428/2922/1537
f 5428/2922/1538 3166/2924/1538 1662/2915/1538 3219/2913/1538
f 3102/2717/1539 5428/2922/1539 3219/2913/1539 1374/2715/1539
f 1389/2111/1540 3190/2110/1540 5429/2925/1540 3116/2773/1540
f 3190/2110/1541 1677/2109/1541 3180/2926/1541 5429/2925/1541
f 5429/2925/1542 3180/2926/1542 1676/2919/1542 3220/2917/1542
f 3116/2773/1543 5429/2925/1543 3220/2917/1543 1388/2771/1543
f 1376/2723/1544 3192/2812/1544 5430/2927/1544 3103/2721/1544
f 3192/2812/1545 1664/2811/1545 3167/2928/1545 5430/2927/1545
f 5430/2927/1546 3167/2928/1546 1663/2923/1546 3221/2921/1546
f 3103/2721/1547 5430/2927/1547 3221/2921/1547 1375/2719/1547
f 1687/2929/1548 3254/2930/1548 5431/2931/1548 3222/2932/1548
f 3254/2930/1549 1655/2841/1549 3158/2840/1549 5431/2931/1549
f 5431/2931/1550 3158/2840/1550 1654/2839/1550 3255/2933/1550
f 3222/2932/1551 5431/2931/1551 3255/2933/1551 1686/2934/1551
f 1686/2934/1552 3255/2933/1552 5432/2935/1552 3223/2936/1552
f 3255/2933/1553 1654/2839/1553 3159/2854/1553 5432/2935/1553
f 5432/2935/1554 3159/2854/1554 1656/2853/1554 3256/2937/1554
f 3223/2936/1555 5432/2935/1555 3256/2937/1555 1688/2938/1555
f 1688/2938/1556 3256/2937/1556 5433/2939/1556 3224/2940/1556
f 3256/2937/1557 1656/2853/1557 3160/2866/1557 5433/2939/1557
f 5433/2939/1558 3160/2866/1558 1657/2865/1558 3257/2941/1558
f 3224/2940/1559 5433/2939/1559 3257/2941/1559 1689/2942/1559
f 1689/2942/1560 3257/2941/1560 5434/2943/1560 3225/2944/1560
f 3257/2941/1561 1657/2865/1561 3161/2878/1561 5434/2943/1561
f 5434/2943/1562 3161/2878/1562 1658/2877/1562 3258/2945/1562
f 3225/2944/1563 5434/2943/1563 3258/2945/1563 1690/2946/1563
f 1690/2946/1564 3258/2945/1564 5435/2947/1564 3226/2948/1564
f 3258/2945/1565 1658/2877/1565 3162/2890/1565 5435/2947/1565
f 5435/2947/1566 3162/2890/1566 1659/2889/1566 3259/2949/1566
f 3226/2948/1567 5435/2947/1567 3259/2949/1567 1691/2950/1567
f 1691/2950/1568 3259/2949/1568 5436/2951/1568 3227/2952/1568
f 3259/2949/1569 1659/2889/1569 3163/2900/1569 5436/2951/1569
f 5436/2951/1570 3163/2900/1570 1660/2899/1570 3260/2953/1570
f 3227/2952/1571 5436/2951/1571 3260/2953/1571 1692/2954/1571
f 1692/2954/1572 3260/2953/1572 5437/2955/1572 3228/2956/1572
f 3260/2953/1573 1660/2899/1573 3164/2908/1573 5437/2955/1573
f 5437/2955/1574 3164/2908/1574 1661/2907/1574 3261/2957/1574
f 3228/2956/1575 5437/2955/1575 3261/2957/1575 1693/2958/1575
f 1693/2958/1576 3261/2957/1576 5438/2959/1576 3229/2960/1576
f 3261/2957/1577 1661/2907/1577 3165/2916/1577 5438/2959/1577
f 5438/2959/1578 3165/2916/1578 1662/2915/1578 3262/2961/1578
f 3229/2960/1579 5438/2959/1579 3262/2961/1579 1694/2962/1579
f 1694/2962/1580 3262/2961/1580 5439/2963/1580 3230/2964/1580
f 3262/2961/1581 1662/2915/1581 3166/2924/1581 5439/2963/1581
f 5439/2963/1582 3166/2924/1582 1663/2923/1582 3263/2965/1582
f 3230/2964/1583 5439/2963/1583 3263/2965/1583 1695/2966/1583
f 1695/2966/1584 3263/2965/1584 5440/2967/1584 3231/2968/1584
f 3263/2965/1585 1663/2923/1585 3167/2928/1585 5440/2967/1585
f 5440/2967/1586 3167/2928/1586 1664/2811/1586 3264/2969/1586
f 3231/2968/1587 5440/2967/1587 3264/2969/1587 1696/2970/1587
f 1696/2970/1588 3264/2969/1588 5441/2971/1588 3232/2972/1588
f 3264/2969/1589 1664/2811/1589 3168/2810/1589 5441/2971/1589
f 5441/2971/1590 3168/2810/1590 1665/2809/1590 3265/2973/1590
f 3232/2972/1591 5441/2971/1591 3265/2973/1591 1697/2974/1591
f 1697/2974/1592 3265/2973/1592 5442/2975/1592 3233/2976/1592
f 3265/2973/1593 1665/2809/1593 3169/2820/1593 5442/2975/1593
f 5442/2975/1594 3169/2820/1594 1666/2819/1594 3266/2977/1594
f 3233/2976/1595 5442/2975/1595 3266/2977/1595 1698/2978/1595
f 1698/2978/1596 3266/2977/1596 5443/2979/1596 3234/2980/1596
f 3266/2977/1597 1666/2819/1597 3170/2828/1597 5443/2979/1597
f 5443/2979/1598 3170/2828/1598 1667/2827/1598 3267/2981/1598
f 3234/2980/1599 5443/2979/1599 3267/2981/1599 1699/2982/1599
f 1699/2982/1600 3267/2981/1600 5444/2983/1600 3235/2984/1600
f 3267/2981/1601 1667/2827/1601 3171/2836/1601 5444/2983/1601
f 5444/2983/1602 3171/2836/1602 1668/2835/1602 3268/2985/1602
f 3235/2984/1603 5444/2983/1603 3268/2985/1603 1700/2986/1603
f 1700/2986/1604 3268/2985/1604 5445/2987/1604 3236/2988/1604
f 3268/2985/1605 1668/2835/1605 3172/2850/1605 5445/2987/1605
f 5445/2987/1606 3172/2850/1606 1669/2849/1606 3269/2989/1606
f 3236/2988/1607 5445/2987/1607 3269/2989/1607 1701/2990/1607
f 1701/2990/1608 3269/2989/1608 5446/2991/1608 3237/2992/1608
f 3269/2989/1609 1669/2849/1609 3173/2862/1609 5446/2991/1609
f 5446/2991/1610 3173/2862/1610 1670/2861/1610 3270/2993/1610
f 3237/2992/1611 5446/2991/1611 3270/2993/1611 1702/2994/1611
f 1702/2994/1612 3270/2993/1612 5447/2995/1612 3238/2996/1612
f 3270/2993/1613 1670/2861/1613 3174/2874/1613 5447/2995/1613
f 5447/2995/1614 3174/2874/1614 1671/2873/1614 3271/2997/1614
f 3238/2996/1615 5447/2995/1615 3271/2997/1615 1703/2998/1615
f 1703/2998/1616 3271/2997/1616 5448/2999/1616 3239/3000/1616
f 3271/2997/1617 1671/2873/1617 3175/2886/1617 5448/2999/1617
f 5448/2999/1618 3175/2886/1618 1672/2885/1618 3272/3001/1618
f 3239/3000/1619 5448/2999/1619 3272/3001/1619 1704/3002/1619
f 1704/3002/1620 3272/3001/1620 5449/3003/1620 3240/3004/1620
f 3272/3001/1621 1672/2885/1621 3176/2896/1621 5449/3003/1621
f 5449/3003/1622 3176/2896/1622 1673/2895/1622 3273/3005/1622
f 3240/3004/1623 5449/3003/1623 3273/3005/1623 1705/3006/1623
f 1705/3006/1624 3273/3005/1624 5450/3007/1624 3241/3008/1624
f 3273/3005/1625 1673/2895/1625 3177/2904/1625 5450/3007/1625
f 5450/3007/1626 3177/2904/1626 1674/2903/1626 3274/3009/1626
f 3241/3008/1627 5450/3007/1627 3274/3009/1627 1706/3010/1627
f 1706/3010/1628 3274/3009/1628 5451/3011/1628 3242/3012/1628
f 3274/3009/1629 1674/2903/1629 3178/2912/1629 5451/3011/1629
f 5451/3011/1630 3178/2912/1630 1675/2911/1630 3275/3013/1630
f 3242/3012/1631 5451/3011/1631 3275/3013/1631 1707/3014/1631
f 1707/3014/1632 3275/3013/1632 5452/3015/1632 3243/3016/1632
f 3275/3013/1633 1675/2911/1633 3179/2920/1633 5452/3015/1633
f 5452/3015/1634 3179/2920/1634 1676/2919/1634 3276/3017/1634
f 3243/3016/1635 5452/3015/1635 3276/3017/1635 1708/3018/1635
f 1708/3018/1636 3276/3017/1636 5453/3019/1636 3244/3020/1636
f 3276/3017/1637 1676/2919/1637 3180/2926/1637 5453/3019/1637
f 5453/3019/1638 3180/2926/1638 1677/2109/1638 3277/3021/1638
f 3244/3020/1639 5453/3019/1639 3277/3021/1639 1709/3022/1639
f 1709/3022/1640 3277/3021/1640 5454/3023/1640 3245/3024/1640
f 3277/3021/1641 1677/2109/1641 3181/2108/1641 5454/3023/1641
f 5454/3023/1642 3181/2108/1642 1678/2107/1642 3278/3025/1642
f 3245/3024/1643 5454/3023/1643 3278/3025/1643 1710/3026/1643
f 1710/3026/1644 3278/3025/1644 5455/3027/1644 3246/3028/1644
f 3278/3025/1645 1678/2107/1645 3182/2816/1645 5455/3027/1645
f 5455/3027/1646 3182/2816/1646 1679/2815/1646 3279/3029/1646
f 3246/3028/1647 5455/3027/1647 3279/3029/1647 1711/3030/1647
f 1711/3030/1648 3279/3029/1648 5456/3031/1648 3247/3032/1648
f 3279/3029/1649 1679/2815/1649 3183/2824/1649 5456/3031/1649
f 5456/3031/1650 3183/2824/1650 1680/2823/1650 3280/3033/1650
f 3247/3032/1651 5456/3031/1651 3280/3033/1651 1712/3034/1651
f 1712/3034/1652 3280/3033/1652 5457/3035/1652 3248/3036/1652
f 3280/3033/1653 1680/2823/1653 3184/2832/1653 5457/3035/1653
f 5457/3035/1654 3184/2832/1654 1681/2831/1654 3281/3037/1654
f 3248/3036/1655 5457/3035/1655 3281/3037/1655 1713/3038/1655
f 1713/3038/1656 3281/3037/1656 5458/3039/1656 3249/3040/1656
f 3281/3037/1657 1681/2831/1657 3185/2846/1657 5458/3039/1657
f 5458/3039/1658 3185/2846/1658 1682/2845/1658 3282/3041/1658
f 3249/3040/1659 5458/3039/1659 3282/3041/1659 1714/3042/1659
f 1714/3042/1660 3282/3041/1660 5459/3043/1660 3250/3044/1660
f 3282/3041/1661 1682/2845/1661 3186/2858/1661 5459/3043/1661
f 5459/3043/1662 3186/2858/1662 1683/2857/1662 3283/3045/1662
f 3250/3044/1663 5459/3043/1663 3283/3045/1663 1715/3046/1663
f 1715/3046/1664 3283/3045/1664 5460/3047/1664 3251/3048/1664
f 3283/3045/1665 1683/2857/1665 3187/2870/1665 5460/3047/1665
f 5460/3047/1666 3187/2870/1666 1684/2869/1666 3284/3049/1666
f 3251/3048/1667 5460/3047/1667 3284/3049/1667 1716/3050/1667
f 1716/3050/1668 3284/3049/1668 5461/3051/1668 3252/3052/1668
f 3284/3049/1669 1684/2869/1669 3188/2882/1669 5461/3051/1669
f 5461/3051/1670 3188/2882/1670 1685/2881/1670 3285/3053/1670
f 3252/3052/1671 5461/3051/1671 3285/3053/1671 1717/3054/1671
f 1717/3054/1672 3285/3053/1672 5462/3055/1672 3253/3056/1672
f 3285/3053/1673 1685/2881/1673 3189/2892/1673 5462/3055/1673
f 5462/3055/1674 3189/2892/1674 1655/2841/1674 3254/2930/1674
f 3253/3056/1675 5462/3055/1675 3254/2930/1675 1687/2929/1675
f 1719/3057/1676 3318/3058/1676 5463/3059/1676 3286/3060/1676
f 3318/3058/1677 1687/2929/1677 3222/2932/1677 5463/3059/1677
f 5463/3059/1678 3222/2932/1678 1686/2934/1678 3319/3061/1678
f 3286/3060/1679 5463/3059/1679 3319/3061/1679 1718/3062/1679
f 1718/3062/1680 3319/3061/1680 5464/3063/1680 3287/3064/1680
f 3319/3061/1681 1686/2934/1681 3223/2936/1681 5464/3063/1681
f 5464/3063/1682 3223/2936/1682 1688/2938/1682 3320/3065/1682
f 3287/3064/1683 5464/3063/1683 3320/3065/1683 1720/3066/1683
f 1720/3066/1684 3320/3065/1684 5465/3067/1684 3288/3068/1684
f 3320/3065/1685 1688/2938/1685 3224/2940/1685 5465/3067/1685
f 5465/3067/1686 3224/2940/1686 1689/2942/1686 3321/3069/1686
f 3288/3068/1687 5465/3067/1687 3321/3069/1687 1721/3070/1687
f 1721/3070/1688 3321/3069/1688 5466/3071/1688 3289/3072/1688
f 3321/3069/1689 1689/2942/1689 3225/2944/1689 5466/3071/1689
f 5466/3071/1690 3225/2944/1690 1690/2946/1690 3322/3073/1690
f 3289/3072/1691 5466/3071/1691 3322/3073/1691 1722/3074/1691
f 1722/3074/1692 3322/3073/1692 5467/3075/1692 3290/3076/1692
f 3322/3073/1693 1690/2946/1693 3226/2948/1693 5467/3075/1693
f 5467/3075/1694 3226/2948/1694 1691/2950/1694 3323/3077/1694
f 3290/3076/1695 5467/3075/1695 3323/3077/1695 1723/3078/1695
f 1723/3078/1696 3323/3077/1696 5468/3079/1696 3291/3080/1696
f 3323/3077/1697 1691/2950/1697 3227/2952/1697 5468/3079/1697
f 5468/3079/1698 3227/2952/1698 1692/2954/1698 3324/3081/1698
f 3291/3080/1699 5468/3079/1699 3324/3081/1699 1724/3082/1699
f 1724/3082/1700 3324/3081/1700 5469/3083/1700 3292/3084/1700
f 3324/3081/1701 1692/2954/1701 3228/2956/1701 5469/3083/1701
f 5469/3083/1702 3228/2956/1702 1693/2958/1702 3325/3085/1702
f 3292/3084/1703 5469/3083/1703 3325/3085/1703 1725/3086/1703
f 1725/3086/1704 3325/3085/1704 5470/3087/1704 3293/3088/1704
f 3325/3085/1705 1693/2958/1705 3229/2960/1705 5470/3087/1705
f 5470/3087/1706 3229/2960/1706 1694/2962/1706 3326/3089/1706
f 3293/3088/1707 5470/3087/1707 3326/3089/1707 1726/3090/1707
f 1726/3090/1708 3326/3089/1708 5471/3091/1708 3294/3092/1708
f 3326/3089/1709 1694/2962/1709 3230/2964/1709 5471/3091/1709
f 5471/3091/1710 3230/2964/1710 1695/2966/1710 3327/3093/1710
f 3294/3092/1711 5471/3091/1711 3327/3093/1711 1727/3094/1711
f 1727/3094/1712 3327/3093/1712 5472/3095/1712 3295/3096/1712
f 3327/3093/1713 1695/2966/1713 3231/2968/1713 5472/3095/1713
f 5472/3095/1714 3231/2968/1714 1696/2970/1714 3328/3097/1714
f 3295/3096/1715 5472/3095/1715 3328/3097/1715 1728/3098/1715
f 1728/3098/1716 3328/3097/1716 5473/3099/1716 3296/3100/1716
f 3328/3097/1717 1696/2970/1717 3232/2972/1717 5473/3099/1717
f 5473/3099/1718 3232/2972/1718 1697/2974/1718 3329/3101/1718
f 3296/3100/1719 5473/3099/1719 3329/3101/1719 1729/3102/1719
f 1729/3102/1720 3329/3101/1720 5474/3103/1720 3297/3104/1720
f 3329/3101/1721 1697/2974/1721 3233/2976/1721 5474/3103/1721
f 5474/3103/1722 3233/2976/1722 1698/2978/1722 3330/3105/1722
f 3297/3104/1723 5474/3103/1723 3330/3105/1723 1730/3106/1723
f 1730/3106/1724 3330/3105/1724 5475/3107/1724 3298/3108/1724
f 3330/3105/1725 1698/2978/1725 3234/2980/1725 5475/3107/1725
f 5475/3107/1726 3234/2980/1726 1699/2982/1726 3331/3109/1726
f 3298/3108/1727 5475/3107/1727 3331/3109/1727 1731/3110/1727
f 1731/3110/1728 3331/3109/1728 5476/3111/1728 3299/3112/1728
f 3331/3109/1729 1699/2982/1729 3235/2984/1729 5476/3111/1729
f 5476/3111/1730 3235/2984/1730 1700/2986/1730 3332/3113/1730
f 3299/3112/1731 5476/3111/1731 3332/3113/1731 1732/3114/1731
f 1732/3114/1732 3332/3113/1732 5477/3115/1732 3300/3116/1732
f 3332/3113/1733 1700/2986/1733 3236/2988/1733 5477/3115/1733
f 5477/3115/1734 3236/2988/1734 1701/2990/1734 3333/3117/1734
f 3300/3116/1735 5477/3115/1735 3333/3117/1735 1733/3118/1735
f 1733/3118/1736 3333/3117/1736 5478/3119/1736 3301/3120/1736
f 3333/3117/1737 1701/2990/1737 3237/2992/1737 5478/3119/1737
f 5478/3119/1738 3237/2992/1738 1702/2994/1738 3334/3121/1738
f 3301/3120/1739 5478/3119/1739 3334/3121/1739 1734/3122/1739
f 1734/3122/1740 3334/3121/1740 5479/3123/1740 3302/3124/1740
f 3334/3121/1741 1702/2994/1741 3238/2996/1741 5479/3123/1741
f 5479/3123/1742 3238/2996/1742 1703/2998/1742 3335/3125/1742
f 3302/3124/1743 5479/3123/1743 3335/3125/1743 1735/3126/1743
f 1735/3126/1744 3335/3125/1744 5480/3127/1744 3303/3128/1744
f 3335/3125/1745 1703/2998/1745 3239/3000/1745 5480/3127/1745
f 5480/3127/1746 3239/3000/1746 1704/3002/1746 3336/3129/1746
f 3303/3128/1747 5480/3127/1747 3336/3129/1747 1736/3130/1747
f 1736/3130/1748 3336/3129/1748 5481/3131/1748 3304/3132/1748
f 3336/3129/1749 1704/3002/1749 3240/3004/1749 5481/3131/1749
f 5481/3131/1750 3240/3004/1750 1705/3006/1750 3337/3133/1750
f 3304/3132/1751 5481/3131/1751 3337/3133/1751 1737/3134/1751
f 1737/3134/1752 3337/3133/1752 5482/3135/1752 3305/3136/1752
f 3337/3133/1753 1705/3006/1753 3241/3008/1753 5482/3135/1753
f 5482/3135/1754 3241/3008/1754 1706/3010/1754 3338/3137/1754
f 3305/3136/1755 5482/3135/1755 3338/3137/1755 1738/3138/1755
f 1738/3138/1756 3338/3137/1756 5483/3139/1756 3306/3140/1756
f 3338/3137/1757 1706/3010/1757 3242/3012/1757 5483/3139/1757
f 5483/3139/1758 3242/3012/1758 1707/3014/1758 3339/3141/1758
f 3306/3140/1759 5483/3139/1759 3339/3141/1759 1739/3142/1759
f 1739/3142/1760 3339/3141/1760 5484/3143/1760 3307/3144/1760
f 3339/3141/1761 1707/3014/1761 3243/3016/1761 5484/3143/1761
f 5484/3143/1762 3243/3016/1762 1708/3018/1762 3340/3145/1762
f 3307/3144/1763 5484/3143/1763 3340/3145/1763 1740/3146/1763
f 1740/3146/1764 3340/3145/1764 5485/3147/1764 3308/3148/1764
f 3340/3145/1765 1708/3018/1765 3244/3020/1765 5485/3147/1765
f 5485/3147/1766 3244/3020/1766 1709/3022/1766 3341/3149/1766
f 3308/3148/1767 5485/3147/1767 3341/3149/1767 1741/3150/1767
f 1741/3150/1768 3341/3149/1768 5486/3151/1768 3309/3152/1768
f 3341/3149/1769 1709/3022/1769 3245/3024/1769 5486/3151/1769
f 5486/3151/1770 3245/3024/1770 1710/3026/1770 3342/3153/1770
f 3309/3152/1771 5486/3151/1771 3342/3153/1771 1742/3154/1771
f 1742/3154/1772 3342/3153/1772 5487/3155/1772 3310/3156/1772
f 3342/3153/1773 1710/3026/1773 3246/3028/1773 5487/3155/1773
f 5487/3155/1774 3246/3028/1774 1711/3030/1774 3343/3157/1774
f 3310/3156/1775 5487/3155/1775 3343/3157/1775 1743/3158/1775
f 1743/3158/1776 3343/3157/1776 5488/3159/1776 3311/3160/1776
f 3343/3157/1777 1711/3030/1777 3247/3032/1777 5488/3159/1777
f 5488/3159/1778 3247/3032/1778 1712/3034/1778 3344/3161/1778
f 3311/3160/1779 5488/3159/1779 3344/3161/1779 1744/3162/1779
f 1744/3162/1780 3344/3161/1780 5489/3163/1780 3312/3164/1780
f 3344/3161/1781 1712/3034/1781 3248/3036/1781 5489/3163/1781
f 5489/3163/1782 3248/3036/1782 1713/3038/1782 3345/3165/1782
f 3312/3164/1783 5489/3163/1783 3345/3165/1783 1745/3166/1783
f 1745/3166/1784 3345/3165/1784 5490/3167/1784 3313/3168/1784
f 3345/3165/1785 1713/3038/1785 3249/3040/1785 5490/3167/1785
f 5490/3167/1786 3249/3040/1786 1714/3042/1786 3346/3169/1786
f 3313/3168/1787 5490/3167/1787 3346/3169/1787 1746/3170/1787
f 1746/3170/1788 3346/3169/1788 5491/3171/1788 3314/3172/1788
f 3346/3169/1789 1714/3042/1789 3250/3044/1789 5491/3171/1789
f 5491/3171/1790 3250/3044/1790 1715/3046/1790 3347/3173/1790
f 3314/3172/1791 5491/3171/1791 3347/3173/1791 1747/3174/1791
f 1747/3174/1792 3347/3173/1792 5492/3175/1792 3315/3176/1792
f 3347/3173/1793 1715/3046/1793 3251/3048/1793 5492/3175/1793
f 5492/3175/1794 3251/3048/1794 1716/3050/1794 3348/3177/1794
f 3315/3176/1795 5492/3175/1795 3348/3177/1795 1748/3178/1795
f 1748/3178/1796 3348/3177/1796 5493/3179/1796 3316/3180/1796
f 3348/3177/1797 1716/3050/1797 3252/3052/1797 5493/3179/1797
f 5493/3179/1798 3252/3052/1798 1717/3054/1798 3349/3181/1798
f 3316/3180/1799 5493/3179/1799 3349/3181/1799 1749/3182/1799
f 1749/3182/1800 3349/3181/1800 5494/3183/1800 3317/3184/1800
f 3349/3181/1801 1717/3054/1801 3253/3056/1801 5494/3183/1801
f 5494/3183/1802 3253/3056/1802 1687/2929/1802 3318/3058/1802
f 3317/3184/1803 5494/3183/1803 3318/3058/1803 1719/3057/1803
f 1815/3185/1804 3510/3186/1804 5559/3187/1804 3478/3188/1804
f 3510/3186/1805 1783/3189/1805 3414/3190/1805 5559/3187/1805
f 5559/3187/1806 3414/3190/1806 1782/3191/1806 3511/3192/1806
f 3478/3188/1807 5559/3187/1807 3511/3192/1807 1814/3193/1807
f 1814/3193/1808 3511/3192/1808 5560/3194/1808 3479/3195/1808
f 3511/3192/1809 1782/3191/1809 3415/3196/1809 5560/3194/1809
f 5560/3194/1810 3415/3196/1810 1784/3197/1810 3512/3198/1810
f 3479/3195/1811 5560/3194/1811 3512/3198/1811 1816/3199/1811
f 1816/3199/1812 3512/3198/1812 5561/3200/1812 3480/3201/1812
f 3512/3198/1813 1784/3197/1813 3416/3202/1813 5561/3200/1813
f 5561/3200/1814 3416/3202/1814 1785/3203/1814 3513/3204/1814
f 3480/3201/1815 5561/3200/1815 3513/3204/1815 1817/3205/1815
f 1817/3205/1816 3513/3204/1816 5562/3206/1816 3481/3207/1816
f 3513/3204/1817 1785/3203/1817 3417/3208/1817 5562/3206/1817
f 5562/3206/1818 3417/3208/1818 1786/3209/1818 3514/3210/1818
f 3481/3207/1819 5562/3206/1819 3514/3210/1819 1818/3211/1819
f 1818/3211/1820 3514/3210/1820 5563/3212/1820 3482/3213/1820
f 3514/3210/1821 1786/3209/1821 3418/3214/1821 5563/3212/1821
f 5563/3212/1822 3418/3214/1822 1787/3215/1822 3515/3216/1822
f 3482/3213/1823 5563/3212/1823 3515/3216/1823 1819/3217/1823
f 1819/3217/1824 3515/3216/1824 5564/3218/1824 3483/3219/1824
f 3515/3216/1825 1787/3215/1825 3419/3220/1825 5564/3218/1825
f 5564/3218/1826 3419/3220/1826 1788/3221/1826 3516/3222/1826
f 3483/3219/1827 5564/3218/1827 3516/3222/1827 1820/3223/1827
f 1820/3223/1828 3516/3222/1828 5565/3224/1828 3484/3225/1828
f 3516/3222/1829 1788/3221/1829 3420/3226/1829 5565/3224/1829
f 5565/3224/1830 3420/3226/1830 1789/3227/1830 3517/3228/1830
f 3484/3225/1831 5565/3224/1831 3517/3228/1831 1821/3229/1831
f 1821/3229/1832 3517/3228/1832 5566/3230/1832 3485/3231/1832
f 3517/3228/1833 1789/3227/1833 3421/3232/1833 5566/3230/1833
f 5566/3230/1834 3421/3232/1834 1790/3233/1834 3518/3234/1834
f 3485/3231/1835 5566/3230/1835 3518/3234/1835 1822/3235/1835
f 1822/3235/1836 3518/3234/1836 5567/3236/1836 3486/3237/1836
f 3518/3234/1837 1790/3233/1837 3422/3238/1837 5567/3236/1837
f 5567/3236/1838 3422/3238/1838 1791/3239/1838 3519/3240/1838
f 3486/3237/1839 5567/3236/1839 3519/3240/1839 1823/3241/1839
f 1823/3241/1840 3519/3240/1840 5568/3242/1840 3487/3243/1840
f 3519/3240/1841 1791/3239/1841 3423/3244/1841 5568/3242/1841
f 5568/3242/1842 3423/3244/1842 1792/3245/1842 3520/3246/1842
f 3487/3243/1843 5568/3242/1843 3520/3246/1843 1824/3247/1843
f 1824/3247/1844 3520/3246/1844 5569/3248/1844 3488/3249/1844
f 3520/3246/1845 1792/3245/1845 3424/3250/1845 5569/3248/1845
f 5569/3248/1846 3424/3250/1846 1793/3251/1846 3521/3252/1846
f 3488/3249/1847 5569/3248/1847 3521/3252/1847 1825/3253/1847
f 1825/3253/1848 3521/3252/1848 5570/3254/1848 3489/3255/1848
f 3521/3252/1849 1793/3251/1849 3425/3256/1849 5570/3254/1849
f 5570/3254/1850 3425/3256/1850 1794/3257/1850 3522/3258/1850
f 3489/3255/1851 5570/3254/1851 3522/3258/1851 1826/3259/1851
f 1826/3259/1852 3522/3258/1852 5571/3260/1852 3490/3261/1852
f 3522/3258/1853 1794/3257/1853 3426/3262/1853 5571/3260/1853
f 5571/3260/1854 3426/3262/1854 1795/3263/1854 3523/3264/1854
f 3490/3261/1855 5571/3260/1855 3523/3264/1855 1827/3265/1855
f 1827/3265/1856 3523/3264/1856 5572/3266/1856 3491/3267/1856
f 3523/3264/1857 1795/3263/1857 3427/3268/1857 5572/3266/1857
f 5572/3266/1858 3427/3268/1858 1796/3269/1858 3524/3270/1858
f 3491/3267/1859 5572/3266/1859 3524/3270/1859 1828/3271/1859
f 1828/3271/1860 3524/3270/1860 5573/3272/1860 3492/3273/1860
f 3524/3270/1861 1796/3269/1861 3428/3274/1861 5573/3272/1861
f 5573/3272/1862 3428/3274/1862 1797/3275/1862 3525/3276/1862
f 3492/3273/1863 5573/3272/1863 3525/3276/1863 1829/3277/1863
f 1829/3277/1864 3525/3276/1864 5574/3278/1864 3493/3279/1864
f 3525/3276/1865 1797/3275/1865 3429/3280/1865 5574/3278/1865
f 5574/3278/1866 3429/3280/1866 1798/3281/1866 3526/3282/1866
f 3493/3279/1867 5574/3278/1867 3526/3282/1867 1830/3283/1867
f 1830/3283/1805 3526/3282/1805 5575/3284/1805 3494/3285/1805
f 3526/3282/1804 1798/3281/1804 3430/3286/1804 5575/3284/1804
f 5575/3284/1807 3430/3286/1807 1799/3287/1807 3527/3288/1807
f 3494/3285/1806 5575/3284/1806 3527/3288/1806 1831/3289/1806
f 1831/3289/1809 3527/3288/1809 5576/3290/1809 3495/3291/1809
f 3527/3288/1808 1799/3287/1808 3431/3292/1808 5576/3290/1808
f 5576/3290/1811 3431/3292/1811 1800/3293/1811 3528/3294/1811
f 3495/3291/1810 5576/3290/1810 3528/3294/1810 1832/3295/1810
f 1832/3295/1813 3528/3294/1813 5577/3296/1813 3496/3297/1813
f 3528/3294/1812 1800/3293/1812 3432/3298/1812 5577/3296/1812
f 5577/3296/1815 3432/3298/1815 1801/3299/1815 3529/3300/1815
f 3496/3297/1814 5577/3296/1814 3529/3300/1814 1833/3301/1814
f 1833/3301/1817 3529/3300/1817 5578/3302/1817 3497/3303/1817
f 3529/3300/1816 1801/3299/1816 3433/3304/1816 5578/3302/1816
f 5578/3302/1819 3433/3304/1819 1802/3305/1819 3530/3306/1819
f 3497/3303/1818 5578/3302/1818 3530/3306/1818 1834/3307/1818
f 1834/3307/1821 3530/3306/1821 5579/3308/1821 3498/3309/1821
f 3530/3306/1820 1802/3305/1820 3434/3310/1820 5579/3308/1820
f 5579/3308/1823 3434/3310/1823 1803/3311/1823 3531/3312/1823
f 3498/3309/1822 5579/3308/1822 3531/3312/1822 1835/3313/1822
f 1835/3313/1825 3531/3312/1825 5580/3314/1825 3499/3315/1825
f 3531/3312/1824 1803/3311/1824 3435/3316/1824 5580/3314/1824
f 5580/3314/1827 3435/3316/1827 1804/3317/1827 3532/3318/1827
f 3499/3315/1826 5580/3314/1826 3532/3318/1826 1836/3319/1826
f 1836/3319/1829 3532/3318/1829 5581/3320/1829 3500/3321/1829
f 3532/3318/1828 1804/3317/1828 3436/3322/1828 5581/3320/1828
f 5581/3320/1831 3436/3322/1831 1805/3323/1831 3533/3324/1831
f 3500/3321/1830 5581/3320/1830 3533/3324/1830 1837/3325/1830
f 1837/3325/1833 3533/3324/1833 5582/3326/1833 3501/3327/1833
f 3533/3324/1832 1805/3323/1832 3437/3328/1832 5582/3326/1832
f 5582/3326/1835 3437/3328/1835 1806/3329/1835 3534/3330/1835
f 3501/3327/1834 5582/3326/1834 3534/3330/1834 1838/3331/1834
f 1838/3331/1837 3534/3330/1837 5583/3332/1837 3502/3333/1837
f 3534/3330/1836 1806/3329/1836 3438/3334/1836 5583/3332/1836
f 5583/3332/1839 3438/3334/1839 1807/3335/1839 3535/3336/1839
f 3502/3333/1838 5583/3332/1838 3535/3336/1838 1839/3337/1838
f 1839/3337/1841 3535/3336/1841 5584/3338/1841 3503/3339/1841
f 3535/3336/1840 1807/3335/1840 3439/3340/1840 5584/3338/1840
f 5584/3338/1843 3439/3340/1843 1808/3341/1843 3536/3342/1843
f 3503/3339/1842 5584/3338/1842 3536/3342/1842 1840/3343/1842
f 1840/3343/1845 3536/3342/1845 5585/3344/1845 3504/3345/1845
f 3536/3342/1844 1808/3341/1844 3440/3346/1844 5585/3344/1844
f 5585/3344/1847 3440/3346/1847 1809/3347/1847 3537/3348/1847
f 3504/3345/1846 5585/3344/1846 3537/3348/1846 1841/3349/1846
f 1841/3349/1868 3537/3348/1868 5586/3350/1868 3505/3351/1868
f 3537/3348/1848 1809/3347/1848 3441/3352/1848 5586/3350/1848
f 5586/3350/1851 3441/3352/1851 1810/3353/1851 3538/3354/1851
f 3505/3351/1850 5586/3350/1850 3538/3354/1850 1842/3355/1850
f 1842/3355/1853 3538/3354/1853 5587/3356/1853 3506/3357/1853
f 3538/3354/1852 1810/3353/1852 3442/3358/1852 5587/3356/1852
f 5587/3356/1855 3442/3358/1855 1811/3359/1855 3539/3360/1855
f 3506/3357/1854 5587/3356/1854 3539/3360/1854 1843/3361/1854
f 1843/3361/1857 3539/3360/1857 5588/3362/1857 3507/3363/1857
f 3539/3360/1856 1811/3359/1856 3443/3364/1856 5588/3362/1856
f 5588/3362/1859 3443/3364/1859 1812/3365/1859 3540/3366/1859
f 3507/3363/1858 5588/3362/1858 3540/3366/1858 1844/3367/1858
f 1844/3367/1861 3540/3366/1861 5589/3368/1861 3508/3369/1861
f 3540/3366/1860 1812/3365/1860 3444/3370/1860 5589/3368/1860
f 5589/3368/1863 3444/3370/1863 1813/3371/1863 3541/3372/1863
f 3508/3369/1862 5589/3368/1862 3541/3372/1862 1845/3373/1862
f 1845/3373/1865 3541/3372/1865 5590/3374/1865 3509/3375/1865
f 3541/3372/1864 1813/3371/1864 3445/3376/1864 5590/3374/1864
f 5590/3374/1867 3445/3376/1867 1783/3189/1867 3510/3186/1867
f 3509/3375/1866 5590/3374/1866 3510/3186/1866 1815/3185/1866
f 1911/3377/1804 3702/3378/1804 5655/3379/1804 3670/3380/1804
f 3702/3378/1805 1879/3381/1805 3606/3382/1805 5655/3379/1805
f 5655/3379/1806 3606/3382/1806 1878/3383/1806 3703/3384/1806
f 3670/3380/1807 5655/3379/1807 3703/3384/1807 1910/3385/1807
f 1910/3385/1808 3703/3384/1808 5656/3386/1808 3671/3387/1808
f 3703/3384/1809 1878/3383/1809 3607/3388/1809 5656/3386/1809
f 5656/3386/1810 3607/3388/1810 1880/3389/1810 3704/3390/1810
f 3671/3387/1811 5656/3386/1811 3704/3390/1811 1912/3391/1811
f 1912/3391/1812 3704/3390/1812 5657/3392/1812 3672/3393/1812
f 3704/3390/1813 1880/3389/1813 3608/3394/1813 5657/3392/1813
f 5657/3392/1814 3608/3394/1814 1881/3395/1814 3705/3396/1814
f 3672/3393/1815 5657/3392/1815 3705/3396/1815 1913/3397/1815
f 1913/3397/1816 3705/3396/1816 5658/3398/1816 3673/3399/1816
f 3705/3396/1817 1881/3395/1817 3609/3400/1817 5658/3398/1817
f 5658/3398/1818 3609/3400/1818 1882/3401/1818 3706/3402/1818
f 3673/3399/1819 5658/3398/1819 3706/3402/1819 1914/3403/1819
f 1914/3403/1820 3706/3402/1820 5659/3404/1820 3674/3405/1820
f 3706/3402/1821 1882/3401/1821 3610/3406/1821 5659/3404/1821
f 5659/3404/1822 3610/3406/1822 1883/3407/1822 3707/3408/1822
f 3674/3405/1823 5659/3404/1823 3707/3408/1823 1915/3409/1823
f 1915/3409/1824 3707/3408/1824 5660/3410/1824 3675/3411/1824
f 3707/3408/1825 1883/3407/1825 3611/3412/1825 5660/3410/1825
f 5660/3410/1826 3611/3412/1826 1884/3413/1826 3708/3414/1826
f 3675/3411/1827 5660/3410/1827 3708/3414/1827 1916/3415/1827
f 1916/3415/1828 3708/3414/1828 5661/3416/1828 3676/3417/1828
f 3708/3414/1829 1884/3413/1829 3612/3418/1829 5661/3416/1829
f 5661/3416/1830 3612/3418/1830 1885/3419/1830 3709/3420/1830
f 3676/3417/1831 5661/3416/1831 3709/3420/1831 1917/3421/1831
f 1917/3421/1832 3709/3420/1832 5662/3422/1832 3677/3423/1832
f 3709/3420/1833 1885/3419/1833 3613/3424/1833 5662/3422/1833
f 5662/3422/1834 3613/3424/1834 1886/3425/1834 3710/3426/1834
f 3677/3423/1835 5662/3422/1835 3710/3426/1835 1918/3427/1835
f 1918/3427/1836 3710/3426/1836 5663/3428/1836 3678/3429/1836
f 3710/3426/1837 1886/3425/1837 3614/3430/1837 5663/3428/1837
f 5663/3428/1838 3614/3430/1838 1887/3431/1838 3711/3432/1838
f 3678/3429/1839 5663/3428/1839 3711/3432/1839 1919/3433/1839
f 1919/3433/1840 3711/3432/1840 5664/3434/1840 3679/3435/1840
f 3711/3432/1841 1887/3431/1841 3615/3436/1841 5664/3434/1841
f 5664/3434/1842 3615/3436/1842 1888/3437/1842 3712/3438/1842
f 3679/3435/1843 5664/3434/1843 3712/3438/1843 1920/3439/1843
f 1920/3439/1844 3712/3438/1844 5665/3440/1844 3680/3441/1844
f 3712/3438/1845 1888/3437/1845 3616/3442/1845 5665/3440/1845
f 5665/3440/1846 3616/3442/1846 1889/3443/1846 3713/3444/1846
f 3680/3441/1847 5665/3440/1847 3713/3444/1847 1921/3445/1847
f 1921/3445/1848 3713/3444/1848 5666/3446/1848 3681/3447/1848
f 3713/3444/1849 1889/3443/1849 3617/3448/1849 5666/3446/1849
f 5666/3446/1850 3617/3448/1850 1890/3449/1850 3714/3450/1850
f 3681/3447/1851 5666/3446/1851 3714/3450/1851 1922/3451/1851
f 1922/3451/1852 3714/3450/1852 5667/3452/1852 3682/3453/1852
f 3714/3450/1853 1890/3449/1853 3618/3454/1853 5667/3452/1853
f 5667/3452/1854 3618/3454/1854 1891/3455/1854 3715/3456/1854
f 3682/3453/1855 5667/3452/1855 3715/3456/1855 1923/3457/1855
f 1923/3457/1856 3715/3456/1856 5668/3458/1856 3683/3459/1856
f 3715/3456/1857 1891/3455/1857 3619/3460/1857 5668/3458/1857
f 5668/3458/1858 3619/3460/1858 1892/3461/1858 3716/3462/1858
f 3683/3459/1859 5668/3458/1859 3716/3462/1859 1924/3463/1859
f 1924/3463/1860 3716/3462/1860 5669/3464/1860 3684/3465/1860
f 3716/3462/1861 1892/3461/1861 3620/3466/1861 5669/3464/1861
f 5669/3464/1862 3620/3466/1862 1893/3467/1862 3717/3468/1862
f 3684/3465/1863 5669/3464/1863 3717/3468/1863 1925/3469/1863
f 1925/3469/1864 3717/3468/1864 5670/3470/1864 3685/3471/1864
f 3717/3468/1865 1893/3467/1865 3621/3472/1865 5670/3470/1865
f 5670/3470/1866 3621/3472/1866 1894/3473/1866 3718/3474/1866
f 3685/3471/1867 5670/3470/1867 3718/3474/1867 1926/3475/1867
f 1926/3475/1805 3718/3474/1805 5671/3476/1805 3686/3477/1805
f 3718/3474/1804 1894/3473/1804 3622/3478/1804 5671/3476/1804
f 5671/3476/1807 3622/3478/1807 1895/3479/1807 3719/3480/1807
f 3686/3477/1806 5671/3476/1806 3719/3480/1806 1927/3481/1806
f 1927/3481/1809 3719/3480/1809 5672/3482/1809 3687/3483/1809
f 3719/3480/1808 1895/3479/1808 3623/3484/1808 5672/3482/1808
f 5672/3482/1811 3623/3484/1811 1896/3485/1811 3720/3486/1811
f 3687/3483/1810 5672/3482/1810 3720/3486/1810 1928/3487/1810
f 1928/3487/1813 3720/3486/1813 5673/3488/1813 3688/3489/1813
f 3720/3486/1812 1896/3485/1812 3624/3490/1812 5673/3488/1812
f 5673/3488/1815 3624/3490/1815 1897/3491/1815 3721/3492/1815
f 3688/3489/1814 5673/3488/1814 3721/3492/1814 1929/3493/1814
f 1929/3493/1817 3721/3492/1817 5674/3494/1817 3689/3495/1817
f 3721/3492/1816 1897/3491/1816 3625/3496/1816 5674/3494/1816
f 5674/3494/1819 3625/3496/1819 1898/3497/1819 3722/3498/1819
f 3689/3495/1818 5674/3494/1818 3722/3498/1818 1930/3499/1818
f 1930/3499/1821 3722/3498/1821 5675/3500/1821 3690/3501/1821
f 3722/3498/1820 1898/3497/1820 3626/3502/1820 5675/3500/1820
f 5675/3500/1823 3626/3502/1823 1899/3503/1823 3723/3504/1823
f 3690/3501/1869 5675/3500/1869 3723/3504/1869 1931/3505/1869
f 1931/3505/1825 3723/3504/1825 5676/3506/1825 3691/3507/1825
f 3723/3504/1824 1899/3503/1824 3627/3508/1824 5676/3506/1824
f 5676/3506/1827 3627/3508/1827 1900/3509/1827 3724/3510/1827
f 3691/3507/1826 5676/3506/1826 3724/3510/1826 1932/3511/1826
f 1932/3511/1829 3724/3510/1829 5677/3512/1829 3692/3513/1829
f 3724/3510/1828 1900/3509/1828 3628/3514/1828 5677/3512/1828
f 5677/3512/1831 3628/3514/1831 1901/3515/1831 3725/3516/1831
f 3692/3513/1830 5677/3512/1830 3725/3516/1830 1933/3517/1830
f 1933/3517/1833 3725/3516/1833 5678/3518/1833 3693/3519/1833
f 3725/3516/1832 1901/3515/1832 3629/3520/1832 5678/3518/1832
f 5678/3518/1835 3629/3520/1835 1902/3521/1835 3726/3522/1835
f 3693/3519/1834 5678/3518/1834 3726/3522/1834 1934/3523/1834
f 1934/3523/1837 3726/3522/1837 5679/3524/1837 3694/3525/1837
f 3726/3522/1836 1902/3521/1836 3630/3526/1836 5679/3524/1836
f 5679/3524/1839 3630/3526/1839 1903/3527/1839 3727/3528/1839
f 3694/3525/1838 5679/3524/1838 3727/3528/1838 1935/3529/1838
f 1935/3529/1841 3727/3528/1841 5680/3530/1841 3695/3531/1841
f 3727/3528/1840 1903/3527/1840 3631/3532/1840 5680/3530/1840
f 5680/3530/1843 3631/3532/1843 1904/3533/1843 3728/3534/1843
f 3695/3531/1842 5680/3530/1842 3728/3534/1842 1936/3535/1842
f 1936/3535/1845 3728/3534/1845 5681/3536/1845 3696/3537/1845
f 3728/3534/1844 1904/3533/1844 3632/3538/1844 5681/3536/1844
f 5681/3536/1847 3632/3538/1847 1905/3539/1847 3729/3540/1847
f 3696/3537/1846 5681/3536/1846 3729/3540/1846 1937/3541/1846
f 1937/3541/1868 3729/3540/1868 5682/3542/1868 3697/3543/1868
f 3729/3540/1870 1905/3539/1870 3633/3544/1870 5682/3542/1870
f 5682/3542/1851 3633/3544/1851 1906/3545/1851 3730/3546/1851
f 3697/3543/1850 5682/3542/1850 3730/3546/1850 1938/3547/1850
f 1938/3547/1853 3730/3546/1853 5683/3548/1853 3698/3549/1853
f 3730/3546/1852 1906/3545/1852 3634/3550/1852 5683/3548/1852
f 5683/3548/1855 3634/3550/1855 1907/3551/1855 3731/3552/1855
f 3698/3549/1854 5683/3548/1854 3731/3552/1854 1939/3553/1854
f 1939/3553/1857 3731/3552/1857 5684/3554/1857 3699/3555/1857
f 3731/3552/1856 1907/3551/1856 3635/3556/1856 5684/3554/1856
f 5684/3554/1859 3635/3556/1859 1908/3557/1859 3732/3558/1859
f 3699/3555/1858 5684/3554/1858 3732/3558/1858 1940/3559/1858
f 1940/3559/1861 3732/3558/1861 5685/3560/1861 3700/3561/1861
f 3732/3558/1860 1908/3557/1860 3636/3562/1860 5685/3560/1860
f 5685/3560/1863 3636/3562/1863 1909/3563/1863 3733/3564/1863
f 3700/3561/1862 5685/3560/1862 3733/3564/1862 1941/3565/1862
f 1941/3565/1865 3733/3564/1865 5686/3566/1865 3701/3567/1865
f 3733/3564/1864 1909/3563/1864 3637/3568/1864 5686/3566/1864
f 5686/3566/1867 3637/3568/1867 1879/3381/1867 3702/3378/1867
f 3701/3567/1866 5686/3566/1866 3702/3378/1866 1911/3377/1866
f 2007/3569/1871 3894/3570/1871 5751/3571/1871 3862/3572/1871
f 3894/3570/1872 1975/3573/1872 3798/3574/1872 5751/3571/1872
f 5751/3571/1873 3798/3574/1873 1974/3575/1873 3895/3576/1873
f 3862/3572/1874 5751/3571/1874 3895/3576/1874 2006/3577/1874
f 2006/3577/1875 3895/3576/1875 5752/3578/1875 3863/3579/1875
f 3895/3576/1876 1974/3575/1876 3799/3580/1876 5752/3578/1876
f 5752/3578/1877 3799/3580/1877 1976/3581/1877 3896/3582/1877
f 3863/3579/1878 5752/3578/1878 3896/3582/1878 2008/3583/1878
f 2008/3583/1879 3896/3582/1879 5753/3584/1879 3864/3585/1879
f 3896/3582/1880 1976/3581/1880 3800/3586/1880 5753/3584/1880
f 5753/3584/1881 3800/3586/1881 1977/3587/1881 3897/3588/1881
f 3864/3585/1882 5753/3584/1882 3897/3588/1882 2009/3589/1882
f 2009/3589/1883 3897/3588/1883 5754/3590/1883 3865/3591/1883
f 3897/3588/1884 1977/3587/1884 3801/3592/1884 5754/3590/1884
f 5754/3590/1885 3801/3592/1885 1978/3593/1885 3898/3594/1885
f 3865/3591/1886 5754/3590/1886 3898/3594/1886 2010/3595/1886
f 2010/3595/1887 3898/3594/1887 5755/3596/1887 3866/3597/1887
f 3898/3594/1888 1978/3593/1888 3802/3598/1888 5755/3596/1888
f 5755/3596/1889 3802/3598/1889 1979/3599/1889 3899/3600/1889
f 3866/3597/1890 5755/3596/1890 3899/3600/1890 2011/3601/1890
f 2011/3601/1891 3899/3600/1891 5756/3602/1891 3867/3603/1891
f 3899/3600/1892 1979/3599/1892 3803/3604/1892 5756/3602/1892
f 5756/3602/1893 3803/3604/1893 1980/3605/1893 3900/3606/1893
f 3867/3603/1894 5756/3602/1894 3900/3606/1894 2012/3607/1894
f 2012/3607/1895 3900/3606/1895 5757/3608/1895 3868/3609/1895
f 3900/3606/1896 1980/3605/1896 3804/3610/1896 5757/3608/1896
f 5757/3608/1897 3804/3610/1897 1981/3611/1897 3901/3612/1897
f 3868/3609/1898 5757/3608/1898 3901/3612/1898 2013/3613/1898
f 2013/3613/1899 3901/3612/1899 5758/3614/1899 3869/3615/1899
f 3901/3612/1900 1981/3611/1900 3805/3616/1900 5758/3614/1900
f 5758/3614/1901 3805/3616/1901 1982/3617/1901 3902/3618/1901
f 3869/3615/1902 5758/3614/1902 3902/3618/1902 2014/3619/1902
f 2014/3619/1903 3902/3618/1903 5759/3620/1903 3870/3621/1903
f 3902/3618/1904 1982/3617/1904 3806/3622/1904 5759/3620/1904
f 5759/3620/1905 3806/3622/1905 1983/3623/1905 3903/3624/1905
f 3870/3621/1906 5759/3620/1906 3903/3624/1906 2015/3625/1906
f 2015/3625/1907 3903/3624/1907 5760/3626/1907 3871/3627/1907
f 3903/3624/1908 1983/3623/1908 3807/3628/1908 5760/3626/1908
f 5760/3626/1909 3807/3628/1909 1984/3629/1909 3904/3630/1909
f 3871/3627/1910 5760/3626/1910 3904/3630/1910 2016/3631/1910
f 2016/3631/1911 3904/3630/1911 5761/3632/1911 3872/3633/1911
f 3904/3630/1912 1984/3629/1912 3808/3634/1912 5761/3632/1912
f 5761/3632/1913 3808/3634/1913 1985/3635/1913 3905/3636/1913
f 3872/3633/1914 5761/3632/1914 3905/3636/1914 2017/3637/1914
f 2017/3637/1915 3905/3636/1915 5762/3638/1915 3873/3639/1915
f 3905/3636/1916 1985/3635/1916 3809/3640/1916 5762/3638/1916
f 5762/3638/1917 3809/3640/1917 1986/3641/1917 3906/3642/1917
f 3873/3639/1918 5762/3638/1918 3906/3642/1918 2018/3643/1918
f 2018/3643/1919 3906/3642/1919 5763/3644/1919 3874/3645/1919
f 3906/3642/1920 1986/3641/1920 3810/3646/1920 5763/3644/1920
f 5763/3644/1921 3810/3646/1921 1987/3647/1921 3907/3648/1921
f 3874/3645/1922 5763/3644/1922 3907/3648/1922 2019/3649/1922
f 2019/3649/1923 3907/3648/1923 5764/3650/1923 3875/3651/1923
f 3907/3648/1924 1987/3647/1924 3811/3652/1924 5764/3650/1924
f 5764/3650/1925 3811/3652/1925 1988/3653/1925 3908/3654/1925
f 3875/3651/1926 5764/3650/1926 3908/3654/1926 2020/3655/1926
f 2020/3655/1927 3908/3654/1927 5765/3656/1927 3876/3657/1927
f 3908/3654/1928 1988/3653/1928 3812/3658/1928 5765/3656/1928
f 5765/3656/1929 3812/3658/1929 1989/3659/1929 3909/3660/1929
f 3876/3657/1930 5765/3656/1930 3909/3660/1930 2021/3661/1930
f 2021/3661/1931 3909/3660/1931 5766/3662/1931 3877/3663/1931
f 3909/3660/1932 1989/3659/1932 3813/3664/1932 5766/3662/1932
f 5766/3662/1933 3813/3664/1933 1990/3665/1933 3910/3666/1933
f 3877/3663/1934 5766/3662/1934 3910/3666/1934 2022/3667/1934
f 2022/3667/1935 3910/3666/1935 5767/3668/1935 3878/3669/1935
f 3910/3666/1936 1990/3665/1936 3814/3670/1936 5767/3668/1936
f 5767/3668/1937 3814/3670/1937 1991/3671/1937 3911/3672/1937
f 3878/3669/1938 5767/3668/1938 3911/3672/1938 2023/3673/1938
f 2023/3673/1939 3911/3672/1939 5768/3674/1939 3879/3675/1939
f 3911/3672/1940 1991/3671/1940 3815/3676/1940 5768/3674/1940
f 5768/3674/1941 3815/3676/1941 1992/3677/1941 3912/3678/1941
f 3879/3675/1942 5768/3674/1942 3912/3678/1942 2024/3679/1942
f 2024/3679/1943 3912/3678/1943 5769/3680/1943 3880/3681/1943
f 3912/3678/1944 1992/3677/1944 3816/3682/1944 5769/3680/1944
f 5769/3680/1945 3816/3682/1945 1993/3683/1945 3913/3684/1945
f 3880/3681/1946 5769/3680/1946 3913/3684/1946 2025/3685/1946
f 2025/3685/1947 3913/3684/1947 5770/3686/1947 3881/3687/1947
f 3913/3684/1948 1993/3683/1948 3817/3688/1948 5770/3686/1948
f 5770/3686/1949 3817/3688/1949 1994/3689/1949 3914/3690/1949
f 3881/3687/1950 5770/3686/1950 3914/3690/1950 2026/3691/1950
f 2026/3691/1951 3914/3690/1951 5771/3692/1951 3882/3693/1951
f 3914/3690/1952 1994/3689/1952 3818/3694/1952 5771/3692/1952
f 5771/3692/1953 3818/3694/1953 1995/3695/1953 3915/3696/1953
f 3882/3693/1954 5771/3692/1954 3915/3696/1954 2027/3697/1954
f 2027/3697/1955 3915/3696/1955 5772/3698/1955 3883/3699/1955
f 3915/3696/1956 1995/3695/1956 3819/3700/1956 5772/3698/1956
f 5772/3698/1957 3819/3700/1957 1996/3701/1957 3916/3702/1957
f 3883/3699/1958 5772/3698/1958 3916/3702/1958 2028/3703/1958
f 2028/3703/1959 3916/3702/1959 5773/3704/1959 3884/3705/1959
f 3916/3702/1960 1996/3701/1960 3820/3706/1960 5773/3704/1960
f 5773/3704/1961 3820/3706/1961 1997/3707/1961 3917/3708/1961
f 3884/3705/1962 5773/3704/1962 3917/3708/1962 2029/3709/1962
f 2029/3709/1963 3917/3708/1963 5774/3710/1963 3885/3711/1963
f 3917/3708/1964 1997/3707/1964 3821/3712/1964 5774/3710/1964
f 5774/3710/1965 3821/3712/1965 1998/3713/1965 3918/3714/1965
f 3885/3711/1966 5774/3710/1966 3918/3714/1966 2030/3715/1966
f 2030/3715/1967 3918/3714/1967 5775/3716/1967 3886/3717/1967
f 3918/3714/1968 1998/3713/1968 3822/3718/1968 5775/3716/1968
f 5775/3716/1969 3822/3718/1969 1999/3719/1969 3919/3720/1969
f 3886/3717/1970 5775/3716/1970 3919/3720/1970 2031/3721/1970
f 2031/3721/1971 3919/3720/1971 5776/3722/1971 3887/3723/1971
f 3919/3720/1972 1999/3719/1972 3823/3724/1972 5776/3722/1972
f 5776/3722/1973 3823/3724/1973 2000/3725/1973 3920/3726/1973
f 3887/3723/1974 5776/3722/1974 3920/3726/1974 2032/3727/1974
f 2032/3727/1975 3920/3726/1975 5777/3728/1975 3888/3729/1975
f 3920/3726/1976 2000/3725/1976 3824/3730/1976 5777/3728/1976
f 5777/3728/1977 3824/3730/1977 2001/3731/1977 3921/3732/1977
f 3888/3729/1978 5777/3728/1978 3921/3732/1978 2033/3733/1978
f 2033/3733/1979 3921/3732/1979 5778/3734/1979 3889/3735/1979
f 3921/3732/1980 2001/3731/1980 3825/3736/1980 5778/3734/1980
f 5778/3734/1981 3825/3736/1981 2002/3737/1981 3922/3738/1981
f 3889/3735/1982 5778/3734/1982 3922/3738/1982 2034/3739/1982
f 2034/3739/1983 3922/3738/1983 5779/3740/1983 3890/3741/1983
f 3922/3738/1984 2002/3737/1984 3826/3742/1984 5779/3740/1984
f 5779/3740/1985 3826/3742/1985 2003/3743/1985 3923/3744/1985
f 3890/3741/1986 5779/3740/1986 3923/3744/1986 2035/3745/1986
f 2035/3745/1987 3923/3744/1987 5780/3746/1987 3891/3747/1987
f 3923/3744/1988 2003/3743/1988 3827/3748/1988 5780/3746/1988
f 5780/3746/1989 3827/3748/1989 2004/3749/1989 3924/3750/1989
f 3891/3747/1990 5780/3746/1990 3924/3750/1990 2036/3751/1990
f 2036/3751/1991 3924/3750/1991 5781/3752/1991 3892/3753/1991
f 3924/3750/1992 2004/3749/1992 3828/3754/1992 5781/3752/1992
f 5781/3752/1993 3828/3754/1993 2005/3755/1993 3925/3756/1993
f 3892/3753/1994 5781/3752/1994 3925/3756/1994 2037/3757/1994
f 2037/3757/1995 3925/3756/1995 5782/3758/1995 3893/3759/1995
f 3925/3756/1996 2005/3755/1996 3829/3760/1996 5782/3758/1996
f 5782/3758/1997 3829/3760/1997 1975/3573/1997 3894/3570/1997
f 3893/3759/1998 5782/3758/1998 3894/3570/1998 2007/3569/1998
f 2485/3761/1999 4853/3762/1999 5783/3763/1999 4885/3764/1999
f 4853/3762/2000 2007/3569/2000 3862/3572/2000 5783/3763/2000
f 5783/3763/2001 3862/3572/2001 2006/3577/2001 3959/3765/2001
f 4885/3764/2002 5783/3763/2002 3959/3765/2002 2454/3766/2002
f 2454/3766/2003 3959/3765/2003 5784/3767/2003 4884/3768/2003
f 3959/3765/1809 2006/3577/1809 3863/3579/1809 5784/3767/1809
f 5784/3767/1810 3863/3579/1810 2008/3583/1810 3960/3769/1810
f 4884/3768/2004 5784/3767/2004 3960/3769/2004 2455/3770/2004
f 2455/3770/2005 3960/3769/2005 5785/3771/2005 4883/3772/2005
f 3960/3769/1813 2008/3583/1813 3864/3585/1813 5785/3771/1813
f 5785/3771/2006 3864/3585/2006 2009/3589/2006 3961/3773/2006
f 4883/3772/2007 5785/3771/2007 3961/3773/2007 2456/3774/2007
f 2456/3774/2008 3961/3773/2008 5786/3775/2008 4882/3776/2008
f 3961/3773/2009 2009/3589/2009 3865/3591/2009 5786/3775/2009
f 5786/3775/2010 3865/3591/2010 2010/3595/2010 3962/3777/2010
f 4882/3776/2011 5786/3775/2011 3962/3777/2011 2457/3778/2011
f 2457/3778/2012 3962/3777/2012 5787/3779/2012 4881/3780/2012
f 3962/3777/2013 2010/3595/2013 3866/3597/2013 5787/3779/2013
f 5787/3779/2014 3866/3597/2014 2011/3601/2014 3963/3781/2014
f 4881/3780/2015 5787/3779/2015 3963/3781/2015 2458/3782/2015
f 2458/3782/2016 3963/3781/2016 5788/3783/2016 4880/3784/2016
f 3963/3781/2017 2011/3601/2017 3867/3603/2017 5788/3783/2017
f 5788/3783/1826 3867/3603/1826 2012/3607/1826 3964/3785/1826
f 4880/3784/2018 5788/3783/2018 3964/3785/2018 2459/3786/2018
f 2459/3786/2019 3964/3785/2019 5789/3787/2019 4879/3788/2019
f 3964/3785/1829 2012/3607/1829 3868/3609/1829 5789/3787/1829
f 5789/3787/1830 3868/3609/1830 2013/3613/1830 3965/3789/1830
f 4879/3788/2020 5789/3787/2020 3965/3789/2020 2460/3790/2020
f 2460/3790/2021 3965/3789/2021 5790/3791/2021 4878/3792/2021
f 3965/3789/2022 2013/3613/2022 3869/3615/2022 5790/3791/2022
f 5790/3791/2023 3869/3615/2023 2014/3619/2023 3966/3793/2023
f 4878/3792/2024 5790/3791/2024 3966/3793/2024 2461/3794/2024
f 2461/3794/2025 3966/3793/2025 5791/3795/2025 4877/3796/2025
f 3966/3793/2026 2014/3619/2026 3870/3621/2026 5791/3795/2026
f 5791/3795/2027 3870/3621/2027 2015/3625/2027 3967/3797/2027
f 4877/3796/2028 5791/3795/2028 3967/3797/2028 2462/3798/2028
f 2462/3798/2029 3967/3797/2029 5792/3799/2029 4876/3800/2029
f 3967/3797/1841 2015/3625/1841 3871/3627/1841 5792/3799/1841
f 5792/3799/1842 3871/3627/1842 2016/3631/1842 3968/3801/1842
f 4876/3800/2030 5792/3799/2030 3968/3801/2030 2463/3802/2030
f 2463/3802/2031 3968/3801/2031 5793/3803/2031 4875/3804/2031
f 3968/3801/1845 2016/3631/1845 3872/3633/1845 5793/3803/1845
f 5793/3803/2032 3872/3633/2032 2017/3637/2032 3969/3805/2032
f 4875/3804/2033 5793/3803/2033 3969/3805/2033 2464/3806/2033
f 2464/3806/2034 3969/3805/2034 5794/3807/2034 4874/3808/2034
f 3969/3805/2035 2017/3637/2035 3873/3639/2035 5794/3807/2035
f 5794/3807/2036 3873/3639/2036 2018/3643/2036 3970/3809/2036
f 4874/3808/2037 5794/3807/2037 3970/3809/2037 2465/3810/2037
f 2465/3810/2038 3970/3809/2038 5795/3811/2038 4873/3812/2038
f 3970/3809/2039 2018/3643/2039 3874/3645/2039 5795/3811/2039
f 5795/3811/2040 3874/3645/2040 2019/3649/2040 3971/3813/2040
f 4873/3812/2041 5795/3811/2041 3971/3813/2041 2466/3814/2041
f 2466/3814/2042 3971/3813/2042 5796/3815/2042 4872/3816/2042
f 3971/3813/2043 2019/3649/2043 3875/3651/2043 5796/3815/2043
f 5796/3815/1858 3875/3651/1858 2020/3655/1858 3972/3817/1858
f 4872/3816/2044 5796/3815/2044 3972/3817/2044 2467/3818/2044
f 2467/3818/2045 3972/3817/2045 5797/3819/2045 4871/3820/2045
f 3972/3817/1861 2020/3655/1861 3876/3657/1861 5797/3819/1861
f 5797/3819/1862 3876/3657/1862 2021/3661/1862 3973/3821/1862
f 4871/3820/2046 5797/3819/2046 3973/3821/2046 2468/3822/2046
f 2468/3822/2047 3973/3821/2047 5798/3823/2047 4870/3824/2047
f 3973/3821/2048 2021/3661/2048 3877/3663/2048 5798/3823/2048
f 5798/3823/2049 3877/3663/2049 2022/3667/2049 3974/3825/2049
f 4870/3824/2050 5798/3823/2050 3974/3825/2050 2469/3826/2050
f 2469/3826/2051 3974/3825/2051 5799/3827/2051 4869/3828/2051
f 3974/3825/2052 2022/3667/2052 3878/3669/2052 5799/3827/2052
f 5799/3827/2053 3878/3669/2053 2023/3673/2053 3975/3829/2053
f 4869/3828/2054 5799/3827/2054 3975/3829/2054 2470/3830/2054
f 2470/3830/2055 3975/3829/2055 5800/3831/2055 4868/3832/2055
f 3975/3829/1808 2023/3673/1808 3879/3675/1808 5800/3831/1808
f 5800/3831/1811 3879/3675/1811 2024/3679/1811 3976/3833/1811
f 4868/3832/2056 5800/3831/2056 3976/3833/2056 2471/3834/2056
f 2471/3834/2057 3976/3833/2057 5801/3835/2057 4867/3836/2057
f 3976/3833/1812 2024/3679/1812 3880/3681/1812 5801/3835/1812
f 5801/3835/2058 3880/3681/2058 2025/3685/2058 3977/3837/2058
f 4867/3836/2059 5801/3835/2059 3977/3837/2059 2472/3838/2059
f 2472/3838/2060 3977/3837/2060 5802/3839/2060 4866/3840/2060
f 3977/3837/2061 2025/3685/2061 3881/3687/2061 5802/3839/2061
f 5802/3839/2062 3881/3687/2062 2026/3691/2062 3978/3841/2062
f 4866/3840/2063 5802/3839/2063 3978/3841/2063 2473/3842/2063
f 2473/3842/2064 3978/3841/2064 5803/3843/2064 4865/3844/2064
f 3978/3841/2065 2026/3691/2065 3882/3693/2065 5803/3843/2065
f 5803/3843/2066 3882/3693/2066 2027/3697/2066 3979/3845/2066
f 4865/3844/2067 5803/3843/2067 3979/3845/2067 2474/3846/2067
f 2474/3846/2068 3979/3845/2068 5804/3847/2068 4864/3848/2068
f 3979/3845/2069 2027/3697/2069 3883/3699/2069 5804/3847/2069
f 5804/3847/1827 3883/3699/1827 2028/3703/1827 3980/3849/1827
f 4864/3848/2070 5804/3847/2070 3980/3849/2070 2475/3850/2070
f 2475/3850/2071 3980/3849/2071 5805/3851/2071 4863/3852/2071
f 3980/3849/1828 2028/3703/1828 3884/3705/1828 5805/3851/1828
f 5805/3851/1831 3884/3705/1831 2029/3709/1831 3981/3853/1831
f 4863/3852/2072 5805/3851/2072 3981/3853/2072 2476/3854/2072
f 2476/3854/2073 3981/3853/2073 5806/3855/2073 4862/3856/2073
f 3981/3853/2074 2029/3709/2074 3885/3711/2074 5806/3855/2074
f 5806/3855/2075 3885/3711/2075 2030/3715/2075 3982/3857/2075
f 4862/3856/2076 5806/3855/2076 3982/3857/2076 2477/3858/2076
f 2477/3858/2077 3982/3857/2077 5807/3859/2077 4861/3860/2077
f 3982/3857/2078 2030/3715/2078 3886/3717/2078 5807/3859/2078
f 5807/3859/2079 3886/3717/2079 2031/3721/2079 3983/3861/2079
f 4861/3860/2080 5807/3859/2080 3983/3861/2080 2478/3862/2080
f 2478/3862/2081 3983/3861/2081 5808/3863/2081 4860/3864/2081
f 3983/3861/1840 2031/3721/1840 3887/3723/1840 5808/3863/1840
f 5808/3863/1843 3887/3723/1843 2032/3727/1843 3984/3865/1843
f 4860/3864/2082 5808/3863/2082 3984/3865/2082 2479/3866/2082
f 2479/3866/2083 3984/3865/2083 5809/3867/2083 4859/3868/2083
f 3984/3865/1844 2032/3727/1844 3888/3729/1844 5809/3867/1844
f 5809/3867/2084 3888/3729/2084 2033/3733/2084 3985/3869/2084
f 4859/3868/2085 5809/3867/2085 3985/3869/2085 2480/3870/2085
f 2480/3870/2086 3985/3869/2086 5810/3871/2086 4858/3872/2086
f 3985/3869/2087 2033/3733/2087 3889/3735/2087 5810/3871/2087
f 5810/3871/2088 3889/3735/2088 2034/3739/2088 3986/3873/2088
f 4858/3872/2089 5810/3871/2089 3986/3873/2089 2481/3874/2089
f 2481/3874/2090 3986/3873/2090 5811/3875/2090 4857/3876/2090
f 3986/3873/2091 2034/3739/2091 3890/3741/2091 5811/3875/2091
f 5811/3875/2092 3890/3741/2092 2035/3745/2092 3987/3877/2092
f 4857/3876/2093 5811/3875/2093 3987/3877/2093 2482/3878/2093
f 2482/3878/2094 3987/3877/2094 5812/3879/2094 4856/3880/2094
f 3987/3877/2095 2035/3745/2095 3891/3747/2095 5812/3879/2095
f 5812/3879/1859 3891/3747/1859 2036/3751/1859 3988/3881/1859
f 4856/3880/2096 5812/3879/2096 3988/3881/2096 2483/3882/2096
f 2483/3882/2097 3988/3881/2097 5813/3883/2097 4855/3884/2097
f 3988/3881/1860 2036/3751/1860 3892/3753/1860 5813/3883/1860
f 5813/3883/1863 3892/3753/1863 2037/3757/1863 3989/3885/1863
f 4855/3884/2098 5813/3883/2098 3989/3885/2098 2484/3886/2098
f 2484/3886/2099 3989/3885/2099 5814/3887/2099 4854/3888/2099
f 3989/3885/2100 2037/3757/2100 3893/3759/2100 5814/3887/2100
f 5814/3887/2101 3893/3759/2101 2007/3569/2101 4853/3762/2101
f 4854/3888/2102 5814/3887/2102 4853/3762/2102 2485/3761/2102
f 2199/3889/2103 4311/3890/2103 5976/3891/2103 4374/3892/2103
f 4311/3890/2104 2198/3893/2104 4375/3894/2104 5976/3891/2104
f 5976/3891/2105 4375/3894/2105 2201/3895/2105 4313/3896/2105
f 4374/3892/2106 5976/3891/2106 4313/3896/2106 2200/3897/2106
f 2200/3897/2107 4313/3896/2107 5978/3898/2107 4376/3899/2107
f 4313/3896/2108 2201/3895/2108 4377/3900/2108 5978/3898/2108
f 5978/3898/2109 4377/3900/2109 2203/3901/2109 4315/3902/2109
f 4376/3899/2110 5978/3898/2110 4315/3902/2110 2202/3903/2110
f 2202/3903/2111 4315/3902/2111 5980/3904/2111 4378/3905/2111
f 4315/3902/2112 2203/3901/2112 4379/3906/2112 5980/3904/2112
f 5980/3904/2113 4379/3906/2113 2205/3907/2113 4317/3908/2113
f 4378/3905/2114 5980/3904/2114 4317/3908/2114 2204/3909/2114
f 2204/3909/2115 4317/3908/2115 5982/3910/2115 4380/3911/2115
f 4317/3908/2116 2205/3907/2116 4381/3912/2116 5982/3910/2116
f 5982/3910/2117 4381/3912/2117 2207/3913/2117 4319/3914/2117
f 4380/3911/2118 5982/3910/2118 4319/3914/2118 2206/3915/2118
f 2206/3915/2119 4319/3914/2119 5984/3916/2119 4382/3917/2119
f 4319/3914/2120 2207/3913/2120 4383/3918/2120 5984/3916/2120
f 5984/3916/2121 4383/3918/2121 2209/3919/2121 4321/3920/2121
f 4382/3917/2122 5984/3916/2122 4321/3920/2122 2208/3921/2122
f 2208/3921/2123 4321/3920/2123 5986/3922/2123 4384/3923/2123
f 4321/3920/2124 2209/3919/2124 4385/3924/2124 5986/3922/2124
f 5986/3922/2125 4385/3924/2125 2211/3925/2125 4323/3926/2125
f 4384/3923/2126 5986/3922/2126 4323/3926/2126 2210/3927/2126
f 2210/3927/2127 4323/3926/2127 5988/3928/2127 4386/3929/2127
f 4323/3926/2128 2211/3925/2128 4387/3930/2128 5988/3928/2128
f 5988/3928/2129 4387/3930/2129 2213/3931/2129 4325/3932/2129
f 4386/3929/2130 5988/3928/2130 4325/3932/2130 2212/3933/2130
f 2212/3933/2131 4325/3932/2131 5990/3934/2131 4388/3935/2131
f 4325/3932/2132 2213/3931/2132 4389/3936/2132 5990/3934/2132
f 5990/3934/2133 4389/3936/2133 2215/3937/2133 4327/3938/2133
f 4388/3935/2134 5990/3934/2134 4327/3938/2134 2214/3939/2134
f 2214/3939/2135 4327/3938/2135 5992/3940/2135 4390/3941/2135
f 4327/3938/2136 2215/3937/2136 4391/3942/2136 5992/3940/2136
f 5992/3940/2137 4391/3942/2137 2217/3943/2137 4329/3944/2137
f 4390/3941/2138 5992/3940/2138 4329/3944/2138 2216/3945/2138
f 2216/3945/2139 4329/3944/2139 5994/3946/2139 4392/3947/2139
f 4329/3944/2140 2217/3943/2140 4393/3948/2140 5994/3946/2140
f 5994/3946/2141 4393/3948/2141 2219/3949/2141 4331/3950/2141
f 4392/3947/2142 5994/3946/2142 4331/3950/2142 2218/3951/2142
f 2218/3951/2143 4331/3950/2143 5996/3952/2143 4394/3953/2143
f 4331/3950/2144 2219/3949/2144 4395/3954/2144 5996/3952/2144
f 5996/3952/2145 4395/3954/2145 2221/3955/2145 4333/3956/2145
f 4394/3953/2146 5996/3952/2146 4333/3956/2146 2220/3957/2146
f 2220/3957/2147 4333/3956/2147 5998/3958/2147 4396/3959/2147
f 4333/3956/2148 2221/3955/2148 4397/3960/2148 5998/3958/2148
f 5998/3958/2149 4397/3960/2149 2223/3961/2149 4335/3962/2149
f 4396/3959/2150 5998/3958/2150 4335/3962/2150 2222/3963/2150
f 2222/3963/2151 4335/3962/2151 6000/3964/2151 4398/3965/2151
f 4335/3962/2152 2223/3961/2152 4399/3966/2152 6000/3964/2152
f 6000/3964/2153 4399/3966/2153 2225/3967/2153 4337/3968/2153
f 4398/3965/2154 6000/3964/2154 4337/3968/2154 2224/3969/2154
f 2224/3969/2155 4337/3968/2155 6002/3970/2155 4400/3971/2155
f 4337/3968/2156 2225/3967/2156 4401/3972/2156 6002/3970/2156
f 6002/3970/2157 4401/3972/2157 2227/3973/2157 4339/3974/2157
f 4400/3971/2158 6002/3970/2158 4339/3974/2158 2226/3975/2158
f 2226/3975/2159 4339/3974/2159 6004/3976/2159 4402/3977/2159
f 4339/3974/2160 2227/3973/2160 4403/3978/2160 6004/3976/2160
f 6004/3976/2161 4403/3978/2161 2229/3979/2161 4341/3980/2161
f 4402/3977/2162 6004/3976/2162 4341/3980/2162 2228/3981/2162
f 2228/3981/2163 4341/3980/2163 6006/3982/2163 4404/3983/2163
f 4341/3980/2164 2229/3979/2164 4405/3984/2164 6006/3982/2164
f 6006/3982/2165 4405/3984/2165 2231/3985/2165 4343/3986/2165
f 4404/3983/2166 6006/3982/2166 4343/3986/2166 2230/3987/2166
f 2230/3987/2167 4343/3986/2167 6008/3988/2167 4406/3989/2167
f 4343/3986/2168 2231/3985/2168 4407/3990/2168 6008/3988/2168
f 6008/3988/2169 4407/3990/2169 2233/3991/2169 4345/3992/2169
f 4406/3989/2170 6008/3988/2170 4345/3992/2170 2232/3993/2170
f 2232/3993/2171 4345/3992/2171 6010/3994/2171 4408/3995/2171
f 4345/3992/2172 2233/3991/2172 4409/3996/2172 6010/3994/2172
f 6010/3994/2173 4409/3996/2173 2235/3997/2173 4347/3998/2173
f 4408/3995/2174 6010/3994/2174 4347/3998/2174 2234/3999/2174
f 2234/3999/2175 4347/3998/2175 6012/4000/2175 4410/4001/2175
f 4347/3998/2176 2235/3997/2176 4411/4002/2176 6012/4000/2176
f 6012/4000/2177 4411/4002/2177 2237/4003/2177 4349/4004/2177
f 4410/4001/2178 6012/4000/2178 4349/4004/2178 2236/4005/2178
f 2236/4005/2179 4349/4004/2179 6014/4006/2179 4412/4007/2179
f 4349/4004/2180 2237/4003/2180 4413/4008/2180 6014/4006/2180
f 6014/4006/2181 4413/4008/2181 2239/4009/2181 4351/4010/2181
f 4412/4007/2182 6014/4006/2182 4351/4010/2182 2238/4011/2182
f 2238/4011/2183 4351/4010/2183 6016/4012/2183 4414/4013/2183
f 4351/4010/2184 2239/4009/2184 4415/4014/2184 6016/4012/2184
f 6016/4012/2185 4415/4014/2185 2241/4015/2185 4353/4016/2185
f 4414/4013/2186 6016/4012/2186 4353/4016/2186 2240/4017/2186
f 2240/4017/2187 4353/4016/2187 6018/4018/2187 4416/4019/2187
f 4353/4016/2188 2241/4015/2188 4417/4020/2188 6018/4018/2188
f 6018/4018/2189 4417/4020/2189 2243/4021/2189 4355/4022/2189
f 4416/4019/2190 6018/4018/2190 4355/4022/2190 2242/4023/2190
f 2242/4023/2191 4355/4022/2191 6020/4024/2191 4418/4025/2191
f 4355/4022/2192 2243/4021/2192 4419/4026/2192 6020/4024/2192
f 6020/4024/2193 4419/4026/2193 2245/4027/2193 4357/4028/2193
f 4418/4025/2194 6020/4024/2194 4357/4028/2194 2244/4029/2194
f 2244/4029/2195 4357/4028/2195 6022/4030/2195 4420/4031/2195
f 4357/4028/2196 2245/4027/2196 4421/4032/2196 6022/4030/2196
f 6022/4030/2197 4421/4032/2197 2247/4033/2197 4359/4034/2197
f 4420/4031/2198 6022/4030/2198 4359/4034/2198 2246/4035/2198
f 2246/4035/2199 4359/4034/2199 6024/4036/2199 4422/4037/2199
f 4359/4034/2200 2247/4033/2200 4423/4038/2200 6024/4036/2200
f 6024/4036/2201 4423/4038/2201 2249/4039/2201 4361/4040/2201
f 4422/4037/2202 6024/4036/2202 4361/4040/2202 2248/4041/2202
f 2248/4041/2203 4361/4040/2203 6026/4042/2203 4424/4043/2203
f 4361/4040/2204 2249/4039/2204 4425/4044/2204 6026/4042/2204
f 6026/4042/2205 4425/4044/2205 2251/4045/2205 4363/4046/2205
f 4424/4043/2206 6026/4042/2206 4363/4046/2206 2250/4047/2206
f 2250/4047/2207 4363/4046/2207 6028/4048/2207 4426/4049/2207
f 4363/4046/2208 2251/4045/2208 4427/4050/2208 6028/4048/2208
f 6028/4048/2209 4427/4050/2209 2253/4051/2209 4365/4052/2209
f 4426/4049/2210 6028/4048/2210 4365/4052/2210 2252/4053/2210
f 2252/4053/2211 4365/4052/2211 6030/4054/2211 4428/4055/2211
f 4365/4052/2212 2253/4051/2212 4429/4056/2212 6030/4054/2212
f 6030/4054/2213 4429/4056/2213 2255/4057/2213 4367/4058/2213
f 4428/4055/2214 6030/4054/2214 4367/4058/2214 2254/4059/2214
f 2254/4059/2215 4367/4058/2215 6032/4060/2215 4430/4061/2215
f 4367/4058/2216 2255/4057/2216 4431/4062/2216 6032/4060/2216
f 6032/4060/2217 4431/4062/2217 2257/4063/2217 4369/4064/2217
f 4430/4061/2218 6032/4060/2218 4369/4064/2218 2256/4065/2218
f 2256/4065/2219 4369/4064/2219 6034/4066/2219 4432/4067/2219
f 4369/4064/2220 2257/4063/2220 4433/4068/2220 6034/4066/2220
f 6034/4066/2221 4433/4068/2221 2259/4069/2221 4371/4070/2221
f 4432/4067/2222 6034/4066/2222 4371/4070/2222 2258/4071/2222
f 2258/4071/2223 4371/4070/2223 6036/4072/2223 4434/4073/2223
f 4371/4070/2224 2259/4069/2224 4435/4074/2224 6036/4072/2224
f 6036/4072/2225 4435/4074/2225 2261/4075/2225 4373/4076/2225
f 4434/4073/2226 6036/4072/2226 4373/4076/2226 2260/4077/2226
f 2260/4077/2227 4373/4076/2227 6038/4078/2227 4436/4079/2227
f 4373/4076/2228 2261/4075/2228 4437/4080/2228 6038/4078/2228
f 6038/4078/2229 4437/4080/2229 2198/3893/2229 4311/3890/2229
f 4436/4079/2230 6038/4078/2230 4311/3890/2230 2199/3889/2230
f 2263/4081/2231 4439/4082/2231 6040/4083/2231 4502/4084/2231
f 4439/4082/2232 2262/4085/2232 4503/4086/2232 6040/4083/2232
f 6040/4083/2233 4503/4086/2233 2265/4087/2233 4441/4088/2233
f 4502/4084/2234 6040/4083/2234 4441/4088/2234 2264/4089/2234
f 2264/4089/2235 4441/4088/2235 6042/4090/2235 4504/4091/2235
f 4441/4088/2236 2265/4087/2236 4505/4092/2236 6042/4090/2236
f 6042/4090/2237 4505/4092/2237 2267/4093/2237 4443/4094/2237
f 4504/4091/2238 6042/4090/2238 4443/4094/2238 2266/4095/2238
f 2266/4095/2239 4443/4094/2239 6044/4096/2239 4506/4097/2239
f 4443/4094/2240 2267/4093/2240 4507/4098/2240 6044/4096/2240
f 6044/4096/2241 4507/4098/2241 2269/4099/2241 4445/4100/2241
f 4506/4097/2242 6044/4096/2242 4445/4100/2242 2268/4101/2242
f 2268/4101/2243 4445/4100/2243 6046/4102/2243 4508/4103/2243
f 4445/4100/2244 2269/4099/2244 4509/4104/2244 6046/4102/2244
f 6046/4102/2245 4509/4104/2245 2271/4105/2245 4447/4106/2245
f 4508/4103/2246 6046/4102/2246 4447/4106/2246 2270/4107/2246
f 2270/4107/2247 4447/4106/2247 6048/4108/2247 4510/4109/2247
f 4447/4106/2248 2271/4105/2248 4511/4110/2248 6048/4108/2248
f 6048/4108/2249 4511/4110/2249 2273/4111/2249 4449/4112/2249
f 4510/4109/2250 6048/4108/2250 4449/4112/2250 2272/4113/2250
f 2272/4113/2251 4449/4112/2251 6050/4114/2251 4512/4115/2251
f 4449/4112/2252 2273/4111/2252 4513/4116/2252 6050/4114/2252
f 6050/4114/2253 4513/4116/2253 2275/4117/2253 4451/4118/2253
f 4512/4115/2254 6050/4114/2254 4451/4118/2254 2274/4119/2254
f 2274/4119/2255 4451/4118/2255 6052/4120/2255 4514/4121/2255
f 4451/4118/2256 2275/4117/2256 4515/4122/2256 6052/4120/2256
f 6052/4120/2257 4515/4122/2257 2277/4123/2257 4453/4124/2257
f 4514/4121/2258 6052/4120/2258 4453/4124/2258 2276/4125/2258
f 2276/4125/2259 4453/4124/2259 6054/4126/2259 4516/4127/2259
f 4453/4124/2260 2277/4123/2260 4517/4128/2260 6054/4126/2260
f 6054/4126/2261 4517/4128/2261 2279/4129/2261 4455/4130/2261
f 4516/4127/2262 6054/4126/2262 4455/4130/2262 2278/4131/2262
f 2278/4131/2263 4455/4130/2263 6056/4132/2263 4518/4133/2263
f 4455/4130/2264 2279/4129/2264 4519/4134/2264 6056/4132/2264
f 6056/4132/2265 4519/4134/2265 2281/4135/2265 4457/4136/2265
f 4518/4133/2266 6056/4132/2266 4457/4136/2266 2280/4137/2266
f 2280/4137/2267 4457/4136/2267 6058/4138/2267 4520/4139/2267
f 4457/4136/2268 2281/4135/2268 4521/4140/2268 6058/4138/2268
f 6058/4138/2269 4521/4140/2269 2283/4141/2269 4459/4142/2269
f 4520/4139/2270 6058/4138/2270 4459/4142/2270 2282/4143/2270
f 2282/4143/2271 4459/4142/2271 6060/4144/2271 4522/4145/2271
f 4459/4142/2272 2283/4141/2272 4523/4146/2272 6060/4144/2272
f 6060/4144/2273 4523/4146/2273 2285/4147/2273 4461/4148/2273
f 4522/4145/2274 6060/4144/2274 4461/4148/2274 2284/4149/2274
f 2284/4149/2275 4461/4148/2275 6062/4150/2275 4524/4151/2275
f 4461/4148/2276 2285/4147/2276 4525/4152/2276 6062/4150/2276
f 6062/4150/2277 4525/4152/2277 2287/4153/2277 4463/4154/2277
f 4524/4151/2278 6062/4150/2278 4463/4154/2278 2286/4155/2278
f 2286/4155/2279 4463/4154/2279 6064/4156/2279 4526/4157/2279
f 4463/4154/2280 2287/4153/2280 4527/4158/2280 6064/4156/2280
f 6064/4156/2281 4527/4158/2281 2289/4159/2281 4465/4160/2281
f 4526/4157/2282 6064/4156/2282 4465/4160/2282 2288/4161/2282
f 2288/4161/2283 4465/4160/2283 6066/4162/2283 4528/4163/2283
f 4465/4160/2284 2289/4159/2284 4529/4164/2284 6066/4162/2284
f 6066/4162/2285 4529/4164/2285 2291/4165/2285 4467/4166/2285
f 4528/4163/2286 6066/4162/2286 4467/4166/2286 2290/4167/2286
f 2290/4167/2287 4467/4166/2287 6068/4168/2287 4530/4169/2287
f 4467/4166/2288 2291/4165/2288 4531/4170/2288 6068/4168/2288
f 6068/4168/2289 4531/4170/2289 2293/4171/2289 4469/4172/2289
f 4530/4169/2290 6068/4168/2290 4469/4172/2290 2292/4173/2290
f 2292/4173/2291 4469/4172/2291 6070/4174/2291 4532/4175/2291
f 4469/4172/2292 2293/4171/2292 4533/4176/2292 6070/4174/2292
f 6070/4174/2293 4533/4176/2293 2295/4177/2293 4471/4178/2293
f 4532/4175/2294 6070/4174/2294 4471/4178/2294 2294/4179/2294
f 2294/4179/2295 4471/4178/2295 6072/4180/2295 4534/4181/2295
f 4471/4178/2296 2295/4177/2296 4535/4182/2296 6072/4180/2296
f 6072/4180/2297 4535/4182/2297 2297/4183/2297 4473/4184/2297
f 4534/4181/2298 6072/4180/2298 4473/4184/2298 2296/4185/2298
f 2296/4185/2299 4473/4184/2299 6074/4186/2299 4536/4187/2299
f 4473/4184/2300 2297/4183/2300 4537/4188/2300 6074/4186/2300
f 6074/4186/2301 4537/4188/2301 2299/4189/2301 4475/4190/2301
f 4536/4187/2302 6074/4186/2302 4475/4190/2302 2298/4191/2302
f 2298/4191/2303 4475/4190/2303 6076/4192/2303 4538/4193/2303
f 4475/4190/2304 2299/4189/2304 4539/4194/2304 6076/4192/2304
f 6076/4192/2305 4539/4194/2305 2301/4195/2305 4477/4196/2305
f 4538/4193/2306 6076/4192/2306 4477/4196/2306 2300/4197/2306
f 2300/4197/2307 4477/4196/2307 6078/4198/2307 4540/4199/2307
f 4477/4196/2308 2301/4195/2308 4541/4200/2308 6078/4198/2308
f 6078/4198/2309 4541/4200/2309 2303/4201/2309 4479/4202/2309
f 4540/4199/2310 6078/4198/2310 4479/4202/2310 2302/4203/2310
f 2302/4203/2311 4479/4202/2311 6080/4204/2311 4542/4205/2311
f 4479/4202/2312 2303/4201/2312 4543/4206/2312 6080/4204/2312
f 6080/4204/2313 4543/4206/2313 2305/4207/2313 4481/4208/2313
f 4542/4205/2314 6080/4204/2314 4481/4208/2314 2304/4209/2314
f 2304/4209/2315 4481/4208/2315 6082/4210/2315 4544/4211/2315
f 4481/4208/2316 2305/4207/2316 4545/4212/2316 6082/4210/2316
f 6082/4210/2317 4545/4212/2317 2307/4213/2317 4483/4214/2317
f 4544/4211/2318 6082/4210/2318 4483/4214/2318 2306/4215/2318
f 2306/4215/2319 4483/4214/2319 6084/4216/2319 4546/4217/2319
f 4483/4214/2320 2307/4213/2320 4547/4218/2320 6084/4216/2320
f 6084/4216/2321 4547/4218/2321 2309/4219/2321 4485/4220/2321
f 4546/4217/2322 6084/4216/2322 4485/4220/2322 2308/4221/2322
f 2308/4221/2323 4485/4220/2323 6086/4222/2323 4548/4223/2323
f 4485/4220/2324 2309/4219/2324 4549/4224/2324 6086/4222/2324
f 6086/4222/2325 4549/4224/2325 2311/4225/2325 4487/4226/2325
f 4548/4223/2326 6086/4222/2326 4487/4226/2326 2310/4227/2326
f 2310/4227/2327 4487/4226/2327 6088/4228/2327 4550/4229/2327
f 4487/4226/2328 2311/4225/2328 4551/4230/2328 6088/4228/2328
f 6088/4228/2329 4551/4230/2329 2313/4231/2329 4489/4232/2329
f 4550/4229/2330 6088/4228/2330 4489/4232/2330 2312/4233/2330
f 2312/4233/2331 4489/4232/2331 6090/4234/2331 4552/4235/2331
f 4489/4232/2332 2313/4231/2332 4553/4236/2332 6090/4234/2332
f 6090/4234/2333 4553/4236/2333 2315/4237/2333 4491/4238/2333
f 4552/4235/2334 6090/4234/2334 4491/4238/2334 2314/4239/2334
f 2314/4239/2335 4491/4238/2335 6092/4240/2335 4554/4241/2335
f 4491/4238/2336 2315/4237/2336 4555/4242/2336 6092/4240/2336
f 6092/4240/2337 4555/4242/2337 2317/4243/2337 4493/4244/2337
f 4554/4241/2338 6092/4240/2338 4493/4244/2338 2316/4245/2338
f 2316/4245/2339 4493/4244/2339 6094/4246/2339 4556/4247/2339
f 4493/4244/2340 2317/4243/2340 4557/4248/2340 6094/4246/2340
f 6094/4246/2341 4557/4248/2341 2319/4249/2341 4495/4250/2341
f 4556/4247/2342 6094/4246/2342 4495/4250/2342 2318/4251/2342
f 2318/4251/2343 4495/4250/2343 6096/4252/2343 4558/4253/2343
f 4495/4250/2344 2319/4249/2344 4559/4254/2344 6096/4252/2344
f 6096/4252/2345 4559/4254/2345 2321/4255/2345 4497/4256/2345
f 4558/4253/2346 6096/4252/2346 4497/4256/2346 2320/4257/2346
f 2320/4257/2347 4497/4256/2347 6098/4258/2347 4560/4259/2347
f 4497/4256/2348 2321/4255/2348 4561/4260/2348 6098/4258/2348
f 6098/4258/2349 4561/4260/2349 2323/4261/2349 4499/4262/2349
f 4560/4259/2350 6098/4258/2350 4499/4262/2350 2322/4263/2350
f 2322/4263/2351 4499/4262/2351 6100/4264/2351 4562/4265/2351
f 4499/4262/2352 2323/4261/2352 4563/4266/2352 6100/4264/2352
f 6100/4264/2353 4563/4266/2353 2325/4267/2353 4501/4268/2353
f 4562/4265/2354 6100/4264/2354 4501/4268/2354 2324/4269/2354
f 2324/4269/2355 4501/4268/2355 6102/4270/2355 4564/4271/2355
f 4501/4268/2356 2325/4267/2356 4565/4272/2356 6102/4270/2356
f 6102/4270/2357 4565/4272/2357 2262/4085/2357 4439/4082/2357
f 4564/4271/2358 6102/4270/2358 4439/4082/2358 2263/4081/2358
f 2327/4273/2359 4567/4274/2359 6104/4275/2359 4630/4276/2359
f 4567/4274/2360 2326/4277/2360 4631/4278/2360 6104/4275/2360
f 6104/4275/2361 4631/4278/2361 2329/4279/2361 4569/4280/2361
f 4630/4276/2362 6104/4275/2362 4569/4280/2362 2328/4281/2362
f 2328/4281/2363 4569/4280/2363 6106/4282/2363 4632/4283/2363
f 4569/4280/2364 2329/4279/2364 4633/4284/2364 6106/4282/2364
f 6106/4282/2365 4633/4284/2365 2331/4285/2365 4571/4286/2365
f 4632/4283/2366 6106/4282/2366 4571/4286/2366 2330/4287/2366
f 2330/4287/2367 4571/4286/2367 6108/4288/2367 4634/4289/2367
f 4571/4286/2368 2331/4285/2368 4635/4290/2368 6108/4288/2368
f 6108/4288/2369 4635/4290/2369 2333/4291/2369 4573/4292/2369
f 4634/4289/2370 6108/4288/2370 4573/4292/2370 2332/4293/2370
f 2332/4293/2371 4573/4292/2371 6110/4294/2371 4636/4295/2371
f 4573/4292/2372 2333/4291/2372 4637/4296/2372 6110/4294/2372
f 6110/4294/2373 4637/4296/2373 2335/4297/2373 4575/4298/2373
f 4636/4295/2374 6110/4294/2374 4575/4298/2374 2334/4299/2374
f 2334/4299/2375 4575/4298/2375 6112/4300/2375 4638/4301/2375
f 4575/4298/2376 2335/4297/2376 4639/4302/2376 6112/4300/2376
f 6112/4300/2377 4639/4302/2377 2337/4303/2377 4577/4304/2377
f 4638/4301/2378 6112/4300/2378 4577/4304/2378 2336/4305/2378
f 2336/4305/2379 4577/4304/2379 6114/4306/2379 4640/4307/2379
f 4577/4304/2380 2337/4303/2380 4641/4308/2380 6114/4306/2380
f 6114/4306/2381 4641/4308/2381 2339/4309/2381 4579/4310/2381
f 4640/4307/2382 6114/4306/2382 4579/4310/2382 2338/4311/2382
f 2338/4311/2383 4579/4310/2383 6116/4312/2383 4642/4313/2383
f 4579/4310/2384 2339/4309/2384 4643/4314/2384 6116/4312/2384
f 6116/4312/2385 4643/4314/2385 2341/4315/2385 4581/4316/2385
f 4642/4313/2386 6116/4312/2386 4581/4316/2386 2340/4317/2386
f 2340/4317/2387 4581/4316/2387 6118/4318/2387 4644/4319/2387
f 4581/4316/2388 2341/4315/2388 4645/4320/2388 6118/4318/2388
f 6118/4318/2389 4645/4320/2389 2343/4321/2389 4583/4322/2389
f 4644/4319/2390 6118/4318/2390 4583/4322/2390 2342/4323/2390
f 2342/4323/2391 4583/4322/2391 6120/4324/2391 4646/4325/2391
f 4583/4322/2392 2343/4321/2392 4647/4326/2392 6120/4324/2392
f 6120/4324/2393 4647/4326/2393 2345/4327/2393 4585/4328/2393
f 4646/4325/2394 6120/4324/2394 4585/4328/2394 2344/4329/2394
f 2344/4329/2395 4585/4328/2395 6122/4330/2395 4648/4331/2395
f 4585/4328/2396 2345/4327/2396 4649/4332/2396 6122/4330/2396
f 6122/4330/2397 4649/4332/2397 2347/4333/2397 4587/4334/2397
f 4648/4331/2398 6122/4330/2398 4587/4334/2398 2346/4335/2398
f 2346/4335/2399 4587/4334/2399 6124/4336/2399 4650/4337/2399
f 4587/4334/2400 2347/4333/2400 4651/4338/2400 6124/4336/2400
f 6124/4336/2401 4651/4338/2401 2349/4339/2401 4589/4340/2401
f 4650/4337/2402 6124/4336/2402 4589/4340/2402 2348/4341/2402
f 2348/4341/2403 4589/4340/2403 6126/4342/2403 4652/4343/2403
f 4589/4340/2404 2349/4339/2404 4653/4344/2404 6126/4342/2404
f 6126/4342/2405 4653/4344/2405 2351/4345/2405 4591/4346/2405
f 4652/4343/2406 6126/4342/2406 4591/4346/2406 2350/4347/2406
f 2350/4347/2407 4591/4346/2407 6128/4348/2407 4654/4349/2407
f 4591/4346/2408 2351/4345/2408 4655/4350/2408 6128/4348/2408
f 6128/4348/2409 4655/4350/2409 2353/4351/2409 4593/4352/2409
f 4654/4349/2410 6128/4348/2410 4593/4352/2410 2352/4353/2410
f 2352/4353/2411 4593/4352/2411 6130/4354/2411 4656/4355/2411
f 4593/4352/2412 2353/4351/2412 4657/4356/2412 6130/4354/2412
f 6130/4354/2413 4657/4356/2413 2355/4357/2413 4595/4358/2413
f 4656/4355/2414 6130/4354/2414 4595/4358/2414 2354/4359/2414
f 2354/4359/2415 4595/4358/2415 6132/4360/2415 4658/4361/2415
f 4595/4358/2416 2355/4357/2416 4659/4362/2416 6132/4360/2416
f 6132/4360/2417 4659/4362/2417 2357/4363/2417 4597/4364/2417
f 4658/4361/2418 6132/4360/2418 4597/4364/2418 2356/4365/2418
f 2356/4365/2419 4597/4364/2419 6134/4366/2419 4660/4367/2419
f 4597/4364/2420 2357/4363/2420 4661/4368/2420 6134/4366/2420
f 6134/4366/2421 4661/4368/2421 2359/4369/2421 4599/4370/2421
f 4660/4367/2422 6134/4366/2422 4599/4370/2422 2358/4371/2422
f 2358/4371/2423 4599/4370/2423 6136/4372/2423 4662/4373/2423
f 4599/4370/2424 2359/4369/2424 4663/4374/2424 6136/4372/2424
f 6136/4372/2425 4663/4374/2425 2361/4375/2425 4601/4376/2425
f 4662/4373/2426 6136/4372/2426 4601/4376/2426 2360/4377/2426
f 2360/4377/2427 4601/4376/2427 6138/4378/2427 4664/4379/2427
f 4601/4376/2428 2361/4375/2428 4665/4380/2428 6138/4378/2428
f 6138/4378/2429 4665/4380/2429 2363/4381/2429 4603/4382/2429
f 4664/4379/2430 6138/4378/2430 4603/4382/2430 2362/4383/2430
f 2362/4383/2431 4603/4382/2431 6140/4384/2431 4666/4385/2431
f 4603/4382/2432 2363/4381/2432 4667/4386/2432 6140/4384/2432
f 6140/4384/2433 4667/4386/2433 2365/4387/2433 4605/4388/2433
f 4666/4385/2434 6140/4384/2434 4605/4388/2434 2364/4389/2434
f 2364/4389/2435 4605/4388/2435 6142/4390/2435 4668/4391/2435
f 4605/4388/2436 2365/4387/2436 4669/4392/2436 6142/4390/2436
f 6142/4390/2437 4669/4392/2437 2367/4393/2437 4607/4394/2437
f 4668/4391/2438 6142/4390/2438 4607/4394/2438 2366/4395/2438
f 2366/4395/2439 4607/4394/2439 6144/4396/2439 4670/4397/2439
f 4607/4394/2440 2367/4393/2440 4671/4398/2440 6144/4396/2440
f 6144/4396/2441 4671/4398/2441 2369/4399/2441 4609/4400/2441
f 4670/4397/2442 6144/4396/2442 4609/4400/2442 2368/4401/2442
f 2368/4401/2443 4609/4400/2443 6146/4402/2443 4672/4403/2443
f 4609/4400/2444 2369/4399/2444 4673/4404/2444 6146/4402/2444
f 6146/4402/2445 4673/4404/2445 2371/4405/2445 4611/4406/2445
f 4672/4403/2446 6146/4402/2446 4611/4406/2446 2370/4407/2446
f 2370/4407/2447 4611/4406/2447 6148/4408/2447 4674/4409/2447
f 4611/4406/2448 2371/4405/2448 4675/4410/2448 6148/4408/2448
f 6148/4408/2449 4675/4410/2449 2373/4411/2449 4613/4412/2449
f 4674/4409/2450 6148/4408/2450 4613/4412/2450 2372/4413/2450
f 2372/4413/2451 4613/4412/2451 6150/4414/2451 4676/4415/2451
f 4613/4412/2452 2373/4411/2452 4677/4416/2452 6150/4414/2452
f 6150/4414/2453 4677/4416/2453 2375/4417/2453 4615/4418/2453
f 4676/4415/2454 6150/4414/2454 4615/4418/2454 2374/4419/2454
f 2374/4419/2455 4615/4418/2455 6152/4420/2455 4678/4421/2455
f 4615/4418/2456 2375/4417/2456 4679/4422/2456 6152/4420/2456
f 6152/4420/2457 4679/4422/2457 2377/4423/2457 4617/4424/2457
f 4678/4421/2458 6152/4420/2458 4617/4424/2458 2376/4425/2458
f 2376/4425/2459 4617/4424/2459 6154/4426/2459 4680/4427/2459
f 4617/4424/2460 2377/4423/2460 4681/4428/2460 6154/4426/2460
f 6154/4426/2461 4681/4428/2461 2379/4429/2461 4619/4430/2461
f 4680/4427/2462 6154/4426/2462 4619/4430/2462 2378/4431/2462
f 2378/4431/2463 4619/4430/2463 6156/4432/2463 4682/4433/2463
f 4619/4430/2464 2379/4429/2464 4683/4434/2464 6156/4432/2464
f 6156/4432/2465 4683/4434/2465 2381/4435/2465 4621/4436/2465
f 4682/4433/2466 6156/4432/2466 4621/4436/2466 2380/4437/2466
f 2380/4437/2467 4621/4436/2467 6158/4438/2467 4684/4439/2467
f 4621/4436/2468 2381/4435/2468 4685/4440/2468 6158/4438/2468
f 6158/4438/2469 4685/4440/2469 2383/4441/2469 4623/4442/2469
f 4684/4439/2470 6158/4438/2470 4623/4442/2470 2382/4443/2470
f 2382/4443/2471 4623/4442/2471 6160/4444/2471 4686/4445/2471
f 4623/4442/2472 2383/4441/2472 4687/4446/2472 6160/4444/2472
f 6160/4444/2473 4687/4446/2473 2385/4447/2473 4625/4448/2473
f 4686/4445/2474 6160/4444/2474 4625/4448/2474 2384/4449/2474
f 2384/4449/2475 4625/4448/2475 6162/4450/2475 4688/4451/2475
f 4625/4448/2476 2385/4447/2476 4689/4452/2476 6162/4450/2476
f 6162/4450/2477 4689/4452/2477 2387/4453/2477 4627/4454/2477
f 4688/4451/2478 6162/4450/2478 4627/4454/2478 2386/4455/2478
f 2386/4455/2479 4627/4454/2479 6164/4456/2479 4690/4457/2479
f 4627/4454/2480 2387/4453/2480 4691/4458/2480 6164/4456/2480
f 6164/4456/2481 4691/4458/2481 2389/4459/2481 4629/4460/2481
f 4690/4457/2482 6164/4456/2482 4629/4460/2482 2388/4461/2482
f 2388/4461/2483 4629/4460/2483 6166/4462/2483 4692/4463/2483
f 4629/4460/2484 2389/4459/2484 4693/4464/2484 6166/4462/2484
f 6166/4462/2485 4693/4464/2485 2326/4277/2485 4567/4274/2485
f 4692/4463/2486 6166/4462/2486 4567/4274/2486 2327/4273/2486
f 2391/4465/2487 4695/4466/2487 6168/4467/2487 4758/4468/2487
f 4695/4466/2488 2390/4469/2488 4759/4470/2488 6168/4467/2488
f 6168/4467/2489 4759/4470/2489 2393/4471/2489 4697/4472/2489
f 4758/4468/2490 6168/4467/2490 4697/4472/2490 2392/4473/2490
f 2392/4473/2491 4697/4472/2491 6170/4474/2491 4760/4475/2491
f 4697/4472/2492 2393/4471/2492 4761/4476/2492 6170/4474/2492
f 6170/4474/2493 4761/4476/2493 2395/4477/2493 4699/4478/2493
f 4760/4475/2494 6170/4474/2494 4699/4478/2494 2394/4479/2494
f 2394/4479/2495 4699/4478/2495 6172/4480/2495 4762/4481/2495
f 4699/4478/2496 2395/4477/2496 4763/4482/2496 6172/4480/2496
f 6172/4480/2497 4763/4482/2497 2397/4483/2497 4701/4484/2497
f 4762/4481/2498 6172/4480/2498 4701/4484/2498 2396/4485/2498
f 2396/4485/2499 4701/4484/2499 6174/4486/2499 4764/4487/2499
f 4701/4484/2500 2397/4483/2500 4765/4488/2500 6174/4486/2500
f 6174/4486/2501 4765/4488/2501 2399/4489/2501 4703/4490/2501
f 4764/4487/2502 6174/4486/2502 4703/4490/2502 2398/4491/2502
f 2398/4491/2503 4703/4490/2503 6176/4492/2503 4766/4493/2503
f 4703/4490/2504 2399/4489/2504 4767/4494/2504 6176/4492/2504
f 6176/4492/2505 4767/4494/2505 2401/4495/2505 4705/4496/2505
f 4766/4493/2506 6176/4492/2506 4705/4496/2506 2400/4497/2506
f 2400/4497/2507 4705/4496/2507 6178/4498/2507 4768/4499/2507
f 4705/4496/2508 2401/4495/2508 4769/4500/2508 6178/4498/2508
f 6178/4498/2509 4769/4500/2509 2403/4501/2509 4707/4502/2509
f 4768/4499/2510 6178/4498/2510 4707/4502/2510 2402/4503/2510
f 2402/4503/2511 4707/4502/2511 6180/4504/2511 4770/4505/2511
f 4707/4502/2512 2403/4501/2512 4771/4506/2512 6180/4504/2512
f 6180/4504/2513 4771/4506/2513 2405/4507/2513 4709/4508/2513
f 4770/4505/2514 6180/4504/2514 4709/4508/2514 2404/4509/2514
f 2404/4509/2515 4709/4508/2515 6182/4510/2515 4772/4511/2515
f 4709/4508/2516 2405/4507/2516 4773/4512/2516 6182/4510/2516
f 6182/4510/2517 4773/4512/2517 2407/4513/2517 4711/4514/2517
f 4772/4511/2518 6182/4510/2518 4711/4514/2518 2406/4515/2518
f 2406/4515/2519 4711/4514/2519 6184/4516/2519 4774/4517/2519
f 4711/4514/2520 2407/4513/2520 4775/4518/2520 6184/4516/2520
f 6184/4516/2521 4775/4518/2521 2409/4519/2521 4713/4520/2521
f 4774/4517/2522 6184/4516/2522 4713/4520/2522 2408/4521/2522
f 2408/4521/2523 4713/4520/2523 6186/4522/2523 4776/4523/2523
f 4713/4520/2524 2409/4519/2524 4777/4524/2524 6186/4522/2524
f 6186/4522/2525 4777/4524/2525 2411/4525/2525 4715/4526/2525
f 4776/4523/2526 6186/4522/2526 4715/4526/2526 2410/4527/2526
f 2410/4527/2527 4715/4526/2527 6188/4528/2527 4778/4529/2527
f 4715/4526/2528 2411/4525/2528 4779/4530/2528 6188/4528/2528
f 6188/4528/2529 4779/4530/2529 2413/4531/2529 4717/4532/2529
f 4778/4529/2530 6188/4528/2530 4717/4532/2530 2412/4533/2530
f 2412/4533/2531 4717/4532/2531 6190/4534/2531 4780/4535/2531
f 4717/4532/2532 2413/4531/2532 4781/4536/2532 6190/4534/2532
f 6190/4534/2533 4781/4536/2533 2415/4537/2533 4719/4538/2533
f 4780/4535/2534 6190/4534/2534 4719/4538/2534 2414/4539/2534
f 2414/4539/2535 4719/4538/2535 6192/4540/2535 4782/4541/2535
f 4719/4538/2536 2415/4537/2536 4783/4542/2536 6192/4540/2536
f 6192/4540/2537 4783/4542/2537 2417/4543/2537 4721/4544/2537
f 4782/4541/2538 6192/4540/2538 4721/4544/2538 2416/4545/2538
f 2416/4545/2539 4721/4544/2539 6194/4546/2539 4784/4547/2539
f 4721/4544/2540 2417/4543/2540 4785/4548/2540 6194/4546/2540
f 6194/4546/2541 4785/4548/2541 2419/4549/2541 4723/4550/2541
f 4784/4547/2542 6194/4546/2542 4723/4550/2542 2418/4551/2542
f 2418/4551/2543 4723/4550/2543 6196/4552/2543 4786/4553/2543
f 4723/4550/2544 2419/4549/2544 4787/4554/2544 6196/4552/2544
f 6196/4552/2545 4787/4554/2545 2421/4555/2545 4725/4556/2545
f 4786/4553/2546 6196/4552/2546 4725/4556/2546 2420/4557/2546
f 2420/4557/2547 4725/4556/2547 6198/4558/2547 4788/4559/2547
f 4725/4556/2548 2421/4555/2548 4789/4560/2548 6198/4558/2548
f 6198/4558/2549 4789/4560/2549 2423/4561/2549 4727/4562/2549
f 4788/4559/2550 6198/4558/2550 4727/4562/2550 2422/4563/2550
f 2422/4563/2551 4727/4562/2551 6200/4564/2551 4790/4565/2551
f 4727/4562/2552 2423/4561/2552 4791/4566/2552 6200/4564/2552
f 6200/4564/2553 4791/4566/2553 2425/4567/2553 4729/4568/2553
f 4790/4565/2554 6200/4564/2554 4729/4568/2554 2424/4569/2554
f 2424/4569/2555 4729/4568/2555 6202/4570/2555 4792/4571/2555
f 4729/4568/2556 2425/4567/2556 4793/4572/2556 6202/4570/2556
f 6202/4570/2557 4793/4572/2557 2427/4573/2557 4731/4574/2557
f 4792/4571/2558 6202/4570/2558 4731/4574/2558 2426/4575/2558
f 2426/4575/2559 4731/4574/2559 6204/4576/2559 4794/4577/2559
f 4731/4574/2560 2427/4573/2560 4795/4578/2560 6204/4576/2560
f 6204/4576/2561 4795/4578/2561 2429/4579/2561 4733/4580/2561
f 4794/4577/2562 6204/4576/2562 4733/4580/2562 2428/4581/2562
f 2428/4581/2563 4733/4580/2563 6206/4582/2563 4796/4583/2563
f 4733/4580/2564 2429/4579/2564 4797/4584/2564 6206/4582/2564
f 6206/4582/2565 4797/4584/2565 2431/4585/2565 4735/4586/2565
f 4796/4583/2566 6206/4582/2566 4735/4586/2566 2430/4587/2566
f 2430/4587/2567 4735/4586/2567 6208/4588/2567 4798/4589/2567
f 4735/4586/2568 2431/4585/2568 4799/4590/2568 6208/4588/2568
f 6208/4588/2569 4799/4590/2569 2433/4591/2569 4737/4592/2569
f 4798/4589/2570 6208/4588/2570 4737/4592/2570 2432/4593/2570
f 2432/4593/2571 4737/4592/2571 6210/4594/2571 4800/4595/2571
f 4737/4592/2572 2433/4591/2572 4801/4596/2572 6210/4594/2572
f 6210/4594/2573 4801/4596/2573 2435/4597/2573 4739/4598/2573
f 4800/4595/2574 6210/4594/2574 4739/4598/2574 2434/4599/2574
f 2434/4599/2575 4739/4598/2575 6212/4600/2575 4802/4601/2575
f 4739/4598/2576 2435/4597/2576 4803/4602/2576 6212/4600/2576
f 6212/4600/2577 4803/4602/2577 2437/4603/2577 4741/4604/2577
f 4802/4601/2578 6212/4600/2578 4741/4604/2578 2436/4605/2578
f 2436/4605/2579 4741/4604/2579 6214/4606/2579 4804/4607/2579
f 4741/4604/2580 2437/4603/2580 4805/4608/2580 6214/4606/2580
f 6214/4606/2581 4805/4608/2581 2439/4609/2581 4743/4610/2581
f 4804/4607/2582 6214/4606/2582 4743/4610/2582 2438/4611/2582
f 2438/4611/2583 4743/4610/2583 6216/4612/2583 4806/4613/2583
f 4743/4610/2584 2439/4609/2584 4807/4614/2584 6216/4612/2584
f 6216/4612/2585 4807/4614/2585 2441/4615/2585 4745/4616/2585
f 4806/4613/2586 6216/4612/2586 4745/4616/2586 2440/4617/2586
f 2440/4617/2587 4745/4616/2587 6218/4618/2587 4808/4619/2587
f 4745/4616/2588 2441/4615/2588 4809/4620/2588 6218/4618/2588
f 6218/4618/2589 4809/4620/2589 2443/4621/2589 4747/4622/2589
f 4808/4619/2590 6218/4618/2590 4747/4622/2590 2442/4623/2590
f 2442/4623/2591 4747/4622/2591 6220/4624/2591 4810/4625/2591
f 4747/4622/2592 2443/4621/2592 4811/4626/2592 6220/4624/2592
f 6220/4624/2593 4811/4626/2593 2445/4627/2593 4749/4628/2593
f 4810/4625/2594 6220/4624/2594 4749/4628/2594 2444/4629/2594
f 2444/4629/2595 4749/4628/2595 6222/4630/2595 4812/4631/2595
f 4749/4628/2596 2445/4627/2596 4813/4632/2596 6222/4630/2596
f 6222/4630/2597 4813/4632/2597 2447/4633/2597 4751/4634/2597
f 4812/4631/2598 6222/4630/2598 4751/4634/2598 2446/4635/2598
f 2446/4635/2599 4751/4634/2599 6224/4636/2599 4814/4637/2599
f 4751/4634/2600 2447/4633/2600 4815/4638/2600 6224/4636/2600
f 6224/4636/2601 4815/4638/2601 2449/4639/2601 4753/4640/2601
f 4814/4637/2602 6224/4636/2602 4753/4640/2602 2448/4641/2602
f 2448/4641/2603 4753/4640/2603 6226/4642/2603 4816/4643/2603
f 4753/4640/2604 2449/4639/2604 4817/4644/2604 6226/4642/2604
f 6226/4642/2605 4817/4644/2605 2451/4645/2605 4755/4646/2605
f 4816/4643/2606 6226/4642/2606 4755/4646/2606 2450/4647/2606
f 2450/4647/2607 4755/4646/2607 6228/4648/2607 4818/4649/2607
f 4755/4646/2608 2451/4645/2608 4819/4650/2608 6228/4648/2608
f 6228/4648/2609 4819/4650/2609 2453/4651/2609 4757/4652/2609
f 4818/4649/2610 6228/4648/2610 4757/4652/2610 2452/4653/2610
f 2452/4653/2611 4757/4652/2611 6230/4654/2611 4820/4655/2611
f 4757/4652/2612 2453/4651/2612 4821/4656/2612 6230/4654/2612
f 6230/4654/2613 4821/4656/2613 2390/4469/2613 4695/4466/2613
f 4820/4655/2614 6230/4654/2614 4695/4466/2614 2391/4465/2614
f 2582/4657/2615 5078/4658/2615 6263/4659/2615 5141/4660/2615
f 5078/4658/2616 2486/4661/2616 4918/4662/2616 6263/4659/2616
f 6263/4659/2617 4918/4662/2617 2487/4663/2617 4887/4664/2617
f 5141/4660/2618 6263/4659/2618 4887/4664/2618 2583/4665/2618
f 2583/4665/2619 4887/4664/2619 6264/4666/2619 5140/4667/2619
f 4887/4664/2620 2487/4663/2620 4919/4668/2620 6264/4666/2620
f 6264/4666/2621 4919/4668/2621 2488/4669/2621 4888/4670/2621
f 5140/4667/2622 6264/4666/2622 4888/4670/2622 2584/4671/2622
f 2584/4671/2623 4888/4670/2623 6265/4672/2623 5139/4673/2623
f 4888/4670/2624 2488/4669/2624 4920/4674/2624 6265/4672/2624
f 6265/4672/2625 4920/4674/2625 2489/4675/2625 4889/4676/2625
f 5139/4673/2626 6265/4672/2626 4889/4676/2626 2585/4677/2626
f 2585/4677/2627 4889/4676/2627 6266/4678/2627 5138/4679/2627
f 4889/4676/2628 2489/4675/2628 4921/4680/2628 6266/4678/2628
f 6266/4678/2629 4921/4680/2629 2490/4681/2629 4890/4682/2629
f 5138/4679/2630 6266/4678/2630 4890/4682/2630 2586/4683/2630
f 2586/4683/2631 4890/4682/2631 6267/4684/2631 5137/4685/2631
f 4890/4682/2632 2490/4681/2632 4922/4686/2632 6267/4684/2632
f 6267/4684/2633 4922/4686/2633 2491/4687/2633 4891/4688/2633
f 5137/4685/2634 6267/4684/2634 4891/4688/2634 2587/4689/2634
f 2587/4689/2635 4891/4688/2635 6268/4690/2635 5136/4691/2635
f 4891/4688/2636 2491/4687/2636 4923/4692/2636 6268/4690/2636
f 6268/4690/2637 4923/4692/2637 2492/4693/2637 4892/4694/2637
f 5136/4691/2638 6268/4690/2638 4892/4694/2638 2588/4695/2638
f 2588/4695/2639 4892/4694/2639 6269/4696/2639 5135/4697/2639
f 4892/4694/2640 2492/4693/2640 4924/4698/2640 6269/4696/2640
f 6269/4696/2641 4924/4698/2641 2493/4699/2641 4893/4700/2641
f 5135/4697/2642 6269/4696/2642 4893/4700/2642 2589/4701/2642
f 2589/4701/2643 4893/4700/2643 6270/4702/2643 5134/4703/2643
f 4893/4700/2644 2493/4699/2644 4925/4704/2644 6270/4702/2644
f 6270/4702/2645 4925/4704/2645 2494/4705/2645 4894/4706/2645
f 5134/4703/2646 6270/4702/2646 4894/4706/2646 2590/4707/2646
f 2590/4707/2647 4894/4706/2647 6271/4708/2647 5133/4709/2647
f 4894/4706/2648 2494/4705/2648 4926/4710/2648 6271/4708/2648
f 6271/4708/2649 4926/4710/2649 2495/4711/2649 4895/4712/2649
f 5133/4709/2650 6271/4708/2650 4895/4712/2650 2591/4713/2650
f 2591/4713/2651 4895/4712/2651 6272/4714/2651 5132/4715/2651
f 4895/4712/2652 2495/4711/2652 4927/4716/2652 6272/4714/2652
f 6272/4714/2653 4927/4716/2653 2496/4717/2653 4896/4718/2653
f 5132/4715/2654 6272/4714/2654 4896/4718/2654 2592/4719/2654
f 2592/4719/2655 4896/4718/2655 6273/4720/2655 5131/4721/2655
f 4896/4718/2656 2496/4717/2656 4928/4722/2656 6273/4720/2656
f 6273/4720/2657 4928/4722/2657 2497/4723/2657 4897/4724/2657
f 5131/4721/2658 6273/4720/2658 4897/4724/2658 2593/4725/2658
f 2593/4725/2659 4897/4724/2659 6274/4726/2659 5130/4727/2659
f 4897/4724/2660 2497/4723/2660 4929/4728/2660 6274/4726/2660
f 6274/4726/2661 4929/4728/2661 2498/4729/2661 4898/4730/2661
f 5130/4727/2662 6274/4726/2662 4898/4730/2662 2594/4731/2662
f 2594/4731/2663 4898/4730/2663 6275/4732/2663 5129/4733/2663
f 4898/4730/2664 2498/4729/2664 4930/4734/2664 6275/4732/2664
f 6275/4732/2665 4930/4734/2665 2499/4735/2665 4899/4736/2665
f 5129/4733/2666 6275/4732/2666 4899/4736/2666 2595/4737/2666
f 2595/4737/2667 4899/4736/2667 6276/4738/2667 5128/4739/2667
f 4899/4736/2668 2499/4735/2668 4931/4740/2668 6276/4738/2668
f 6276/4738/2669 4931/4740/2669 2500/4741/2669 4900/4742/2669
f 5128/4739/2670 6276/4738/2670 4900/4742/2670 2596/4743/2670
f 2596/4743/2671 4900/4742/2671 6277/4744/2671 5127/4745/2671
f 4900/4742/2672 2500/4741/2672 4932/4746/2672 6277/4744/2672
f 6277/4744/2673 4932/4746/2673 2501/4747/2673 4901/4748/2673
f 5127/4745/2674 6277/4744/2674 4901/4748/2674 2597/4749/2674
f 2597/4749/2675 4901/4748/2675 6278/4750/2675 5126/4751/2675
f 4901/4748/2676 2501/4747/2676 4933/4752/2676 6278/4750/2676
f 6278/4750/2677 4933/4752/2677 2502/4753/2677 4902/4754/2677
f 5126/4751/2678 6278/4750/2678 4902/4754/2678 2598/4755/2678
f 2598/4755/2679 4902/4754/2679 6279/4756/2679 5125/4757/2679
f 4902/4754/2680 2502/4753/2680 4934/4758/2680 6279/4756/2680
f 6279/4756/2681 4934/4758/2681 2503/4759/2681 4903/4760/2681
f 5125/4757/2682 6279/4756/2682 4903/4760/2682 2599/4761/2682
f 2599/4761/2683 4903/4760/2683 6280/4762/2683 5124/4763/2683
f 4903/4760/2684 2503/4759/2684 4935/4764/2684 6280/4762/2684
f 6280/4762/2685 4935/4764/2685 2504/4765/2685 4904/4766/2685
f 5124/4763/2686 6280/4762/2686 4904/4766/2686 2600/4767/2686
f 2600/4767/2687 4904/4766/2687 6281/4768/2687 5123/4769/2687
f 4904/4766/2688 2504/4765/2688 4936/4770/2688 6281/4768/2688
f 6281/4768/2689 4936/4770/2689 2505/4771/2689 4905/4772/2689
f 5123/4769/2690 6281/4768/2690 4905/4772/2690 2601/4773/2690
f 2601/4773/2691 4905/4772/2691 6282/4774/2691 5122/4775/2691
f 4905/4772/2692 2505/4771/2692 4937/4776/2692 6282/4774/2692
f 6282/4774/2693 4937/4776/2693 2506/4777/2693 4906/4778/2693
f 5122/4775/2694 6282/4774/2694 4906/4778/2694 2602/4779/2694
f 2602/4779/2695 4906/4778/2695 6283/4780/2695 5121/4781/2695
f 4906/4778/2696 2506/4777/2696 4938/4782/2696 6283/4780/2696
f 6283/4780/2697 4938/4782/2697 2507/4783/2697 4907/4784/2697
f 5121/4781/2698 6283/4780/2698 4907/4784/2698 2603/4785/2698
f 2603/4785/2699 4907/4784/2699 6284/4786/2699 5120/4787/2699
f 4907/4784/2700 2507/4783/2700 4939/4788/2700 6284/4786/2700
f 6284/4786/2701 4939/4788/2701 2508/4789/2701 4908/4790/2701
f 5120/4787/2702 6284/4786/2702 4908/4790/2702 2604/4791/2702
f 2604/4791/2703 4908/4790/2703 6285/4792/2703 5119/4793/2703
f 4908/4790/2704 2508/4789/2704 4940/4794/2704 6285/4792/2704
f 6285/4792/2705 4940/4794/2705 2509/4795/2705 4909/4796/2705
f 5119/4793/2706 6285/4792/2706 4909/4796/2706 2605/4797/2706
f 2605/4797/2707 4909/4796/2707 6286/4798/2707 5118/4799/2707
f 4909/4796/2708 2509/4795/2708 4941/4800/2708 6286/4798/2708
f 6286/4798/2709 4941/4800/2709 2510/4801/2709 4910/4802/2709
f 5118/4799/2710 6286/4798/2710 4910/4802/2710 2606/4803/2710
f 2606/4803/2711 4910/4802/2711 6287/4804/2711 5117/4805/2711
f 4910/4802/2712 2510/4801/2712 4942/4806/2712 6287/4804/2712
f 6287/4804/2713 4942/4806/2713 2511/4807/2713 4911/4808/2713
f 5117/4805/2714 6287/4804/2714 4911/4808/2714 2607/4809/2714
f 2607/4809/2715 4911/4808/2715 6288/4810/2715 5116/4811/2715
f 4911/4808/2716 2511/4807/2716 4943/4812/2716 6288/4810/2716
f 6288/4810/2717 4943/4812/2717 2512/4813/2717 4912/4814/2717
f 5116/4811/2718 6288/4810/2718 4912/4814/2718 2608/4815/2718
f 2608/4815/2719 4912/4814/2719 6289/4816/2719 5115/4817/2719
f 4912/4814/2720 2512/4813/2720 4944/4818/2720 6289/4816/2720
f 6289/4816/2721 4944/4818/2721 2513/4819/2721 4913/4820/2721
f 5115/4817/2722 6289/4816/2722 4913/4820/2722 2609/4821/2722
f 2609/4821/2723 4913/4820/2723 6290/4822/2723 5114/4823/2723
f 4913/4820/2724 2513/4819/2724 4945/4824/2724 6290/4822/2724
f 6290/4822/2725 4945/4824/2725 2514/4825/2725 4914/4826/2725
f 5114/4823/2726 6290/4822/2726 4914/4826/2726 2610/4827/2726
f 2610/4827/2727 4914/4826/2727 6291/4828/2727 5113/4829/2727
f 4914/4826/2728 2514/4825/2728 4946/4830/2728 6291/4828/2728
f 6291/4828/2729 4946/4830/2729 2515/4831/2729 4915/4832/2729
f 5113/4829/2730 6291/4828/2730 4915/4832/2730 2611/4833/2730
f 2611/4833/2731 4915/4832/2731 6292/4834/2731 5112/4835/2731
f 4915/4832/2732 2515/4831/2732 4947/4836/2732 6292/4834/2732
f 6292/4834/2733 4947/4836/2733 2516/4837/2733 4916/4838/2733
f 5112/4835/2734 6292/4834/2734 4916/4838/2734 2612/4839/2734
f 2612/4839/2735 4916/4838/2735 6293/4840/2735 5111/4841/2735
f 4916/4838/2736 2516/4837/2736 4948/4842/2736 6293/4840/2736
f 6293/4840/2737 4948/4842/2737 2517/4843/2737 4917/4844/2737
f 5111/4841/2738 6293/4840/2738 4917/4844/2738 2613/4845/2738
f 2613/4845/2739 4917/4844/2739 6294/4846/2739 5110/4847/2739
f 4917/4844/2740 2517/4843/2740 4949/4848/2740 6294/4846/2740
f 6294/4846/2741 4949/4848/2741 2486/4661/2741 5078/4658/2741
f 5110/4847/2742 6294/4846/2742 5078/4658/2742 2582/4657/2742
f 2549/4849/2743 5109/4850/2743 6359/4851/2743 3957/4852/2743
f 5109/4850/2744 2613/4845/2744 5110/4847/2744 6359/4851/2744
f 6359/4851/2745 5110/4847/2745 2582/4657/2745 3958/4853/2745
f 3957/4852/2746 6359/4851/2746 3958/4853/2746 2519/4854/2746
f 2548/4855/2747 5108/4856/2747 6360/4857/2747 3956/4858/2747
f 5108/4856/2748 2612/4839/2748 5111/4841/2748 6360/4857/2748
f 6360/4857/2749 5111/4841/2749 2613/4845/2749 5109/4850/2749
f 3956/4858/2750 6360/4857/2750 5109/4850/2750 2549/4849/2750
f 2547/4859/2751 5107/4860/2751 6361/4861/2751 3955/4862/2751
f 5107/4860/2752 2611/4833/2752 5112/4835/2752 6361/4861/2752
f 6361/4861/2753 5112/4835/2753 2612/4839/2753 5108/4856/2753
f 3955/4862/2754 6361/4861/2754 5108/4856/2754 2548/4855/2754
f 2546/4863/2755 5106/4864/2755 6362/4865/2755 3954/4866/2755
f 5106/4864/2756 2610/4827/2756 5113/4829/2756 6362/4865/2756
f 6362/4865/2757 5113/4829/2757 2611/4833/2757 5107/4860/2757
f 3954/4866/2758 6362/4865/2758 5107/4860/2758 2547/4859/2758
f 2545/4867/2759 5105/4868/2759 6363/4869/2759 3953/4870/2759
f 5105/4868/2760 2609/4821/2760 5114/4823/2760 6363/4869/2760
f 6363/4869/2761 5114/4823/2761 2610/4827/2761 5106/4864/2761
f 3953/4870/2762 6363/4869/2762 5106/4864/2762 2546/4863/2762
f 2544/4871/2763 5104/4872/2763 6364/4873/2763 3952/4874/2763
f 5104/4872/2764 2608/4815/2764 5115/4817/2764 6364/4873/2764
f 6364/4873/2765 5115/4817/2765 2609/4821/2765 5105/4868/2765
f 3952/4874/2766 6364/4873/2766 5105/4868/2766 2545/4867/2766
f 2543/4875/2767 5103/4876/2767 6365/4877/2767 3951/4878/2767
f 5103/4876/2768 2607/4809/2768 5116/4811/2768 6365/4877/2768
f 6365/4877/2769 5116/4811/2769 2608/4815/2769 5104/4872/2769
f 3951/4878/2770 6365/4877/2770 5104/4872/2770 2544/4871/2770
f 2542/4879/2771 5102/4880/2771 6366/4881/2771 3950/4882/2771
f 5102/4880/2772 2606/4803/2772 5117/4805/2772 6366/4881/2772
f 6366/4881/2773 5117/4805/2773 2607/4809/2773 5103/4876/2773
f 3950/4882/2774 6366/4881/2774 5103/4876/2774 2543/4875/2774
f 2541/4883/2775 5101/4884/2775 6367/4885/2775 3949/4886/2775
f 5101/4884/2776 2605/4797/2776 5118/4799/2776 6367/4885/2776
f 6367/4885/2777 5118/4799/2777 2606/4803/2777 5102/4880/2777
f 3949/4886/2778 6367/4885/2778 5102/4880/2778 2542/4879/2778
f 2540/4887/2779 5100/4888/2779 6368/4889/2779 3948/4890/2779
f 5100/4888/2780 2604/4791/2780 5119/4793/2780 6368/4889/2780
f 6368/4889/2781 5119/4793/2781 2605/4797/2781 5101/4884/2781
f 3948/4890/2782 6368/4889/2782 5101/4884/2782 2541/4883/2782
f 2539/4891/2783 5099/4892/2783 6369/4893/2783 3947/4894/2783
f 5099/4892/2784 2603/4785/2784 5120/4787/2784 6369/4893/2784
f 6369/4893/2785 5120/4787/2785 2604/4791/2785 5100/4888/2785
f 3947/4894/2786 6369/4893/2786 5100/4888/2786 2540/4887/2786
f 2538/4895/2787 5098/4896/2787 6370/4897/2787 3946/4898/2787
f 5098/4896/2788 2602/4779/2788 5121/4781/2788 6370/4897/2788
f 6370/4897/2789 5121/4781/2789 2603/4785/2789 5099/4892/2789
f 3946/4898/2790 6370/4897/2790 5099/4892/2790 2539/4891/2790
f 2537/4899/2791 5097/4900/2791 6371/4901/2791 3945/4902/2791
f 5097/4900/2792 2601/4773/2792 5122/4775/2792 6371/4901/2792
f 6371/4901/2793 5122/4775/2793 2602/4779/2793 5098/4896/2793
f 3945/4902/2794 6371/4901/2794 5098/4896/2794 2538/4895/2794
f 2536/4903/2795 5096/4904/2795 6372/4905/2795 3944/4906/2795
f 5096/4904/2796 2600/4767/2796 5123/4769/2796 6372/4905/2796
f 6372/4905/2797 5123/4769/2797 2601/4773/2797 5097/4900/2797
f 3944/4906/2798 6372/4905/2798 5097/4900/2798 2537/4899/2798
f 2535/4907/2799 5095/4908/2799 6373/4909/2799 3943/4910/2799
f 5095/4908/2800 2599/4761/2800 5124/4763/2800 6373/4909/2800
f 6373/4909/2801 5124/4763/2801 2600/4767/2801 5096/4904/2801
f 3943/4910/2802 6373/4909/2802 5096/4904/2802 2536/4903/2802
f 2534/4911/2803 5094/4912/2803 6374/4913/2803 3942/4914/2803
f 5094/4912/2804 2598/4755/2804 5125/4757/2804 6374/4913/2804
f 6374/4913/2805 5125/4757/2805 2599/4761/2805 5095/4908/2805
f 3942/4914/2806 6374/4913/2806 5095/4908/2806 2535/4907/2806
f 2533/4915/2807 5093/4916/2807 6375/4917/2807 3941/4918/2807
f 5093/4916/2808 2597/4749/2808 5126/4751/2808 6375/4917/2808
f 6375/4917/2809 5126/4751/2809 2598/4755/2809 5094/4912/2809
f 3941/4918/2810 6375/4917/2810 5094/4912/2810 2534/4911/2810
f 2532/4919/2811 5092/4920/2811 6376/4921/2811 3940/4922/2811
f 5092/4920/2812 2596/4743/2812 5127/4745/2812 6376/4921/2812
f 6376/4921/2813 5127/4745/2813 2597/4749/2813 5093/4916/2813
f 3940/4922/2814 6376/4921/2814 5093/4916/2814 2533/4915/2814
f 2531/4923/2815 5091/4924/2815 6377/4925/2815 3939/4926/2815
f 5091/4924/2816 2595/4737/2816 5128/4739/2816 6377/4925/2816
f 6377/4925/2817 5128/4739/2817 2596/4743/2817 5092/4920/2817
f 3939/4926/2818 6377/4925/2818 5092/4920/2818 2532/4919/2818
f 2530/4927/2819 5090/4928/2819 6378/4929/2819 3938/4930/2819
f 5090/4928/2820 2594/4731/2820 5129/4733/2820 6378/4929/2820
f 6378/4929/2821 5129/4733/2821 2595/4737/2821 5091/4924/2821
f 3938/4930/2822 6378/4929/2822 5091/4924/2822 2531/4923/2822
f 2529/4931/2823 5089/4932/2823 6379/4933/2823 3937/4934/2823
f 5089/4932/2824 2593/4725/2824 5130/4727/2824 6379/4933/2824
f 6379/4933/2825 5130/4727/2825 2594/4731/2825 5090/4928/2825
f 3937/4934/2826 6379/4933/2826 5090/4928/2826 2530/4927/2826
f 2528/4935/2827 5088/4936/2827 6380/4937/2827 3936/4938/2827
f 5088/4936/2828 2592/4719/2828 5131/4721/2828 6380/4937/2828
f 6380/4937/2829 5131/4721/2829 2593/4725/2829 5089/4932/2829
f 3936/4938/2830 6380/4937/2830 5089/4932/2830 2529/4931/2830
f 2527/4939/2831 5087/4940/2831 6381/4941/2831 3935/4942/2831
f 5087/4940/2832 2591/4713/2832 5132/4715/2832 6381/4941/2832
f 6381/4941/2833 5132/4715/2833 2592/4719/2833 5088/4936/2833
f 3935/4942/2834 6381/4941/2834 5088/4936/2834 2528/4935/2834
f 2526/4943/2835 5086/4944/2835 6382/4945/2835 3934/4946/2835
f 5086/4944/2836 2590/4707/2836 5133/4709/2836 6382/4945/2836
f 6382/4945/2837 5133/4709/2837 2591/4713/2837 5087/4940/2837
f 3934/4946/2838 6382/4945/2838 5087/4940/2838 2527/4939/2838
f 2525/4947/2839 5085/4948/2839 6383/4949/2839 3933/4950/2839
f 5085/4948/2840 2589/4701/2840 5134/4703/2840 6383/4949/2840
f 6383/4949/2841 5134/4703/2841 2590/4707/2841 5086/4944/2841
f 3933/4950/2842 6383/4949/2842 5086/4944/2842 2526/4943/2842
f 2524/4951/2843 5084/4952/2843 6384/4953/2843 3932/4954/2843
f 5084/4952/2844 2588/4695/2844 5135/4697/2844 6384/4953/2844
f 6384/4953/2845 5135/4697/2845 2589/4701/2845 5085/4948/2845
f 3932/4954/2846 6384/4953/2846 5085/4948/2846 2525/4947/2846
f 2523/4955/2847 5083/4956/2847 6385/4957/2847 3931/4958/2847
f 5083/4956/2848 2587/4689/2848 5136/4691/2848 6385/4957/2848
f 6385/4957/2849 5136/4691/2849 2588/4695/2849 5084/4952/2849
f 3931/4958/2850 6385/4957/2850 5084/4952/2850 2524/4951/2850
f 2522/4959/2851 5082/4960/2851 6386/4961/2851 3930/4962/2851
f 5082/4960/2852 2586/4683/2852 5137/4685/2852 6386/4961/2852
f 6386/4961/2853 5137/4685/2853 2587/4689/2853 5083/4956/2853
f 3930/4962/2854 6386/4961/2854 5083/4956/2854 2523/4955/2854
f 2521/4963/2855 5081/4964/2855 6387/4965/2855 3929/4966/2855
f 5081/4964/2856 2585/4677/2856 5138/4679/2856 6387/4965/2856
f 6387/4965/2857 5138/4679/2857 2586/4683/2857 5082/4960/2857
f 3929/4966/2858 6387/4965/2858 5082/4960/2858 2522/4959/2858
f 2520/4967/2859 5080/4968/2859 6388/4969/2859 3928/4970/2859
f 5080/4968/2860 2584/4671/2860 5139/4673/2860 6388/4969/2860
f 6388/4969/2861 5139/4673/2861 2585/4677/2861 5081/4964/2861
f 3928/4970/2862 6388/4969/2862 5081/4964/2862 2521/4963/2862
f 2518/4971/2863 5079/4972/2863 6389/4973/2863 3927/4974/2863
f 5079/4972/2864 2583/4665/2864 5140/4667/2864 6389/4973/2864
f 6389/4973/2865 5140/4667/2865 2584/4671/2865 5080/4968/2865
f 3927/4974/2866 6389/4973/2866 5080/4968/2866 2520/4967/2866
f 2519/4854/2867 3958/4853/2867 6390/4975/2867 3926/4976/2867
f 3958/4853/2868 2582/4657/2868 5141/4660/2868 6390/4975/2868
f 6390/4975/2869 5141/4660/2869 2583/4665/2869 5079/4972/2869
f 3926/4976/2870 6390/4975/2870 5079/4972/2870 2518/4971/2870
usemtl WooferTrim
f 1622/4977/2871 4951/4978/2871 5399/4979/2871 4950/4980/2871
f 1624/4981/2872 4952/4982/2872 5399/4979/2872 4951/4978/2872
f 1625/4983/2873 4953/4984/2873 5399/4979/2873 4952/4982/2873
f 1626/4985/2874 4954/4986/2874 5399/4979/2874 4953/4984/2874
f 1627/4987/2875 4955/4988/2875 5399/4979/2875 4954/4986/2875
f 1628/4989/2876 4956/4990/2876 5399/4979/2876 4955/4988/2876
f 1629/4991/2877 4957/4992/2877 5399/4979/2877 4956/4990/2877
f 1630/4993/2878 4958/4994/2878 5399/4979/2878 4957/4992/2878
f 1631/4995/2879 4959/4996/2879 5399/4979/2879 4958/4994/2879
f 1632/4997/2880 4960/4998/2880 5399/4979/2880 4959/4996/2880
f 1633/4999/2881 4961/5000/2881 5399/4979/2881 4960/4998/2881
f 1634/5001/2882 4962/5002/2882 5399/4979/2882 4961/5000/2882
f 1635/5003/2883 4963/5004/2883 5399/4979/2883 4962/5002/2883
f 1636/5005/2884 4964/5006/2884 5399/4979/2884 4963/5004/2884
f 1637/5007/2885 4965/5008/2885 5399/4979/2885 4964/5006/2885
f 1638/5009/2886 4966/5010/2886 5399/4979/2886 4965/5008/2886
f 1639/5011/2887 4967/5012/2887 5399/4979/2887 4966/5010/2887
f 1640/5013/2888 4968/5014/2888 5399/4979/2888 4967/5012/2888
f 1641/5015/2889 4969/5016/2889 5399/4979/2889 4968/5014/2889
f 1642/5017/2890 4970/5018/2890 5399/4979/2890 4969/5016/2890
f 1643/5019/2891 4971/5020/2891 5399/4979/2891 4970/5018/2891
f 1644/5021/2892 4972/5022/2892 5399/4979/2892 4971/5020/2892
f 1645/5023/2893 4973/5024/2893 5399/4979/2893 4972/5022/2893
f 1646/5025/2894 4974/5026/2894 5399/4979/2894 4973/5024/2894
f 1647/5027/2895 4975/5028/2895 5399/4979/2895 4974/5026/2895
f 1648/5029/2896 4976/5030/2896 5399/4979/2896 4975/5028/2896
f 1649/5031/2897 4977/5032/2897 5399/4979/2897 4976/5030/2897
f 1650/5033/2898 4978/5034/2898 5399/4979/2898 4977/5032/2898
f 1651/5035/2899 4979/5036/2899 5399/4979/2899 4978/5034/2899
f 1652/5037/2900 4980/5038/2900 5399/4979/2900 4979/5036/2900
f 1653/5039/2901 4981/5040/2901 5399/4979/2901 4980/5038/2901
f 1623/5041/2902 4950/4980/2902 5399/4979/2902 4981/5040/2902
f 1751/5042/2903 3382/5043/2903 5495/5044/2903 3350/5045/2903
f 3382/5043/2904 1719/3057/2904 3286/3060/2904 5495/5044/2904
f 5495/5044/2905 3286/3060/2905 1718/3062/2905 3383/5046/2905
f 3350/5045/2906 5495/5044/2906 3383/5046/2906 1750/5047/2906
f 1750/5047/2907 3383/5046/2907 5496/5048/2907 3351/5049/2907
f 3383/5046/2908 1718/3062/2908 3287/3064/2908 5496/5048/2908
f 5496/5048/2909 3287/3064/2909 1720/3066/2909 3384/5050/2909
f 3351/5049/2910 5496/5048/2910 3384/5050/2910 1752/5051/2910
f 1752/5051/2911 3384/5050/2911 5497/5052/2911 3352/5053/2911
f 3384/5050/2912 1720/3066/2912 3288/3068/2912 5497/5052/2912
f 5497/5052/2913 3288/3068/2913 1721/3070/2913 3385/5054/2913
f 3352/5053/2914 5497/5052/2914 3385/5054/2914 1753/5055/2914
f 1753/5055/2915 3385/5054/2915 5498/5056/2915 3353/5057/2915
f 3385/5054/2916 1721/3070/2916 3289/3072/2916 5498/5056/2916
f 5498/5056/2917 3289/3072/2917 1722/3074/2917 3386/5058/2917
f 3353/5057/2918 5498/5056/2918 3386/5058/2918 1754/5059/2918
f 1754/5059/2919 3386/5058/2919 5499/5060/2919 3354/5061/2919
f 3386/5058/2920 1722/3074/2920 3290/3076/2920 5499/5060/2920
f 5499/5060/2921 3290/3076/2921 1723/3078/2921 3387/5062/2921
f 3354/5061/2922 5499/5060/2922 3387/5062/2922 1755/5063/2922
f 1755/5063/2923 3387/5062/2923 5500/5064/2923 3355/5065/2923
f 3387/5062/2924 1723/3078/2924 3291/3080/2924 5500/5064/2924
f 5500/5064/2925 3291/3080/2925 1724/3082/2925 3388/5066/2925
f 3355/5065/2926 5500/5064/2926 3388/5066/2926 1756/5067/2926
f 1756/5067/2927 3388/5066/2927 5501/5068/2927 3356/5069/2927
f 3388/5066/2928 1724/3082/2928 3292/3084/2928 5501/5068/2928
f 5501/5068/2929 3292/3084/2929 1725/3086/2929 3389/5070/2929
f 3356/5069/2930 5501/5068/2930 3389/5070/2930 1757/5071/2930
f 1757/5071/2931 3389/5070/2931 5502/5072/2931 3357/5073/2931
f 3389/5070/2932 1725/3086/2932 3293/3088/2932 5502/5072/2932
f 5502/5072/2933 3293/3088/2933 1726/3090/2933 3390/5074/2933
f 3357/5073/2934 5502/5072/2934 3390/5074/2934 1758/5075/2934
f 1758/5075/2935 3390/5074/2935 5503/5076/2935 3358/5077/2935
f 3390/5074/2936 1726/3090/2936 3294/3092/2936 5503/5076/2936
f 5503/5076/2937 3294/3092/2937 1727/3094/2937 3391/5078/2937
f 3358/5077/2938 5503/5076/2938 3391/5078/2938 1759/5079/2938
f 1759/5079/2939 3391/5078/2939 5504/5080/2939 3359/5081/2939
f 3391/5078/2940 1727/3094/2940 3295/3096/2940 5504/5080/2940
f 5504/5080/2941 3295/3096/2941 1728/3098/2941 3392/5082/2941
f 3359/5081/2942 5504/5080/2942 3392/5082/2942 1760/5083/2942
f 1760/5083/2943 3392/5082/2943 5505/5084/2943 3360/5085/2943
f 3392/5082/2944 1728/3098/2944 3296/3100/2944 5505/5084/2944
f 5505/5084/2945 3296/3100/2945 1729/3102/2945 3393/5086/2945
f 3360/5085/2946 5505/5084/2946 3393/5086/2946 1761/5087/2946
f 1761/5087/2947 3393/5086/2947 5506/5088/2947 3361/5089/2947
f 3393/5086/2948 1729/3102/2948 3297/3104/2948 5506/5088/2948
f 5506/5088/2949 3297/3104/2949 1730/3106/2949 3394/5090/2949
f 3361/5089/2950 5506/5088/2950 3394/5090/2950 1762/5091/2950
f 1762/5091/2951 3394/5090/2951 5507/5092/2951 3362/5093/2951
f 3394/5090/2952 1730/3106/2952 3298/3108/2952 5507/5092/2952
f 5507/5092/2953 3298/3108/2953 1731/3110/2953 3395/5094/2953
f 3362/5093/2954 5507/5092/2954 3395/5094/2954 1763/5095/2954
f 1763/5095/2955 3395/5094/2955 5508/5096/2955 3363/5097/2955
f 3395/5094/2956 1731/3110/2956 3299/3112/2956 5508/5096/2956
f 5508/5096/2957 3299/3112/2957 1732/3114/2957 3396/5098/2957
f 3363/5097/2958 5508/5096/2958 3396/5098/2958 1764/5099/2958
f 1764/5099/2959 3396/5098/2959 5509/5100/2959 3364/5101/2959
f 3396/5098/2960 1732/3114/2960 3300/3116/2960 5509/5100/2960
f 5509/5100/2961 3300/3116/2961 1733/3118/2961 3397/5102/2961
f 3364/5101/2962 5509/5100/2962 3397/5102/2962 1765/5103/2962
f 1765/5103/2963 3397/5102/2963 5510/5104/2963 3365/5105/2963
f 3397/5102/2964 1733/3118/2964 3301/3120/2964 5510/5104/2964
f 5510/5104/2965 3301/3120/2965 1734/3122/2965 3398/5106/2965
f 3365/5105/2966 5510/5104/2966 3398/5106/2966 1766/5107/2966
f 1766/5107/2967 3398/5106/2967 5511/5108/2967 3366/5109/2967
f 3398/5106/2968 1734/3122/2968 3302/3124/2968 5511/5108/2968
f 5511/5108/2969 3302/3124/2969 1735/3126/2969 3399/5110/2969
f 3366/5109/2970 5511/5108/2970 3399/5110/2970 1767/5111/2970
f 1767/5111/2971 3399/5110/2971 5512/5112/2971 3367/5113/2971
f 3399/5110/2972 1735/3126/2972 3303/3128/2972 5512/5112/2972
f 5512/5112/2973 3303/3128/2973 1736/3130/2973 3400/5114/2973
f 3367/5113/2974 5512/5112/2974 3400/5114/2974 1768/5115/2974
f 1768/5115/2975 3400/5114/2975 5513/5116/2975 3368/5117/2975
f 3400/5114/2976 1736/3130/2976 3304/3132/2976 5513/5116/2976
f 5513/5116/2977 3304/3132/2977 1737/3134/2977 3401/5118/2977
f 3368/5117/2978 5513/5116/2978 3401/5118/2978 1769/5119/2978
f 1769/5119/2979 3401/5118/2979 5514/5120/2979 3369/5121/2979
f 3401/5118/2980 1737/3134/2980 3305/3136/2980 5514/5120/2980
f 5514/5120/2981 3305/3136/2981 1738/3138/2981 3402/5122/2981
f 3369/5121/2982 5514/5120/2982 3402/5122/2982 1770/5123/2982
f 1770/5123/2983 3402/5122/2983 5515/5124/2983 3370/5125/2983
f 3402/5122/2984 1738/3138/2984 3306/3140/2984 5515/5124/2984
f 5515/5124/2985 3306/3140/2985 1739/3142/2985 3403/5126/2985
f 3370/5125/2986 5515/5124/2986 3403/5126/2986 1771/5127/2986
f 1771/5127/2987 3403/5126/2987 5516/5128/2987 3371/5129/2987
f 3403/5126/2988 1739/3142/2988 3307/3144/2988 5516/5128/2988
f 5516/5128/2989 3307/3144/2989 1740/3146/2989 3404/5130/2989
f 3371/5129/2990 5516/5128/2990 3404/5130/2990 1772/5131/2990
f 1772/5131/2991 3404/5130/2991 5517/5132/2991 3372/5133/2991
f 3404/5130/2992 1740/3146/2992 3308/3148/2992 5517/5132/2992
f 5517/5132/2993 3308/3148/2993 1741/3150/2993 3405/5134/2993
f 3372/5133/2994 5517/5132/2994 3405/5134/2994 1773/5135/2994
f 1773/5135/2995 3405/5134/2995 5518/5136/2995 3373/5137/2995
f 3405/5134/2996 1741/3150/2996 3309/3152/2996 5518/5136/2996
f 5518/5136/2997 3309/3152/2997 1742/3154/2997 3406/5138/2997
f 3373/5137/2998 5518/5136/2998 3406/5138/2998 1774/5139/2998
f 1774/5139/2999 3406/5138/2999 5519/5140/2999 3374/5141/2999
f 3406/5138/3000 1742/3154/3000 3310/3156/3000 5519/5140/3000
f 5519/5140/3001 3310/3156/3001 1743/3158/3001 3407/5142/3001
f 3374/5141/3002 5519/5140/3002 3407/5142/3002 1775/5143/3002
f 1775/5143/3003 3407/5142/3003 5520/5144/3003 3375/5145/3003
f 3407/5142/3004 1743/3158/3004 3311/3160/3004 5520/5144/3004
f 5520/5144/3005 3311/3160/3005 1744/3162/3005 3408/5146/3005
f 3375/5145/3006 5520/5144/3006 3408/5146/3006 1776/5147/3006
f 1776/5147/3007 3408/5146/3007 5521/5148/3007 3376/5149/3007
f 3408/5146/3008 1744/3162/3008 3312/3164/3008 5521/5148/3008
f 5521/5148/3009 3312/3164/3009 1745/3166/3009 3409/5150/3009
f 3376/5149/3010 5521/5148/3010 3409/5150/3010 1777/5151/3010
f 1777/5151/3011 3409/5150/3011 5522/5152/3011 3377/5153/3011
f 3409/5150/3012 1745/3166/3012 3313/3168/3012 5522/5152/3012
f 5522/5152/3013 3313/3168/3013 1746/3170/3013 3410/5154/3013
f 3377/5153/3014 5522/5152/3014 3410/5154/3014 1778/5155/3014
f 1778/5155/3015 3410/5154/3015 5523/5156/3015 3378/5157/3015
f 3410/5154/3016 1746/3170/3016 3314/3172/3016 5523/5156/3016
f 5523/5156/3017 3314/3172/3017 1747/3174/3017 3411/5158/3017
f 3378/5157/3018 5523/5156/3018 3411/5158/3018 1779/5159/3018
f 1779/5159/3019 3411/5158/3019 5524/5160/3019 3379/5161/3019
f 3411/5158/3020 1747/3174/3020 3315/3176/3020 5524/5160/3020
f 5524/5160/3021 3315/3176/3021 1748/3178/3021 3412/5162/3021
f 3379/5161/3022 5524/5160/3022 3412/5162/3022 1780/5163/3022
f 1780/5163/3023 3412/5162/3023 5525/5164/3023 3380/5165/3023
f 3412/5162/3024 1748/3178/3024 3316/3180/3024 5525/5164/3024
f 5525/5164/3025 3316/3180/3025 1749/3182/3025 3413/5166/3025
f 3380/5165/3026 5525/5164/3026 3413/5166/3026 1781/5167/3026
f 1781/5167/3027 3413/5166/3027 5526/5168/3027 3381/5169/3027
f 3413/5166/3028 1749/3182/3028 3317/3184/3028 5526/5168/3028
f 5526/5168/3029 3317/3184/3029 1719/3057/3029 3382/5043/3029
f 3381/5169/3030 5526/5168/3030 3382/5043/3030 1751/5042/3030
f 1783/3189/2968 3446/5170/2968 5527/5171/2968 3414/3190/2968
f 3446/5170/2967 1751/5042/2967 3350/5045/2967 5527/5171/2967
f 5527/5171/2970 3350/5045/2970 1750/5047/2970 3447/5172/2970
f 3414/3190/2969 5527/5171/2969 3447/5172/2969 1782/3191/2969
f 1782/3191/2972 3447/5172/2972 5528/5173/2972 3415/3196/2972
f 3447/5172/2971 1750/5047/2971 3351/5049/2971 5528/5173/2971
f 5528/5173/2974 3351/5049/2974 1752/5051/2974 3448/5174/2974
f 3415/3196/2973 5528/5173/2973 3448/5174/2973 1784/3197/2973
f 1784/3197/2976 3448/5174/2976 5529/5175/2976 3416/3202/2976
f 3448/5174/2975 1752/5051/2975 3352/5053/2975 5529/5175/2975
f 5529/5175/2978 3352/5053/2978 1753/5055/2978 3449/5176/2978
f 3416/3202/2977 5529/5175/2977 3449/5176/2977 1785/3203/2977
f 1785/3203/2980 3449/5176/2980 5530/5177/2980 3417/3208/2980
f 3449/5176/2979 1753/5055/2979 3353/5057/2979 5530/5177/2979
f 5530/5177/2982 3353/5057/2982 1754/5059/2982 3450/5178/2982
f 3417/3208/2981 5530/5177/2981 3450/5178/2981 1786/3209/2981
f 1786/3209/2984 3450/5178/2984 5531/5179/2984 3418/3214/2984
f 3450/5178/2983 1754/5059/2983 3354/5061/2983 5531/5179/2983
f 5531/5179/2986 3354/5061/2986 1755/5063/2986 3451/5180/2986
f 3418/3214/2985 5531/5179/2985 3451/5180/2985 1787/3215/2985
f 1787/3215/2988 3451/5180/2988 5532/5181/2988 3419/3220/2988
f 3451/5180/2987 1755/5063/2987 3355/5065/2987 5532/5181/2987
f 5532/5181/2990 3355/5065/2990 1756/5067/2990 3452/5182/2990
f 3419/3220/2989 5532/5181/2989 3452/5182/2989 1788/3221/2989
f 1788/3221/2992 3452/5182/2992 5533/5183/2992 3420/3226/2992
f 3452/5182/2991 1756/5067/2991 3356/5069/2991 5533/5183/2991
f 5533/5183/2994 3356/5069/2994 1757/5071/2994 3453/5184/2994
f 3420/3226/3031 5533/5183/3031 3453/5184/3031 1789/3227/3031
f 1789/3227/2996 3453/5184/2996 5534/5185/2996 3421/3232/2996
f 3453/5184/2995 1757/5071/2995 3357/5073/2995 5534/5185/2995
f 5534/5185/2998 3357/5073/2998 1758/5075/2998 3454/5186/2998
f 3421/3232/2997 5534/5185/2997 3454/5186/2997 1790/3233/2997
f 1790/3233/3000 3454/5186/3000 5535/5187/3000 3422/3238/3000
f 3454/5186/2999 1758/5075/2999 3358/5077/2999 5535/5187/2999
f 5535/5187/3002 3358/5077/3002 1759/5079/3002 3455/5188/3002
f 3422/3238/3001 5535/5187/3001 3455/5188/3001 1791/3239/3001
f 1791/3239/3004 3455/5188/3004 5536/5189/3004 3423/3244/3004
f 3455/5188/3003 1759/5079/3003 3359/5081/3003 5536/5189/3003
f 5536/5189/3006 3359/5081/3006 1760/5083/3006 3456/5190/3006
f 3423/3244/3005 5536/5189/3005 3456/5190/3005 1792/3245/3005
f 1792/3245/3008 3456/5190/3008 5537/5191/3008 3424/3250/3008
f 3456/5190/3007 1760/5083/3007 3360/5085/3007 5537/5191/3007
f 5537/5191/3010 3360/5085/3010 1761/5087/3010 3457/5192/3010
f 3424/3250/3009 5537/5191/3009 3457/5192/3009 1793/3251/3009
f 1793/3251/3012 3457/5192/3012 5538/5193/3012 3425/3256/3012
f 3457/5192/3011 1761/5087/3011 3361/5089/3011 5538/5193/3011
f 5538/5193/3014 3361/5089/3014 1762/5091/3014 3458/5194/3014
f 3425/3256/3013 5538/5193/3013 3458/5194/3013 1794/3257/3013
f 1794/3257/3016 3458/5194/3016 5539/5195/3016 3426/3262/3016
f 3458/5194/3015 1762/5091/3015 3362/5093/3015 5539/5195/3015
f 5539/5195/3018 3362/5093/3018 1763/5095/3018 3459/5196/3018
f 3426/3262/3017 5539/5195/3017 3459/5196/3017 1795/3263/3017
f 1795/3263/3020 3459/5196/3020 5540/5197/3020 3427/3268/3020
f 3459/5196/3019 1763/5095/3019 3363/5097/3019 5540/5197/3019
f 5540/5197/3022 3363/5097/3022 1764/5099/3022 3460/5198/3022
f 3427/3268/3021 5540/5197/3021 3460/5198/3021 1796/3269/3021
f 1796/3269/3024 3460/5198/3024 5541/5199/3024 3428/3274/3024
f 3460/5198/3023 1764/5099/3023 3364/5101/3023 5541/5199/3023
f 5541/5199/3026 3364/5101/3026 1765/5103/3026 3461/5200/3026
f 3428/3274/3025 5541/5199/3025 3461/5200/3025 1797/3275/3025
f 1797/3275/3028 3461/5200/3028 5542/5201/3028 3429/3280/3028
f 3461/5200/3027 1765/5103/3027 3365/5105/3027 5542/5201/3027
f 5542/5201/3030 3365/5105/3030 1766/5107/3030 3462/5202/3030
f 3429/3280/3029 5542/5201/3029 3462/5202/3029 1798/3281/3029
f 1798/3281/2904 3462/5202/2904 5543/5203/2904 3430/3286/2904
f 3462/5202/2903 1766/5107/2903 3366/5109/2903 5543/5203/2903
f 5543/5203/2906 3366/5109/2906 1767/5111/2906 3463/5204/2906
f 3430/3286/2905 5543/5203/2905 3463/5204/2905 1799/3287/2905
f 1799/3287/2908 3463/5204/2908 5544/5205/2908 3431/3292/2908
f 3463/5204/2907 1767/5111/2907 3367/5113/2907 5544/5205/2907
f 5544/5205/2910 3367/5113/2910 1768/5115/2910 3464/5206/2910
f 3431/3292/2909 5544/5205/2909 3464/5206/2909 1800/3293/2909
f 1800/3293/2912 3464/5206/2912 5545/5207/2912 3432/3298/2912
f 3464/5206/2911 1768/5115/2911 3368/5117/2911 5545/5207/2911
f 5545/5207/2914 3368/5117/2914 1769/5119/2914 3465/5208/2914
f 3432/3298/2913 5545/5207/2913 3465/5208/2913 1801/3299/2913
f 1801/3299/2916 3465/5208/2916 5546/5209/2916 3433/3304/2916
f 3465/5208/2915 1769/5119/2915 3369/5121/2915 5546/5209/2915
f 5546/5209/2918 3369/5121/2918 1770/5123/2918 3466/5210/2918
f 3433/3304/2917 5546/5209/2917 3466/5210/2917 1802/3305/2917
f 1802/3305/2920 3466/5210/2920 5547/5211/2920 3434/3310/2920
f 3466/5210/2919 1770/5123/2919 3370/5125/2919 5547/5211/2919
f 5547/5211/2922 3370/5125/2922 1771/5127/2922 3467/5212/2922
f 3434/3310/2921 5547/5211/2921 3467/5212/2921 1803/3311/2921
f 1803/3311/2924 3467/5212/2924 5548/5213/2924 3435/3316/2924
f 3467/5212/2923 1771/5127/2923 3371/5129/2923 5548/5213/2923
f 5548/5213/2926 3371/5129/2926 1772/5131/2926 3468/5214/2926
f 3435/3316/2925 5548/5213/2925 3468/5214/2925 1804/3317/2925
f 1804/3317/2928 3468/5214/2928 5549/5215/2928 3436/3322/2928
f 3468/5214/2927 1772/5131/2927 3372/5133/2927 5549/5215/2927
f 5549/5215/2930 3372/5133/2930 1773/5135/2930 3469/5216/2930
f 3436/3322/2929 5549/5215/2929 3469/5216/2929 1805/3323/2929
f 1805/3323/2932 3469/5216/2932 5550/5217/2932 3437/3328/2932
f 3469/5216/2931 1773/5135/2931 3373/5137/2931 5550/5217/2931
f 5550/5217/2934 3373/5137/2934 1774/5139/2934 3470/5218/2934
f 3437/3328/2933 5550/5217/2933 3470/5218/2933 1806/3329/2933
f 1806/3329/2936 3470/5218/2936 5551/5219/2936 3438/3334/2936
f 3470/5218/2935 1774/5139/2935 3374/5141/2935 5551/5219/2935
f 5551/5219/2938 3374/5141/2938 1775/5143/2938 3471/5220/2938
f 3438/3334/2937 5551/5219/2937 3471/5220/2937 1807/3335/2937
f 1807/3335/3032 3471/5220/3032 5552/5221/3032 3439/3340/3032
f 3471/5220/2939 1775/5143/2939 3375/5145/2939 5552/5221/2939
f 5552/5221/2942 3375/5145/2942 1776/5147/2942 3472/5222/2942
f 3439/3340/2941 5552/5221/2941 3472/5222/2941 1808/3341/2941
f 1808/3341/2944 3472/5222/2944 5553/5223/2944 3440/3346/2944
f 3472/5222/2943 1776/5147/2943 3376/5149/2943 5553/5223/2943
f 5553/5223/2946 3376/5149/2946 1777/5151/2946 3473/5224/2946
f 3440/3346/2945 5553/5223/2945 3473/5224/2945 1809/3347/2945
f 1809/3347/2948 3473/5224/2948 5554/5225/2948 3441/3352/2948
f 3473/5224/3033 1777/5151/3033 3377/5153/3033 5554/5225/3033
f 5554/5225/2950 3377/5153/2950 1778/5155/2950 3474/5226/2950
f 3441/3352/2949 5554/5225/2949 3474/5226/2949 1810/3353/2949
f 1810/3353/2952 3474/5226/2952 5555/5227/2952 3442/3358/2952
f 3474/5226/2951 1778/5155/2951 3378/5157/2951 5555/5227/2951
f 5555/5227/2954 3378/5157/2954 1779/5159/2954 3475/5228/2954
f 3442/3358/2953 5555/5227/2953 3475/5228/2953 1811/3359/2953
f 1811/3359/2956 3475/5228/2956 5556/5229/2956 3443/3364/2956
f 3475/5228/2955 1779/5159/2955 3379/5161/2955 5556/5229/2955
f 5556/5229/2958 3379/5161/2958 1780/5163/2958 3476/5230/2958
f 3443/3364/2957 5556/5229/2957 3476/5230/2957 1812/3365/2957
f 1812/3365/2960 3476/5230/2960 5557/5231/2960 3444/3370/2960
f 3476/5230/2959 1780/5163/2959 3380/5165/2959 5557/5231/2959
f 5557/5231/2962 3380/5165/2962 1781/5167/2962 3477/5232/2962
f 3444/3370/2961 5557/5231/2961 3477/5232/2961 1813/3371/2961
f 1813/3371/2964 3477/5232/2964 5558/5233/2964 3445/3376/2964
f 3477/5232/2963 1781/5167/2963 3381/5169/2963 5558/5233/2963
f 5558/5233/2966 3381/5169/2966 1751/5042/2966 3446/5170/2966
f 3445/3376/2965 5558/5233/2965 3446/5170/2965 1783/3189/2965
f 1847/5234/2903 3574/5235/2903 5591/5236/2903 3542/5237/2903
f 3574/5235/2904 1815/3185/2904 3478/3188/2904 5591/5236/2904
f 5591/5236/2905 3478/3188/2905 1814/3193/2905 3575/5238/2905
f 3542/5237/2906 5591/5236/2906 3575/5238/2906 1846/5239/2906
f 1846/5239/2907 3575/5238/2907 5592/5240/2907 3543/5241/2907
f 3575/5238/2908 1814/3193/2908 3479/3195/2908 5592/5240/2908
f 5592/5240/2909 3479/3195/2909 1816/3199/2909 3576/5242/2909
f 3543/5241/2910 5592/5240/2910 3576/5242/2910 1848/5243/2910
f 1848/5243/2911 3576/5242/2911 5593/5244/2911 3544/5245/2911
f 3576/5242/2912 1816/3199/2912 3480/3201/2912 5593/5244/2912
f 5593/5244/2913 3480/3201/2913 1817/3205/2913 3577/5246/2913
f 3544/5245/2914 5593/5244/2914 3577/5246/2914 1849/5247/2914
f 1849/5247/2915 3577/5246/2915 5594/5248/2915 3545/5249/2915
f 3577/5246/2916 1817/3205/2916 3481/3207/2916 5594/5248/2916
f 5594/5248/2917 3481/3207/2917 1818/3211/2917 3578/5250/2917
f 3545/5249/2918 5594/5248/2918 3578/5250/2918 1850/5251/2918
f 1850/5251/2919 3578/5250/2919 5595/5252/2919 3546/5253/2919
f 3578/5250/2920 1818/3211/2920 3482/3213/2920 5595/5252/2920
f 5595/5252/2921 3482/3213/2921 1819/3217/2921 3579/5254/2921
f 3546/5253/2922 5595/5252/2922 3579/5254/2922 1851/5255/2922
f 1851/5255/2923 3579/5254/2923 5596/5256/2923 3547/5257/2923
f 3579/5254/2924 1819/3217/2924 3483/3219/2924 5596/5256/2924
f 5596/5256/2925 3483/3219/2925 1820/3223/2925 3580/5258/2925
f 3547/5257/2926 5596/5256/2926 3580/5258/2926 1852/5259/2926
f 1852/5259/2927 3580/5258/2927 5597/5260/2927 3548/5261/2927
f 3580/5258/2928 1820/3223/2928 3484/3225/2928 5597/5260/2928
f 5597/5260/2929 3484/3225/2929 1821/3229/2929 3581/5262/2929
f 3548/5261/2930 5597/5260/2930 3581/5262/2930 1853/5263/2930
f 1853/5263/2931 3581/5262/2931 5598/5264/2931 3549/5265/2931
f 3581/5262/2932 1821/3229/2932 3485/3231/2932 5598/5264/2932
f 5598/5264/2933 3485/3231/2933 1822/3235/2933 3582/5266/2933
f 3549/5265/2934 5598/5264/2934 3582/5266/2934 1854/5267/2934
f 1854/5267/2935 3582/5266/2935 5599/5268/2935 3550/5269/2935
f 3582/5266/2936 1822/3235/2936 3486/3237/2936 5599/5268/2936
f 5599/5268/2937 3486/3237/2937 1823/3241/2937 3583/5270/2937
f 3550/5269/2938 5599/5268/2938 3583/5270/2938 1855/5271/2938
f 1855/5271/2939 3583/5270/2939 5600/5272/2939 3551/5273/2939
f 3583/5270/2940 1823/3241/2940 3487/3243/2940 5600/5272/2940
f 5600/5272/3034 3487/3243/3034 1824/3247/3034 3584/5274/3034
f 3551/5273/2942 5600/5272/2942 3584/5274/2942 1856/5275/2942
f 1856/5275/2943 3584/5274/2943 5601/5276/2943 3552/5277/2943
f 3584/5274/2944 1824/3247/2944 3488/3249/2944 5601/5276/2944
f 5601/5276/2945 3488/3249/2945 1825/3253/2945 3585/5278/2945
f 3552/5277/2946 5601/5276/2946 3585/5278/2946 1857/5279/2946
f 1857/5279/3033 3585/5278/3033 5602/5280/3033 3553/5281/3033
f 3585/5278/2948 1825/3253/2948 3489/3255/2948 5602/5280/2948
f 5602/5280/2949 3489/3255/2949 1826/3259/2949 3586/5282/2949
f 3553/5281/2950 5602/5280/2950 3586/5282/2950 1858/5283/2950
f 1858/5283/2951 3586/5282/2951 5603/5284/2951 3554/5285/2951
f 3586/5282/2952 1826/3259/2952 3490/3261/2952 5603/5284/2952
f 5603/5284/2953 3490/3261/2953 1827/3265/2953 3587/5286/2953
f 3554/5285/2954 5603/5284/2954 3587/5286/2954 1859/5287/2954
f 1859/5287/2955 3587/5286/2955 5604/5288/2955 3555/5289/2955
f 3587/5286/2956 1827/3265/2956 3491/3267/2956 5604/5288/2956
f 5604/5288/2957 3491/3267/2957 1828/3271/2957 3588/5290/2957
f 3555/5289/2958 5604/5288/2958 3588/5290/2958 1860/5291/2958
f 1860/5291/2959 3588/5290/2959 5605/5292/2959 3556/5293/2959
f 3588/5290/2960 1828/3271/2960 3492/3273/2960 5605/5292/2960
f 5605/5292/2961 3492/3273/2961 1829/3277/2961 3589/5294/2961
f 3556/5293/2962 5605/5292/2962 3589/5294/2962 1861/5295/2962
f 1861/5295/2963 3589/5294/2963 5606/5296/2963 3557/5297/2963
f 3589/5294/2964 1829/3277/2964 3493/3279/2964 5606/5296/2964
f 5606/5296/2965 3493/3279/2965 1830/3283/2965 3590/5298/2965
f 3557/5297/2966 5606/5296/2966 3590/5298/2966 1862/5299/2966
f 1862/5299/2967 3590/5298/2967 5607/5300/2967 3558/5301/2967
f 3590/5298/2968 1830/3283/2968 3494/3285/2968 5607/5300/2968
f 5607/5300/2969 3494/3285/2969 1831/3289/2969 3591/5302/2969
f 3558/5301/2970 5607/5300/2970 3591/5302/2970 1863/5303/2970
f 1863/5303/2971 3591/5302/2971 5608/5304/2971 3559/5305/2971
f 3591/5302/2972 1831/3289/2972 3495/3291/2972 5608/5304/2972
f 5608/5304/2973 3495/3291/2973 1832/3295/2973 3592/5306/2973
f 3559/5305/2974 5608/5304/2974 3592/5306/2974 1864/5307/2974
f 1864/5307/2975 3592/5306/2975 5609/5308/2975 3560/5309/2975
f 3592/5306/2976 1832/3295/2976 3496/3297/2976 5609/5308/2976
f 5609/5308/2977 3496/3297/2977 1833/3301/2977 3593/5310/2977
f 3560/5309/2978 5609/5308/2978 3593/5310/2978 1865/5311/2978
f 1865/5311/2979 3593/5310/2979 5610/5312/2979 3561/5313/2979
f 3593/5310/2980 1833/3301/2980 3497/3303/2980 5610/5312/2980
f 5610/5312/2981 3497/3303/2981 1834/3307/2981 3594/5314/2981
f 3561/5313/2982 5610/5312/2982 3594/5314/2982 1866/5315/2982
f 1866/5315/2983 3594/5314/2983 5611/5316/2983 3562/5317/2983
f 3594/5314/2984 1834/3307/2984 3498/3309/2984 5611/5316/2984
f 5611/5316/2985 3498/3309/2985 1835/3313/2985 3595/5318/2985
f 3562/5317/2986 5611/5316/2986 3595/5318/2986 1867/5319/2986
f 1867/5319/2987 3595/5318/2987 5612/5320/2987 3563/5321/2987
f 3595/5318/2988 1835/3313/2988 3499/3315/2988 5612/5320/2988
f 5612/5320/2989 3499/3315/2989 1836/3319/2989 3596/5322/2989
f 3563/5321/2990 5612/5320/2990 3596/5322/2990 1868/5323/2990
f 1868/5323/2991 3596/5322/2991 5613/5324/2991 3564/5325/2991
f 3596/5322/2992 1836/3319/2992 3500/3321/2992 5613/5324/2992
f 5613/5324/2993 3500/3321/2993 1837/3325/2993 3597/5326/2993
f 3564/5325/2994 5613/5324/2994 3597/5326/2994 1869/5327/2994
f 1869/5327/2995 3597/5326/2995 5614/5328/2995 3565/5329/2995
f 3597/5326/2996 1837/3325/2996 3501/3327/2996 5614/5328/2996
f 5614/5328/2997 3501/3327/2997 1838/3331/2997 3598/5330/2997
f 3565/5329/2998 5614/5328/2998 3598/5330/2998 1870/5331/2998
f 1870/5331/2999 3598/5330/2999 5615/5332/2999 3566/5333/2999
f 3598/5330/3000 1838/3331/3000 3502/3333/3000 5615/5332/3000
f 5615/5332/3001 3502/3333/3001 1839/3337/3001 3599/5334/3001
f 3566/5333/3002 5615/5332/3002 3599/5334/3002 1871/5335/3002
f 1871/5335/3003 3599/5334/3003 5616/5336/3003 3567/5337/3003
f 3599/5334/3004 1839/3337/3004 3503/3339/3004 5616/5336/3004
f 5616/5336/3005 3503/3339/3005 1840/3343/3005 3600/5338/3005
f 3567/5337/3006 5616/5336/3006 3600/5338/3006 1872/5339/3006
f 1872/5339/3007 3600/5338/3007 5617/5340/3007 3568/5341/3007
f 3600/5338/3008 1840/3343/3008 3504/3345/3008 5617/5340/3008
f 5617/5340/3009 3504/3345/3009 1841/3349/3009 3601/5342/3009
f 3568/5341/3010 5617/5340/3010 3601/5342/3010 1873/5343/3010
f 1873/5343/3011 3601/5342/3011 5618/5344/3011 3569/5345/3011
f 3601/5342/3012 1841/3349/3012 3505/3351/3012 5618/5344/3012
f 5618/5344/3013 3505/3351/3013 1842/3355/3013 3602/5346/3013
f 3569/5345/3014 5618/5344/3014 3602/5346/3014 1874/5347/3014
f 1874/5347/3015 3602/5346/3015 5619/5348/3015 3570/5349/3015
f 3602/5346/3016 1842/3355/3016 3506/3357/3016 5619/5348/3016
f 5619/5348/3017 3506/3357/3017 1843/3361/3017 3603/5350/3017
f 3570/5349/3018 5619/5348/3018 3603/5350/3018 1875/5351/3018
f 1875/5351/3019 3603/5350/3019 5620/5352/3019 3571/5353/3019
f 3603/5350/3020 1843/3361/3020 3507/3363/3020 5620/5352/3020
f 5620/5352/3021 3507/3363/3021 1844/3367/3021 3604/5354/3021
f 3571/5353/3022 5620/5352/3022 3604/5354/3022 1876/5355/3022
f 1876/5355/3023 3604/5354/3023 5621/5356/3023 3572/5357/3023
f 3604/5354/3024 1844/3367/3024 3508/3369/3024 5621/5356/3024
f 5621/5356/3025 3508/3369/3025 1845/3373/3025 3605/5358/3025
f 3572/5357/3026 5621/5356/3026 3605/5358/3026 1877/5359/3026
f 1877/5359/3027 3605/5358/3027 5622/5360/3027 3573/5361/3027
f 3605/5358/3028 1845/3373/3028 3509/3375/3028 5622/5360/3028
f 5622/5360/3029 3509/3375/3029 1815/3185/3029 3574/5235/3029
f 3573/5361/3030 5622/5360/3030 3574/5235/3030 1847/5234/3030
f 1879/3381/2968 3638/5362/2968 5623/5363/2968 3606/3382/2968
f 3638/5362/2967 1847/5234/2967 3542/5237/2967 5623/5363/2967
f 5623/5363/2970 3542/5237/2970 1846/5239/2970 3639/5364/2970
f 3606/3382/2969 5623/5363/2969 3639/5364/2969 1878/3383/2969
f 1878/3383/2972 3639/5364/2972 5624/5365/2972 3607/3388/2972
f 3639/5364/2971 1846/5239/2971 3543/5241/2971 5624/5365/2971
f 5624/5365/2974 3543/5241/2974 1848/5243/2974 3640/5366/2974
f 3607/3388/2973 5624/5365/2973 3640/5366/2973 1880/3389/2973
f 1880/3389/2976 3640/5366/2976 5625/5367/2976 3608/3394/2976
f 3640/5366/2975 1848/5243/2975 3544/5245/2975 5625/5367/2975
f 5625/5367/2978 3544/5245/2978 1849/5247/2978 3641/5368/2978
f 3608/3394/2977 5625/5367/2977 3641/5368/2977 1881/3395/2977
f 1881/3395/2980 3641/5368/2980 5626/5369/2980 3609/3400/2980
f 3641/5368/2979 1849/5247/2979 3545/5249/2979 5626/5369/2979
f 5626/5369/3035 3545/5249/3035 1850/5251/3035 3642/5370/3035
f 3609/3400/2981 5626/5369/2981 3642/5370/2981 1882/3401/2981
f 1882/3401/2984 3642/5370/2984 5627/5371/2984 3610/3406/2984
f 3642/5370/2983 1850/5251/2983 3546/5253/2983 5627/5371/2983
f 5627/5371/3036 3546/5253/3036 1851/5255/3036 3643/5372/3036
f 3610/3406/2985 5627/5371/2985 3643/5372/2985 1883/3407/2985
f 1883/3407/2988 3643/5372/2988 5628/5373/2988 3611/3412/2988
f 3643/5372/2987 1851/5255/2987 3547/5257/2987 5628/5373/2987
f 5628/5373/3037 3547/5257/3037 1852/5259/3037 3644/5374/3037
f 3611/3412/2989 5628/5373/2989 3644/5374/2989 1884/3413/2989
f 1884/3413/2992 3644/5374/2992 5629/5375/2992 3612/3418/2992
f 3644/5374/2991 1852/5259/2991 3548/5261/2991 5629/5375/2991
f 5629/5375/2994 3548/5261/2994 1853/5263/2994 3645/5376/2994
f 3612/3418/2993 5629/5375/2993 3645/5376/2993 1885/3419/2993
f 1885/3419/2996 3645/5376/2996 5630/5377/2996 3613/3424/2996
f 3645/5376/2995 1853/5263/2995 3549/5265/2995 5630/5377/2995
f 5630/5377/2998 3549/5265/2998 1854/5267/2998 3646/5378/2998
f 3613/3424/2997 5630/5377/2997 3646/5378/2997 1886/3425/2997
f 1886/3425/3000 3646/5378/3000 5631/5379/3000 3614/3430/3000
f 3646/5378/2999 1854/5267/2999 3550/5269/2999 5631/5379/2999
f 5631/5379/3002 3550/5269/3002 1855/5271/3002 3647/5380/3002
f 3614/3430/3001 5631/5379/3001 3647/5380/3001 1887/3431/3001
f 1887/3431/3004 3647/5380/3004 5632/5381/3004 3615/3436/3004
f 3647/5380/3003 1855/5271/3003 3551/5273/3003 5632/5381/3003
f 5632/5381/3006 3551/5273/3006 1856/5275/3006 3648/5382/3006
f 3615/3436/3005 5632/5381/3005 3648/5382/3005 1888/3437/3005
f 1888/3437/3008 3648/5382/3008 5633/5383/3008 3616/3442/3008
f 3648/5382/3007 1856/5275/3007 3552/5277/3007 5633/5383/3007
f 5633/5383/3010 3552/5277/3010 1857/5279/3010 3649/5384/3010
f 3616/3442/3009 5633/5383/3009 3649/5384/3009 1889/3443/3009
f 1889/3443/3012 3649/5384/3012 5634/5385/3012 3617/3448/3012
f 3649/5384/3038 1857/5279/3038 3553/5281/3038 5634/5385/3038
f 5634/5385/3014 3553/5281/3014 1858/5283/3014 3650/5386/3014
f 3617/3448/3013 5634/5385/3013 3650/5386/3013 1890/3449/3013
f 1890/3449/3016 3650/5386/3016 5635/5387/3016 3618/3454/3016
f 3650/5386/3015 1858/5283/3015 3554/5285/3015 5635/5387/3015
f 5635/5387/3018 3554/5285/3018 1859/5287/3018 3651/5388/3018
f 3618/3454/3017 5635/5387/3017 3651/5388/3017 1891/3455/3017
f 1891/3455/3020 3651/5388/3020 5636/5389/3020 3619/3460/3020
f 3651/5388/3019 1859/5287/3019 3555/5289/3019 5636/5389/3019
f 5636/5389/3022 3555/5289/3022 1860/5291/3022 3652/5390/3022
f 3619/3460/3021 5636/5389/3021 3652/5390/3021 1892/3461/3021
f 1892/3461/3024 3652/5390/3024 5637/5391/3024 3620/3466/3024
f 3652/5390/3023 1860/5291/3023 3556/5293/3023 5637/5391/3023
f 5637/5391/3026 3556/5293/3026 1861/5295/3026 3653/5392/3026
f 3620/3466/3025 5637/5391/3025 3653/5392/3025 1893/3467/3025
f 1893/3467/3028 3653/5392/3028 5638/5393/3028 3621/3472/3028
f 3653/5392/3027 1861/5295/3027 3557/5297/3027 5638/5393/3027
f 5638/5393/3030 3557/5297/3030 1862/5299/3030 3654/5394/3030
f 3621/3472/3029 5638/5393/3029 3654/5394/3029 1894/3473/3029
f 1894/3473/2904 3654/5394/2904 5639/5395/2904 3622/3478/2904
f 3654/5394/2903 1862/5299/2903 3558/5301/2903 5639/5395/2903
f 5639/5395/2906 3558/5301/2906 1863/5303/2906 3655/5396/2906
f 3622/3478/2905 5639/5395/2905 3655/5396/2905 1895/3479/2905
f 1895/3479/2908 3655/5396/2908 5640/5397/2908 3623/3484/2908
f 3655/5396/2907 1863/5303/2907 3559/5305/2907 5640/5397/2907
f 5640/5397/2910 3559/5305/2910 1864/5307/2910 3656/5398/2910
f 3623/3484/2909 5640/5397/2909 3656/5398/2909 1896/3485/2909
f 1896/3485/2912 3656/5398/2912 5641/5399/2912 3624/3490/2912
f 3656/5398/2911 1864/5307/2911 3560/5309/2911 5641/5399/2911
f 5641/5399/2914 3560/5309/2914 1865/5311/2914 3657/5400/2914
f 3624/3490/2913 5641/5399/2913 3657/5400/2913 1897/3491/2913
f 1897/3491/2916 3657/5400/2916 5642/5401/2916 3625/3496/2916
f 3657/5400/2915 1865/5311/2915 3561/5313/2915 5642/5401/2915
f 5642/5401/2918 3561/5313/2918 1866/5315/2918 3658/5402/2918
f 3625/3496/2917 5642/5401/2917 3658/5402/2917 1898/3497/2917
f 1898/3497/2920 3658/5402/2920 5643/5403/2920 3626/3502/2920
f 3658/5402/2919 1866/5315/2919 3562/5317/2919 5643/5403/2919
f 5643/5403/3039 3562/5317/3039 1867/5319/3039 3659/5404/3039
f 3626/3502/2921 5643/5403/2921 3659/5404/2921 1899/3503/2921
f 1899/3503/2924 3659/5404/2924 5644/5405/2924 3627/3508/2924
f 3659/5404/2923 1867/5319/2923 3563/5321/2923 5644/5405/2923
f 5644/5405/3040 3563/5321/3040 1868/5323/3040 3660/5406/3040
f 3627/3508/2925 5644/5405/2925 3660/5406/2925 1900/3509/2925
f 1900/3509/2928 3660/5406/2928 5645/5407/2928 3628/3514/2928
f 3660/5406/2927 1868/5323/2927 3564/5325/2927 5645/5407/2927
f 5645/5407/2930 3564/5325/2930 1869/5327/2930 3661/5408/2930
f 3628/3514/2929 5645/5407/2929 3661/5408/2929 1901/3515/2929
f 1901/3515/2932 3661/5408/2932 5646/5409/2932 3629/3520/2932
f 3661/5408/2931 1869/5327/2931 3565/5329/2931 5646/5409/2931
f 5646/5409/2934 3565/5329/2934 1870/5331/2934 3662/5410/2934
f 3629/3520/2933 5646/5409/2933 3662/5410/2933 1902/3521/2933
f 1902/3521/2936 3662/5410/2936 5647/5411/2936 3630/3526/2936
f 3662/5410/2935 1870/5331/2935 3566/5333/2935 5647/5411/2935
f 5647/5411/2938 3566/5333/2938 1871/5335/2938 3663/5412/2938
f 3630/3526/2937 5647/5411/2937 3663/5412/2937 1903/3527/2937
f 1903/3527/2940 3663/5412/2940 5648/5413/2940 3631/3532/2940
f 3663/5412/2939 1871/5335/2939 3567/5337/2939 5648/5413/2939
f 5648/5413/2942 3567/5337/2942 1872/5339/2942 3664/5414/2942
f 3631/3532/2941 5648/5413/2941 3664/5414/2941 1904/3533/2941
f 1904/3533/2944 3664/5414/2944 5649/5415/2944 3632/3538/2944
f 3664/5414/2943 1872/5339/2943 3568/5341/2943 5649/5415/2943
f 5649/5415/2946 3568/5341/2946 1873/5343/2946 3665/5416/2946
f 3632/3538/2945 5649/5415/2945 3665/5416/2945 1905/3539/2945
f 1905/3539/2948 3665/5416/2948 5650/5417/2948 3633/3544/2948
f 3665/5416/3033 1873/5343/3033 3569/5345/3033 5650/5417/3033
f 5650/5417/2950 3569/5345/2950 1874/5347/2950 3666/5418/2950
f 3633/3544/2949 5650/5417/2949 3666/5418/2949 1906/3545/2949
f 1906/3545/2952 3666/5418/2952 5651/5419/2952 3634/3550/2952
f 3666/5418/2951 1874/5347/2951 3570/5349/2951 5651/5419/2951
f 5651/5419/2954 3570/5349/2954 1875/5351/2954 3667/5420/2954
f 3634/3550/2953 5651/5419/2953 3667/5420/2953 1907/3551/2953
f 1907/3551/2956 3667/5420/2956 5652/5421/2956 3635/3556/2956
f 3667/5420/2955 1875/5351/2955 3571/5353/2955 5652/5421/2955
f 5652/5421/2958 3571/5353/2958 1876/5355/2958 3668/5422/2958
f 3635/3556/2957 5652/5421/2957 3668/5422/2957 1908/3557/2957
f 1908/3557/2960 3668/5422/2960 5653/5423/2960 3636/3562/2960
f 3668/5422/2959 1876/5355/2959 3572/5357/2959 5653/5423/2959
f 5653/5423/2962 3572/5357/2962 1877/5359/2962 3669/5424/2962
f 3636/3562/2961 5653/5423/2961 3669/5424/2961 1909/3563/2961
f 1909/3563/2964 3669/5424/2964 5654/5425/2964 3637/3568/2964
f 3669/5424/2963 1877/5359/2963 3573/5361/2963 5654/5425/2963
f 5654/5425/2966 3573/5361/2966 1847/5234/2966 3638/5362/2966
f 3637/3568/2965 5654/5425/2965 3638/5362/2965 1879/3381/2965
f 1943/5426/2903 3766/5427/2903 5687/5428/2903 3734/5429/2903
f 3766/5427/2904 1911/3377/2904 3670/3380/2904 5687/5428/2904
f 5687/5428/2905 3670/3380/2905 1910/3385/2905 3767/5430/2905
f 3734/5429/2906 5687/5428/2906 3767/5430/2906 1942/5431/2906
f 1942/5431/2907 3767/5430/2907 5688/5432/2907 3735/5433/2907
f 3767/5430/2908 1910/3385/2908 3671/3387/2908 5688/5432/2908
f 5688/5432/2909 3671/3387/2909 1912/3391/2909 3768/5434/2909
f 3735/5433/2910 5688/5432/2910 3768/5434/2910 1944/5435/2910
f 1944/5435/2911 3768/5434/2911 5689/5436/2911 3736/5437/2911
f 3768/5434/2912 1912/3391/2912 3672/3393/2912 5689/5436/2912
f 5689/5436/2913 3672/3393/2913 1913/3397/2913 3769/5438/2913
f 3736/5437/3041 5689/5436/3041 3769/5438/3041 1945/5439/3041
f 1945/5439/2915 3769/5438/2915 5690/5440/2915 3737/5441/2915
f 3769/5438/2916 1913/3397/2916 3673/3399/2916 5690/5440/2916
f 5690/5440/2917 3673/3399/2917 1914/3403/2917 3770/5442/2917
f 3737/5441/2918 5690/5440/2918 3770/5442/2918 1946/5443/2918
f 1946/5443/2919 3770/5442/2919 5691/5444/2919 3738/5445/2919
f 3770/5442/2920 1914/3403/2920 3674/3405/2920 5691/5444/2920
f 5691/5444/2921 3674/3405/2921 1915/3409/2921 3771/5446/2921
f 3738/5445/2922 5691/5444/2922 3771/5446/2922 1947/5447/2922
f 1947/5447/2923 3771/5446/2923 5692/5448/2923 3739/5449/2923
f 3771/5446/2924 1915/3409/2924 3675/3411/2924 5692/5448/2924
f 5692/5448/2925 3675/3411/2925 1916/3415/2925 3772/5450/2925
f 3739/5449/2926 5692/5448/2926 3772/5450/2926 1948/5451/2926
f 1948/5451/2927 3772/5450/2927 5693/5452/2927 3740/5453/2927
f 3772/5450/2928 1916/3415/2928 3676/3417/2928 5693/5452/2928
f 5693/5452/2929 3676/3417/2929 1917/3421/2929 3773/5454/2929
f 3740/5453/2930 5693/5452/2930 3773/5454/2930 1949/5455/2930
f 1949/5455/2931 3773/5454/2931 5694/5456/2931 3741/5457/2931
f 3773/5454/2932 1917/3421/2932 3677/3423/2932 5694/5456/2932
f 5694/5456/2933 3677/3423/2933 1918/3427/2933 3774/5458/2933
f 3741/5457/2934 5694/5456/2934 3774/5458/2934 1950/5459/2934
f 1950/5459/2935 3774/5458/2935 5695/5460/2935 3742/5461/2935
f 3774/5458/2936 1918/3427/2936 3678/3429/2936 5695/5460/2936
f 5695/5460/2937 3678/3429/2937 1919/3433/2937 3775/5462/2937
f 3742/5461/2938 5695/5460/2938 3775/5462/2938 1951/5463/2938
f 1951/5463/2939 3775/5462/2939 5696/5464/2939 3743/5465/2939
f 3775/5462/2940 1919/3433/2940 3679/3435/2940 5696/5464/2940
f 5696/5464/2941 3679/3435/2941 1920/3439/2941 3776/5466/2941
f 3743/5465/2942 5696/5464/2942 3776/5466/2942 1952/5467/2942
f 1952/5467/2943 3776/5466/2943 5697/5468/2943 3744/5469/2943
f 3776/5466/2944 1920/3439/2944 3680/3441/2944 5697/5468/2944
f 5697/5468/2945 3680/3441/2945 1921/3445/2945 3777/5470/2945
f 3744/5469/2946 5697/5468/2946 3777/5470/2946 1953/5471/2946
f 1953/5471/3033 3777/5470/3033 5698/5472/3033 3745/5473/3033
f 3777/5470/2948 1921/3445/2948 3681/3447/2948 5698/5472/2948
f 5698/5472/2949 3681/3447/2949 1922/3451/2949 3778/5474/2949
f 3745/5473/2950 5698/5472/2950 3778/5474/2950 1954/5475/2950
f 1954/5475/2951 3778/5474/2951 5699/5476/2951 3746/5477/2951
f 3778/5474/2952 1922/3451/2952 3682/3453/2952 5699/5476/2952
f 5699/5476/2953 3682/3453/2953 1923/3457/2953 3779/5478/2953
f 3746/5477/2954 5699/5476/2954 3779/5478/2954 1955/5479/2954
f 1955/5479/2955 3779/5478/2955 5700/5480/2955 3747/5481/2955
f 3779/5478/2956 1923/3457/2956 3683/3459/2956 5700/5480/2956
f 5700/5480/2957 3683/3459/2957 1924/3463/2957 3780/5482/2957
f 3747/5481/2958 5700/5480/2958 3780/5482/2958 1956/5483/2958
f 1956/5483/2959 3780/5482/2959 5701/5484/2959 3748/5485/2959
f 3780/5482/2960 1924/3463/2960 3684/3465/2960 5701/5484/2960
f 5701/5484/2961 3684/3465/2961 1925/3469/2961 3781/5486/2961
f 3748/5485/2962 5701/5484/2962 3781/5486/2962 1957/5487/2962
f 1957/5487/2963 3781/5486/2963 5702/5488/2963 3749/5489/2963
f 3781/5486/3042 1925/3469/3042 3685/3471/3042 5702/5488/3042
f 5702/5488/2965 3685/3471/2965 1926/3475/2965 3782/5490/2965
f 3749/5489/2966 5702/5488/2966 3782/5490/2966 1958/5491/2966
f 1958/5491/2967 3782/5490/2967 5703/5492/2967 3750/5493/2967
f 3782/5490/2968 1926/3475/2968 3686/3477/2968 5703/5492/2968
f 5703/5492/2969 3686/3477/2969 1927/3481/2969 3783/5494/2969
f 3750/5493/2970 5703/5492/2970 3783/5494/2970 1959/5495/2970
f 1959/5495/2971 3783/5494/2971 5704/5496/2971 3751/5497/2971
f 3783/5494/2972 1927/3481/2972 3687/3483/2972 5704/5496/2972
f 5704/5496/2973 3687/3483/2973 1928/3487/2973 3784/5498/2973
f 3751/5497/2974 5704/5496/2974 3784/5498/2974 1960/5499/2974
f 1960/5499/2975 3784/5498/2975 5705/5500/2975 3752/5501/2975
f 3784/5498/2976 1928/3487/2976 3688/3489/2976 5705/5500/2976
f 5705/5500/2977 3688/3489/2977 1929/3493/2977 3785/5502/2977
f 3752/5501/2978 5705/5500/2978 3785/5502/2978 1961/5503/2978
f 1961/5503/2979 3785/5502/2979 5706/5504/2979 3753/5505/2979
f 3785/5502/2980 1929/3493/2980 3689/3495/2980 5706/5504/2980
f 5706/5504/2981 3689/3495/2981 1930/3499/2981 3786/5506/2981
f 3753/5505/2982 5706/5504/2982 3786/5506/2982 1962/5507/2982
f 1962/5507/2983 3786/5506/2983 5707/5508/2983 3754/5509/2983
f 3786/5506/2984 1930/3499/2984 3690/3501/2984 5707/5508/2984
f 5707/5508/2985 3690/3501/2985 1931/3505/2985 3787/5510/2985
f 3754/5509/3036 5707/5508/3036 3787/5510/3036 1963/5511/3036
f 1963/5511/2987 3787/5510/2987 5708/5512/2987 3755/5513/2987
f 3787/5510/2988 1931/3505/2988 3691/3507/2988 5708/5512/2988
f 5708/5512/2989 3691/3507/2989 1932/3511/2989 3788/5514/2989
f 3755/5513/2990 5708/5512/2990 3788/5514/2990 1964/5515/2990
f 1964/5515/2991 3788/5514/2991 5709/5516/2991 3756/5517/2991
f 3788/5514/2992 1932/3511/2992 3692/3513/2992 5709/5516/2992
f 5709/5516/2993 3692/3513/2993 1933/3517/2993 3789/5518/2993
f 3756/5517/2994 5709/5516/2994 3789/5518/2994 1965/5519/2994
f 1965/5519/2995 3789/5518/2995 5710/5520/2995 3757/5521/2995
f 3789/5518/2996 1933/3517/2996 3693/3519/2996 5710/5520/2996
f 5710/5520/2997 3693/3519/2997 1934/3523/2997 3790/5522/2997
f 3757/5521/2998 5710/5520/2998 3790/5522/2998 1966/5523/2998
f 1966/5523/2999 3790/5522/2999 5711/5524/2999 3758/5525/2999
f 3790/5522/3000 1934/3523/3000 3694/3525/3000 5711/5524/3000
f 5711/5524/3001 3694/3525/3001 1935/3529/3001 3791/5526/3001
f 3758/5525/3002 5711/5524/3002 3791/5526/3002 1967/5527/3002
f 1967/5527/3003 3791/5526/3003 5712/5528/3003 3759/5529/3003
f 3791/5526/3004 1935/3529/3004 3695/3531/3004 5712/5528/3004
f 5712/5528/3043 3695/3531/3043 1936/3535/3043 3792/5530/3043
f 3759/5529/3006 5712/5528/3006 3792/5530/3006 1968/5531/3006
f 1968/5531/3007 3792/5530/3007 5713/5532/3007 3760/5533/3007
f 3792/5530/3008 1936/3535/3008 3696/3537/3008 5713/5532/3008
f 5713/5532/3009 3696/3537/3009 1937/3541/3009 3793/5534/3009
f 3760/5533/3010 5713/5532/3010 3793/5534/3010 1969/5535/3010
f 1969/5535/3011 3793/5534/3011 5714/5536/3011 3761/5537/3011
f 3793/5534/3012 1937/3541/3012 3697/3543/3012 5714/5536/3012
f 5714/5536/3013 3697/3543/3013 1938/3547/3013 3794/5538/3013
f 3761/5537/3014 5714/5536/3014 3794/5538/3014 1970/5539/3014
f 1970/5539/3015 3794/5538/3015 5715/5540/3015 3762/5541/3015
f 3794/5538/3016 1938/3547/3016 3698/3549/3016 5715/5540/3016
f 5715/5540/3017 3698/3549/3017 1939/3553/3017 3795/5542/3017
f 3762/5541/3018 5715/5540/3018 3795/5542/3018 1971/5543/3018
f 1971/5543/3019 3795/5542/3019 5716/5544/3019 3763/5545/3019
f 3795/5542/3020 1939/3553/3020 3699/3555/3020 5716/5544/3020
f 5716/5544/3021 3699/3555/3021 1940/3559/3021 3796/5546/3021
f 3763/5545/3022 5716/5544/3022 3796/5546/3022 1972/5547/3022
f 1972/5547/3023 3796/5546/3023 5717/5548/3023 3764/5549/3023
f 3796/5546/3024 1940/3559/3024 3700/3561/3024 5717/5548/3024
f 5717/5548/3025 3700/3561/3025 1941/3565/3025 3797/5550/3025
f 3764/5549/3026 5717/5548/3026 3797/5550/3026 1973/5551/3026
f 1973/5551/3027 3797/5550/3027 5718/5552/3027 3765/5553/3027
f 3797/5550/3044 1941/3565/3044 3701/3567/3044 5718/5552/3044
f 5718/5552/3029 3701/3567/3029 1911/3377/3029 3766/5427/3029
f 3765/5553/3030 5718/5552/3030 3766/5427/3030 1943/5426/3030
f 1975/3573/2968 3830/5554/2968 5719/5555/2968 3798/3574/2968
f 3830/5554/2967 1943/5426/2967 3734/5429/2967 5719/5555/2967
f 5719/5555/2970 3734/5429/2970 1942/5431/2970 3831/5556/2970
f 3798/3574/2969 5719/5555/2969 3831/5556/2969 1974/3575/2969
f 1974/3575/2972 3831/5556/2972 5720/5557/2972 3799/3580/2972
f 3831/5556/2971 1942/5431/2971 3735/5433/2971 5720/5557/2971
f 5720/5557/2974 3735/5433/2974 1944/5435/2974 3832/5558/2974
f 3799/3580/2973 5720/5557/2973 3832/5558/2973 1976/3581/2973
f 1976/3581/2976 3832/5558/2976 5721/5559/2976 3800/3586/2976
f 3832/5558/2975 1944/5435/2975 3736/5437/2975 5721/5559/2975
f 5721/5559/2978 3736/5437/2978 1945/5439/2978 3833/5560/2978
f 3800/3586/2977 5721/5559/2977 3833/5560/2977 1977/3587/2977
f 1977/3587/2980 3833/5560/2980 5722/5561/2980 3801/3592/2980
f 3833/5560/2979 1945/5439/2979 3737/5441/2979 5722/5561/2979
f 5722/5561/2982 3737/5441/2982 1946/5443/2982 3834/5562/2982
f 3801/3592/2981 5722/5561/2981 3834/5562/2981 1978/3593/2981
f 1978/3593/2984 3834/5562/2984 5723/5563/2984 3802/3598/2984
f 3834/5562/2983 1946/5443/2983 3738/5445/2983 5723/5563/2983
f 5723/5563/2986 3738/5445/2986 1947/5447/2986 3835/5564/2986
f 3802/3598/2985 5723/5563/2985 3835/5564/2985 1979/3599/2985
f 1979/3599/2988 3835/5564/2988 5724/5565/2988 3803/3604/2988
f 3835/5564/2987 1947/5447/2987 3739/5449/2987 5724/5565/2987
f 5724/5565/2990 3739/5449/2990 1948/5451/2990 3836/5566/2990
f 3803/3604/2989 5724/5565/2989 3836/5566/2989 1980/3605/2989
f 1980/3605/2992 3836/5566/2992 5725/5567/2992 3804/3610/2992
f 3836/5566/2991 1948/5451/2991 3740/5453/2991 5725/5567/2991
f 5725/5567/2994 3740/5453/2994 1949/5455/2994 3837/5568/2994
f 3804/3610/2993 5725/5567/2993 3837/5568/2993 1981/3611/2993
f 1981/3611/2996 3837/5568/2996 5726/5569/2996 3805/3616/2996
f 3837/5568/2995 1949/5455/2995 3741/5457/2995 5726/5569/2995
f 5726/5569/2998 3741/5457/2998 1950/5459/2998 3838/5570/2998
f 3805/3616/2997 5726/5569/2997 3838/5570/2997 1982/3617/2997
f 1982/3617/3000 3838/5570/3000 5727/5571/3000 3806/3622/3000
f 3838/5570/2999 1950/5459/2999 3742/5461/2999 5727/5571/2999
f 5727/5571/3002 3742/5461/3002 1951/5463/3002 3839/5572/3002
f 3806/3622/3001 5727/5571/3001 3839/5572/3001 1983/3623/3001
f 1983/3623/3004 3839/5572/3004 5728/5573/3004 3807/3628/3004
f 3839/5572/3003 1951/5463/3003 3743/5465/3003 5728/5573/3003
f 5728/5573/3006 3743/5465/3006 1952/5467/3006 3840/5574/3006
f 3807/3628/3005 5728/5573/3005 3840/5574/3005 1984/3629/3005
f 1984/3629/3008 3840/5574/3008 5729/5575/3008 3808/3634/3008
f 3840/5574/3007 1952/5467/3007 3744/5469/3007 5729/5575/3007
f 5729/5575/3010 3744/5469/3010 1953/5471/3010 3841/5576/3010
f 3808/3634/3009 5729/5575/3009 3841/5576/3009 1985/3635/3009
f 1985/3635/3012 3841/5576/3012 5730/5577/3012 3809/3640/3012
f 3841/5576/3038 1953/5471/3038 3745/5473/3038 5730/5577/3038
f 5730/5577/3014 3745/5473/3014 1954/5475/3014 3842/5578/3014
f 3809/3640/3013 5730/5577/3013 3842/5578/3013 1986/3641/3013
f 1986/3641/3016 3842/5578/3016 5731/5579/3016 3810/3646/3016
f 3842/5578/3015 1954/5475/3015 3746/5477/3015 5731/5579/3015
f 5731/5579/3018 3746/5477/3018 1955/5479/3018 3843/5580/3018
f 3810/3646/3017 5731/5579/3017 3843/5580/3017 1987/3647/3017
f 1987/3647/3020 3843/5580/3020 5732/5581/3020 3811/3652/3020
f 3843/5580/3019 1955/5479/3019 3747/5481/3019 5732/5581/3019
f 5732/5581/3022 3747/5481/3022 1956/5483/3022 3844/5582/3022
f 3811/3652/3021 5732/5581/3021 3844/5582/3021 1988/3653/3021
f 1988/3653/3024 3844/5582/3024 5733/5583/3024 3812/3658/3024
f 3844/5582/3023 1956/5483/3023 3748/5485/3023 5733/5583/3023
f 5733/5583/3026 3748/5485/3026 1957/5487/3026 3845/5584/3026
f 3812/3658/3025 5733/5583/3025 3845/5584/3025 1989/3659/3025
f 1989/3659/3028 3845/5584/3028 5734/5585/3028 3813/3664/3028
f 3845/5584/3027 1957/5487/3027 3749/5489/3027 5734/5585/3027
f 5734/5585/3030 3749/5489/3030 1958/5491/3030 3846/5586/3030
f 3813/3664/3029 5734/5585/3029 3846/5586/3029 1990/3665/3029
f 1990/3665/2904 3846/5586/2904 5735/5587/2904 3814/3670/2904
f 3846/5586/2903 1958/5491/2903 3750/5493/2903 5735/5587/2903
f 5735/5587/2906 3750/5493/2906 1959/5495/2906 3847/5588/2906
f 3814/3670/2905 5735/5587/2905 3847/5588/2905 1991/3671/2905
f 1991/3671/2908 3847/5588/2908 5736/5589/2908 3815/3676/2908
f 3847/5588/2907 1959/5495/2907 3751/5497/2907 5736/5589/2907
f 5736/5589/2910 3751/5497/2910 1960/5499/2910 3848/5590/2910
f 3815/3676/2909 5736/5589/2909 3848/5590/2909 1992/3677/2909
f 1992/3677/2912 3848/5590/2912 5737/5591/2912 3816/3682/2912
f 3848/5590/2911 1960/5499/2911 3752/5501/2911 5737/5591/2911
f 5737/5591/2914 3752/5501/2914 1961/5503/2914 3849/5592/2914
f 3816/3682/2913 5737/5591/2913 3849/5592/2913 1993/3683/2913
f 1993/3683/2916 3849/5592/2916 5738/5593/2916 3817/3688/2916
f 3849/5592/2915 1961/5503/2915 3753/5505/2915 5738/5593/2915
f 5738/5593/2918 3753/5505/2918 1962/5507/2918 3850/5594/2918
f 3817/3688/2917 5738/5593/2917 3850/5594/2917 1994/3689/2917
f 1994/3689/2920 3850/5594/2920 5739/5595/2920 3818/3694/2920
f 3850/5594/2919 1962/5507/2919 3754/5509/2919 5739/5595/2919
f 5739/5595/3039 3754/5509/3039 1963/5511/3039 3851/5596/3039
f 3818/3694/2921 5739/5595/2921 3851/5596/2921 1995/3695/2921
f 1995/3695/2924 3851/5596/2924 5740/5597/2924 3819/3700/2924
f 3851/5596/2923 1963/5511/2923 3755/5513/2923 5740/5597/2923
f 5740/5597/2926 3755/5513/2926 1964/5515/2926 3852/5598/2926
f 3819/3700/2925 5740/5597/2925 3852/5598/2925 1996/3701/2925
f 1996/3701/2928 3852/5598/2928 5741/5599/2928 3820/3706/2928
f 3852/5598/2927 1964/5515/2927 3756/5517/2927 5741/5599/2927
f 5741/5599/2930 3756/5517/2930 1965/5519/2930 3853/5600/2930
f 3820/3706/2929 5741/5599/2929 3853/5600/2929 1997/3707/2929
f 1997/3707/2932 3853/5600/2932 5742/5601/2932 3821/3712/2932
f 3853/5600/2931 1965/5519/2931 3757/5521/2931 5742/5601/2931
f 5742/5601/2934 3757/5521/2934 1966/5523/2934 3854/5602/2934
f 3821/3712/2933 5742/5601/2933 3854/5602/2933 1998/3713/2933
f 1998/3713/2936 3854/5602/2936 5743/5603/2936 3822/3718/2936
f 3854/5602/2935 1966/5523/2935 3758/5525/2935 5743/5603/2935
f 5743/5603/2938 3758/5525/2938 1967/5527/2938 3855/5604/2938
f 3822/3718/2937 5743/5603/2937 3855/5604/2937 1999/3719/2937
f 1999/3719/2940 3855/5604/2940 5744/5605/2940 3823/3724/2940
f 3855/5604/2939 1967/5527/2939 3759/5529/2939 5744/5605/2939
f 5744/5605/2942 3759/5529/2942 1968/5531/2942 3856/5606/2942
f 3823/3724/2941 5744/5605/2941 3856/5606/2941 2000/3725/2941
f 2000/3725/2944 3856/5606/2944 5745/5607/2944 3824/3730/2944
f 3856/5606/2943 1968/5531/2943 3760/5533/2943 5745/5607/2943
f 5745/5607/2946 3760/5533/2946 1969/5535/2946 3857/5608/2946
f 3824/3730/2945 5745/5607/2945 3857/5608/2945 2001/3731/2945
f 2001/3731/2948 3857/5608/2948 5746/5609/2948 3825/3736/2948
f 3857/5608/3033 1969/5535/3033 3761/5537/3033 5746/5609/3033
f 5746/5609/2950 3761/5537/2950 1970/5539/2950 3858/5610/2950
f 3825/3736/2949 5746/5609/2949 3858/5610/2949 2002/3737/2949
f 2002/3737/2952 3858/5610/2952 5747/5611/2952 3826/3742/2952
f 3858/5610/2951 1970/5539/2951 3762/5541/2951 5747/5611/2951
f 5747/5611/2954 3762/5541/2954 1971/5543/2954 3859/5612/2954
f 3826/3742/2953 5747/5611/2953 3859/5612/2953 2003/3743/2953
f 2003/3743/2956 3859/5612/2956 5748/5613/2956 3827/3748/2956
f 3859/5612/2955 1971/5543/2955 3763/5545/2955 5748/5613/2955
f 5748/5613/2958 3763/5545/2958 1972/5547/2958 3860/5614/2958
f 3827/3748/2957 5748/5613/2957 3860/5614/2957 2004/3749/2957
f 2004/3749/2960 3860/5614/2960 5749/5615/2960 3828/3754/2960
f 3860/5614/2959 1972/5547/2959 3764/5549/2959 5749/5615/2959
f 5749/5615/2962 3764/5549/2962 1973/5551/2962 3861/5616/2962
f 3828/3754/2961 5749/5615/2961 3861/5616/2961 2005/3755/2961
f 2005/3755/2964 3861/5616/2964 5750/5617/2964 3829/3760/2964
f 3861/5616/2963 1973/5551/2963 3765/5553/2963 5750/5617/2963
f 5750/5617/2966 3765/5553/2966 1943/5426/2966 3830/5554/2966
f 3829/3760/2965 5750/5617/2965 3830/5554/2965 1975/3573/2965
f 2517/4843/3045 4145/5618/3045 5815/5619/3045 4949/4848/3045
f 4145/5618/3046 2193/5620/3046 4150/5621/3046 5815/5619/3046
f 5815/5619/3047 4150/5621/3047 2042/5622/3047 4886/5623/3047
f 4949/4848/3048 5815/5619/3048 4886/5623/3048 2486/4661/3048
f 2261/4075/3049 4146/5624/3049 5816/5625/3049 4437/4080/3049
f 4146/5624/3050 2194/5626/3050 4151/5627/3050 5816/5625/3050
f 5816/5625/3051 4151/5627/3051 2041/5628/3051 4310/5629/3051
f 4437/4080/3052 5816/5625/3052 4310/5629/3052 2198/3893/3052
f 2325/4267/3053 4147/5630/3053 5817/5631/3053 4565/4272/3053
f 4147/5630/3054 2195/5632/3054 4152/5633/3054 5817/5631/3054
f 5817/5631/3055 4152/5633/3055 2040/5634/3055 4438/5635/3055
f 4565/4272/3056 5817/5631/3056 4438/5635/3056 2262/4085/3056
f 2389/4459/3057 4148/5636/3057 5818/5637/3057 4693/4464/3057
f 4148/5636/3058 2196/5638/3058 4153/5639/3058 5818/5637/3058
f 5818/5637/3059 4153/5639/3059 2039/5640/3059 4566/5641/3059
f 4693/4464/3060 5818/5637/3060 4566/5641/3060 2326/4277/3060
f 2453/4651/3061 4149/5642/3061 5819/5643/3061 4821/4656/3061
f 4149/5642/3062 2197/5644/3062 4154/5645/3062 5819/5643/3062
f 5819/5643/3063 4154/5645/3063 2038/5646/3063 4694/5647/3063
f 4821/4656/3064 5819/5643/3064 4694/5647/3064 2390/4469/3064
f 2516/4837/3065 4140/5648/3065 5820/5649/3065 4948/4842/3065
f 4140/5648/3066 2188/5650/3066 4155/5651/3066 5820/5649/3066
f 5820/5649/3067 4155/5651/3067 2193/5620/3067 4145/5618/3067
f 4948/4842/3068 5820/5649/3068 4145/5618/3068 2517/4843/3068
f 2259/4069/3069 4141/5652/3069 5821/5653/3069 4435/4074/3069
f 4141/5652/3070 2189/5654/3070 4156/5655/3070 5821/5653/3070
f 5821/5653/3071 4156/5655/3071 2194/5626/3071 4146/5624/3071
f 4435/4074/3072 5821/5653/3072 4146/5624/3072 2261/4075/3072
f 2323/4261/3073 4142/5656/3073 5822/5657/3073 4563/4266/3073
f 4142/5656/3074 2190/5658/3074 4157/5659/3074 5822/5657/3074
f 5822/5657/3075 4157/5659/3075 2195/5632/3075 4147/5630/3075
f 4563/4266/3076 5822/5657/3076 4147/5630/3076 2325/4267/3076
f 2387/4453/3077 4143/5660/3077 5823/5661/3077 4691/4458/3077
f 4143/5660/3078 2191/5662/3078 4158/5663/3078 5823/5661/3078
f 5823/5661/3079 4158/5663/3079 2196/5638/3079 4148/5636/3079
f 4691/4458/3080 5823/5661/3080 4148/5636/3080 2389/4459/3080
f 2451/4645/3081 4144/5664/3081 5824/5665/3081 4819/4650/3081
f 4144/5664/3082 2192/5666/3082 4159/5667/3082 5824/5665/3082
f 5824/5665/3083 4159/5667/3083 2197/5644/3083 4149/5642/3083
f 4819/4650/3084 5824/5665/3084 4149/5642/3084 2453/4651/3084
f 2515/4831/3085 4135/5668/3085 5825/5669/3085 4947/4836/3085
f 4135/5668/3086 2183/5670/3086 4160/5671/3086 5825/5669/3086
f 5825/5669/3087 4160/5671/3087 2188/5650/3087 4140/5648/3087
f 4947/4836/3088 5825/5669/3088 4140/5648/3088 2516/4837/3088
f 2257/4063/3089 4136/5672/3089 5826/5673/3089 4433/4068/3089
f 4136/5672/3090 2184/5674/3090 4161/5675/3090 5826/5673/3090
f 5826/5673/3091 4161/5675/3091 2189/5654/3091 4141/5652/3091
f 4433/4068/3092 5826/5673/3092 4141/5652/3092 2259/4069/3092
f 2321/4255/3093 4137/5676/3093 5827/5677/3093 4561/4260/3093
f 4137/5676/3094 2185/5678/3094 4162/5679/3094 5827/5677/3094
f 5827/5677/3095 4162/5679/3095 2190/5658/3095 4142/5656/3095
f 4561/4260/3096 5827/5677/3096 4142/5656/3096 2323/4261/3096
f 2385/4447/3097 4138/5680/3097 5828/5681/3097 4689/4452/3097
f 4138/5680/3098 2186/5682/3098 4163/5683/3098 5828/5681/3098
f 5828/5681/3099 4163/5683/3099 2191/5662/3099 4143/5660/3099
f 4689/4452/3100 5828/5681/3100 4143/5660/3100 2387/4453/3100
f 2449/4639/3101 4139/5684/3101 5829/5685/3101 4817/4644/3101
f 4139/5684/3102 2187/5686/3102 4164/5687/3102 5829/5685/3102
f 5829/5685/3103 4164/5687/3103 2192/5666/3103 4144/5664/3103
f 4817/4644/3104 5829/5685/3104 4144/5664/3104 2451/4645/3104
f 2514/4825/3105 4130/5688/3105 5830/5689/3105 4946/4830/3105
f 4130/5688/3106 2178/5690/3106 4165/5691/3106 5830/5689/3106
f 5830/5689/3107 4165/5691/3107 2183/5670/3107 4135/5668/3107
f 4946/4830/3108 5830/5689/3108 4135/5668/3108 2515/4831/3108
f 2255/4057/3109 4131/5692/3109 5831/5693/3109 4431/4062/3109
f 4131/5692/3110 2179/5694/3110 4166/5695/3110 5831/5693/3110
f 5831/5693/3111 4166/5695/3111 2184/5674/3111 4136/5672/3111
f 4431/4062/3112 5831/5693/3112 4136/5672/3112 2257/4063/3112
f 2319/4249/3113 4132/5696/3113 5832/5697/3113 4559/4254/3113
f 4132/5696/3114 2180/5698/3114 4167/5699/3114 5832/5697/3114
f 5832/5697/3115 4167/5699/3115 2185/5678/3115 4137/5676/3115
f 4559/4254/3116 5832/5697/3116 4137/5676/3116 2321/4255/3116
f 2383/4441/3117 4133/5700/3117 5833/5701/3117 4687/4446/3117
f 4133/5700/3118 2181/5702/3118 4168/5703/3118 5833/5701/3118
f 5833/5701/3119 4168/5703/3119 2186/5682/3119 4138/5680/3119
f 4687/4446/3120 5833/5701/3120 4138/5680/3120 2385/4447/3120
f 2447/4633/3121 4134/5704/3121 5834/5705/3121 4815/4638/3121
f 4134/5704/3122 2182/5706/3122 4169/5707/3122 5834/5705/3122
f 5834/5705/3123 4169/5707/3123 2187/5686/3123 4139/5684/3123
f 4815/4638/3124 5834/5705/3124 4139/5684/3124 2449/4639/3124
f 2513/4819/3125 4125/5708/3125 5835/5709/3125 4945/4824/3125
f 4125/5708/3126 2173/5710/3126 4170/5711/3126 5835/5709/3126
f 5835/5709/3127 4170/5711/3127 2178/5690/3127 4130/5688/3127
f 4945/4824/3128 5835/5709/3128 4130/5688/3128 2514/4825/3128
f 2253/4051/3129 4126/5712/3129 5836/5713/3129 4429/4056/3129
f 4126/5712/3130 2174/5714/3130 4171/5715/3130 5836/5713/3130
f 5836/5713/3131 4171/5715/3131 2179/5694/3131 4131/5692/3131
f 4429/4056/3132 5836/5713/3132 4131/5692/3132 2255/4057/3132
f 2317/4243/3133 4127/5716/3133 5837/5717/3133 4557/4248/3133
f 4127/5716/3134 2175/5718/3134 4172/5719/3134 5837/5717/3134
f 5837/5717/3135 4172/5719/3135 2180/5698/3135 4132/5696/3135
f 4557/4248/3136 5837/5717/3136 4132/5696/3136 2319/4249/3136
f 2381/4435/3137 4128/5720/3137 5838/5721/3137 4685/4440/3137
f 4128/5720/3138 2176/5722/3138 4173/5723/3138 5838/5721/3138
f 5838/5721/3139 4173/5723/3139 2181/5702/3139 4133/5700/3139
f 4685/4440/3140 5838/5721/3140 4133/5700/3140 2383/4441/3140
f 2445/4627/3141 4129/5724/3141 5839/5725/3141 4813/4632/3141
f 4129/5724/3142 2177/5726/3142 4174/5727/3142 5839/5725/3142
f 5839/5725/3143 4174/5727/3143 2182/5706/3143 4134/5704/3143
f 4813/4632/3144 5839/5725/3144 4134/5704/3144 2447/4633/3144
f 2512/4813/3145 4120/5728/3145 5840/5729/3145 4944/4818/3145
f 4120/5728/3146 2168/5730/3146 4175/5731/3146 5840/5729/3146
f 5840/5729/3147 4175/5731/3147 2173/5710/3147 4125/5708/3147
f 4944/4818/3148 5840/5729/3148 4125/5708/3148 2513/4819/3148
f 2251/4045/3149 4121/5732/3149 5841/5733/3149 4427/4050/3149
f 4121/5732/3150 2169/5734/3150 4176/5735/3150 5841/5733/3150
f 5841/5733/3151 4176/5735/3151 2174/5714/3151 4126/5712/3151
f 4427/4050/3152 5841/5733/3152 4126/5712/3152 2253/4051/3152
f 2315/4237/3153 4122/5736/3153 5842/5737/3153 4555/4242/3153
f 4122/5736/3154 2170/5738/3154 4177/5739/3154 5842/5737/3154
f 5842/5737/3155 4177/5739/3155 2175/5718/3155 4127/5716/3155
f 4555/4242/3156 5842/5737/3156 4127/5716/3156 2317/4243/3156
f 2379/4429/3157 4123/5740/3157 5843/5741/3157 4683/4434/3157
f 4123/5740/3158 2171/5742/3158 4178/5743/3158 5843/5741/3158
f 5843/5741/3159 4178/5743/3159 2176/5722/3159 4128/5720/3159
f 4683/4434/3160 5843/5741/3160 4128/5720/3160 2381/4435/3160
f 2443/4621/3161 4124/5744/3161 5844/5745/3161 4811/4626/3161
f 4124/5744/3162 2172/5746/3162 4179/5747/3162 5844/5745/3162
f 5844/5745/3163 4179/5747/3163 2177/5726/3163 4129/5724/3163
f 4811/4626/3164 5844/5745/3164 4129/5724/3164 2445/4627/3164
f 2511/4807/3165 4115/5748/3165 5845/5749/3165 4943/4812/3165
f 4115/5748/3166 2163/5750/3166 4180/5751/3166 5845/5749/3166
f 5845/5749/3167 4180/5751/3167 2168/5730/3167 4120/5728/3167
f 4943/4812/3168 5845/5749/3168 4120/5728/3168 2512/4813/3168
f 2249/4039/3169 4116/5752/3169 5846/5753/3169 4425/4044/3169
f 4116/5752/3170 2164/5754/3170 4181/5755/3170 5846/5753/3170
f 5846/5753/3171 4181/5755/3171 2169/5734/3171 4121/5732/3171
f 4425/4044/3172 5846/5753/3172 4121/5732/3172 2251/4045/3172
f 2313/4231/3173 4117/5756/3173 5847/5757/3173 4553/4236/3173
f 4117/5756/3174 2165/5758/3174 4182/5759/3174 5847/5757/3174
f 5847/5757/3175 4182/5759/3175 2170/5738/3175 4122/5736/3175
f 4553/4236/3176 5847/5757/3176 4122/5736/3176 2315/4237/3176
f 2377/4423/3177 4118/5760/3177 5848/5761/3177 4681/4428/3177
f 4118/5760/3178 2166/5762/3178 4183/5763/3178 5848/5761/3178
f 5848/5761/3179 4183/5763/3179 2171/5742/3179 4123/5740/3179
f 4681/4428/3180 5848/5761/3180 4123/5740/3180 2379/4429/3180
f 2441/4615/3181 4119/5764/3181 5849/5765/3181 4809/4620/3181
f 4119/5764/3182 2167/5766/3182 4184/5767/3182 5849/5765/3182
f 5849/5765/3183 4184/5767/3183 2172/5746/3183 4124/5744/3183
f 4809/4620/3184 5849/5765/3184 4124/5744/3184 2443/4621/3184
f 2510/4801/3185 4110/5768/3185 5850/5769/3185 4942/4806/3185
f 4110/5768/3186 2158/5770/3186 4185/5771/3186 5850/5769/3186
f 5850/5769/3187 4185/5771/3187 2163/5750/3187 4115/5748/3187
f 4942/4806/3188 5850/5769/3188 4115/5748/3188 2511/4807/3188
f 2247/4033/3189 4111/5772/3189 5851/5773/3189 4423/4038/3189
f 4111/5772/3190 2159/5774/3190 4186/5775/3190 5851/5773/3190
f 5851/5773/3191 4186/5775/3191 2164/5754/3191 4116/5752/3191
f 4423/4038/3192 5851/5773/3192 4116/5752/3192 2249/4039/3192
f 2311/4225/3193 4112/5776/3193 5852/5777/3193 4551/4230/3193
f 4112/5776/3194 2160/5778/3194 4187/5779/3194 5852/5777/3194
f 5852/5777/3195 4187/5779/3195 2165/5758/3195 4117/5756/3195
f 4551/4230/3196 5852/5777/3196 4117/5756/3196 2313/4231/3196
f 2375/4417/3197 4113/5780/3197 5853/5781/3197 4679/4422/3197
f 4113/5780/3198 2161/5782/3198 4188/5783/3198 5853/5781/3198
f 5853/5781/3199 4188/5783/3199 2166/5762/3199 4118/5760/3199
f 4679/4422/3200 5853/5781/3200 4118/5760/3200 2377/4423/3200
f 2439/4609/3201 4114/5784/3201 5854/5785/3201 4807/4614/3201
f 4114/5784/3202 2162/5786/3202 4189/5787/3202 5854/5785/3202
f 5854/5785/3203 4189/5787/3203 2167/5766/3203 4119/5764/3203
f 4807/4614/3204 5854/5785/3204 4119/5764/3204 2441/4615/3204
f 2509/4795/3205 4105/5788/3205 5855/5789/3205 4941/4800/3205
f 4105/5788/3206 2153/5790/3206 4190/5791/3206 5855/5789/3206
f 5855/5789/3207 4190/5791/3207 2158/5770/3207 4110/5768/3207
f 4941/4800/3208 5855/5789/3208 4110/5768/3208 2510/4801/3208
f 2245/4027/3209 4106/5792/3209 5856/5793/3209 4421/4032/3209
f 4106/5792/3210 2154/5794/3210 4191/5795/3210 5856/5793/3210
f 5856/5793/3211 4191/5795/3211 2159/5774/3211 4111/5772/3211
f 4421/4032/3212 5856/5793/3212 4111/5772/3212 2247/4033/3212
f 2309/4219/3213 4107/5796/3213 5857/5797/3213 4549/4224/3213
f 4107/5796/3214 2155/5798/3214 4192/5799/3214 5857/5797/3214
f 5857/5797/3215 4192/5799/3215 2160/5778/3215 4112/5776/3215
f 4549/4224/3216 5857/5797/3216 4112/5776/3216 2311/4225/3216
f 2373/4411/3217 4108/5800/3217 5858/5801/3217 4677/4416/3217
f 4108/5800/3218 2156/5802/3218 4193/5803/3218 5858/5801/3218
f 5858/5801/3219 4193/5803/3219 2161/5782/3219 4113/5780/3219
f 4677/4416/3220 5858/5801/3220 4113/5780/3220 2375/4417/3220
f 2437/4603/3221 4109/5804/3221 5859/5805/3221 4805/4608/3221
f 4109/5804/3222 2157/5806/3222 4194/5807/3222 5859/5805/3222
f 5859/5805/3223 4194/5807/3223 2162/5786/3223 4114/5784/3223
f 4805/4608/3224 5859/5805/3224 4114/5784/3224 2439/4609/3224
f 2508/4789/3225 4100/5808/3225 5860/5809/3225 4940/4794/3225
f 4100/5808/3226 2148/5810/3226 4195/5811/3226 5860/5809/3226
f 5860/5809/3227 4195/5811/3227 2153/5790/3227 4105/5788/3227
f 4940/4794/3228 5860/5809/3228 4105/5788/3228 2509/4795/3228
f 2243/4021/3229 4101/5812/3229 5861/5813/3229 4419/4026/3229
f 4101/5812/3230 2149/5814/3230 4196/5815/3230 5861/5813/3230
f 5861/5813/3231 4196/5815/3231 2154/5794/3231 4106/5792/3231
f 4419/4026/3232 5861/5813/3232 4106/5792/3232 2245/4027/3232
f 2307/4213/3233 4102/5816/3233 5862/5817/3233 4547/4218/3233
f 4102/5816/3234 2150/5818/3234 4197/5819/3234 5862/5817/3234
f 5862/5817/3235 4197/5819/3235 2155/5798/3235 4107/5796/3235
f 4547/4218/3236 5862/5817/3236 4107/5796/3236 2309/4219/3236
f 2371/4405/3237 4103/5820/3237 5863/5821/3237 4675/4410/3237
f 4103/5820/3238 2151/5822/3238 4198/5823/3238 5863/5821/3238
f 5863/5821/3239 4198/5823/3239 2156/5802/3239 4108/5800/3239
f 4675/4410/3240 5863/5821/3240 4108/5800/3240 2373/4411/3240
f 2435/4597/3241 4104/5824/3241 5864/5825/3241 4803/4602/3241
f 4104/5824/3242 2152/5826/3242 4199/5827/3242 5864/5825/3242
f 5864/5825/3243 4199/5827/3243 2157/5806/3243 4109/5804/3243
f 4803/4602/3244 5864/5825/3244 4109/5804/3244 2437/4603/3244
f 2507/4783/3245 4095/5828/3245 5865/5829/3245 4939/4788/3245
f 4095/5828/3246 2143/5830/3246 4200/5831/3246 5865/5829/3246
f 5865/5829/3247 4200/5831/3247 2148/5810/3247 4100/5808/3247
f 4939/4788/3248 5865/5829/3248 4100/5808/3248 2508/4789/3248
f 2241/4015/3249 4096/5832/3249 5866/5833/3249 4417/4020/3249
f 4096/5832/3250 2144/5834/3250 4201/5835/3250 5866/5833/3250
f 5866/5833/3251 4201/5835/3251 2149/5814/3251 4101/5812/3251
f 4417/4020/3252 5866/5833/3252 4101/5812/3252 2243/4021/3252
f 2305/4207/3253 4097/5836/3253 5867/5837/3253 4545/4212/3253
f 4097/5836/3254 2145/5838/3254 4202/5839/3254 5867/5837/3254
f 5867/5837/3255 4202/5839/3255 2150/5818/3255 4102/5816/3255
f 4545/4212/3256 5867/5837/3256 4102/5816/3256 2307/4213/3256
f 2369/4399/3257 4098/5840/3257 5868/5841/3257 4673/4404/3257
f 4098/5840/3258 2146/5842/3258 4203/5843/3258 5868/5841/3258
f 5868/5841/3259 4203/5843/3259 2151/5822/3259 4103/5820/3259
f 4673/4404/3260 5868/5841/3260 4103/5820/3260 2371/4405/3260
f 2433/4591/3261 4099/5844/3261 5869/5845/3261 4801/4596/3261
f 4099/5844/3262 2147/5846/3262 4204/5847/3262 5869/5845/3262
f 5869/5845/3263 4204/5847/3263 2152/5826/3263 4104/5824/3263
f 4801/4596/3264 5869/5845/3264 4104/5824/3264 2435/4597/3264
f 2506/4777/3265 4090/5848/3265 5870/5849/3265 4938/4782/3265
f 4090/5848/3266 2138/5850/3266 4205/5851/3266 5870/5849/3266
f 5870/5849/3267 4205/5851/3267 2143/5830/3267 4095/5828/3267
f 4938/4782/3268 5870/5849/3268 4095/5828/3268 2507/4783/3268
f 2239/4009/3269 4091/5852/3269 5871/5853/3269 4415/4014/3269
f 4091/5852/3270 2139/5854/3270 4206/5855/3270 5871/5853/3270
f 5871/5853/3271 4206/5855/3271 2144/5834/3271 4096/5832/3271
f 4415/4014/3272 5871/5853/3272 4096/5832/3272 2241/4015/3272
f 2303/4201/3273 4092/5856/3273 5872/5857/3273 4543/4206/3273
f 4092/5856/3274 2140/5858/3274 4207/5859/3274 5872/5857/3274
f 5872/5857/3275 4207/5859/3275 2145/5838/3275 4097/5836/3275
f 4543/4206/3276 5872/5857/3276 4097/5836/3276 2305/4207/3276
f 2367/4393/3277 4093/5860/3277 5873/5861/3277 4671/4398/3277
f 4093/5860/3278 2141/5862/3278 4208/5863/3278 5873/5861/3278
f 5873/5861/3279 4208/5863/3279 2146/5842/3279 4098/5840/3279
f 4671/4398/3280 5873/5861/3280 4098/5840/3280 2369/4399/3280
f 2431/4585/3281 4094/5864/3281 5874/5865/3281 4799/4590/3281
f 4094/5864/3282 2142/5866/3282 4209/5867/3282 5874/5865/3282
f 5874/5865/3283 4209/5867/3283 2147/5846/3283 4099/5844/3283
f 4799/4590/3284 5874/5865/3284 4099/5844/3284 2433/4591/3284
f 2505/4771/3285 4085/5868/3285 5875/5869/3285 4937/4776/3285
f 4085/5868/3286 2133/5870/3286 4210/5871/3286 5875/5869/3286
f 5875/5869/3287 4210/5871/3287 2138/5850/3287 4090/5848/3287
f 4937/4776/3288 5875/5869/3288 4090/5848/3288 2506/4777/3288
f 2237/4003/3289 4086/5872/3289 5876/5873/3289 4413/4008/3289
f 4086/5872/3290 2134/5874/3290 4211/5875/3290 5876/5873/3290
f 5876/5873/3291 4211/5875/3291 2139/5854/3291 4091/5852/3291
f 4413/4008/3292 5876/5873/3292 4091/5852/3292 2239/4009/3292
f 2301/4195/3293 4087/5876/3293 5877/5877/3293 4541/4200/3293
f 4087/5876/3294 2135/5878/3294 4212/5879/3294 5877/5877/3294
f 5877/5877/3295 4212/5879/3295 2140/5858/3295 4092/5856/3295
f 4541/4200/3296 5877/5877/3296 4092/5856/3296 2303/4201/3296
f 2365/4387/3297 4088/5880/3297 5878/5881/3297 4669/4392/3297
f 4088/5880/3298 2136/5882/3298 4213/5883/3298 5878/5881/3298
f 5878/5881/3299 4213/5883/3299 2141/5862/3299 4093/5860/3299
f 4669/4392/3300 5878/5881/3300 4093/5860/3300 2367/4393/3300
f 2429/4579/3301 4089/5884/3301 5879/5885/3301 4797/4584/3301
f 4089/5884/3302 2137/5886/3302 4214/5887/3302 5879/5885/3302
f 5879/5885/3303 4214/5887/3303 2142/5866/3303 4094/5864/3303
f 4797/4584/3304 5879/5885/3304 4094/5864/3304 2431/4585/3304
f 2504/4765/3305 4080/5888/3305 5880/5889/3305 4936/4770/3305
f 4080/5888/3306 2128/5890/3306 4215/5891/3306 5880/5889/3306
f 5880/5889/3307 4215/5891/3307 2133/5870/3307 4085/5868/3307
f 4936/4770/3308 5880/5889/3308 4085/5868/3308 2505/4771/3308
f 2235/3997/3309 4081/5892/3309 5881/5893/3309 4411/4002/3309
f 4081/5892/3310 2129/5894/3310 4216/5895/3310 5881/5893/3310
f 5881/5893/3311 4216/5895/3311 2134/5874/3311 4086/5872/3311
f 4411/4002/3312 5881/5893/3312 4086/5872/3312 2237/4003/3312
f 2299/4189/3313 4082/5896/3313 5882/5897/3313 4539/4194/3313
f 4082/5896/3314 2130/5898/3314 4217/5899/3314 5882/5897/3314
f 5882/5897/3315 4217/5899/3315 2135/5878/3315 4087/5876/3315
f 4539/4194/3316 5882/5897/3316 4087/5876/3316 2301/4195/3316
f 2363/4381/3317 4083/5900/3317 5883/5901/3317 4667/4386/3317
f 4083/5900/3318 2131/5902/3318 4218/5903/3318 5883/5901/3318
f 5883/5901/3319 4218/5903/3319 2136/5882/3319 4088/5880/3319
f 4667/4386/3320 5883/5901/3320 4088/5880/3320 2365/4387/3320
f 2427/4573/3321 4084/5904/3321 5884/5905/3321 4795/4578/3321
f 4084/5904/3322 2132/5906/3322 4219/5907/3322 5884/5905/3322
f 5884/5905/3323 4219/5907/3323 2137/5886/3323 4089/5884/3323
f 4795/4578/3324 5884/5905/3324 4089/5884/3324 2429/4579/3324
f 2503/4759/3325 4075/5908/3325 5885/5909/3325 4935/4764/3325
f 4075/5908/3326 2123/5910/3326 4220/5911/3326 5885/5909/3326
f 5885/5909/3327 4220/5911/3327 2128/5890/3327 4080/5888/3327
f 4935/4764/3328 5885/5909/3328 4080/5888/3328 2504/4765/3328
f 2233/3991/3329 4076/5912/3329 5886/5913/3329 4409/3996/3329
f 4076/5912/3330 2124/5914/3330 4221/5915/3330 5886/5913/3330
f 5886/5913/3331 4221/5915/3331 2129/5894/3331 4081/5892/3331
f 4409/3996/3332 5886/5913/3332 4081/5892/3332 2235/3997/3332
f 2297/4183/3333 4077/5916/3333 5887/5917/3333 4537/4188/3333
f 4077/5916/3334 2125/5918/3334 4222/5919/3334 5887/5917/3334
f 5887/5917/3335 4222/5919/3335 2130/5898/3335 4082/5896/3335
f 4537/4188/3336 5887/5917/3336 4082/5896/3336 2299/4189/3336
f 2361/4375/3337 4078/5920/3337 5888/5921/3337 4665/4380/3337
f 4078/5920/3338 2126/5922/3338 4223/5923/3338 5888/5921/3338
f 5888/5921/3339 4223/5923/3339 2131/5902/3339 4083/5900/3339
f 4665/4380/3340 5888/5921/3340 4083/5900/3340 2363/4381/3340
f 2425/4567/3341 4079/5924/3341 5889/5925/3341 4793/4572/3341
f 4079/5924/3342 2127/5926/3342 4224/5927/3342 5889/5925/3342
f 5889/5925/3343 4224/5927/3343 2132/5906/3343 4084/5904/3343
f 4793/4572/3344 5889/5925/3344 4084/5904/3344 2427/4573/3344
f 2502/4753/3345 4070/5928/3345 5890/5929/3345 4934/4758/3345
f 4070/5928/3346 2118/5930/3346 4225/5931/3346 5890/5929/3346
f 5890/5929/3347 4225/5931/3347 2123/5910/3347 4075/5908/3347
f 4934/4758/3348 5890/5929/3348 4075/5908/3348 2503/4759/3348
f 2231/3985/3349 4071/5932/3349 5891/5933/3349 4407/3990/3349
f 4071/5932/3350 2119/5934/3350 4226/5935/3350 5891/5933/3350
f 5891/5933/3351 4226/5935/3351 2124/5914/3351 4076/5912/3351
f 4407/3990/3352 5891/5933/3352 4076/5912/3352 2233/3991/3352
f 2295/4177/3353 4072/5936/3353 5892/5937/3353 4535/4182/3353
f 4072/5936/3354 2120/5938/3354 4227/5939/3354 5892/5937/3354
f 5892/5937/3355 4227/5939/3355 2125/5918/3355 4077/5916/3355
f 4535/4182/3356 5892/5937/3356 4077/5916/3356 2297/4183/3356
f 2359/4369/3357 4073/5940/3357 5893/5941/3357 4663/4374/3357
f 4073/5940/3358 2121/5942/3358 4228/5943/3358 5893/5941/3358
f 5893/5941/3359 4228/5943/3359 2126/5922/3359 4078/5920/3359
f 4663/4374/3360 5893/5941/3360 4078/5920/3360 2361/4375/3360
f 2423/4561/3361 4074/5944/3361 5894/5945/3361 4791/4566/3361
f 4074/5944/3362 2122/5946/3362 4229/5947/3362 5894/5945/3362
f 5894/5945/3363 4229/5947/3363 2127/5926/3363 4079/5924/3363
f 4791/4566/3364 5894/5945/3364 4079/5924/3364 2425/4567/3364
f 2501/4747/3365 4065/5948/3365 5895/5949/3365 4933/4752/3365
f 4065/5948/3366 2113/5950/3366 4230/5951/3366 5895/5949/3366
f 5895/5949/3367 4230/5951/3367 2118/5930/3367 4070/5928/3367
f 4933/4752/3368 5895/5949/3368 4070/5928/3368 2502/4753/3368
f 2229/3979/3369 4066/5952/3369 5896/5953/3369 4405/3984/3369
f 4066/5952/3370 2114/5954/3370 4231/5955/3370 5896/5953/3370
f 5896/5953/3371 4231/5955/3371 2119/5934/3371 4071/5932/3371
f 4405/3984/3372 5896/5953/3372 4071/5932/3372 2231/3985/3372
f 2293/4171/3373 4067/5956/3373 5897/5957/3373 4533/4176/3373
f 4067/5956/3374 2115/5958/3374 4232/5959/3374 5897/5957/3374
f 5897/5957/3375 4232/5959/3375 2120/5938/3375 4072/5936/3375
f 4533/4176/3376 5897/5957/3376 4072/5936/3376 2295/4177/3376
f 2357/4363/3377 4068/5960/3377 5898/5961/3377 4661/4368/3377
f 4068/5960/3378 2116/5962/3378 4233/5963/3378 5898/5961/3378
f 5898/5961/3379 4233/5963/3379 2121/5942/3379 4073/5940/3379
f 4661/4368/3380 5898/5961/3380 4073/5940/3380 2359/4369/3380
f 2421/4555/3381 4069/5964/3381 5899/5965/3381 4789/4560/3381
f 4069/5964/3382 2117/5966/3382 4234/5967/3382 5899/5965/3382
f 5899/5965/3383 4234/5967/3383 2122/5946/3383 4074/5944/3383
f 4789/4560/3384 5899/5965/3384 4074/5944/3384 2423/4561/3384
f 2500/4741/3385 4060/5968/3385 5900/5969/3385 4932/4746/3385
f 4060/5968/3386 2108/5970/3386 4235/5971/3386 5900/5969/3386
f 5900/5969/3387 4235/5971/3387 2113/5950/3387 4065/5948/3387
f 4932/4746/3388 5900/5969/3388 4065/5948/3388 2501/4747/3388
f 2227/3973/3389 4061/5972/3389 5901/5973/3389 4403/3978/3389
f 4061/5972/3390 2109/5974/3390 4236/5975/3390 5901/5973/3390
f 5901/5973/3391 4236/5975/3391 2114/5954/3391 4066/5952/3391
f 4403/3978/3392 5901/5973/3392 4066/5952/3392 2229/3979/3392
f 2291/4165/3393 4062/5976/3393 5902/5977/3393 4531/4170/3393
f 4062/5976/3394 2110/5978/3394 4237/5979/3394 5902/5977/3394
f 5902/5977/3395 4237/5979/3395 2115/5958/3395 4067/5956/3395
f 4531/4170/3396 5902/5977/3396 4067/5956/3396 2293/4171/3396
f 2355/4357/3397 4063/5980/3397 5903/5981/3397 4659/4362/3397
f 4063/5980/3398 2111/5982/3398 4238/5983/3398 5903/5981/3398
f 5903/5981/3399 4238/5983/3399 2116/5962/3399 4068/5960/3399
f 4659/4362/3400 5903/5981/3400 4068/5960/3400 2357/4363/3400
f 2419/4549/3401 4064/5984/3401 5904/5985/3401 4787/4554/3401
f 4064/5984/3402 2112/5986/3402 4239/5987/3402 5904/5985/3402
f 5904/5985/3403 4239/5987/3403 2117/5966/3403 4069/5964/3403
f 4787/4554/3404 5904/5985/3404 4069/5964/3404 2421/4555/3404
f 2499/4735/3405 4055/5988/3405 5905/5989/3405 4931/4740/3405
f 4055/5988/3406 2103/5990/3406 4240/5991/3406 5905/5989/3406
f 5905/5989/3407 4240/5991/3407 2108/5970/3407 4060/5968/3407
f 4931/4740/3408 5905/5989/3408 4060/5968/3408 2500/4741/3408
f 2225/3967/3409 4056/5992/3409 5906/5993/3409 4401/3972/3409
f 4056/5992/3410 2104/5994/3410 4241/5995/3410 5906/5993/3410
f 5906/5993/3411 4241/5995/3411 2109/5974/3411 4061/5972/3411
f 4401/3972/3412 5906/5993/3412 4061/5972/3412 2227/3973/3412
f 2289/4159/3413 4057/5996/3413 5907/5997/3413 4529/4164/3413
f 4057/5996/3414 2105/5998/3414 4242/5999/3414 5907/5997/3414
f 5907/5997/3415 4242/5999/3415 2110/5978/3415 4062/5976/3415
f 4529/4164/3416 5907/5997/3416 4062/5976/3416 2291/4165/3416
f 2353/4351/3417 4058/6000/3417 5908/6001/3417 4657/4356/3417
f 4058/6000/3418 2106/6002/3418 4243/6003/3418 5908/6001/3418
f 5908/6001/3419 4243/6003/3419 2111/5982/3419 4063/5980/3419
f 4657/4356/3420 5908/6001/3420 4063/5980/3420 2355/4357/3420
f 2417/4543/3421 4059/6004/3421 5909/6005/3421 4785/4548/3421
f 4059/6004/3422 2107/6006/3422 4244/6007/3422 5909/6005/3422
f 5909/6005/3423 4244/6007/3423 2112/5986/3423 4064/5984/3423
f 4785/4548/3424 5909/6005/3424 4064/5984/3424 2419/4549/3424
f 2498/4729/3425 4050/6008/3425 5910/6009/3425 4930/4734/3425
f 4050/6008/3426 2098/6010/3426 4245/6011/3426 5910/6009/3426
f 5910/6009/3427 4245/6011/3427 2103/5990/3427 4055/5988/3427
f 4930/4734/3428 5910/6009/3428 4055/5988/3428 2499/4735/3428
f 2223/3961/3429 4051/6012/3429 5911/6013/3429 4399/3966/3429
f 4051/6012/3430 2099/6014/3430 4246/6015/3430 5911/6013/3430
f 5911/6013/3431 4246/6015/3431 2104/5994/3431 4056/5992/3431
f 4399/3966/3432 5911/6013/3432 4056/5992/3432 2225/3967/3432
f 2287/4153/3433 4052/6016/3433 5912/6017/3433 4527/4158/3433
f 4052/6016/3434 2100/6018/3434 4247/6019/3434 5912/6017/3434
f 5912/6017/3435 4247/6019/3435 2105/5998/3435 4057/5996/3435
f 4527/4158/3436 5912/6017/3436 4057/5996/3436 2289/4159/3436
f 2351/4345/3437 4053/6020/3437 5913/6021/3437 4655/4350/3437
f 4053/6020/3438 2101/6022/3438 4248/6023/3438 5913/6021/3438
f 5913/6021/3439 4248/6023/3439 2106/6002/3439 4058/6000/3439
f 4655/4350/3440 5913/6021/3440 4058/6000/3440 2353/4351/3440
f 2415/4537/3441 4054/6024/3441 5914/6025/3441 4783/4542/3441
f 4054/6024/3442 2102/6026/3442 4249/6027/3442 5914/6025/3442
f 5914/6025/3443 4249/6027/3443 2107/6006/3443 4059/6004/3443
f 4783/4542/3444 5914/6025/3444 4059/6004/3444 2417/4543/3444
f 2497/4723/3445 4045/6028/3445 5915/6029/3445 4929/4728/3445
f 4045/6028/3446 2093/6030/3446 4250/6031/3446 5915/6029/3446
f 5915/6029/3447 4250/6031/3447 2098/6010/3447 4050/6008/3447
f 4929/4728/3448 5915/6029/3448 4050/6008/3448 2498/4729/3448
f 2221/3955/3449 4046/6032/3449 5916/6033/3449 4397/3960/3449
f 4046/6032/3450 2094/6034/3450 4251/6035/3450 5916/6033/3450
f 5916/6033/3451 4251/6035/3451 2099/6014/3451 4051/6012/3451
f 4397/3960/3452 5916/6033/3452 4051/6012/3452 2223/3961/3452
f 2285/4147/3453 4047/6036/3453 5917/6037/3453 4525/4152/3453
f 4047/6036/3454 2095/6038/3454 4252/6039/3454 5917/6037/3454
f 5917/6037/3455 4252/6039/3455 2100/6018/3455 4052/6016/3455
f 4525/4152/3456 5917/6037/3456 4052/6016/3456 2287/4153/3456
f 2349/4339/3457 4048/6040/3457 5918/6041/3457 4653/4344/3457
f 4048/6040/3458 2096/6042/3458 4253/6043/3458 5918/6041/3458
f 5918/6041/3459 4253/6043/3459 2101/6022/3459 4053/6020/3459
f 4653/4344/3460 5918/6041/3460 4053/6020/3460 2351/4345/3460
f 2413/4531/3461 4049/6044/3461 5919/6045/3461 4781/4536/3461
f 4049/6044/3462 2097/6046/3462 4254/6047/3462 5919/6045/3462
f 5919/6045/3463 4254/6047/3463 2102/6026/3463 4054/6024/3463
f 4781/4536/3464 5919/6045/3464 4054/6024/3464 2415/4537/3464
f 2496/4717/3465 4040/6048/3465 5920/6049/3465 4928/4722/3465
f 4040/6048/3466 2088/6050/3466 4255/6051/3466 5920/6049/3466
f 5920/6049/3467 4255/6051/3467 2093/6030/3467 4045/6028/3467
f 4928/4722/3468 5920/6049/3468 4045/6028/3468 2497/4723/3468
f 2219/3949/3469 4041/6052/3469 5921/6053/3469 4395/3954/3469
f 4041/6052/3470 2089/6054/3470 4256/6055/3470 5921/6053/3470
f 5921/6053/3471 4256/6055/3471 2094/6034/3471 4046/6032/3471
f 4395/3954/3472 5921/6053/3472 4046/6032/3472 2221/3955/3472
f 2283/4141/3473 4042/6056/3473 5922/6057/3473 4523/4146/3473
f 4042/6056/3474 2090/6058/3474 4257/6059/3474 5922/6057/3474
f 5922/6057/3475 4257/6059/3475 2095/6038/3475 4047/6036/3475
f 4523/4146/3476 5922/6057/3476 4047/6036/3476 2285/4147/3476
f 2347/4333/3477 4043/6060/3477 5923/6061/3477 4651/4338/3477
f 4043/6060/3478 2091/6062/3478 4258/6063/3478 5923/6061/3478
f 5923/6061/3479 4258/6063/3479 2096/6042/3479 4048/6040/3479
f 4651/4338/3480 5923/6061/3480 4048/6040/3480 2349/4339/3480
f 2411/4525/3481 4044/6064/3481 5924/6065/3481 4779/4530/3481
f 4044/6064/3482 2092/6066/3482 4259/6067/3482 5924/6065/3482
f 5924/6065/3483 4259/6067/3483 2097/6046/3483 4049/6044/3483
f 4779/4530/3484 5924/6065/3484 4049/6044/3484 2413/4531/3484
f 2495/4711/3485 4035/6068/3485 5925/6069/3485 4927/4716/3485
f 4035/6068/3486 2083/6070/3486 4260/6071/3486 5925/6069/3486
f 5925/6069/3487 4260/6071/3487 2088/6050/3487 4040/6048/3487
f 4927/4716/3488 5925/6069/3488 4040/6048/3488 2496/4717/3488
f 2217/3943/3489 4036/6072/3489 5926/6073/3489 4393/3948/3489
f 4036/6072/3490 2084/6074/3490 4261/6075/3490 5926/6073/3490
f 5926/6073/3491 4261/6075/3491 2089/6054/3491 4041/6052/3491
f 4393/3948/3492 5926/6073/3492 4041/6052/3492 2219/3949/3492
f 2281/4135/3493 4037/6076/3493 5927/6077/3493 4521/4140/3493
f 4037/6076/3494 2085/6078/3494 4262/6079/3494 5927/6077/3494
f 5927/6077/3495 4262/6079/3495 2090/6058/3495 4042/6056/3495
f 4521/4140/3496 5927/6077/3496 4042/6056/3496 2283/4141/3496
f 2345/4327/3497 4038/6080/3497 5928/6081/3497 4649/4332/3497
f 4038/6080/3498 2086/6082/3498 4263/6083/3498 5928/6081/3498
f 5928/6081/3499 4263/6083/3499 2091/6062/3499 4043/6060/3499
f 4649/4332/3500 5928/6081/3500 4043/6060/3500 2347/4333/3500
f 2409/4519/3501 4039/6084/3501 5929/6085/3501 4777/4524/3501
f 4039/6084/3502 2087/6086/3502 4264/6087/3502 5929/6085/3502
f 5929/6085/3503 4264/6087/3503 2092/6066/3503 4044/6064/3503
f 4777/4524/3504 5929/6085/3504 4044/6064/3504 2411/4525/3504
f 2494/4705/3505 4030/6088/3505 5930/6089/3505 4926/4710/3505
f 4030/6088/3506 2078/6090/3506 4265/6091/3506 5930/6089/3506
f 5930/6089/3507 4265/6091/3507 2083/6070/3507 4035/6068/3507
f 4926/4710/3508 5930/6089/3508 4035/6068/3508 2495/4711/3508
f 2215/3937/3509 4031/6092/3509 5931/6093/3509 4391/3942/3509
f 4031/6092/3510 2079/6094/3510 4266/6095/3510 5931/6093/3510
f 5931/6093/3511 4266/6095/3511 2084/6074/3511 4036/6072/3511
f 4391/3942/3512 5931/6093/3512 4036/6072/3512 2217/3943/3512
f 2279/4129/3513 4032/6096/3513 5932/6097/3513 4519/4134/3513
f 4032/6096/3514 2080/6098/3514 4267/6099/3514 5932/6097/3514
f 5932/6097/3515 4267/6099/3515 2085/6078/3515 4037/6076/3515
f 4519/4134/3516 5932/6097/3516 4037/6076/3516 2281/4135/3516
f 2343/4321/3517 4033/6100/3517 5933/6101/3517 4647/4326/3517
f 4033/6100/3518 2081/6102/3518 4268/6103/3518 5933/6101/3518
f 5933/6101/3519 4268/6103/3519 2086/6082/3519 4038/6080/3519
f 4647/4326/3520 5933/6101/3520 4038/6080/3520 2345/4327/3520
f 2407/4513/3521 4034/6104/3521 5934/6105/3521 4775/4518/3521
f 4034/6104/3522 2082/6106/3522 4269/6107/3522 5934/6105/3522
f 5934/6105/3523 4269/6107/3523 2087/6086/3523 4039/6084/3523
f 4775/4518/3524 5934/6105/3524 4039/6084/3524 2409/4519/3524
f 2493/4699/3525 4025/6108/3525 5935/6109/3525 4925/4704/3525
f 4025/6108/3526 2073/6110/3526 4270/6111/3526 5935/6109/3526
f 5935/6109/3527 4270/6111/3527 2078/6090/3527 4030/6088/3527
f 4925/4704/3528 5935/6109/3528 4030/6088/3528 2494/4705/3528
f 2213/3931/3529 4026/6112/3529 5936/6113/3529 4389/3936/3529
f 4026/6112/3530 2074/6114/3530 4271/6115/3530 5936/6113/3530
f 5936/6113/3531 4271/6115/3531 2079/6094/3531 4031/6092/3531
f 4389/3936/3532 5936/6113/3532 4031/6092/3532 2215/3937/3532
f 2277/4123/3533 4027/6116/3533 5937/6117/3533 4517/4128/3533
f 4027/6116/3534 2075/6118/3534 4272/6119/3534 5937/6117/3534
f 5937/6117/3535 4272/6119/3535 2080/6098/3535 4032/6096/3535
f 4517/4128/3536 5937/6117/3536 4032/6096/3536 2279/4129/3536
f 2341/4315/3537 4028/6120/3537 5938/6121/3537 4645/4320/3537
f 4028/6120/3538 2076/6122/3538 4273/6123/3538 5938/6121/3538
f 5938/6121/3539 4273/6123/3539 2081/6102/3539 4033/6100/3539
f 4645/4320/3540 5938/6121/3540 4033/6100/3540 2343/4321/3540
f 2405/4507/3541 4029/6124/3541 5939/6125/3541 4773/4512/3541
f 4029/6124/3542 2077/6126/3542 4274/6127/3542 5939/6125/3542
f 5939/6125/3543 4274/6127/3543 2082/6106/3543 4034/6104/3543
f 4773/4512/3544 5939/6125/3544 4034/6104/3544 2407/4513/3544
f 2492/4693/3545 4020/6128/3545 5940/6129/3545 4924/4698/3545
f 4020/6128/3546 2068/6130/3546 4275/6131/3546 5940/6129/3546
f 5940/6129/3547 4275/6131/3547 2073/6110/3547 4025/6108/3547
f 4924/4698/3548 5940/6129/3548 4025/6108/3548 2493/4699/3548
f 2211/3925/3549 4021/6132/3549 5941/6133/3549 4387/3930/3549
f 4021/6132/3550 2069/6134/3550 4276/6135/3550 5941/6133/3550
f 5941/6133/3551 4276/6135/3551 2074/6114/3551 4026/6112/3551
f 4387/3930/3552 5941/6133/3552 4026/6112/3552 2213/3931/3552
f 2275/4117/3553 4022/6136/3553 5942/6137/3553 4515/4122/3553
f 4022/6136/3554 2070/6138/3554 4277/6139/3554 5942/6137/3554
f 5942/6137/3555 4277/6139/3555 2075/6118/3555 4027/6116/3555
f 4515/4122/3556 5942/6137/3556 4027/6116/3556 2277/4123/3556
f 2339/4309/3557 4023/6140/3557 5943/6141/3557 4643/4314/3557
f 4023/6140/3558 2071/6142/3558 4278/6143/3558 5943/6141/3558
f 5943/6141/3559 4278/6143/3559 2076/6122/3559 4028/6120/3559
f 4643/4314/3560 5943/6141/3560 4028/6120/3560 2341/4315/3560
f 2403/4501/3561 4024/6144/3561 5944/6145/3561 4771/4506/3561
f 4024/6144/3562 2072/6146/3562 4279/6147/3562 5944/6145/3562
f 5944/6145/3563 4279/6147/3563 2077/6126/3563 4029/6124/3563
f 4771/4506/3564 5944/6145/3564 4029/6124/3564 2405/4507/3564
f 2491/4687/3565 4015/6148/3565 5945/6149/3565 4923/4692/3565
f 4015/6148/3566 2063/6150/3566 4280/6151/3566 5945/6149/3566
f 5945/6149/3567 4280/6151/3567 2068/6130/3567 4020/6128/3567
f 4923/4692/3568 5945/6149/3568 4020/6128/3568 2492/4693/3568
f 2209/3919/3569 4016/6152/3569 5946/6153/3569 4385/3924/3569
f 4016/6152/3570 2064/6154/3570 4281/6155/3570 5946/6153/3570
f 5946/6153/3571 4281/6155/3571 2069/6134/3571 4021/6132/3571
f 4385/3924/3572 5946/6153/3572 4021/6132/3572 2211/3925/3572
f 2273/4111/3573 4017/6156/3573 5947/6157/3573 4513/4116/3573
f 4017/6156/3574 2065/6158/3574 4282/6159/3574 5947/6157/3574
f 5947/6157/3575 4282/6159/3575 2070/6138/3575 4022/6136/3575
f 4513/4116/3576 5947/6157/3576 4022/6136/3576 2275/4117/3576
f 2337/4303/3577 4018/6160/3577 5948/6161/3577 4641/4308/3577
f 4018/6160/3578 2066/6162/3578 4283/6163/3578 5948/6161/3578
f 5948/6161/3579 4283/6163/3579 2071/6142/3579 4023/6140/3579
f 4641/4308/3580 5948/6161/3580 4023/6140/3580 2339/4309/3580
f 2401/4495/3581 4019/6164/3581 5949/6165/3581 4769/4500/3581
f 4019/6164/3582 2067/6166/3582 4284/6167/3582 5949/6165/3582
f 5949/6165/3583 4284/6167/3583 2072/6146/3583 4024/6144/3583
f 4769/4500/3584 5949/6165/3584 4024/6144/3584 2403/4501/3584
f 2490/4681/3585 4010/6168/3585 5950/6169/3585 4922/4686/3585
f 4010/6168/3586 2058/6170/3586 4285/6171/3586 5950/6169/3586
f 5950/6169/3587 4285/6171/3587 2063/6150/3587 4015/6148/3587
f 4922/4686/3588 5950/6169/3588 4015/6148/3588 2491/4687/3588
f 2207/3913/3589 4011/6172/3589 5951/6173/3589 4383/3918/3589
f 4011/6172/3590 2059/6174/3590 4286/6175/3590 5951/6173/3590
f 5951/6173/3591 4286/6175/3591 2064/6154/3591 4016/6152/3591
f 4383/3918/3592 5951/6173/3592 4016/6152/3592 2209/3919/3592
f 2271/4105/3593 4012/6176/3593 5952/6177/3593 4511/4110/3593
f 4012/6176/3594 2060/6178/3594 4287/6179/3594 5952/6177/3594
f 5952/6177/3595 4287/6179/3595 2065/6158/3595 4017/6156/3595
f 4511/4110/3596 5952/6177/3596 4017/6156/3596 2273/4111/3596
f 2335/4297/3597 4013/6180/3597 5953/6181/3597 4639/4302/3597
f 4013/6180/3598 2061/6182/3598 4288/6183/3598 5953/6181/3598
f 5953/6181/3599 4288/6183/3599 2066/6162/3599 4018/6160/3599
f 4639/4302/3600 5953/6181/3600 4018/6160/3600 2337/4303/3600
f 2399/4489/3601 4014/6184/3601 5954/6185/3601 4767/4494/3601
f 4014/6184/3602 2062/6186/3602 4289/6187/3602 5954/6185/3602
f 5954/6185/3603 4289/6187/3603 2067/6166/3603 4019/6164/3603
f 4767/4494/3604 5954/6185/3604 4019/6164/3604 2401/4495/3604
f 2489/4675/3605 4005/6188/3605 5955/6189/3605 4921/4680/3605
f 4005/6188/3606 2053/6190/3606 4290/6191/3606 5955/6189/3606
f 5955/6189/3607 4290/6191/3607 2058/6170/3607 4010/6168/3607
f 4921/4680/3608 5955/6189/3608 4010/6168/3608 2490/4681/3608
f 2205/3907/3609 4006/6192/3609 5956/6193/3609 4381/3912/3609
f 4006/6192/3610 2054/6194/3610 4291/6195/3610 5956/6193/3610
f 5956/6193/3611 4291/6195/3611 2059/6174/3611 4011/6172/3611
f 4381/3912/3612 5956/6193/3612 4011/6172/3612 2207/3913/3612
f 2269/4099/3613 4007/6196/3613 5957/6197/3613 4509/4104/3613
f 4007/6196/3614 2055/6198/3614 4292/6199/3614 5957/6197/3614
f 5957/6197/3615 4292/6199/3615 2060/6178/3615 4012/6176/3615
f 4509/4104/3616 5957/6197/3616 4012/6176/3616 2271/4105/3616
f 2333/4291/3617 4008/6200/3617 5958/6201/3617 4637/4296/3617
f 4008/6200/3618 2056/6202/3618 4293/6203/3618 5958/6201/3618
f 5958/6201/3619 4293/6203/3619 2061/6182/3619 4013/6180/3619
f 4637/4296/3620 5958/6201/3620 4013/6180/3620 2335/4297/3620
f 2397/4483/3621 4009/6204/3621 5959/6205/3621 4765/4488/3621
f 4009/6204/3622 2057/6206/3622 4294/6207/3622 5959/6205/3622
f 5959/6205/3623 4294/6207/3623 2062/6186/3623 4014/6184/3623
f 4765/4488/3624 5959/6205/3624 4014/6184/3624 2399/4489/3624
f 2488/4669/3625 4000/6208/3625 5960/6209/3625 4920/4674/3625
f 4000/6208/3626 2048/6210/3626 4295/6211/3626 5960/6209/3626
f 5960/6209/3627 4295/6211/3627 2053/6190/3627 4005/6188/3627
f 4920/4674/3628 5960/6209/3628 4005/6188/3628 2489/4675/3628
f 2203/3901/3629 4001/6212/3629 5961/6213/3629 4379/3906/3629
f 4001/6212/3630 2049/6214/3630 4296/6215/3630 5961/6213/3630
f 5961/6213/3631 4296/6215/3631 2054/6194/3631 4006/6192/3631
f 4379/3906/3632 5961/6213/3632 4006/6192/3632 2205/3907/3632
f 2267/4093/3633 4002/6216/3633 5962/6217/3633 4507/4098/3633
f 4002/6216/3634 2050/6218/3634 4297/6219/3634 5962/6217/3634
f 5962/6217/3635 4297/6219/3635 2055/6198/3635 4007/6196/3635
f 4507/4098/3636 5962/6217/3636 4007/6196/3636 2269/4099/3636
f 2331/4285/3637 4003/6220/3637 5963/6221/3637 4635/4290/3637
f 4003/6220/3638 2051/6222/3638 4298/6223/3638 5963/6221/3638
f 5963/6221/3639 4298/6223/3639 2056/6202/3639 4008/6200/3639
f 4635/4290/3640 5963/6221/3640 4008/6200/3640 2333/4291/3640
f 2395/4477/3641 4004/6224/3641 5964/6225/3641 4763/4482/3641
f 4004/6224/3642 2052/6226/3642 4299/6227/3642 5964/6225/3642
f 5964/6225/3643 4299/6227/3643 2057/6206/3643 4009/6204/3643
f 4763/4482/3644 5964/6225/3644 4009/6204/3644 2397/4483/3644
f 2487/4663/3645 3995/6228/3645 5965/6229/3645 4919/4668/3645
f 3995/6228/3646 2043/6230/3646 4300/6231/3646 5965/6229/3646
f 5965/6229/3647 4300/6231/3647 2048/6210/3647 4000/6208/3647
f 4919/4668/3648 5965/6229/3648 4000/6208/3648 2488/4669/3648
f 2201/3895/3649 3996/6232/3649 5966/6233/3649 4377/3900/3649
f 3996/6232/3650 2044/6234/3650 4301/6235/3650 5966/6233/3650
f 5966/6233/3651 4301/6235/3651 2049/6214/3651 4001/6212/3651
f 4377/3900/3652 5966/6233/3652 4001/6212/3652 2203/3901/3652
f 2265/4087/3653 3997/6236/3653 5967/6237/3653 4505/4092/3653
f 3997/6236/3654 2045/6238/3654 4302/6239/3654 5967/6237/3654
f 5967/6237/3655 4302/6239/3655 2050/6218/3655 4002/6216/3655
f 4505/4092/3656 5967/6237/3656 4002/6216/3656 2267/4093/3656
f 2329/4279/3657 3998/6240/3657 5968/6241/3657 4633/4284/3657
f 3998/6240/3658 2046/6242/3658 4303/6243/3658 5968/6241/3658
f 5968/6241/3659 4303/6243/3659 2051/6222/3659 4003/6220/3659
f 4633/4284/3660 5968/6241/3660 4003/6220/3660 2331/4285/3660
f 2393/4471/3661 3999/6244/3661 5969/6245/3661 4761/4476/3661
f 3999/6244/3662 2047/6246/3662 4304/6247/3662 5969/6245/3662
f 5969/6245/3663 4304/6247/3663 2052/6226/3663 4004/6224/3663
f 4761/4476/3664 5969/6245/3664 4004/6224/3664 2395/4477/3664
f 2486/4661/3665 4886/5623/3665 5970/6248/3665 4918/4662/3665
f 4886/5623/3666 2042/5622/3666 4305/6249/3666 5970/6248/3666
f 5970/6248/3667 4305/6249/3667 2043/6230/3667 3995/6228/3667
f 4918/4662/3668 5970/6248/3668 3995/6228/3668 2487/4663/3668
f 2198/3893/3669 4310/5629/3669 5971/6250/3669 4375/3894/3669
f 4310/5629/3670 2041/5628/3670 4306/6251/3670 5971/6250/3670
f 5971/6250/3671 4306/6251/3671 2044/6234/3671 3996/6232/3671
f 4375/3894/3672 5971/6250/3672 3996/6232/3672 2201/3895/3672
f 2262/4085/3673 4438/5635/3673 5972/6252/3673 4503/4086/3673
f 4438/5635/3674 2040/5634/3674 4307/6253/3674 5972/6252/3674
f 5972/6252/3675 4307/6253/3675 2045/6238/3675 3997/6236/3675
f 4503/4086/3676 5972/6252/3676 3997/6236/3676 2265/4087/3676
f 2326/4277/3677 4566/5641/3677 5973/6254/3677 4631/4278/3677
f 4566/5641/3678 2039/5640/3678 4308/6255/3678 5973/6254/3678
f 5973/6254/3679 4308/6255/3679 2046/6242/3679 3998/6240/3679
f 4631/4278/3680 5973/6254/3680 3998/6240/3680 2329/4279/3680
f 2390/4469/3681 4694/5647/3681 5974/6256/3681 4759/4470/3681
f 4694/5647/3682 2038/5646/3682 4309/6257/3682 5974/6256/3682
f 5974/6256/3683 4309/6257/3683 2047/6246/3683 3999/6244/3683
f 4759/4470/3684 5974/6256/3684 3999/6244/3684 2393/4471/3684
f 2042/5622/3685 3994/6258/3685 5975/6259/3685 4305/6249/3685
f 3994/6258/3686 2199/3889/3686 4374/3892/3686 5975/6259/3686
f 5975/6259/3687 4374/3892/3687 2200/3897/3687 4312/6260/3687
f 4305/6249/3688 5975/6259/3688 4312/6260/3688 2043/6230/3688
f 2043/6230/3689 4312/6260/3689 5977/6261/3689 4300/6231/3689
f 4312/6260/3690 2200/3897/3690 4376/3899/3690 5977/6261/3690
f 5977/6261/3691 4376/3899/3691 2202/3903/3691 4314/6262/3691
f 4300/6231/3692 5977/6261/3692 4314/6262/3692 2048/6210/3692
f 2048/6210/3693 4314/6262/3693 5979/6263/3693 4295/6211/3693
f 4314/6262/3694 2202/3903/3694 4378/3905/3694 5979/6263/3694
f 5979/6263/3695 4378/3905/3695 2204/3909/3695 4316/6264/3695
f 4295/6211/3696 5979/6263/3696 4316/6264/3696 2053/6190/3696
f 2053/6190/3697 4316/6264/3697 5981/6265/3697 4290/6191/3697
f 4316/6264/3698 2204/3909/3698 4380/3911/3698 5981/6265/3698
f 5981/6265/3699 4380/3911/3699 2206/3915/3699 4318/6266/3699
f 4290/6191/3700 5981/6265/3700 4318/6266/3700 2058/6170/3700
f 2058/6170/3701 4318/6266/3701 5983/6267/3701 4285/6171/3701
f 4318/6266/3702 2206/3915/3702 4382/3917/3702 5983/6267/3702
f 5983/6267/3703 4382/3917/3703 2208/3921/3703 4320/6268/3703
f 4285/6171/3704 5983/6267/3704 4320/6268/3704 2063/6150/3704
f 2063/6150/3705 4320/6268/3705 5985/6269/3705 4280/6151/3705
f 4320/6268/3706 2208/3921/3706 4384/3923/3706 5985/6269/3706
f 5985/6269/3707 4384/3923/3707 2210/3927/3707 4322/6270/3707
f 4280/6151/3708 5985/6269/3708 4322/6270/3708 2068/6130/3708
f 2068/6130/3709 4322/6270/3709 5987/6271/3709 4275/6131/3709
f 4322/6270/3710 2210/3927/3710 4386/3929/3710 5987/6271/3710
f 5987/6271/3711 4386/3929/3711 2212/3933/3711 4324/6272/3711
f 4275/6131/3712 5987/6271/3712 4324/6272/3712 2073/6110/3712
f 2073/6110/3713 4324/6272/3713 5989/6273/3713 4270/6111/3713
f 4324/6272/3714 2212/3933/3714 4388/3935/3714 5989/6273/3714
f 5989/6273/3715 4388/3935/3715 2214/3939/3715 4326/6274/3715
f 4270/6111/3716 5989/6273/3716 4326/6274/3716 2078/6090/3716
f 2078/6090/3717 4326/6274/3717 5991/6275/3717 4265/6091/3717
f 4326/6274/3718 2214/3939/3718 4390/3941/3718 5991/6275/3718
f 5991/6275/3719 4390/3941/3719 2216/3945/3719 4328/6276/3719
f 4265/6091/3720 5991/6275/3720 4328/6276/3720 2083/6070/3720
f 2083/6070/3721 4328/6276/3721 5993/6277/3721 4260/6071/3721
f 4328/6276/3722 2216/3945/3722 4392/3947/3722 5993/6277/3722
f 5993/6277/3723 4392/3947/3723 2218/3951/3723 4330/6278/3723
f 4260/6071/3724 5993/6277/3724 4330/6278/3724 2088/6050/3724
f 2088/6050/3725 4330/6278/3725 5995/6279/3725 4255/6051/3725
f 4330/6278/3726 2218/3951/3726 4394/3953/3726 5995/6279/3726
f 5995/6279/3727 4394/3953/3727 2220/3957/3727 4332/6280/3727
f 4255/6051/3728 5995/6279/3728 4332/6280/3728 2093/6030/3728
f 2093/6030/3729 4332/6280/3729 5997/6281/3729 4250/6031/3729
f 4332/6280/3730 2220/3957/3730 4396/3959/3730 5997/6281/3730
f 5997/6281/3731 4396/3959/3731 2222/3963/3731 4334/6282/3731
f 4250/6031/3732 5997/6281/3732 4334/6282/3732 2098/6010/3732
f 2098/6010/3733 4334/6282/3733 5999/6283/3733 4245/6011/3733
f 4334/6282/3734 2222/3963/3734 4398/3965/3734 5999/6283/3734
f 5999/6283/3735 4398/3965/3735 2224/3969/3735 4336/6284/3735
f 4245/6011/3736 5999/6283/3736 4336/6284/3736 2103/5990/3736
f 2103/5990/3737 4336/6284/3737 6001/6285/3737 4240/5991/3737
f 4336/6284/3738 2224/3969/3738 4400/3971/3738 6001/6285/3738
f 6001/6285/3739 4400/3971/3739 2226/3975/3739 4338/6286/3739
f 4240/5991/3740 6001/6285/3740 4338/6286/3740 2108/5970/3740
f 2108/5970/3741 4338/6286/3741 6003/6287/3741 4235/5971/3741
f 4338/6286/3742 2226/3975/3742 4402/3977/3742 6003/6287/3742
f 6003/6287/3743 4402/3977/3743 2228/3981/3743 4340/6288/3743
f 4235/5971/3744 6003/6287/3744 4340/6288/3744 2113/5950/3744
f 2113/5950/3745 4340/6288/3745 6005/6289/3745 4230/5951/3745
f 4340/6288/3746 2228/3981/3746 4404/3983/3746 6005/6289/3746
f 6005/6289/3747 4404/3983/3747 2230/3987/3747 4342/6290/3747
f 4230/5951/3748 6005/6289/3748 4342/6290/3748 2118/5930/3748
f 2118/5930/3749 4342/6290/3749 6007/6291/3749 4225/5931/3749
f 4342/6290/3750 2230/3987/3750 4406/3989/3750 6007/6291/3750
f 6007/6291/3751 4406/3989/3751 2232/3993/3751 4344/6292/3751
f 4225/5931/3752 6007/6291/3752 4344/6292/3752 2123/5910/3752
f 2123/5910/3753 4344/6292/3753 6009/6293/3753 4220/5911/3753
f 4344/6292/3754 2232/3993/3754 4408/3995/3754 6009/6293/3754
f 6009/6293/3755 4408/3995/3755 2234/3999/3755 4346/6294/3755
f 4220/5911/3756 6009/6293/3756 4346/6294/3756 2128/5890/3756
f 2128/5890/3757 4346/6294/3757 6011/6295/3757 4215/5891/3757
f 4346/6294/3758 2234/3999/3758 4410/4001/3758 6011/6295/3758
f 6011/6295/3759 4410/4001/3759 2236/4005/3759 4348/6296/3759
f 4215/5891/3760 6011/6295/3760 4348/6296/3760 2133/5870/3760
f 2133/5870/3761 4348/6296/3761 6013/6297/3761 4210/5871/3761
f 4348/6296/3762 2236/4005/3762 4412/4007/3762 6013/6297/3762
f 6013/6297/3763 4412/4007/3763 2238/4011/3763 4350/6298/3763
f 4210/5871/3764 6013/6297/3764 4350/6298/3764 2138/5850/3764
f 2138/5850/3765 4350/6298/3765 6015/6299/3765 4205/5851/3765
f 4350/6298/3766 2238/4011/3766 4414/4013/3766 6015/6299/3766
f 6015/6299/3767 4414/4013/3767 2240/4017/3767 4352/6300/3767
f 4205/5851/3768 6015/6299/3768 4352/6300/3768 2143/5830/3768
f 2143/5830/3769 4352/6300/3769 6017/6301/3769 4200/5831/3769
f 4352/6300/3770 2240/4017/3770 4416/4019/3770 6017/6301/3770
f 6017/6301/3771 4416/4019/3771 2242/4023/3771 4354/6302/3771
f 4200/5831/3772 6017/6301/3772 4354/6302/3772 2148/5810/3772
f 2148/5810/3773 4354/6302/3773 6019/6303/3773 4195/5811/3773
f 4354/6302/3774 2242/4023/3774 4418/4025/3774 6019/6303/3774
f 6019/6303/3775 4418/4025/3775 2244/4029/3775 4356/6304/3775
f 4195/5811/3776 6019/6303/3776 4356/6304/3776 2153/5790/3776
f 2153/5790/3777 4356/6304/3777 6021/6305/3777 4190/5791/3777
f 4356/6304/3778 2244/4029/3778 4420/4031/3778 6021/6305/3778
f 6021/6305/3779 4420/4031/3779 2246/4035/3779 4358/6306/3779
f 4190/5791/3780 6021/6305/3780 4358/6306/3780 2158/5770/3780
f 2158/5770/3781 4358/6306/3781 6023/6307/3781 4185/5771/3781
f 4358/6306/3782 2246/4035/3782 4422/4037/3782 6023/6307/3782
f 6023/6307/3783 4422/4037/3783 2248/4041/3783 4360/6308/3783
f 4185/5771/3784 6023/6307/3784 4360/6308/3784 2163/5750/3784
f 2163/5750/3785 4360/6308/3785 6025/6309/3785 4180/5751/3785
f 4360/6308/3786 2248/4041/3786 4424/4043/3786 6025/6309/3786
f 6025/6309/3787 4424/4043/3787 2250/4047/3787 4362/6310/3787
f 4180/5751/3788 6025/6309/3788 4362/6310/3788 2168/5730/3788
f 2168/5730/3789 4362/6310/3789 6027/6311/3789 4175/5731/3789
f 4362/6310/3790 2250/4047/3790 4426/4049/3790 6027/6311/3790
f 6027/6311/3791 4426/4049/3791 2252/4053/3791 4364/6312/3791
f 4175/5731/3792 6027/6311/3792 4364/6312/3792 2173/5710/3792
f 2173/5710/3793 4364/6312/3793 6029/6313/3793 4170/5711/3793
f 4364/6312/3794 2252/4053/3794 4428/4055/3794 6029/6313/3794
f 6029/6313/3795 4428/4055/3795 2254/4059/3795 4366/6314/3795
f 4170/5711/3796 6029/6313/3796 4366/6314/3796 2178/5690/3796
f 2178/5690/3797 4366/6314/3797 6031/6315/3797 4165/5691/3797
f 4366/6314/3798 2254/4059/3798 4430/4061/3798 6031/6315/3798
f 6031/6315/3799 4430/4061/3799 2256/4065/3799 4368/6316/3799
f 4165/5691/3800 6031/6315/3800 4368/6316/3800 2183/5670/3800
f 2183/5670/3801 4368/6316/3801 6033/6317/3801 4160/5671/3801
f 4368/6316/3802 2256/4065/3802 4432/4067/3802 6033/6317/3802
f 6033/6317/3803 4432/4067/3803 2258/4071/3803 4370/6318/3803
f 4160/5671/3804 6033/6317/3804 4370/6318/3804 2188/5650/3804
f 2188/5650/3805 4370/6318/3805 6035/6319/3805 4155/5651/3805
f 4370/6318/3806 2258/4071/3806 4434/4073/3806 6035/6319/3806
f 6035/6319/3807 4434/4073/3807 2260/4077/3807 4372/6320/3807
f 4155/5651/3808 6035/6319/3808 4372/6320/3808 2193/5620/3808
f 2193/5620/3809 4372/6320/3809 6037/6321/3809 4150/5621/3809
f 4372/6320/3810 2260/4077/3810 4436/4079/3810 6037/6321/3810
f 6037/6321/3811 4436/4079/3811 2199/3889/3811 3994/6258/3811
f 4150/5621/3812 6037/6321/3812 3994/6258/3812 2042/5622/3812
f 2041/5628/3813 3993/6322/3813 6039/6323/3813 4306/6251/3813
f 3993/6322/3814 2263/4081/3814 4502/4084/3814 6039/6323/3814
f 6039/6323/3815 4502/4084/3815 2264/4089/3815 4440/6324/3815
f 4306/6251/3816 6039/6323/3816 4440/6324/3816 2044/6234/3816
f 2044/6234/3817 4440/6324/3817 6041/6325/3817 4301/6235/3817
f 4440/6324/3818 2264/4089/3818 4504/4091/3818 6041/6325/3818
f 6041/6325/3819 4504/4091/3819 2266/4095/3819 4442/6326/3819
f 4301/6235/3820 6041/6325/3820 4442/6326/3820 2049/6214/3820
f 2049/6214/3821 4442/6326/3821 6043/6327/3821 4296/6215/3821
f 4442/6326/3822 2266/4095/3822 4506/4097/3822 6043/6327/3822
f 6043/6327/3823 4506/4097/3823 2268/4101/3823 4444/6328/3823
f 4296/6215/3824 6043/6327/3824 4444/6328/3824 2054/6194/3824
f 2054/6194/3825 4444/6328/3825 6045/6329/3825 4291/6195/3825
f 4444/6328/3826 2268/4101/3826 4508/4103/3826 6045/6329/3826
f 6045/6329/3827 4508/4103/3827 2270/4107/3827 4446/6330/3827
f 4291/6195/3828 6045/6329/3828 4446/6330/3828 2059/6174/3828
f 2059/6174/3829 4446/6330/3829 6047/6331/3829 4286/6175/3829
f 4446/6330/3830 2270/4107/3830 4510/4109/3830 6047/6331/3830
f 6047/6331/3831 4510/4109/3831 2272/4113/3831 4448/6332/3831
f 4286/6175/3832 6047/6331/3832 4448/6332/3832 2064/6154/3832
f 2064/6154/3833 4448/6332/3833 6049/6333/3833 4281/6155/3833
f 4448/6332/3834 2272/4113/3834 4512/4115/3834 6049/6333/3834
f 6049/6333/3835 4512/4115/3835 2274/4119/3835 4450/6334/3835
f 4281/6155/3836 6049/6333/3836 4450/6334/3836 2069/6134/3836
f 2069/6134/3837 4450/6334/3837 6051/6335/3837 4276/6135/3837
f 4450/6334/3838 2274/4119/3838 4514/4121/3838 6051/6335/3838
f 6051/6335/3839 4514/4121/3839 2276/4125/3839 4452/6336/3839
f 4276/6135/3840 6051/6335/3840 4452/6336/3840 2074/6114/3840
f 2074/6114/3841 4452/6336/3841 6053/6337/3841 4271/6115/3841
f 4452/6336/3842 2276/4125/3842 4516/4127/3842 6053/6337/3842
f 6053/6337/3843 4516/4127/3843 2278/4131/3843 4454/6338/3843
f 4271/6115/3844 6053/6337/3844 4454/6338/3844 2079/6094/3844
f 2079/6094/3845 4454/6338/3845 6055/6339/3845 4266/6095/3845
f 4454/6338/3846 2278/4131/3846 4518/4133/3846 6055/6339/3846
f 6055/6339/3847 4518/4133/3847 2280/4137/3847 4456/6340/3847
f 4266/6095/3848 6055/6339/3848 4456/6340/3848 2084/6074/3848
f 2084/6074/3849 4456/6340/3849 6057/6341/3849 4261/6075/3849
f 4456/6340/3850 2280/4137/3850 4520/4139/3850 6057/6341/3850
f 6057/6341/3851 4520/4139/3851 2282/4143/3851 4458/6342/3851
f 4261/6075/3852 6057/6341/3852 4458/6342/3852 2089/6054/3852
f 2089/6054/3853 4458/6342/3853 6059/6343/3853 4256/6055/3853
f 4458/6342/3854 2282/4143/3854 4522/4145/3854 6059/6343/3854
f 6059/6343/3855 4522/4145/3855 2284/4149/3855 4460/6344/3855
f 4256/6055/3856 6059/6343/3856 4460/6344/3856 2094/6034/3856
f 2094/6034/3857 4460/6344/3857 6061/6345/3857 4251/6035/3857
f 4460/6344/3858 2284/4149/3858 4524/4151/3858 6061/6345/3858
f 6061/6345/3859 4524/4151/3859 2286/4155/3859 4462/6346/3859
f 4251/6035/3860 6061/6345/3860 4462/6346/3860 2099/6014/3860
f 2099/6014/3861 4462/6346/3861 6063/6347/3861 4246/6015/3861
f 4462/6346/3862 2286/4155/3862 4526/4157/3862 6063/6347/3862
f 6063/6347/3863 4526/4157/3863 2288/4161/3863 4464/6348/3863
f 4246/6015/3864 6063/6347/3864 4464/6348/3864 2104/5994/3864
f 2104/5994/3865 4464/6348/3865 6065/6349/3865 4241/5995/3865
f 4464/6348/3866 2288/4161/3866 4528/4163/3866 6065/6349/3866
f 6065/6349/3867 4528/4163/3867 2290/4167/3867 4466/6350/3867
f 4241/5995/3868 6065/6349/3868 4466/6350/3868 2109/5974/3868
f 2109/5974/3869 4466/6350/3869 6067/6351/3869 4236/5975/3869
f 4466/6350/3870 2290/4167/3870 4530/4169/3870 6067/6351/3870
f 6067/6351/3871 4530/4169/3871 2292/4173/3871 4468/6352/3871
f 4236/5975/3872 6067/6351/3872 4468/6352/3872 2114/5954/3872
f 2114/5954/3873 4468/6352/3873 6069/6353/3873 4231/5955/3873
f 4468/6352/3874 2292/4173/3874 4532/4175/3874 6069/6353/3874
f 6069/6353/3875 4532/4175/3875 2294/4179/3875 4470/6354/3875
f 4231/5955/3876 6069/6353/3876 4470/6354/3876 2119/5934/3876
f 2119/5934/3877 4470/6354/3877 6071/6355/3877 4226/5935/3877
f 4470/6354/3878 2294/4179/3878 4534/4181/3878 6071/6355/3878
f 6071/6355/3879 4534/4181/3879 2296/4185/3879 4472/6356/3879
f 4226/5935/3880 6071/6355/3880 4472/6356/3880 2124/5914/3880
f 2124/5914/3881 4472/6356/3881 6073/6357/3881 4221/5915/3881
f 4472/6356/3882 2296/4185/3882 4536/4187/3882 6073/6357/3882
f 6073/6357/3883 4536/4187/3883 2298/4191/3883 4474/6358/3883
f 4221/5915/3884 6073/6357/3884 4474/6358/3884 2129/5894/3884
f 2129/5894/3885 4474/6358/3885 6075/6359/3885 4216/5895/3885
f 4474/6358/3886 2298/4191/3886 4538/4193/3886 6075/6359/3886
f 6075/6359/3887 4538/4193/3887 2300/4197/3887 4476/6360/3887
f 4216/5895/3888 6075/6359/3888 4476/6360/3888 2134/5874/3888
f 2134/5874/3889 4476/6360/3889 6077/6361/3889 4211/5875/3889
f 4476/6360/3890 2300/4197/3890 4540/4199/3890 6077/6361/3890
f 6077/6361/3891 4540/4199/3891 2302/4203/3891 4478/6362/3891
f 4211/5875/3892 6077/6361/3892 4478/6362/3892 2139/5854/3892
f 2139/5854/3893 4478/6362/3893 6079/6363/3893 4206/5855/3893
f 4478/6362/3894 2302/4203/3894 4542/4205/3894 6079/6363/3894
f 6079/6363/3895 4542/4205/3895 2304/4209/3895 4480/6364/3895
f 4206/5855/3896 6079/6363/3896 4480/6364/3896 2144/5834/3896
f 2144/5834/3897 4480/6364/3897 6081/6365/3897 4201/5835/3897
f 4480/6364/3898 2304/4209/3898 4544/4211/3898 6081/6365/3898
f 6081/6365/3899 4544/4211/3899 2306/4215/3899 4482/6366/3899
f 4201/5835/3900 6081/6365/3900 4482/6366/3900 2149/5814/3900
f 2149/5814/3901 4482/6366/3901 6083/6367/3901 4196/5815/3901
f 4482/6366/3902 2306/4215/3902 4546/4217/3902 6083/6367/3902
f 6083/6367/3903 4546/4217/3903 2308/4221/3903 4484/6368/3903
f 4196/5815/3904 6083/6367/3904 4484/6368/3904 2154/5794/3904
f 2154/5794/3905 4484/6368/3905 6085/6369/3905 4191/5795/3905
f 4484/6368/3906 2308/4221/3906 4548/4223/3906 6085/6369/3906
f 6085/6369/3907 4548/4223/3907 2310/4227/3907 4486/6370/3907
f 4191/5795/3908 6085/6369/3908 4486/6370/3908 2159/5774/3908
f 2159/5774/3909 4486/6370/3909 6087/6371/3909 4186/5775/3909
f 4486/6370/3910 2310/4227/3910 4550/4229/3910 6087/6371/3910
f 6087/6371/3911 4550/4229/3911 2312/4233/3911 4488/6372/3911
f 4186/5775/3912 6087/6371/3912 4488/6372/3912 2164/5754/3912
f 2164/5754/3913 4488/6372/3913 6089/6373/3913 4181/5755/3913
f 4488/6372/3914 2312/4233/3914 4552/4235/3914 6089/6373/3914
f 6089/6373/3915 4552/4235/3915 2314/4239/3915 4490/6374/3915
f 4181/5755/3916 6089/6373/3916 4490/6374/3916 2169/5734/3916
f 2169/5734/3917 4490/6374/3917 6091/6375/3917 4176/5735/3917
f 4490/6374/3918 2314/4239/3918 4554/4241/3918 6091/6375/3918
f 6091/6375/3919 4554/4241/3919 2316/4245/3919 4492/6376/3919
f 4176/5735/3920 6091/6375/3920 4492/6376/3920 2174/5714/3920
f 2174/5714/3921 4492/6376/3921 6093/6377/3921 4171/5715/3921
f 4492/6376/3922 2316/4245/3922 4556/4247/3922 6093/6377/3922
f 6093/6377/3923 4556/4247/3923 2318/4251/3923 4494/6378/3923
f 4171/5715/3924 6093/6377/3924 4494/6378/3924 2179/5694/3924
f 2179/5694/3925 4494/6378/3925 6095/6379/3925 4166/5695/3925
f 4494/6378/3926 2318/4251/3926 4558/4253/3926 6095/6379/3926
f 6095/6379/3927 4558/4253/3927 2320/4257/3927 4496/6380/3927
f 4166/5695/3928 6095/6379/3928 4496/6380/3928 2184/5674/3928
f 2184/5674/3929 4496/6380/3929 6097/6381/3929 4161/5675/3929
f 4496/6380/3930 2320/4257/3930 4560/4259/3930 6097/6381/3930
f 6097/6381/3931 4560/4259/3931 2322/4263/3931 4498/6382/3931
f 4161/5675/3932 6097/6381/3932 4498/6382/3932 2189/5654/3932
f 2189/5654/3933 4498/6382/3933 6099/6383/3933 4156/5655/3933
f 4498/6382/3934 2322/4263/3934 4562/4265/3934 6099/6383/3934
f 6099/6383/3935 4562/4265/3935 2324/4269/3935 4500/6384/3935
f 4156/5655/3936 6099/6383/3936 4500/6384/3936 2194/5626/3936
f 2194/5626/3937 4500/6384/3937 6101/6385/3937 4151/5627/3937
f 4500/6384/3938 2324/4269/3938 4564/4271/3938 6101/6385/3938
f 6101/6385/3939 4564/4271/3939 2263/4081/3939 3993/6322/3939
f 4151/5627/3940 6101/6385/3940 3993/6322/3940 2041/5628/3940
f 2040/5634/3941 3992/6386/3941 6103/6387/3941 4307/6253/3941
f 3992/6386/3942 2327/4273/3942 4630/4276/3942 6103/6387/3942
f 6103/6387/3943 4630/4276/3943 2328/4281/3943 4568/6388/3943
f 4307/6253/3944 6103/6387/3944 4568/6388/3944 2045/6238/3944
f 2045/6238/3945 4568/6388/3945 6105/6389/3945 4302/6239/3945
f 4568/6388/3946 2328/4281/3946 4632/4283/3946 6105/6389/3946
f 6105/6389/3947 4632/4283/3947 2330/4287/3947 4570/6390/3947
f 4302/6239/3948 6105/6389/3948 4570/6390/3948 2050/6218/3948
f 2050/6218/3949 4570/6390/3949 6107/6391/3949 4297/6219/3949
f 4570/6390/3950 2330/4287/3950 4634/4289/3950 6107/6391/3950
f 6107/6391/3951 4634/4289/3951 2332/4293/3951 4572/6392/3951
f 4297/6219/3952 6107/6391/3952 4572/6392/3952 2055/6198/3952
f 2055/6198/3953 4572/6392/3953 6109/6393/3953 4292/6199/3953
f 4572/6392/3954 2332/4293/3954 4636/4295/3954 6109/6393/3954
f 6109/6393/3955 4636/4295/3955 2334/4299/3955 4574/6394/3955
f 4292/6199/3956 6109/6393/3956 4574/6394/3956 2060/6178/3956
f 2060/6178/3957 4574/6394/3957 6111/6395/3957 4287/6179/3957
f 4574/6394/3958 2334/4299/3958 4638/4301/3958 6111/6395/3958
f 6111/6395/3959 4638/4301/3959 2336/4305/3959 4576/6396/3959
f 4287/6179/3960 6111/6395/3960 4576/6396/3960 2065/6158/3960
f 2065/6158/3961 4576/6396/3961 6113/6397/3961 4282/6159/3961
f 4576/6396/3962 2336/4305/3962 4640/4307/3962 6113/6397/3962
f 6113/6397/3963 4640/4307/3963 2338/4311/3963 4578/6398/3963
f 4282/6159/3964 6113/6397/3964 4578/6398/3964 2070/6138/3964
f 2070/6138/3965 4578/6398/3965 6115/6399/3965 4277/6139/3965
f 4578/6398/3966 2338/4311/3966 4642/4313/3966 6115/6399/3966
f 6115/6399/3967 4642/4313/3967 2340/4317/3967 4580/6400/3967
f 4277/6139/3968 6115/6399/3968 4580/6400/3968 2075/6118/3968
f 2075/6118/3969 4580/6400/3969 6117/6401/3969 4272/6119/3969
f 4580/6400/3970 2340/4317/3970 4644/4319/3970 6117/6401/3970
f 6117/6401/3971 4644/4319/3971 2342/4323/3971 4582/6402/3971
f 4272/6119/3972 6117/6401/3972 4582/6402/3972 2080/6098/3972
f 2080/6098/3973 4582/6402/3973 6119/6403/3973 4267/6099/3973
f 4582/6402/3974 2342/4323/3974 4646/4325/3974 6119/6403/3974
f 6119/6403/3975 4646/4325/3975 2344/4329/3975 4584/6404/3975
f 4267/6099/3976 6119/6403/3976 4584/6404/3976 2085/6078/3976
f 2085/6078/3977 4584/6404/3977 6121/6405/3977 4262/6079/3977
f 4584/6404/3978 2344/4329/3978 4648/4331/3978 6121/6405/3978
f 6121/6405/3979 4648/4331/3979 2346/4335/3979 4586/6406/3979
f 4262/6079/3980 6121/6405/3980 4586/6406/3980 2090/6058/3980
f 2090/6058/3981 4586/6406/3981 6123/6407/3981 4257/6059/3981
f 4586/6406/3982 2346/4335/3982 4650/4337/3982 6123/6407/3982
f 6123/6407/3983 4650/4337/3983 2348/4341/3983 4588/6408/3983
f 4257/6059/3984 6123/6407/3984 4588/6408/3984 2095/6038/3984
f 2095/6038/3985 4588/6408/3985 6125/6409/3985 4252/6039/3985
f 4588/6408/3986 2348/4341/3986 4652/4343/3986 6125/6409/3986
f 6125/6409/3987 4652/4343/3987 2350/4347/3987 4590/6410/3987
f 4252/6039/3988 6125/6409/3988 4590/6410/3988 2100/6018/3988
f 2100/6018/3989 4590/6410/3989 6127/6411/3989 4247/6019/3989
f 4590/6410/3990 2350/4347/3990 4654/4349/3990 6127/6411/3990
f 6127/6411/3991 4654/4349/3991 2352/4353/3991 4592/6412/3991
f 4247/6019/3992 6127/6411/3992 4592/6412/3992 2105/5998/3992
f 2105/5998/3993 4592/6412/3993 6129/6413/3993 4242/5999/3993
f 4592/6412/3994 2352/4353/3994 4656/4355/3994 6129/6413/3994
f 6129/6413/3995 4656/4355/3995 2354/4359/3995 4594/6414/3995
f 4242/5999/3996 6129/6413/3996 4594/6414/3996 2110/5978/3996
f 2110/5978/3997 4594/6414/3997 6131/6415/3997 4237/5979/3997
f 4594/6414/3998 2354/4359/3998 4658/4361/3998 6131/6415/3998
f 6131/6415/3999 4658/4361/3999 2356/4365/3999 4596/6416/3999
f 4237/5979/4000 6131/6415/4000 4596/6416/4000 2115/5958/4000
f 2115/5958/4001 4596/6416/4001 6133/6417/4001 4232/5959/4001
f 4596/6416/4002 2356/4365/4002 4660/4367/4002 6133/6417/4002
f 6133/6417/4003 4660/4367/4003 2358/4371/4003 4598/6418/4003
f 4232/5959/4004 6133/6417/4004 4598/6418/4004 2120/5938/4004
f 2120/5938/4005 4598/6418/4005 6135/6419/4005 4227/5939/4005
f 4598/6418/4006 2358/4371/4006 4662/4373/4006 6135/6419/4006
f 6135/6419/4007 4662/4373/4007 2360/4377/4007 4600/6420/4007
f 4227/5939/4008 6135/6419/4008 4600/6420/4008 2125/5918/4008
f 2125/5918/4009 4600/6420/4009 6137/6421/4009 4222/5919/4009
f 4600/6420/4010 2360/4377/4010 4664/4379/4010 6137/6421/4010
f 6137/6421/4011 4664/4379/4011 2362/4383/4011 4602/6422/4011
f 4222/5919/4012 6137/6421/4012 4602/6422/4012 2130/5898/4012
f 2130/5898/4013 4602/6422/4013 6139/6423/4013 4217/5899/4013
f 4602/6422/4014 2362/4383/4014 4666/4385/4014 6139/6423/4014
f 6139/6423/4015 4666/4385/4015 2364/4389/4015 4604/6424/4015
f 4217/5899/4016 6139/6423/4016 4604/6424/4016 2135/5878/4016
f 2135/5878/4017 4604/6424/4017 6141/6425/4017 4212/5879/4017
f 4604/6424/4018 2364/4389/4018 4668/4391/4018 6141/6425/4018
f 6141/6425/4019 4668/4391/4019 2366/4395/4019 4606/6426/4019
f 4212/5879/4020 6141/6425/4020 4606/6426/4020 2140/5858/4020
f 2140/5858/4021 4606/6426/4021 6143/6427/4021 4207/5859/4021
f 4606/6426/4022 2366/4395/4022 4670/4397/4022 6143/6427/4022
f 6143/6427/4023 4670/4397/4023 2368/4401/4023 4608/6428/4023
f 4207/5859/4024 6143/6427/4024 4608/6428/4024 2145/5838/4024
f 2145/5838/4025 4608/6428/4025 6145/6429/4025 4202/5839/4025
f 4608/6428/4026 2368/4401/4026 4672/4403/4026 6145/6429/4026
f 6145/6429/4027 4672/4403/4027 2370/4407/4027 4610/6430/4027
f 4202/5839/4028 6145/6429/4028 4610/6430/4028 2150/5818/4028
f 2150/5818/4029 4610/6430/4029 6147/6431/4029 4197/5819/4029
f 4610/6430/4030 2370/4407/4030 4674/4409/4030 6147/6431/4030
f 6147/6431/4031 4674/4409/4031 2372/4413/4031 4612/6432/4031
f 4197/5819/4032 6147/6431/4032 4612/6432/4032 2155/5798/4032
f 2155/5798/4033 4612/6432/4033 6149/6433/4033 4192/5799/4033
f 4612/6432/4034 2372/4413/4034 4676/4415/4034 6149/6433/4034
f 6149/6433/4035 4676/4415/4035 2374/4419/4035 4614/6434/4035
f 4192/5799/4036 6149/6433/4036 4614/6434/4036 2160/5778/4036
f 2160/5778/4037 4614/6434/4037 6151/6435/4037 4187/5779/4037
f 4614/6434/4038 2374/4419/4038 4678/4421/4038 6151/6435/4038
f 6151/6435/4039 4678/4421/4039 2376/4425/4039 4616/6436/4039
f 4187/5779/4040 6151/6435/4040 4616/6436/4040 2165/5758/4040
f 2165/5758/4041 4616/6436/4041 6153/6437/4041 4182/5759/4041
f 4616/6436/4042 2376/4425/4042 4680/4427/4042 6153/6437/4042
f 6153/6437/4043 4680/4427/4043 2378/4431/4043 4618/6438/4043
f 4182/5759/4044 6153/6437/4044 4618/6438/4044 2170/5738/4044
f 2170/5738/4045 4618/6438/4045 6155/6439/4045 4177/5739/4045
f 4618/6438/4046 2378/4431/4046 4682/4433/4046 6155/6439/4046
f 6155/6439/4047 4682/4433/4047 2380/4437/4047 4620/6440/4047
f 4177/5739/4048 6155/6439/4048 4620/6440/4048 2175/5718/4048
f 2175/5718/4049 4620/6440/4049 6157/6441/4049 4172/5719/4049
f 4620/6440/4050 2380/4437/4050 4684/4439/4050 6157/6441/4050
f 6157/6441/4051 4684/4439/4051 2382/4443/4051 4622/6442/4051
f 4172/5719/4052 6157/6441/4052 4622/6442/4052 2180/5698/4052
f 2180/5698/4053 4622/6442/4053 6159/6443/4053 4167/5699/4053
f 4622/6442/4054 2382/4443/4054 4686/4445/4054 6159/6443/4054
f 6159/6443/4055 4686/4445/4055 2384/4449/4055 4624/6444/4055
f 4167/5699/4056 6159/6443/4056 4624/6444/4056 2185/5678/4056
f 2185/5678/4057 4624/6444/4057 6161/6445/4057 4162/5679/4057
f 4624/6444/4058 2384/4449/4058 4688/4451/4058 6161/6445/4058
f 6161/6445/4059 4688/4451/4059 2386/4455/4059 4626/6446/4059
f 4162/5679/4060 6161/6445/4060 4626/6446/4060 2190/5658/4060
f 2190/5658/4061 4626/6446/4061 6163/6447/4061 4157/5659/4061
f 4626/6446/4062 2386/4455/4062 4690/4457/4062 6163/6447/4062
f 6163/6447/4063 4690/4457/4063 2388/4461/4063 4628/6448/4063
f 4157/5659/4064 6163/6447/4064 4628/6448/4064 2195/5632/4064
f 2195/5632/4065 4628/6448/4065 6165/6449/4065 4152/5633/4065
f 4628/6448/4066 2388/4461/4066 4692/4463/4066 6165/6449/4066
f 6165/6449/4067 4692/4463/4067 2327/4273/4067 3992/6386/4067
f 4152/5633/4068 6165/6449/4068 3992/6386/4068 2040/5634/4068
f 2039/5640/4069 3991/6450/4069 6167/6451/4069 4308/6255/4069
f 3991/6450/3685 2391/4465/3685 4758/4468/3685 6167/6451/3685
f 6167/6451/4070 4758/4468/4070 2392/4473/4070 4696/6452/4070
f 4308/6255/4071 6167/6451/4071 4696/6452/4071 2046/6242/4071
f 2046/6242/4072 4696/6452/4072 6169/6453/4072 4303/6243/4072
f 4696/6452/3689 2392/4473/3689 4760/4475/3689 6169/6453/3689
f 6169/6453/4073 4760/4475/4073 2394/4479/4073 4698/6454/4073
f 4303/6243/4074 6169/6453/4074 4698/6454/4074 2051/6222/4074
f 2051/6222/4075 4698/6454/4075 6171/6455/4075 4298/6223/4075
f 4698/6454/3693 2394/4479/3693 4762/4481/3693 6171/6455/3693
f 6171/6455/4076 4762/4481/4076 2396/4485/4076 4700/6456/4076
f 4298/6223/4077 6171/6455/4077 4700/6456/4077 2056/6202/4077
f 2056/6202/4078 4700/6456/4078 6173/6457/4078 4293/6203/4078
f 4700/6456/3697 2396/4485/3697 4764/4487/3697 6173/6457/3697
f 6173/6457/3700 4764/4487/3700 2398/4491/3700 4702/6458/3700
f 4293/6203/4079 6173/6457/4079 4702/6458/4079 2061/6182/4079
f 2061/6182/4080 4702/6458/4080 6175/6459/4080 4288/6183/4080
f 4702/6458/3701 2398/4491/3701 4766/4493/3701 6175/6459/3701
f 6175/6459/3704 4766/4493/3704 2400/4497/3704 4704/6460/3704
f 4288/6183/4081 6175/6459/4081 4704/6460/4081 2066/6162/4081
f 2066/6162/4082 4704/6460/4082 6177/6461/4082 4283/6163/4082
f 4704/6460/4083 2400/4497/4083 4768/4499/4083 6177/6461/4083
f 6177/6461/3708 4768/4499/3708 2402/4503/3708 4706/6462/3708
f 4283/6163/4084 6177/6461/4084 4706/6462/4084 2071/6142/4084
f 2071/6142/4085 4706/6462/4085 6179/6463/4085 4278/6143/4085
f 4706/6462/4086 2402/4503/4086 4770/4505/4086 6179/6463/4086
f 6179/6463/3712 4770/4505/3712 2404/4509/3712 4708/6464/3712
f 4278/6143/4087 6179/6463/4087 4708/6464/4087 2076/6122/4087
f 2076/6122/4088 4708/6464/4088 6181/6465/4088 4273/6123/4088
f 4708/6464/4089 2404/4509/4089 4772/4511/4089 6181/6465/4089
f 6181/6465/3716 4772/4511/3716 2406/4515/3716 4710/6466/3716
f 4273/6123/4090 6181/6465/4090 4710/6466/4090 2081/6102/4090
f 2081/6102/4091 4710/6466/4091 6183/6467/4091 4268/6103/4091
f 4710/6466/3717 2406/4515/3717 4774/4517/3717 6183/6467/3717
f 6183/6467/4092 4774/4517/4092 2408/4521/4092 4712/6468/4092
f 4268/6103/4093 6183/6467/4093 4712/6468/4093 2086/6082/4093
f 2086/6082/4094 4712/6468/4094 6185/6469/4094 4263/6083/4094
f 4712/6468/3721 2408/4521/3721 4776/4523/3721 6185/6469/3721
f 6185/6469/3724 4776/4523/3724 2410/4527/3724 4714/6470/3724
f 4263/6083/4095 6185/6469/4095 4714/6470/4095 2091/6062/4095
f 2091/6062/4096 4714/6470/4096 6187/6471/4096 4258/6063/4096
f 4714/6470/3725 2410/4527/3725 4778/4529/3725 6187/6471/3725
f 6187/6471/4097 4778/4529/4097 2412/4533/4097 4716/6472/4097
f 4258/6063/4098 6187/6471/4098 4716/6472/4098 2096/6042/4098
f 2096/6042/4099 4716/6472/4099 6189/6473/4099 4253/6043/4099
f 4716/6472/3729 2412/4533/3729 4780/4535/3729 6189/6473/3729
f 6189/6473/3732 4780/4535/3732 2414/4539/3732 4718/6474/3732
f 4253/6043/4100 6189/6473/4100 4718/6474/4100 2101/6022/4100
f 2101/6022/4101 4718/6474/4101 6191/6475/4101 4248/6023/4101
f 4718/6474/3733 2414/4539/3733 4782/4541/3733 6191/6475/3733
f 6191/6475/3736 4782/4541/3736 2416/4545/3736 4720/6476/3736
f 4248/6023/4102 6191/6475/4102 4720/6476/4102 2106/6002/4102
f 2106/6002/4103 4720/6476/4103 6193/6477/4103 4243/6003/4103
f 4720/6476/4104 2416/4545/4104 4784/4547/4104 6193/6477/4104
f 6193/6477/3740 4784/4547/3740 2418/4551/3740 4722/6478/3740
f 4243/6003/4105 6193/6477/4105 4722/6478/4105 2111/5982/4105
f 2111/5982/4106 4722/6478/4106 6195/6479/4106 4238/5983/4106
f 4722/6478/4107 2418/4551/4107 4786/4553/4107 6195/6479/4107
f 6195/6479/3744 4786/4553/3744 2420/4557/3744 4724/6480/3744
f 4238/5983/4108 6195/6479/4108 4724/6480/4108 2116/5962/4108
f 2116/5962/4109 4724/6480/4109 6197/6481/4109 4233/5963/4109
f 4724/6480/4110 2420/4557/4110 4788/4559/4110 6197/6481/4110
f 6197/6481/3748 4788/4559/3748 2422/4563/3748 4726/6482/3748
f 4233/5963/4111 6197/6481/4111 4726/6482/4111 2121/5942/4111
f 2121/5942/4112 4726/6482/4112 6199/6483/4112 4228/5943/4112
f 4726/6482/3749 2422/4563/3749 4790/4565/3749 6199/6483/3749
f 6199/6483/4113 4790/4565/4113 2424/4569/4113 4728/6484/4113
f 4228/5943/4114 6199/6483/4114 4728/6484/4114 2126/5922/4114
f 2126/5922/4115 4728/6484/4115 6201/6485/4115 4223/5923/4115
f 4728/6484/3753 2424/4569/3753 4792/4571/3753 6201/6485/3753
f 6201/6485/4116 4792/4571/4116 2426/4575/4116 4730/6486/4116
f 4223/5923/4117 6201/6485/4117 4730/6486/4117 2131/5902/4117
f 2131/5902/4118 4730/6486/4118 6203/6487/4118 4218/5903/4118
f 4730/6486/3757 2426/4575/3757 4794/4577/3757 6203/6487/3757
f 6203/6487/4119 4794/4577/4119 2428/4581/4119 4732/6488/4119
f 4218/5903/4120 6203/6487/4120 4732/6488/4120 2136/5882/4120
f 2136/5882/4121 4732/6488/4121 6205/6489/4121 4213/5883/4121
f 4732/6488/3761 2428/4581/3761 4796/4583/3761 6205/6489/3761
f 6205/6489/3764 4796/4583/3764 2430/4587/3764 4734/6490/3764
f 4213/5883/4122 6205/6489/4122 4734/6490/4122 2141/5862/4122
f 2141/5862/4123 4734/6490/4123 6207/6491/4123 4208/5863/4123
f 4734/6490/3765 2430/4587/3765 4798/4589/3765 6207/6491/3765
f 6207/6491/3768 4798/4589/3768 2432/4593/3768 4736/6492/3768
f 4208/5863/4124 6207/6491/4124 4736/6492/4124 2146/5842/4124
f 2146/5842/4125 4736/6492/4125 6209/6493/4125 4203/5843/4125
f 4736/6492/4126 2432/4593/4126 4800/4595/4126 6209/6493/4126
f 6209/6493/3772 4800/4595/3772 2434/4599/3772 4738/6494/3772
f 4203/5843/4127 6209/6493/4127 4738/6494/4127 2151/5822/4127
f 2151/5822/4128 4738/6494/4128 6211/6495/4128 4198/5823/4128
f 4738/6494/4129 2434/4599/4129 4802/4601/4129 6211/6495/4129
f 6211/6495/3776 4802/4601/3776 2436/4605/3776 4740/6496/3776
f 4198/5823/4130 6211/6495/4130 4740/6496/4130 2156/5802/4130
f 2156/5802/4131 4740/6496/4131 6213/6497/4131 4193/5803/4131
f 4740/6496/4132 2436/4605/4132 4804/4607/4132 6213/6497/4132
f 6213/6497/3780 4804/4607/3780 2438/4611/3780 4742/6498/3780
f 4193/5803/4133 6213/6497/4133 4742/6498/4133 2161/5782/4133
f 2161/5782/4134 4742/6498/4134 6215/6499/4134 4188/5783/4134
f 4742/6498/3781 2438/4611/3781 4806/4613/3781 6215/6499/3781
f 6215/6499/4135 4806/4613/4135 2440/4617/4135 4744/6500/4135
f 4188/5783/4136 6215/6499/4136 4744/6500/4136 2166/5762/4136
f 2166/5762/4137 4744/6500/4137 6217/6501/4137 4183/5763/4137
f 4744/6500/3785 2440/4617/3785 4808/4619/3785 6217/6501/3785
f 6217/6501/4138 4808/4619/4138 2442/4623/4138 4746/6502/4138
f 4183/5763/4139 6217/6501/4139 4746/6502/4139 2171/5742/4139
f 2171/5742/4140 4746/6502/4140 6219/6503/4140 4178/5743/4140
f 4746/6502/3789 2442/4623/3789 4810/4625/3789 6219/6503/3789
f 6219/6503/4141 4810/4625/4141 2444/4629/4141 4748/6504/4141
f 4178/5743/4142 6219/6503/4142 4748/6504/4142 2176/5722/4142
f 2176/5722/4143 4748/6504/4143 6221/6505/4143 4173/5723/4143
f 4748/6504/3793 2444/4629/3793 4812/4631/3793 6221/6505/3793
f 6221/6505/3796 4812/4631/3796 2446/4635/3796 4750/6506/3796
f 4173/5723/4144 6221/6505/4144 4750/6506/4144 2181/5702/4144
f 2181/5702/4145 4750/6506/4145 6223/6507/4145 4168/5703/4145
f 4750/6506/3797 2446/4635/3797 4814/4637/3797 6223/6507/3797
f 6223/6507/3800 4814/4637/3800 2448/4641/3800 4752/6508/3800
f 4168/5703/4146 6223/6507/4146 4752/6508/4146 2186/5682/4146
f 2186/5682/4147 4752/6508/4147 6225/6509/4147 4163/5683/4147
f 4752/6508/4148 2448/4641/4148 4816/4643/4148 6225/6509/4148
f 6225/6509/3804 4816/4643/3804 2450/4647/3804 4754/6510/3804
f 4163/5683/4149 6225/6509/4149 4754/6510/4149 2191/5662/4149
f 2191/5662/4150 4754/6510/4150 6227/6511/4150 4158/5663/4150
f 4754/6510/3805 2450/4647/3805 4818/4649/3805 6227/6511/3805
f 6227/6511/3808 4818/4649/3808 2452/4653/3808 4756/6512/3808
f 4158/5663/4151 6227/6511/4151 4756/6512/4151 2196/5638/4151
f 2196/5638/4152 4756/6512/4152 6229/6513/4152 4153/5639/4152
f 4756/6512/3809 2452/4653/3809 4820/4655/3809 6229/6513/3809
f 6229/6513/3812 4820/4655/3812 2391/4465/3812 3991/6450/3812
f 4153/5639/4153 6229/6513/4153 3991/6450/4153 2039/5640/4153
f 2197/5644/4154 4852/6514/4154 6231/6515/4154 4154/5645/4154
f 4852/6514/4155 2484/3886/4155 4854/3888/4155 6231/6515/4155
f 6231/6515/4156 4854/3888/4156 2485/3761/4156 3990/6516/4156
f 4154/5645/4157 6231/6515/4157 3990/6516/4157 2038/5646/4157
f 2192/5666/4158 4851/6517/4158 6232/6518/4158 4159/5667/4158
f 4851/6517/4159 2483/3882/4159 4855/3884/4159 6232/6518/4159
f 6232/6518/4160 4855/3884/4160 2484/3886/4160 4852/6514/4160
f 4159/5667/4161 6232/6518/4161 4852/6514/4161 2197/5644/4161
f 2187/5686/4162 4850/6519/4162 6233/6520/4162 4164/5687/4162
f 4850/6519/4163 2482/3878/4163 4856/3880/4163 6233/6520/4163
f 6233/6520/4164 4856/3880/4164 2483/3882/4164 4851/6517/4164
f 4164/5687/4165 6233/6520/4165 4851/6517/4165 2192/5666/4165
f 2182/5706/4166 4849/6521/4166 6234/6522/4166 4169/5707/4166
f 4849/6521/4167 2481/3874/4167 4857/3876/4167 6234/6522/4167
f 6234/6522/4168 4857/3876/4168 2482/3878/4168 4850/6519/4168
f 4169/5707/4169 6234/6522/4169 4850/6519/4169 2187/5686/4169
f 2177/5726/4170 4848/6523/4170 6235/6524/4170 4174/5727/4170
f 4848/6523/4171 2480/3870/4171 4858/3872/4171 6235/6524/4171
f 6235/6524/4172 4858/3872/4172 2481/3874/4172 4849/6521/4172
f 4174/5727/4173 6235/6524/4173 4849/6521/4173 2182/5706/4173
f 2172/5746/4174 4847/6525/4174 6236/6526/4174 4179/5747/4174
f 4847/6525/4175 2479/3866/4175 4859/3868/4175 6236/6526/4175
f 6236/6526/4176 4859/3868/4176 2480/3870/4176 4848/6523/4176
f 4179/5747/4177 6236/6526/4177 4848/6523/4177 2177/5726/4177
f 2167/5766/4178 4846/6527/4178 6237/6528/4178 4184/5767/4178
f 4846/6527/4179 2478/3862/4179 4860/3864/4179 6237/6528/4179
f 6237/6528/4180 4860/3864/4180 2479/3866/4180 4847/6525/4180
f 4184/5767/4181 6237/6528/4181 4847/6525/4181 2172/5746/4181
f 2162/5786/4182 4845/6529/4182 6238/6530/4182 4189/5787/4182
f 4845/6529/4183 2477/3858/4183 4861/3860/4183 6238/6530/4183
f 6238/6530/4184 4861/3860/4184 2478/3862/4184 4846/6527/4184
f 4189/5787/4185 6238/6530/4185 4846/6527/4185 2167/5766/4185
f 2157/5806/4186 4844/6531/4186 6239/6532/4186 4194/5807/4186
f 4844/6531/4187 2476/3854/4187 4862/3856/4187 6239/6532/4187
f 6239/6532/4188 4862/3856/4188 2477/3858/4188 4845/6529/4188
f 4194/5807/4189 6239/6532/4189 4845/6529/4189 2162/5786/4189
f 2152/5826/4190 4843/6533/4190 6240/6534/4190 4199/5827/4190
f 4843/6533/4191 2475/3850/4191 4863/3852/4191 6240/6534/4191
f 6240/6534/4192 4863/3852/4192 2476/3854/4192 4844/6531/4192
f 4199/5827/4193 6240/6534/4193 4844/6531/4193 2157/5806/4193
f 2147/5846/4194 4842/6535/4194 6241/6536/4194 4204/5847/4194
f 4842/6535/4195 2474/3846/4195 4864/3848/4195 6241/6536/4195
f 6241/6536/4196 4864/3848/4196 2475/3850/4196 4843/6533/4196
f 4204/5847/4197 6241/6536/4197 4843/6533/4197 2152/5826/4197
f 2142/5866/4198 4841/6537/4198 6242/6538/4198 4209/5867/4198
f 4841/6537/4199 2473/3842/4199 4865/3844/4199 6242/6538/4199
f 6242/6538/4200 4865/3844/4200 2474/3846/4200 4842/6535/4200
f 4209/5867/4201 6242/6538/4201 4842/6535/4201 2147/5846/4201
f 2137/5886/4202 4840/6539/4202 6243/6540/4202 4214/5887/4202
f 4840/6539/4203 2472/3838/4203 4866/3840/4203 6243/6540/4203
f 6243/6540/4204 4866/3840/4204 2473/3842/4204 4841/6537/4204
f 4214/5887/4205 6243/6540/4205 4841/6537/4205 2142/5866/4205
f 2132/5906/4206 4839/6541/4206 6244/6542/4206 4219/5907/4206
f 4839/6541/4207 2471/3834/4207 4867/3836/4207 6244/6542/4207
f 6244/6542/4208 4867/3836/4208 2472/3838/4208 4840/6539/4208
f 4219/5907/4209 6244/6542/4209 4840/6539/4209 2137/5886/4209
f 2127/5926/4210 4838/6543/4210 6245/6544/4210 4224/5927/4210
f 4838/6543/4211 2470/3830/4211 4868/3832/4211 6245/6544/4211
f 6245/6544/4212 4868/3832/4212 2471/3834/4212 4839/6541/4212
f 4224/5927/4213 6245/6544/4213 4839/6541/4213 2132/5906/4213
f 2122/5946/4214 4837/6545/4214 6246/6546/4214 4229/5947/4214
f 4837/6545/4215 2469/3826/4215 4869/3828/4215 6246/6546/4215
f 6246/6546/4216 4869/3828/4216 2470/3830/4216 4838/6543/4216
f 4229/5947/4217 6246/6546/4217 4838/6543/4217 2127/5926/4217
f 2117/5966/4218 4836/6547/4218 6247/6548/4218 4234/5967/4218
f 4836/6547/4219 2468/3822/4219 4870/3824/4219 6247/6548/4219
f 6247/6548/4220 4870/3824/4220 2469/3826/4220 4837/6545/4220
f 4234/5967/4221 6247/6548/4221 4837/6545/4221 2122/5946/4221
f 2112/5986/4222 4835/6549/4222 6248/6550/4222 4239/5987/4222
f 4835/6549/4223 2467/3818/4223 4871/3820/4223 6248/6550/4223
f 6248/6550/4224 4871/3820/4224 2468/3822/4224 4836/6547/4224
f 4239/5987/4225 6248/6550/4225 4836/6547/4225 2117/5966/4225
f 2107/6006/4226 4834/6551/4226 6249/6552/4226 4244/6007/4226
f 4834/6551/4227 2466/3814/4227 4872/3816/4227 6249/6552/4227
f 6249/6552/4228 4872/3816/4228 2467/3818/4228 4835/6549/4228
f 4244/6007/4229 6249/6552/4229 4835/6549/4229 2112/5986/4229
f 2102/6026/4230 4833/6553/4230 6250/6554/4230 4249/6027/4230
f 4833/6553/4231 2465/3810/4231 4873/3812/4231 6250/6554/4231
f 6250/6554/4232 4873/3812/4232 2466/3814/4232 4834/6551/4232
f 4249/6027/4233 6250/6554/4233 4834/6551/4233 2107/6006/4233
f 2097/6046/4234 4832/6555/4234 6251/6556/4234 4254/6047/4234
f 4832/6555/4235 2464/3806/4235 4874/3808/4235 6251/6556/4235
f 6251/6556/4236 4874/3808/4236 2465/3810/4236 4833/6553/4236
f 4254/6047/4237 6251/6556/4237 4833/6553/4237 2102/6026/4237
f 2092/6066/4238 4831/6557/4238 6252/6558/4238 4259/6067/4238
f 4831/6557/4239 2463/3802/4239 4875/3804/4239 6252/6558/4239
f 6252/6558/4240 4875/3804/4240 2464/3806/4240 4832/6555/4240
f 4259/6067/4241 6252/6558/4241 4832/6555/4241 2097/6046/4241
f 2087/6086/4242 4830/6559/4242 6253/6560/4242 4264/6087/4242
f 4830/6559/4243 2462/3798/4243 4876/3800/4243 6253/6560/4243
f 6253/6560/4244 4876/3800/4244 2463/3802/4244 4831/6557/4244
f 4264/6087/4245 6253/6560/4245 4831/6557/4245 2092/6066/4245
f 2082/6106/4246 4829/6561/4246 6254/6562/4246 4269/6107/4246
f 4829/6561/4247 2461/3794/4247 4877/3796/4247 6254/6562/4247
f 6254/6562/4248 4877/3796/4248 2462/3798/4248 4830/6559/4248
f 4269/6107/4249 6254/6562/4249 4830/6559/4249 2087/6086/4249
f 2077/6126/4250 4828/6563/4250 6255/6564/4250 4274/6127/4250
f 4828/6563/4251 2460/3790/4251 4878/3792/4251 6255/6564/4251
f 6255/6564/4252 4878/3792/4252 2461/3794/4252 4829/6561/4252
f 4274/6127/4253 6255/6564/4253 4829/6561/4253 2082/6106/4253
f 2072/6146/4254 4827/6565/4254 6256/6566/4254 4279/6147/4254
f 4827/6565/4255 2459/3786/4255 4879/3788/4255 6256/6566/4255
f 6256/6566/4256 4879/3788/4256 2460/3790/4256 4828/6563/4256
f 4279/6147/4257 6256/6566/4257 4828/6563/4257 2077/6126/4257
f 2067/6166/4258 4826/6567/4258 6257/6568/4258 4284/6167/4258
f 4826/6567/4259 2458/3782/4259 4880/3784/4259 6257/6568/4259
f 6257/6568/4260 4880/3784/4260 2459/3786/4260 4827/6565/4260
f 4284/6167/4261 6257/6568/4261 4827/6565/4261 2072/6146/4261
f 2062/6186/4262 4825/6569/4262 6258/6570/4262 4289/6187/4262
f 4825/6569/4263 2457/3778/4263 4881/3780/4263 6258/6570/4263
f 6258/6570/4264 4881/3780/4264 2458/3782/4264 4826/6567/4264
f 4289/6187/4265 6258/6570/4265 4826/6567/4265 2067/6166/4265
f 2057/6206/4266 4824/6571/4266 6259/6572/4266 4294/6207/4266
f 4824/6571/4267 2456/3774/4267 4882/3776/4267 6259/6572/4267
f 6259/6572/4268 4882/3776/4268 2457/3778/4268 4825/6569/4268
f 4294/6207/4269 6259/6572/4269 4825/6569/4269 2062/6186/4269
f 2052/6226/4270 4823/6573/4270 6260/6574/4270 4299/6227/4270
f 4823/6573/4271 2455/3770/4271 4883/3772/4271 6260/6574/4271
f 6260/6574/4272 4883/3772/4272 2456/3774/4272 4824/6571/4272
f 4299/6227/4273 6260/6574/4273 4824/6571/4273 2057/6206/4273
f 2047/6246/4274 4822/6575/4274 6261/6576/4274 4304/6247/4274
f 4822/6575/4275 2454/3766/4275 4884/3768/4275 6261/6576/4275
f 6261/6576/4276 4884/3768/4276 2455/3770/4276 4823/6573/4276
f 4304/6247/4277 6261/6576/4277 4823/6573/4277 2052/6226/4277
f 2038/5646/4278 3990/6516/4278 6262/6577/4278 4309/6257/4278
f 3990/6516/4279 2485/3761/4279 4885/3764/4279 6262/6577/4279
f 6262/6577/4280 4885/3764/4280 2454/3766/4280 4822/6575/4280
f 4309/6257/4281 6262/6577/4281 4822/6575/4281 2047/6246/4281
f 2550/6578/4282 5014/6579/4282 6295/6580/4282 5077/6581/4282
f 5014/6579/4283 2519/4854/4283 3926/4976/4283 6295/6580/4283
f 6295/6580/4284 3926/4976/4284 2518/4971/4284 4983/6582/4284
f 5077/6581/4285 6295/6580/4285 4983/6582/4285 2551/6583/4285
f 2551/6583/4286 4983/6582/4286 6296/6584/4286 5076/6585/4286
f 4983/6582/4287 2518/4971/4287 3927/4974/4287 6296/6584/4287
f 6296/6584/4288 3927/4974/4288 2520/4967/4288 4984/6586/4288
f 5076/6585/4289 6296/6584/4289 4984/6586/4289 2552/6587/4289
f 2552/6587/4290 4984/6586/4290 6297/6588/4290 5075/6589/4290
f 4984/6586/4291 2520/4967/4291 3928/4970/4291 6297/6588/4291
f 6297/6588/4292 3928/4970/4292 2521/4963/4292 4985/6590/4292
f 5075/6589/4293 6297/6588/4293 4985/6590/4293 2553/6591/4293
f 2553/6591/4294 4985/6590/4294 6298/6592/4294 5074/6593/4294
f 4985/6590/4295 2521/4963/4295 3929/4966/4295 6298/6592/4295
f 6298/6592/4296 3929/4966/4296 2522/4959/4296 4986/6594/4296
f 5074/6593/4297 6298/6592/4297 4986/6594/4297 2554/6595/4297
f 2554/6595/4298 4986/6594/4298 6299/6596/4298 5073/6597/4298
f 4986/6594/4299 2522/4959/4299 3930/4962/4299 6299/6596/4299
f 6299/6596/4300 3930/4962/4300 2523/4955/4300 4987/6598/4300
f 5073/6597/4301 6299/6596/4301 4987/6598/4301 2555/6599/4301
f 2555/6599/4302 4987/6598/4302 6300/6600/4302 5072/6601/4302
f 4987/6598/4303 2523/4955/4303 3931/4958/4303 6300/6600/4303
f 6300/6600/4304 3931/4958/4304 2524/4951/4304 4988/6602/4304
f 5072/6601/4305 6300/6600/4305 4988/6602/4305 2556/6603/4305
f 2556/6603/4306 4988/6602/4306 6301/6604/4306 5071/6605/4306
f 4988/6602/4307 2524/4951/4307 3932/4954/4307 6301/6604/4307
f 6301/6604/4308 3932/4954/4308 2525/4947/4308 4989/6606/4308
f 5071/6605/4309 6301/6604/4309 4989/6606/4309 2557/6607/4309
f 2557/6607/4310 4989/6606/4310 6302/6608/4310 5070/6609/4310
f 4989/6606/4311 2525/4947/4311 3933/4950/4311 6302/6608/4311
f 6302/6608/4312 3933/4950/4312 2526/4943/4312 4990/6610/4312
f 5070/6609/4313 6302/6608/4313 4990/6610/4313 2558/6611/4313
f 2558/6611/4314 4990/6610/4314 6303/6612/4314 5069/6613/4314
f 4990/6610/4315 2526/4943/4315 3934/4946/4315 6303/6612/4315
f 6303/6612/4316 3934/4946/4316 2527/4939/4316 4991/6614/4316
f 5069/6613/4317 6303/6612/4317 4991/6614/4317 2559/6615/4317
f 2559/6615/4318 4991/6614/4318 6304/6616/4318 5068/6617/4318
f 4991/6614/4319 2527/4939/4319 3935/4942/4319 6304/6616/4319
f 6304/6616/4320 3935/4942/4320 2528/4935/4320 4992/6618/4320
f 5068/6617/4321 6304/6616/4321 4992/6618/4321 2560/6619/4321
f 2560/6619/4322 4992/6618/4322 6305/6620/4322 5067/6621/4322
f 4992/6618/4323 2528/4935/4323 3936/4938/4323 6305/6620/4323
f 6305/6620/4324 3936/4938/4324 2529/4931/4324 4993/6622/4324
f 5067/6621/4325 6305/6620/4325 4993/6622/4325 2561/6623/4325
f 2561/6623/4326 4993/6622/4326 6306/6624/4326 5066/6625/4326
f 4993/6622/4327 2529/4931/4327 3937/4934/4327 6306/6624/4327
f 6306/6624/4328 3937/4934/4328 2530/4927/4328 4994/6626/4328
f 5066/6625/4329 6306/6624/4329 4994/6626/4329 2562/6627/4329
f 2562/6627/4330 4994/6626/4330 6307/6628/4330 5065/6629/4330
f 4994/6626/4331 2530/4927/4331 3938/4930/4331 6307/6628/4331
f 6307/6628/4332 3938/4930/4332 2531/4923/4332 4995/6630/4332
f 5065/6629/4333 6307/6628/4333 4995/6630/4333 2563/6631/4333
f 2563/6631/4334 4995/6630/4334 6308/6632/4334 5064/6633/4334
f 4995/6630/4335 2531/4923/4335 3939/4926/4335 6308/6632/4335
f 6308/6632/4336 3939/4926/4336 2532/4919/4336 4996/6634/4336
f 5064/6633/4337 6308/6632/4337 4996/6634/4337 2564/6635/4337
f 2564/6635/4338 4996/6634/4338 6309/6636/4338 5063/6637/4338
f 4996/6634/4339 2532/4919/4339 3940/4922/4339 6309/6636/4339
f 6309/6636/4340 3940/4922/4340 2533/4915/4340 4997/6638/4340
f 5063/6637/4341 6309/6636/4341 4997/6638/4341 2565/6639/4341
f 2565/6639/4342 4997/6638/4342 6310/6640/4342 5062/6641/4342
f 4997/6638/4343 2533/4915/4343 3941/4918/4343 6310/6640/4343
f 6310/6640/4344 3941/4918/4344 2534/4911/4344 4998/6642/4344
f 5062/6641/4345 6310/6640/4345 4998/6642/4345 2566/6643/4345
f 2566/6643/4346 4998/6642/4346 6311/6644/4346 5061/6645/4346
f 4998/6642/4347 2534/4911/4347 3942/4914/4347 6311/6644/4347
f 6311/6644/4348 3942/4914/4348 2535/4907/4348 4999/6646/4348
f 5061/6645/4349 6311/6644/4349 4999/6646/4349 2567/6647/4349
f 2567/6647/4350 4999/6646/4350 6312/6648/4350 5060/6649/4350
f 4999/6646/4351 2535/4907/4351 3943/4910/4351 6312/6648/4351
f 6312/6648/4352 3943/4910/4352 2536/4903/4352 5000/6650/4352
f 5060/6649/4353 6312/6648/4353 5000/6650/4353 2568/6651/4353
f 2568/6651/4354 5000/6650/4354 6313/6652/4354 5059/6653/4354
f 5000/6650/4355 2536/4903/4355 3944/4906/4355 6313/6652/4355
f 6313/6652/4356 3944/4906/4356 2537/4899/4356 5001/6654/4356
f 5059/6653/4357 6313/6652/4357 5001/6654/4357 2569/6655/4357
f 2569/6655/4358 5001/6654/4358 6314/6656/4358 5058/6657/4358
f 5001/6654/4359 2537/4899/4359 3945/4902/4359 6314/6656/4359
f 6314/6656/4360 3945/4902/4360 2538/4895/4360 5002/6658/4360
f 5058/6657/4361 6314/6656/4361 5002/6658/4361 2570/6659/4361
f 2570/6659/4362 5002/6658/4362 6315/6660/4362 5057/6661/4362
f 5002/6658/4363 2538/4895/4363 3946/4898/4363 6315/6660/4363
f 6315/6660/4364 3946/4898/4364 2539/4891/4364 5003/6662/4364
f 5057/6661/4365 6315/6660/4365 5003/6662/4365 2571/6663/4365
f 2571/6663/4366 5003/6662/4366 6316/6664/4366 5056/6665/4366
f 5003/6662/4367 2539/4891/4367 3947/4894/4367 6316/6664/4367
f 6316/6664/4368 3947/4894/4368 2540/4887/4368 5004/6666/4368
f 5056/6665/4369 6316/6664/4369 5004/6666/4369 2572/6667/4369
f 2572/6667/4370 5004/6666/4370 6317/6668/4370 5055/6669/4370
f 5004/6666/4371 2540/4887/4371 3948/4890/4371 6317/6668/4371
f 6317/6668/4372 3948/4890/4372 2541/4883/4372 5005/6670/4372
f 5055/6669/4373 6317/6668/4373 5005/6670/4373 2573/6671/4373
f 2573/6671/4374 5005/6670/4374 6318/6672/4374 5054/6673/4374
f 5005/6670/4375 2541/4883/4375 3949/4886/4375 6318/6672/4375
f 6318/6672/4376 3949/4886/4376 2542/4879/4376 5006/6674/4376
f 5054/6673/4377 6318/6672/4377 5006/6674/4377 2574/6675/4377
f 2574/6675/4378 5006/6674/4378 6319/6676/4378 5053/6677/4378
f 5006/6674/4379 2542/4879/4379 3950/4882/4379 6319/6676/4379
f 6319/6676/4380 3950/4882/4380 2543/4875/4380 5007/6678/4380
f 5053/6677/4381 6319/6676/4381 5007/6678/4381 2575/6679/4381
f 2575/6679/4382 5007/6678/4382 6320/6680/4382 5052/6681/4382
f 5007/6678/4383 2543/4875/4383 3951/4878/4383 6320/6680/4383
f 6320/6680/4384 3951/4878/4384 2544/4871/4384 5008/6682/4384
f 5052/6681/4385 6320/6680/4385 5008/6682/4385 2576/6683/4385
f 2576/6683/4386 5008/6682/4386 6321/6684/4386 5051/6685/4386
f 5008/6682/4387 2544/4871/4387 3952/4874/4387 6321/6684/4387
f 6321/6684/4388 3952/4874/4388 2545/4867/4388 5009/6686/4388
f 5051/6685/4389 6321/6684/4389 5009/6686/4389 2577/6687/4389
f 2577/6687/4390 5009/6686/4390 6322/6688/4390 5050/6689/4390
f 5009/6686/4391 2545/4867/4391 3953/4870/4391 6322/6688/4391
f 6322/6688/4392 3953/4870/4392 2546/4863/4392 5010/6690/4392
f 5050/6689/4393 6322/6688/4393 5010/6690/4393 2578/6691/4393
f 2578/6691/4394 5010/6690/4394 6323/6692/4394 5049/6693/4394
f 5010/6690/4395 2546/4863/4395 3954/4866/4395 6323/6692/4395
f 6323/6692/4396 3954/4866/4396 2547/4859/4396 5011/6694/4396
f 5049/6693/4397 6323/6692/4397 5011/6694/4397 2579/6695/4397
f 2579/6695/4398 5011/6694/4398 6324/6696/4398 5048/6697/4398
f 5011/6694/4399 2547/4859/4399 3955/4862/4399 6324/6696/4399
f 6324/6696/4400 3955/4862/4400 2548/4855/4400 5012/6698/4400
f 5048/6697/4401 6324/6696/4401 5012/6698/4401 2580/6699/4401
f 2580/6699/4402 5012/6698/4402 6325/6700/4402 5047/6701/4402
f 5012/6698/4403 2548/4855/4403 3956/4858/4403 6325/6700/4403
f 6325/6700/4404 3956/4858/4404 2549/4849/4404 5013/6702/4404
f 5047/6701/4405 6325/6700/4405 5013/6702/4405 2581/6703/4405
f 2581/6703/4406 5013/6702/4406 6326/6704/4406 5046/6705/4406
f 5013/6702/4407 2549/4849/4407 3957/4852/4407 6326/6704/4407
f 6326/6704/4408 3957/4852/4408 2519/4854/4408 5014/6579/4408
f 5046/6705/4409 6326/6704/4409 5014/6579/4409 2550/6578/4409
f 1653/5039/4410 5045/6706/4410 6327/6707/4410 4981/5040/4410
f 5045/6706/4411 2581/6703/4411 5046/6705/4411 6327/6707/4411
f 6327/6707/4412 5046/6705/4412 2550/6578/4412 4982/6708/4412
f 4981/5040/4413 6327/6707/4413 4982/6708/4413 1623/5041/4413
f 1652/5037/4414 5044/6709/4414 6328/6710/4414 4980/5038/4414
f 5044/6709/4415 2580/6699/4415 5047/6701/4415 6328/6710/4415
f 6328/6710/4416 5047/6701/4416 2581/6703/4416 5045/6706/4416
f 4980/5038/4417 6328/6710/4417 5045/6706/4417 1653/5039/4417
f 1651/5035/4418 5043/6711/4418 6329/6712/4418 4979/5036/4418
f 5043/6711/4419 2579/6695/4419 5048/6697/4419 6329/6712/4419
f 6329/6712/4420 5048/6697/4420 2580/6699/4420 5044/6709/4420
f 4979/5036/4421 6329/6712/4421 5044/6709/4421 1652/5037/4421
f 1650/5033/4422 5042/6713/4422 6330/6714/4422 4978/5034/4422
f 5042/6713/4423 2578/6691/4423 5049/6693/4423 6330/6714/4423
f 6330/6714/4424 5049/6693/4424 2579/6695/4424 5043/6711/4424
f 4978/5034/4425 6330/6714/4425 5043/6711/4425 1651/5035/4425
f 1649/5031/4426 5041/6715/4426 6331/6716/4426 4977/5032/4426
f 5041/6715/4427 2577/6687/4427 5050/6689/4427 6331/6716/4427
f 6331/6716/4428 5050/6689/4428 2578/6691/4428 5042/6713/4428
f 4977/5032/4429 6331/6716/4429 5042/6713/4429 1650/5033/4429
f 1648/5029/4430 5040/6717/4430 6332/6718/4430 4976/5030/4430
f 5040/6717/4431 2576/6683/4431 5051/6685/4431 6332/6718/4431
f 6332/6718/4432 5051/6685/4432 2577/6687/4432 5041/6715/4432
f 4976/5030/4433 6332/6718/4433 5041/6715/4433 1649/5031/4433
f 1647/5027/4434 5039/6719/4434 6333/6720/4434 4975/5028/4434
f 5039/6719/4435 2575/6679/4435 5052/6681/4435 6333/6720/4435
f 6333/6720/4436 5052/6681/4436 2576/6683/4436 5040/6717/4436
f 4975/5028/4437 6333/6720/4437 5040/6717/4437 1648/5029/4437
f 1646/5025/4438 5038/6721/4438 6334/6722/4438 4974/5026/4438
f 5038/6721/4439 2574/6675/4439 5053/6677/4439 6334/6722/4439
f 6334/6722/4440 5053/6677/4440 2575/6679/4440 5039/6719/4440
f 4974/5026/4441 6334/6722/4441 5039/6719/4441 1647/5027/4441
f 1645/5023/4442 5037/6723/4442 6335/6724/4442 4973/5024/4442
f 5037/6723/4443 2573/6671/4443 5054/6673/4443 6335/6724/4443
f 6335/6724/4444 5054/6673/4444 2574/6675/4444 5038/6721/4444
f 4973/5024/4445 6335/6724/4445 5038/6721/4445 1646/5025/4445
f 1644/5021/4446 5036/6725/4446 6336/6726/4446 4972/5022/4446
f 5036/6725/4447 2572/6667/4447 5055/6669/4447 6336/6726/4447
f 6336/6726/4448 5055/6669/4448 2573/6671/4448 5037/6723/4448
f 4972/5022/4449 6336/6726/4449 5037/6723/4449 1645/5023/4449
f 1643/5019/4450 5035/6727/4450 6337/6728/4450 4971/5020/4450
f 5035/6727/4451 2571/6663/4451 5056/6665/4451 6337/6728/4451
f 6337/6728/4452 5056/6665/4452 2572/6667/4452 5036/6725/4452
f 4971/5020/4453 6337/6728/4453 5036/6725/4453 1644/5021/4453
f 1642/5017/4454 5034/6729/4454 6338/6730/4454 4970/5018/4454
f 5034/6729/4455 2570/6659/4455 5057/6661/4455 6338/6730/4455
f 6338/6730/4456 5057/6661/4456 2571/6663/4456 5035/6727/4456
f 4970/5018/4457 6338/6730/4457 5035/6727/4457 1643/5019/4457
f 1641/5015/4458 5033/6731/4458 6339/6732/4458 4969/5016/4458
f 5033/6731/4459 2569/6655/4459 5058/6657/4459 6339/6732/4459
f 6339/6732/4460 5058/6657/4460 2570/6659/4460 5034/6729/4460
f 4969/5016/4461 6339/6732/4461 5034/6729/4461 1642/5017/4461
f 1640/5013/4462 5032/6733/4462 6340/6734/4462 4968/5014/4462
f 5032/6733/4463 2568/6651/4463 5059/6653/4463 6340/6734/4463
f 6340/6734/4464 5059/6653/4464 2569/6655/4464 5033/6731/4464
f 4968/5014/4465 6340/6734/4465 5033/6731/4465 1641/5015/4465
f 1639/5011/4466 5031/6735/4466 6341/6736/4466 4967/5012/4466
f 5031/6735/4467 2567/6647/4467 5060/6649/4467 6341/6736/4467
f 6341/6736/4468 5060/6649/4468 2568/6651/4468 5032/6733/4468
f 4967/5012/4469 6341/6736/4469 5032/6733/4469 1640/5013/4469
f 1638/5009/4470 5030/6737/4470 6342/6738/4470 4966/5010/4470
f 5030/6737/4471 2566/6643/4471 5061/6645/4471 6342/6738/4471
f 6342/6738/4472 5061/6645/4472 2567/6647/4472 5031/6735/4472
f 4966/5010/4473 6342/6738/4473 5031/6735/4473 1639/5011/4473
f 1637/5007/4474 5029/6739/4474 6343/6740/4474 4965/5008/4474
f 5029/6739/4475 2565/6639/4475 5062/6641/4475 6343/6740/4475
f 6343/6740/4476 5062/6641/4476 2566/6643/4476 5030/6737/4476
f 4965/5008/4477 6343/6740/4477 5030/6737/4477 1638/5009/4477
f 1636/5005/4478 5028/6741/4478 6344/6742/4478 4964/5006/4478
f 5028/6741/4479 2564/6635/4479 5063/6637/4479 6344/6742/4479
f 6344/6742/4480 5063/6637/4480 2565/6639/4480 5029/6739/4480
f 4964/5006/4481 6344/6742/4481 5029/6739/4481 1637/5007/4481
f 1635/5003/4482 5027/6743/4482 6345/6744/4482 4963/5004/4482
f 5027/6743/4483 2563/6631/4483 5064/6633/4483 6345/6744/4483
f 6345/6744/4484 5064/6633/4484 2564/6635/4484 5028/6741/4484
f 4963/5004/4485 6345/6744/4485 5028/6741/4485 1636/5005/4485
f 1634/5001/4486 5026/6745/4486 6346/6746/4486 4962/5002/4486
f 5026/6745/4487 2562/6627/4487 5065/6629/4487 6346/6746/4487
f 6346/6746/4488 5065/6629/4488 2563/6631/4488 5027/6743/4488
f 4962/5002/4489 6346/6746/4489 5027/6743/4489 1635/5003/4489
f 1633/4999/4490 5025/6747/4490 6347/6748/4490 4961/5000/4490
f 5025/6747/4491 2561/6623/4491 5066/6625/4491 6347/6748/4491
f 6347/6748/4492 5066/6625/4492 2562/6627/4492 5026/6745/4492
f 4961/5000/4493 6347/6748/4493 5026/6745/4493 1634/5001/4493
f 1632/4997/4494 5024/6749/4494 6348/6750/4494 4960/4998/4494
f 5024/6749/4495 2560/6619/4495 5067/6621/4495 6348/6750/4495
f 6348/6750/4496 5067/6621/4496 2561/6623/4496 5025/6747/4496
f 4960/4998/4497 6348/6750/4497 5025/6747/4497 1633/4999/4497
f 1631/4995/4498 5023/6751/4498 6349/6752/4498 4959/4996/4498
f 5023/6751/4499 2559/6615/4499 5068/6617/4499 6349/6752/4499
f 6349/6752/4500 5068/6617/4500 2560/6619/4500 5024/6749/4500
f 4959/4996/4501 6349/6752/4501 5024/6749/4501 1632/4997/4501
f 1630/4993/4502 5022/6753/4502 6350/6754/4502 4958/4994/4502
f 5022/6753/4503 2558/6611/4503 5069/6613/4503 6350/6754/4503
f 6350/6754/4504 5069/6613/4504 2559/6615/4504 5023/6751/4504
f 4958/4994/4505 6350/6754/4505 5023/6751/4505 1631/4995/4505
f 1629/4991/4506 5021/6755/4506 6351/6756/4506 4957/4992/4506
f 5021/6755/4507 2557/6607/4507 5070/6609/4507 6351/6756/4507
f 6351/6756/4508 5070/6609/4508 2558/6611/4508 5022/6753/4508
f 4957/4992/4509 6351/6756/4509 5022/6753/4509 1630/4993/4509
f 1628/4989/4510 5020/6757/4510 6352/6758/4510 4956/4990/4510
f 5020/6757/4511 2556/6603/4511 5071/6605/4511 6352/6758/4511
f 6352/6758/4512 5071/6605/4512 2557/6607/4512 5021/6755/4512
f 4956/4990/4513 6352/6758/4513 5021/6755/4513 1629/4991/4513
f 1627/4987/4514 5019/6759/4514 6353/6760/4514 4955/4988/4514
f 5019/6759/4515 2555/6599/4515 5072/6601/4515 6353/6760/4515
f 6353/6760/4516 5072/6601/4516 2556/6603/4516 5020/6757/4516
f 4955/4988/4517 6353/6760/4517 5020/6757/4517 1628/4989/4517
f 1626/4985/4518 5018/6761/4518 6354/6762/4518 4954/4986/4518
f 5018/6761/4519 2554/6595/4519 5073/6597/4519 6354/6762/4519
f 6354/6762/4520 5073/6597/4520 2555/6599/4520 5019/6759/4520
f 4954/4986/4521 6354/6762/4521 5019/6759/4521 1627/4987/4521
f 1625/4983/4522 5017/6763/4522 6355/6764/4522 4953/4984/4522
f 5017/6763/4523 2553/6591/4523 5074/6593/4523 6355/6764/4523
f 6355/6764/4524 5074/6593/4524 2554/6595/4524 5018/6761/4524
f 4953/4984/4525 6355/6764/4525 5018/6761/4525 1626/4985/4525
f 1624/4981/4526 5016/6765/4526 6356/6766/4526 4952/4982/4526
f 5016/6765/4527 2552/6587/4527 5075/6589/4527 6356/6766/4527
f 6356/6766/4528 5075/6589/4528 2553/6591/4528 5017/6763/4528
f 4952/4982/4529 6356/6766/4529 5017/6763/4529 1625/4983/4529
f 1622/4977/4530 5015/6767/4530 6357/6768/4530 4951/4978/4530
f 5015/6767/4531 2551/6583/4531 5076/6585/4531 6357/6768/4531
f 6357/6768/4532 5076/6585/4532 2552/6587/4532 5016/6765/4532
f 4951/4978/4533 6357/6768/4533 5016/6765/4533 1624/4981/4533
f 1623/5041/4534 4982/6708/4534 6358/6769/4534 4950/4980/4534
f 4982/6708/4535 2550/6578/4535 5077/6581/4535 6358/6769/4535
f 6358/6769/4536 5077/6581/4536 2551/6583/4536 5015/6767/4536
f 4950/4980/4537 6358/6769/4537 5015/6767/4537 1622/4977/4537
