# Blender v2.93.0 OBJ File: 'Upright Piano.blend'
# www.blender.org
mtllib Upright Piano NO LETTERS.mtl
o Keys_Cube.002
v -1.172970 1.169857 0.682803
v -1.173938 1.168950 0.682803
v -1.173938 1.169857 0.687171
v -1.217766 1.210901 0.687171
v -1.218734 1.210901 0.682803
v -1.217766 1.169857 0.687171
v -1.217766 1.168950 0.682803
v -1.218734 1.169857 0.682803
v -1.217766 1.168950 0.685604
v -1.218734 1.169857 0.685604
v -1.217766 1.210901 0.689972
v -1.217766 1.211808 0.685604
v -1.218734 1.210901 0.685604
v -1.217766 1.168950 0.487900
v -1.218734 1.169857 0.487900
v -1.217766 1.169857 0.483533
v -1.217766 1.211808 0.487900
v -1.217766 1.210901 0.483533
v -1.218734 1.210901 0.487900
v -1.173938 1.168950 0.685604
v -1.172970 1.169857 0.685604
v -1.173938 1.211808 0.685604
v -1.173938 1.210901 0.689972
v -1.172970 1.210901 0.685604
v -1.173938 1.168950 0.487900
v -1.173938 1.169857 0.483533
v -1.172970 1.169857 0.487900
v -1.173938 1.211808 0.487900
v -1.172970 1.210901 0.487900
v -1.173938 1.210901 0.483533
v -1.173938 1.210901 0.687171
v -1.172970 1.210901 0.682803
v -1.181511 1.207521 0.591978
v -1.181511 1.208689 0.597600
v -1.182757 1.208689 0.591978
v -1.181511 1.207863 0.595953
v -1.182230 1.208015 0.595224
v -1.182392 1.208689 0.595953
v -1.182392 1.207863 0.591978
v -1.181511 1.221999 0.597600
v -1.181511 1.223166 0.591978
v -1.182757 1.221999 0.591978
v -1.181511 1.222824 0.595953
v -1.182230 1.222673 0.595224
v -1.182392 1.222824 0.591978
v -1.182392 1.221999 0.595953
v -1.181511 1.207521 0.494910
v -1.182757 1.208689 0.494910
v -1.181511 1.208689 0.489288
v -1.182392 1.207863 0.494910
v -1.182230 1.208015 0.491664
v -1.182392 1.208689 0.490934
v -1.181511 1.207863 0.490934
v -1.181511 1.223166 0.494910
v -1.181511 1.221999 0.489288
v -1.182757 1.221999 0.494910
v -1.181511 1.222824 0.490934
v -1.182230 1.222673 0.491664
v -1.182392 1.221999 0.490934
v -1.182392 1.222824 0.494910
v -1.162839 1.207521 0.591978
v -1.161593 1.208689 0.591978
v -1.162839 1.208689 0.597600
v -1.161958 1.207863 0.591978
v -1.162120 1.208015 0.595224
v -1.161958 1.208689 0.595953
v -1.162839 1.207863 0.595953
v -1.162839 1.223166 0.591978
v -1.162839 1.221999 0.597600
v -1.161593 1.221999 0.591978
v -1.162839 1.222824 0.595953
v -1.162120 1.222673 0.595224
v -1.161958 1.221999 0.595953
v -1.161958 1.222824 0.591978
v -1.162839 1.207521 0.494910
v -1.162839 1.208689 0.489288
v -1.161593 1.208689 0.494910
v -1.162839 1.207863 0.490934
v -1.162120 1.208015 0.491664
v -1.161958 1.208689 0.490934
v -1.161958 1.207863 0.494910
v -1.162839 1.223166 0.494910
v -1.161593 1.221999 0.494910
v -1.162839 1.221999 0.489288
v -1.161958 1.222824 0.494910
v -1.162120 1.222673 0.491664
v -1.161958 1.221999 0.490934
v -1.162839 1.222824 0.490934
v -1.125543 1.169857 0.682803
v -1.126511 1.168950 0.682803
v -1.126511 1.169857 0.687171
v -1.170339 1.210901 0.687171
v -1.171307 1.210901 0.682803
v -1.170339 1.169857 0.687171
v -1.170339 1.168950 0.682803
v -1.171307 1.169857 0.682803
v -1.170339 1.168950 0.685604
v -1.171307 1.169857 0.685604
v -1.170339 1.210901 0.689972
v -1.170339 1.211808 0.685604
v -1.171307 1.210901 0.685604
v -1.170339 1.168950 0.487900
v -1.171307 1.169857 0.487900
v -1.170339 1.169857 0.483533
v -1.170339 1.211808 0.487900
v -1.170339 1.210901 0.483533
v -1.171307 1.210901 0.487900
v -1.126511 1.168950 0.685604
v -1.125543 1.169857 0.685604
v -1.126511 1.211808 0.685604
v -1.126511 1.210901 0.689972
v -1.125543 1.210901 0.685604
v -1.126511 1.168950 0.487900
v -1.126511 1.169857 0.483533
v -1.125543 1.169857 0.487900
v -1.126511 1.211808 0.487900
v -1.125543 1.210901 0.487900
v -1.126511 1.210901 0.483533
v -1.126511 1.210901 0.687171
v -1.125543 1.210901 0.682803
v -1.078115 1.169857 0.682803
v -1.079084 1.168950 0.682803
v -1.079084 1.169857 0.687171
v -1.122911 1.210901 0.687171
v -1.123879 1.210901 0.682803
v -1.122911 1.169857 0.687171
v -1.122911 1.168950 0.682803
v -1.123879 1.169857 0.682803
v -1.122911 1.168950 0.685604
v -1.123879 1.169857 0.685604
v -1.122911 1.210901 0.689972
v -1.122911 1.211808 0.685604
v -1.123879 1.210901 0.685604
v -1.122911 1.168950 0.487900
v -1.123879 1.169857 0.487900
v -1.122911 1.169857 0.483533
v -1.122911 1.211808 0.487900
v -1.122911 1.210901 0.483533
v -1.123879 1.210901 0.487900
v -1.079084 1.168950 0.685604
v -1.078115 1.169857 0.685604
v -1.079084 1.211808 0.685604
v -1.079084 1.210901 0.689972
v -1.078115 1.210901 0.685604
v -1.079084 1.168950 0.487900
v -1.079084 1.169857 0.483533
v -1.078115 1.169857 0.487900
v -1.079084 1.211808 0.487900
v -1.078115 1.210901 0.487900
v -1.079084 1.210901 0.483533
v -1.079084 1.210901 0.687171
v -1.078115 1.210901 0.682803
v -1.086656 1.207521 0.591978
v -1.086656 1.208689 0.597600
v -1.087903 1.208689 0.591978
v -1.086656 1.207863 0.595953
v -1.087376 1.208015 0.595224
v -1.087538 1.208689 0.595953
v -1.087538 1.207863 0.591978
v -1.086656 1.221999 0.597600
v -1.086656 1.223166 0.591978
v -1.087903 1.221999 0.591978
v -1.086656 1.222824 0.595953
v -1.087376 1.222673 0.595224
v -1.087538 1.222824 0.591978
v -1.087538 1.221999 0.595953
v -1.086656 1.207521 0.494910
v -1.087903 1.208689 0.494910
v -1.086656 1.208689 0.489288
v -1.087538 1.207863 0.494910
v -1.087376 1.208015 0.491664
v -1.087538 1.208689 0.490934
v -1.086656 1.207863 0.490934
v -1.086656 1.223166 0.494910
v -1.086656 1.221999 0.489288
v -1.087903 1.221999 0.494910
v -1.086656 1.222824 0.490934
v -1.087376 1.222673 0.491664
v -1.087538 1.221999 0.490934
v -1.087538 1.222824 0.494910
v -1.067985 1.207521 0.591978
v -1.066738 1.208689 0.591978
v -1.067985 1.208689 0.597600
v -1.067103 1.207863 0.591978
v -1.067265 1.208015 0.595224
v -1.067103 1.208689 0.595953
v -1.067985 1.207863 0.595953
v -1.067985 1.223166 0.591978
v -1.067985 1.221999 0.597600
v -1.066738 1.221999 0.591978
v -1.067985 1.222824 0.595953
v -1.067265 1.222673 0.595224
v -1.067103 1.221999 0.595953
v -1.067103 1.222824 0.591978
v -1.067985 1.207521 0.494910
v -1.067985 1.208689 0.489288
v -1.066738 1.208689 0.494910
v -1.067985 1.207863 0.490934
v -1.067265 1.208015 0.491664
v -1.067103 1.208689 0.490934
v -1.067103 1.207863 0.494910
v -1.067985 1.223166 0.494910
v -1.066738 1.221999 0.494910
v -1.067985 1.221999 0.489288
v -1.067103 1.222824 0.494910
v -1.067265 1.222673 0.491664
v -1.067103 1.221999 0.490934
v -1.067985 1.222824 0.490934
v -1.030688 1.169857 0.682803
v -1.031656 1.168950 0.682803
v -1.031656 1.169857 0.687171
v -1.075484 1.210901 0.687171
v -1.076452 1.210901 0.682803
v -1.075484 1.169857 0.687171
v -1.075484 1.168950 0.682803
v -1.076452 1.169857 0.682803
v -1.075484 1.168950 0.685604
v -1.076452 1.169857 0.685604
v -1.075484 1.210901 0.689972
v -1.075484 1.211808 0.685604
v -1.076452 1.210901 0.685604
v -1.075484 1.168950 0.487900
v -1.076452 1.169857 0.487900
v -1.075484 1.169857 0.483533
v -1.075484 1.211808 0.487900
v -1.075484 1.210901 0.483533
v -1.076452 1.210901 0.487900
v -1.031656 1.168950 0.685604
v -1.030688 1.169857 0.685604
v -1.031656 1.211808 0.685604
v -1.031656 1.210901 0.689972
v -1.030688 1.210901 0.685604
v -1.031656 1.168950 0.487900
v -1.031656 1.169857 0.483533
v -1.030688 1.169857 0.487900
v -1.031656 1.211808 0.487900
v -1.030688 1.210901 0.487900
v -1.031656 1.210901 0.483533
v -1.031656 1.210901 0.687171
v -1.030688 1.210901 0.682803
v -1.039229 1.207521 0.591978
v -1.039229 1.208689 0.597600
v -1.040475 1.208689 0.591978
v -1.039229 1.207863 0.595953
v -1.039949 1.208015 0.595224
v -1.040110 1.208689 0.595953
v -1.040110 1.207863 0.591978
v -1.039229 1.221999 0.597600
v -1.039229 1.223166 0.591978
v -1.040475 1.221999 0.591978
v -1.039229 1.222824 0.595953
v -1.039949 1.222673 0.595224
v -1.040110 1.222824 0.591978
v -1.040110 1.221999 0.595953
v -1.039229 1.207521 0.494910
v -1.040475 1.208689 0.494910
v -1.039229 1.208689 0.489288
v -1.040110 1.207863 0.494910
v -1.039949 1.208015 0.491664
v -1.040110 1.208689 0.490934
v -1.039229 1.207863 0.490934
v -1.039229 1.223166 0.494910
v -1.039229 1.221999 0.489288
v -1.040475 1.221999 0.494910
v -1.039229 1.222824 0.490934
v -1.039949 1.222673 0.491664
v -1.040110 1.221999 0.490934
v -1.040110 1.222824 0.494910
v -1.020557 1.207521 0.591978
v -1.019311 1.208689 0.591978
v -1.020557 1.208689 0.597600
v -1.019676 1.207863 0.591978
v -1.019838 1.208015 0.595224
v -1.019676 1.208689 0.595953
v -1.020557 1.207863 0.595953
v -1.020557 1.223166 0.591978
v -1.020557 1.221999 0.597600
v -1.019311 1.221999 0.591978
v -1.020557 1.222824 0.595953
v -1.019838 1.222673 0.595224
v -1.019676 1.221999 0.595953
v -1.019676 1.222824 0.591978
v -1.020557 1.207521 0.494910
v -1.020557 1.208689 0.489288
v -1.019311 1.208689 0.494910
v -1.020557 1.207863 0.490934
v -1.019838 1.208015 0.491664
v -1.019676 1.208689 0.490934
v -1.019676 1.207863 0.494910
v -1.020557 1.223166 0.494910
v -1.019311 1.221999 0.494910
v -1.020557 1.221999 0.489288
v -1.019676 1.222824 0.494910
v -1.019838 1.222673 0.491664
v -1.019676 1.221999 0.490934
v -1.020557 1.222824 0.490934
v -0.983261 1.169857 0.682803
v -0.984229 1.168950 0.682803
v -0.984229 1.169857 0.687171
v -1.028057 1.210901 0.687171
v -1.029025 1.210901 0.682803
v -1.028057 1.169857 0.687171
v -1.028057 1.168950 0.682803
v -1.029025 1.169857 0.682803
v -1.028057 1.168950 0.685604
v -1.029025 1.169857 0.685604
v -1.028057 1.210901 0.689972
v -1.028057 1.211808 0.685604
v -1.029025 1.210901 0.685604
v -1.028057 1.168950 0.487900
v -1.029025 1.169857 0.487900
v -1.028057 1.169857 0.483533
v -1.028057 1.211808 0.487900
v -1.028057 1.210901 0.483533
v -1.029025 1.210901 0.487900
v -0.984229 1.168950 0.685604
v -0.983261 1.169857 0.685604
v -0.984229 1.211808 0.685604
v -0.984229 1.210901 0.689972
v -0.983261 1.210901 0.685604
v -0.984229 1.168950 0.487900
v -0.984229 1.169857 0.483533
v -0.983261 1.169857 0.487900
v -0.984229 1.211808 0.487900
v -0.983261 1.210901 0.487900
v -0.984229 1.210901 0.483533
v -0.984229 1.210901 0.687171
v -0.983261 1.210901 0.682803
v -0.935834 1.169857 0.682803
v -0.936802 1.168950 0.682803
v -0.936802 1.169857 0.687171
v -0.980630 1.210901 0.687171
v -0.981598 1.210901 0.682803
v -0.980630 1.169857 0.687171
v -0.980630 1.168950 0.682803
v -0.981598 1.169857 0.682803
v -0.980630 1.168950 0.685604
v -0.981598 1.169857 0.685604
v -0.980630 1.210901 0.689972
v -0.980630 1.211808 0.685604
v -0.981598 1.210901 0.685604
v -0.980630 1.168950 0.487900
v -0.981598 1.169857 0.487900
v -0.980630 1.169857 0.483533
v -0.980630 1.211808 0.487900
v -0.980630 1.210901 0.483533
v -0.981598 1.210901 0.487900
v -0.936802 1.168950 0.685604
v -0.935834 1.169857 0.685604
v -0.936802 1.211808 0.685604
v -0.936802 1.210901 0.689972
v -0.935834 1.210901 0.685604
v -0.936802 1.168950 0.487900
v -0.936802 1.169857 0.483533
v -0.935834 1.169857 0.487900
v -0.936802 1.211808 0.487900
v -0.935834 1.210901 0.487900
v -0.936802 1.210901 0.483533
v -0.936802 1.210901 0.687171
v -0.935834 1.210901 0.682803
v -0.944374 1.207521 0.591978
v -0.944374 1.208689 0.597600
v -0.945621 1.208689 0.591978
v -0.944374 1.207863 0.595953
v -0.945094 1.208015 0.595224
v -0.945256 1.208689 0.595953
v -0.945256 1.207863 0.591978
v -0.944374 1.221999 0.597600
v -0.944374 1.223166 0.591978
v -0.945621 1.221999 0.591978
v -0.944374 1.222824 0.595953
v -0.945094 1.222673 0.595224
v -0.945256 1.222824 0.591978
v -0.945256 1.221999 0.595953
v -0.944374 1.207521 0.494910
v -0.945621 1.208689 0.494910
v -0.944374 1.208689 0.489288
v -0.945256 1.207863 0.494910
v -0.945094 1.208015 0.491664
v -0.945256 1.208689 0.490934
v -0.944374 1.207863 0.490934
v -0.944374 1.223166 0.494910
v -0.944374 1.221999 0.489288
v -0.945621 1.221999 0.494910
v -0.944374 1.222824 0.490934
v -0.945094 1.222673 0.491664
v -0.945256 1.221999 0.490934
v -0.945256 1.222824 0.494910
v -0.925703 1.207521 0.591978
v -0.924456 1.208689 0.591978
v -0.925703 1.208689 0.597600
v -0.924822 1.207863 0.591978
v -0.924983 1.208015 0.595224
v -0.924822 1.208689 0.595953
v -0.925703 1.207863 0.595953
v -0.925703 1.223166 0.591978
v -0.925703 1.221999 0.597600
v -0.924456 1.221999 0.591978
v -0.925703 1.222824 0.595953
v -0.924983 1.222673 0.595224
v -0.924822 1.221999 0.595953
v -0.924822 1.222824 0.591978
v -0.925703 1.207521 0.494910
v -0.925703 1.208689 0.489288
v -0.924456 1.208689 0.494910
v -0.925703 1.207863 0.490934
v -0.924983 1.208015 0.491664
v -0.924822 1.208689 0.490934
v -0.924822 1.207863 0.494910
v -0.925703 1.223166 0.494910
v -0.924456 1.221999 0.494910
v -0.925703 1.221999 0.489288
v -0.924822 1.222824 0.494910
v -0.924983 1.222673 0.491664
v -0.924822 1.221999 0.490934
v -0.925703 1.222824 0.490934
v -0.888406 1.169857 0.682803
v -0.889375 1.168950 0.682803
v -0.889375 1.169857 0.687171
v -0.933202 1.210901 0.687171
v -0.934170 1.210901 0.682803
v -0.933202 1.169857 0.687171
v -0.933202 1.168950 0.682803
v -0.934170 1.169857 0.682803
v -0.933202 1.168950 0.685604
v -0.934170 1.169857 0.685604
v -0.933202 1.210901 0.689972
v -0.933202 1.211808 0.685604
v -0.934170 1.210901 0.685604
v -0.933202 1.168950 0.487900
v -0.934170 1.169857 0.487900
v -0.933202 1.169857 0.483533
v -0.933202 1.211808 0.487900
v -0.933202 1.210901 0.483533
v -0.934170 1.210901 0.487900
v -0.889375 1.168950 0.685604
v -0.888406 1.169857 0.685604
v -0.889375 1.211808 0.685604
v -0.889375 1.210901 0.689972
v -0.888406 1.210901 0.685604
v -0.889375 1.168950 0.487900
v -0.889375 1.169857 0.483533
v -0.888406 1.169857 0.487900
v -0.889375 1.211808 0.487900
v -0.888406 1.210901 0.487900
v -0.889375 1.210901 0.483533
v -0.889375 1.210901 0.687171
v -0.888406 1.210901 0.682803
v -0.896947 1.207521 0.591978
v -0.896947 1.208689 0.597600
v -0.898194 1.208689 0.591978
v -0.896947 1.207863 0.595953
v -0.897667 1.208015 0.595224
v -0.897829 1.208689 0.595953
v -0.897829 1.207863 0.591978
v -0.896947 1.221999 0.597600
v -0.896947 1.223166 0.591978
v -0.898194 1.221999 0.591978
v -0.896947 1.222824 0.595953
v -0.897667 1.222673 0.595224
v -0.897829 1.222824 0.591978
v -0.897829 1.221999 0.595953
v -0.896947 1.207521 0.494910
v -0.898194 1.208689 0.494910
v -0.896947 1.208689 0.489288
v -0.897829 1.207863 0.494910
v -0.897667 1.208015 0.491664
v -0.897829 1.208689 0.490934
v -0.896947 1.207863 0.490934
v -0.896947 1.223166 0.494910
v -0.896947 1.221999 0.489288
v -0.898194 1.221999 0.494910
v -0.896947 1.222824 0.490934
v -0.897667 1.222673 0.491664
v -0.897829 1.221999 0.490934
v -0.897829 1.222824 0.494910
v -0.878276 1.207521 0.591978
v -0.877029 1.208689 0.591978
v -0.878276 1.208689 0.597600
v -0.877394 1.207863 0.591978
v -0.877556 1.208015 0.595224
v -0.877394 1.208689 0.595953
v -0.878276 1.207863 0.595953
v -0.878276 1.223166 0.591978
v -0.878276 1.221999 0.597600
v -0.877029 1.221999 0.591978
v -0.878276 1.222824 0.595953
v -0.877556 1.222673 0.595224
v -0.877394 1.221999 0.595953
v -0.877394 1.222824 0.591978
v -0.878276 1.207521 0.494910
v -0.878276 1.208689 0.489288
v -0.877029 1.208689 0.494910
v -0.878276 1.207863 0.490934
v -0.877556 1.208015 0.491664
v -0.877394 1.208689 0.490934
v -0.877394 1.207863 0.494910
v -0.878276 1.223166 0.494910
v -0.877029 1.221999 0.494910
v -0.878276 1.221999 0.489288
v -0.877394 1.222824 0.494910
v -0.877556 1.222673 0.491664
v -0.877394 1.221999 0.490934
v -0.878276 1.222824 0.490934
v -0.840979 1.169857 0.682803
v -0.841947 1.168950 0.682803
v -0.841947 1.169857 0.687171
v -0.885775 1.210901 0.687171
v -0.886743 1.210901 0.682803
v -0.885775 1.169857 0.687171
v -0.885775 1.168950 0.682803
v -0.886743 1.169857 0.682803
v -0.885775 1.168950 0.685604
v -0.886743 1.169857 0.685604
v -0.885775 1.210901 0.689972
v -0.885775 1.211808 0.685604
v -0.886743 1.210901 0.685604
v -0.885775 1.168950 0.487900
v -0.886743 1.169857 0.487900
v -0.885775 1.169857 0.483533
v -0.885775 1.211808 0.487900
v -0.885775 1.210901 0.483533
v -0.886743 1.210901 0.487900
v -0.841947 1.168950 0.685604
v -0.840979 1.169857 0.685604
v -0.841947 1.211808 0.685604
v -0.841947 1.210901 0.689972
v -0.840979 1.210901 0.685604
v -0.841947 1.168950 0.487900
v -0.841947 1.169857 0.483533
v -0.840979 1.169857 0.487900
v -0.841947 1.211808 0.487900
v -0.840979 1.210901 0.487900
v -0.841947 1.210901 0.483533
v -0.841947 1.210901 0.687171
v -0.840979 1.210901 0.682803
v -0.849520 1.207521 0.591978
v -0.849520 1.208689 0.597600
v -0.850766 1.208689 0.591978
v -0.849520 1.207863 0.595953
v -0.850240 1.208015 0.595224
v -0.850401 1.208689 0.595953
v -0.850401 1.207863 0.591978
v -0.849520 1.221999 0.597600
v -0.849520 1.223166 0.591978
v -0.850766 1.221999 0.591978
v -0.849520 1.222824 0.595953
v -0.850240 1.222673 0.595224
v -0.850401 1.222824 0.591978
v -0.850401 1.221999 0.595953
v -0.849520 1.207521 0.494910
v -0.850766 1.208689 0.494910
v -0.849520 1.208689 0.489288
v -0.850401 1.207863 0.494910
v -0.850240 1.208015 0.491664
v -0.850401 1.208689 0.490934
v -0.849520 1.207863 0.490934
v -0.849520 1.223166 0.494910
v -0.849520 1.221999 0.489288
v -0.850766 1.221999 0.494910
v -0.849520 1.222824 0.490934
v -0.850240 1.222673 0.491664
v -0.850401 1.221999 0.490934
v -0.850401 1.222824 0.494910
v -0.830849 1.207521 0.591978
v -0.829602 1.208689 0.591978
v -0.830849 1.208689 0.597600
v -0.829967 1.207863 0.591978
v -0.830129 1.208015 0.595224
v -0.829967 1.208689 0.595953
v -0.830849 1.207863 0.595953
v -0.830849 1.223166 0.591978
v -0.830849 1.221999 0.597600
v -0.829602 1.221999 0.591978
v -0.830849 1.222824 0.595953
v -0.830129 1.222673 0.595224
v -0.829967 1.221999 0.595953
v -0.829967 1.222824 0.591978
v -0.830849 1.207521 0.494910
v -0.830849 1.208689 0.489288
v -0.829602 1.208689 0.494910
v -0.830849 1.207863 0.490934
v -0.830129 1.208015 0.491664
v -0.829967 1.208689 0.490934
v -0.829967 1.207863 0.494910
v -0.830849 1.223166 0.494910
v -0.829602 1.221999 0.494910
v -0.830849 1.221999 0.489288
v -0.829967 1.222824 0.494910
v -0.830129 1.222673 0.491664
v -0.829967 1.221999 0.490934
v -0.830849 1.222824 0.490934
v -0.793552 1.169857 0.682803
v -0.794520 1.168950 0.682803
v -0.794520 1.169857 0.687171
v -0.838348 1.210901 0.687171
v -0.839316 1.210901 0.682803
v -0.838348 1.169857 0.687171
v -0.838348 1.168950 0.682803
v -0.839316 1.169857 0.682803
v -0.838348 1.168950 0.685604
v -0.839316 1.169857 0.685604
v -0.838348 1.210901 0.689972
v -0.838348 1.211808 0.685604
v -0.839316 1.210901 0.685604
v -0.838348 1.168950 0.487900
v -0.839316 1.169857 0.487900
v -0.838348 1.169857 0.483533
v -0.838348 1.211808 0.487900
v -0.838348 1.210901 0.483533
v -0.839316 1.210901 0.487900
v -0.794520 1.168950 0.685604
v -0.793552 1.169857 0.685604
v -0.794520 1.211808 0.685604
v -0.794520 1.210901 0.689972
v -0.793552 1.210901 0.685604
v -0.794520 1.168950 0.487900
v -0.794520 1.169857 0.483533
v -0.793552 1.169857 0.487900
v -0.794520 1.211808 0.487900
v -0.793552 1.210901 0.487900
v -0.794520 1.210901 0.483533
v -0.794520 1.210901 0.687171
v -0.793552 1.210901 0.682803
v -0.746125 1.169857 0.682803
v -0.747093 1.168950 0.682803
v -0.747093 1.169857 0.687171
v -0.790921 1.210901 0.687171
v -0.791889 1.210901 0.682803
v -0.790921 1.169857 0.687171
v -0.790921 1.168950 0.682803
v -0.791889 1.169857 0.682803
v -0.790921 1.168950 0.685604
v -0.791889 1.169857 0.685604
v -0.790921 1.210901 0.689972
v -0.790921 1.211808 0.685604
v -0.791889 1.210901 0.685604
v -0.790921 1.168950 0.487900
v -0.791889 1.169857 0.487900
v -0.790921 1.169857 0.483533
v -0.790921 1.211808 0.487900
v -0.790921 1.210901 0.483533
v -0.791889 1.210901 0.487900
v -0.747093 1.168950 0.685604
v -0.746125 1.169857 0.685604
v -0.747093 1.211808 0.685604
v -0.747093 1.210901 0.689972
v -0.746125 1.210901 0.685604
v -0.747093 1.168950 0.487900
v -0.747093 1.169857 0.483533
v -0.746125 1.169857 0.487900
v -0.747093 1.211808 0.487900
v -0.746125 1.210901 0.487900
v -0.747093 1.210901 0.483533
v -0.747093 1.210901 0.687171
v -0.746125 1.210901 0.682803
v -0.754666 1.207521 0.591978
v -0.754666 1.208689 0.597600
v -0.755912 1.208689 0.591978
v -0.754666 1.207863 0.595953
v -0.755385 1.208015 0.595224
v -0.755547 1.208689 0.595953
v -0.755547 1.207863 0.591978
v -0.754666 1.221999 0.597600
v -0.754666 1.223166 0.591978
v -0.755912 1.221999 0.591978
v -0.754666 1.222824 0.595953
v -0.755385 1.222673 0.595224
v -0.755547 1.222824 0.591978
v -0.755547 1.221999 0.595953
v -0.754666 1.207521 0.494910
v -0.755912 1.208689 0.494910
v -0.754666 1.208689 0.489288
v -0.755547 1.207863 0.494910
v -0.755385 1.208015 0.491664
v -0.755547 1.208689 0.490934
v -0.754666 1.207863 0.490934
v -0.754666 1.223166 0.494910
v -0.754666 1.221999 0.489288
v -0.755912 1.221999 0.494910
v -0.754666 1.222824 0.490934
v -0.755385 1.222673 0.491664
v -0.755547 1.221999 0.490934
v -0.755547 1.222824 0.494910
v -0.735994 1.207521 0.591978
v -0.734748 1.208689 0.591978
v -0.735994 1.208689 0.597600
v -0.735113 1.207863 0.591978
v -0.735274 1.208015 0.595224
v -0.735113 1.208689 0.595953
v -0.735994 1.207863 0.595953
v -0.735994 1.223166 0.591978
v -0.735994 1.221999 0.597600
v -0.734748 1.221999 0.591978
v -0.735994 1.222824 0.595953
v -0.735274 1.222673 0.595224
v -0.735113 1.221999 0.595953
v -0.735113 1.222824 0.591978
v -0.735994 1.207521 0.494910
v -0.735994 1.208689 0.489288
v -0.734748 1.208689 0.494910
v -0.735994 1.207863 0.490934
v -0.735274 1.208015 0.491664
v -0.735113 1.208689 0.490934
v -0.735113 1.207863 0.494910
v -0.735994 1.223166 0.494910
v -0.734748 1.221999 0.494910
v -0.735994 1.221999 0.489288
v -0.735113 1.222824 0.494910
v -0.735274 1.222673 0.491664
v -0.735113 1.221999 0.490934
v -0.735994 1.222824 0.490934
v -0.698698 1.169857 0.682803
v -0.699666 1.168950 0.682803
v -0.699666 1.169857 0.687171
v -0.743493 1.210901 0.687171
v -0.744462 1.210901 0.682803
v -0.743493 1.169857 0.687171
v -0.743493 1.168950 0.682803
v -0.744462 1.169857 0.682803
v -0.743493 1.168950 0.685604
v -0.744462 1.169857 0.685604
v -0.743493 1.210901 0.689972
v -0.743493 1.211808 0.685604
v -0.744462 1.210901 0.685604
v -0.743493 1.168950 0.487900
v -0.744462 1.169857 0.487900
v -0.743493 1.169857 0.483533
v -0.743493 1.211808 0.487900
v -0.743493 1.210901 0.483533
v -0.744462 1.210901 0.487900
v -0.699666 1.168950 0.685604
v -0.698698 1.169857 0.685604
v -0.699666 1.211808 0.685604
v -0.699666 1.210901 0.689972
v -0.698698 1.210901 0.685604
v -0.699666 1.168950 0.487900
v -0.699666 1.169857 0.483533
v -0.698698 1.169857 0.487900
v -0.699666 1.211808 0.487900
v -0.698698 1.210901 0.487900
v -0.699666 1.210901 0.483533
v -0.699666 1.210901 0.687171
v -0.698698 1.210901 0.682803
v -0.707238 1.207521 0.591978
v -0.707238 1.208689 0.597600
v -0.708485 1.208689 0.591978
v -0.707238 1.207863 0.595953
v -0.707958 1.208015 0.595224
v -0.708120 1.208689 0.595953
v -0.708120 1.207863 0.591978
v -0.707238 1.221999 0.597600
v -0.707238 1.223166 0.591978
v -0.708485 1.221999 0.591978
v -0.707238 1.222824 0.595953
v -0.707958 1.222673 0.595224
v -0.708120 1.222824 0.591978
v -0.708120 1.221999 0.595953
v -0.707238 1.207521 0.494910
v -0.708485 1.208689 0.494910
v -0.707238 1.208689 0.489288
v -0.708120 1.207863 0.494910
v -0.707958 1.208015 0.491664
v -0.708120 1.208689 0.490934
v -0.707238 1.207863 0.490934
v -0.707238 1.223166 0.494910
v -0.707238 1.221999 0.489288
v -0.708485 1.221999 0.494910
v -0.707238 1.222824 0.490934
v -0.707958 1.222673 0.491664
v -0.708120 1.221999 0.490934
v -0.708120 1.222824 0.494910
v -0.688567 1.207521 0.591978
v -0.687320 1.208689 0.591978
v -0.688567 1.208689 0.597600
v -0.687685 1.207863 0.591978
v -0.687847 1.208015 0.595224
v -0.687685 1.208689 0.595953
v -0.688567 1.207863 0.595953
v -0.688567 1.223166 0.591978
v -0.688567 1.221999 0.597600
v -0.687320 1.221999 0.591978
v -0.688567 1.222824 0.595953
v -0.687847 1.222673 0.595224
v -0.687685 1.221999 0.595953
v -0.687685 1.222824 0.591978
v -0.688567 1.207521 0.494910
v -0.688567 1.208689 0.489288
v -0.687320 1.208689 0.494910
v -0.688567 1.207863 0.490934
v -0.687847 1.208015 0.491664
v -0.687685 1.208689 0.490934
v -0.687685 1.207863 0.494910
v -0.688567 1.223166 0.494910
v -0.687320 1.221999 0.494910
v -0.688567 1.221999 0.489288
v -0.687685 1.222824 0.494910
v -0.687847 1.222673 0.491664
v -0.687685 1.221999 0.490934
v -0.688567 1.222824 0.490934
v -0.651270 1.169857 0.682803
v -0.652239 1.168950 0.682803
v -0.652239 1.169857 0.687171
v -0.696066 1.210901 0.687171
v -0.697034 1.210901 0.682803
v -0.696066 1.169857 0.687171
v -0.696066 1.168950 0.682803
v -0.697034 1.169857 0.682803
v -0.696066 1.168950 0.685604
v -0.697034 1.169857 0.685604
v -0.696066 1.210901 0.689972
v -0.696066 1.211808 0.685604
v -0.697034 1.210901 0.685604
v -0.696066 1.168950 0.487900
v -0.697034 1.169857 0.487900
v -0.696066 1.169857 0.483533
v -0.696066 1.211808 0.487900
v -0.696066 1.210901 0.483533
v -0.697034 1.210901 0.487900
v -0.652239 1.168950 0.685604
v -0.651270 1.169857 0.685604
v -0.652239 1.211808 0.685604
v -0.652239 1.210901 0.689972
v -0.651270 1.210901 0.685604
v -0.652239 1.168950 0.487900
v -0.652239 1.169857 0.483533
v -0.651270 1.169857 0.487900
v -0.652239 1.211808 0.487900
v -0.651270 1.210901 0.487900
v -0.652239 1.210901 0.483533
v -0.652239 1.210901 0.687171
v -0.651270 1.210901 0.682803
v -0.603843 1.169857 0.682803
v -0.604811 1.168950 0.682803
v -0.604811 1.169857 0.687171
v -0.648639 1.210901 0.687171
v -0.649607 1.210901 0.682803
v -0.648639 1.169857 0.687171
v -0.648639 1.168950 0.682803
v -0.649607 1.169857 0.682803
v -0.648639 1.168950 0.685604
v -0.649607 1.169857 0.685604
v -0.648639 1.210901 0.689972
v -0.648639 1.211808 0.685604
v -0.649607 1.210901 0.685604
v -0.648639 1.168950 0.487900
v -0.649607 1.169857 0.487900
v -0.648639 1.169857 0.483533
v -0.648639 1.211808 0.487900
v -0.648639 1.210901 0.483533
v -0.649607 1.210901 0.487900
v -0.604811 1.168950 0.685604
v -0.603843 1.169857 0.685604
v -0.604811 1.211808 0.685604
v -0.604811 1.210901 0.689972
v -0.603843 1.210901 0.685604
v -0.604811 1.168950 0.487900
v -0.604811 1.169857 0.483533
v -0.603843 1.169857 0.487900
v -0.604811 1.211808 0.487900
v -0.603843 1.210901 0.487900
v -0.604811 1.210901 0.483533
v -0.604811 1.210901 0.687171
v -0.603843 1.210901 0.682803
v -0.612384 1.207521 0.591978
v -0.612384 1.208689 0.597600
v -0.613630 1.208689 0.591978
v -0.612384 1.207863 0.595953
v -0.613104 1.208015 0.595224
v -0.613265 1.208689 0.595953
v -0.613265 1.207863 0.591978
v -0.612384 1.221999 0.597600
v -0.612384 1.223166 0.591978
v -0.613630 1.221999 0.591978
v -0.612384 1.222824 0.595953
v -0.613104 1.222673 0.595224
v -0.613265 1.222824 0.591978
v -0.613265 1.221999 0.595953
v -0.612384 1.207521 0.494910
v -0.613630 1.208689 0.494910
v -0.612384 1.208689 0.489288
v -0.613265 1.207863 0.494910
v -0.613104 1.208015 0.491664
v -0.613265 1.208689 0.490934
v -0.612384 1.207863 0.490934
v -0.612384 1.223166 0.494910
v -0.612384 1.221999 0.489288
v -0.613630 1.221999 0.494910
v -0.612384 1.222824 0.490934
v -0.613104 1.222673 0.491664
v -0.613265 1.221999 0.490934
v -0.613265 1.222824 0.494910
v -0.593712 1.207521 0.591978
v -0.592466 1.208689 0.591978
v -0.593712 1.208689 0.597600
v -0.592831 1.207863 0.591978
v -0.592993 1.208015 0.595224
v -0.592831 1.208689 0.595953
v -0.593712 1.207863 0.595953
v -0.593712 1.223166 0.591978
v -0.593712 1.221999 0.597600
v -0.592466 1.221999 0.591978
v -0.593712 1.222824 0.595953
v -0.592993 1.222673 0.595224
v -0.592831 1.221999 0.595953
v -0.592831 1.222824 0.591978
v -0.593712 1.207521 0.494910
v -0.593712 1.208689 0.489288
v -0.592466 1.208689 0.494910
v -0.593712 1.207863 0.490934
v -0.592993 1.208015 0.491664
v -0.592831 1.208689 0.490934
v -0.592831 1.207863 0.494910
v -0.593712 1.223166 0.494910
v -0.592466 1.221999 0.494910
v -0.593712 1.221999 0.489288
v -0.592831 1.222824 0.494910
v -0.592993 1.222673 0.491664
v -0.592831 1.221999 0.490934
v -0.593712 1.222824 0.490934
v -0.556416 1.169857 0.682803
v -0.557384 1.168950 0.682803
v -0.557384 1.169857 0.687171
v -0.601212 1.210901 0.687171
v -0.602180 1.210901 0.682803
v -0.601212 1.169857 0.687171
v -0.601212 1.168950 0.682803
v -0.602180 1.169857 0.682803
v -0.601212 1.168950 0.685604
v -0.602180 1.169857 0.685604
v -0.601212 1.210901 0.689972
v -0.601212 1.211808 0.685604
v -0.602180 1.210901 0.685604
v -0.601212 1.168950 0.487900
v -0.602180 1.169857 0.487900
v -0.601212 1.169857 0.483533
v -0.601212 1.211808 0.487900
v -0.601212 1.210901 0.483533
v -0.602180 1.210901 0.487900
v -0.557384 1.168950 0.685604
v -0.556416 1.169857 0.685604
v -0.557384 1.211808 0.685604
v -0.557384 1.210901 0.689972
v -0.556416 1.210901 0.685604
v -0.557384 1.168950 0.487900
v -0.557384 1.169857 0.483533
v -0.556416 1.169857 0.487900
v -0.557384 1.211808 0.487900
v -0.556416 1.210901 0.487900
v -0.557384 1.210901 0.483533
v -0.557384 1.210901 0.687171
v -0.556416 1.210901 0.682803
v -0.564957 1.207521 0.591978
v -0.564957 1.208689 0.597600
v -0.566203 1.208689 0.591978
v -0.564957 1.207863 0.595953
v -0.565676 1.208015 0.595224
v -0.565838 1.208689 0.595953
v -0.565838 1.207863 0.591978
v -0.564957 1.221999 0.597600
v -0.564957 1.223166 0.591978
v -0.566203 1.221999 0.591978
v -0.564957 1.222824 0.595953
v -0.565676 1.222673 0.595224
v -0.565838 1.222824 0.591978
v -0.565838 1.221999 0.595953
v -0.564957 1.207521 0.494910
v -0.566203 1.208689 0.494910
v -0.564957 1.208689 0.489288
v -0.565838 1.207863 0.494910
v -0.565676 1.208015 0.491664
v -0.565838 1.208689 0.490934
v -0.564957 1.207863 0.490934
v -0.564957 1.223166 0.494910
v -0.564957 1.221999 0.489288
v -0.566203 1.221999 0.494910
v -0.564957 1.222824 0.490934
v -0.565676 1.222673 0.491664
v -0.565838 1.221999 0.490934
v -0.565838 1.222824 0.494910
v -0.546285 1.207521 0.591978
v -0.545039 1.208689 0.591978
v -0.546285 1.208689 0.597600
v -0.545404 1.207863 0.591978
v -0.545565 1.208015 0.595224
v -0.545404 1.208689 0.595953
v -0.546285 1.207863 0.595953
v -0.546285 1.223166 0.591978
v -0.546285 1.221999 0.597600
v -0.545039 1.221999 0.591978
v -0.546285 1.222824 0.595953
v -0.545565 1.222673 0.595224
v -0.545404 1.221999 0.595953
v -0.545404 1.222824 0.591978
v -0.546285 1.207521 0.494910
v -0.546285 1.208689 0.489288
v -0.545039 1.208689 0.494910
v -0.546285 1.207863 0.490934
v -0.545565 1.208015 0.491664
v -0.545404 1.208689 0.490934
v -0.545404 1.207863 0.494910
v -0.546285 1.223166 0.494910
v -0.545039 1.221999 0.494910
v -0.546285 1.221999 0.489288
v -0.545404 1.222824 0.494910
v -0.545565 1.222673 0.491664
v -0.545404 1.221999 0.490934
v -0.546285 1.222824 0.490934
v -0.508989 1.169857 0.682803
v -0.509957 1.168950 0.682803
v -0.509957 1.169857 0.687171
v -0.553785 1.210901 0.687171
v -0.554753 1.210901 0.682803
v -0.553785 1.169857 0.687171
v -0.553785 1.168950 0.682803
v -0.554753 1.169857 0.682803
v -0.553785 1.168950 0.685604
v -0.554753 1.169857 0.685604
v -0.553785 1.210901 0.689972
v -0.553785 1.211808 0.685604
v -0.554753 1.210901 0.685604
v -0.553785 1.168950 0.487900
v -0.554753 1.169857 0.487900
v -0.553785 1.169857 0.483533
v -0.553785 1.211808 0.487900
v -0.553785 1.210901 0.483533
v -0.554753 1.210901 0.487900
v -0.509957 1.168950 0.685604
v -0.508989 1.169857 0.685604
v -0.509957 1.211808 0.685604
v -0.509957 1.210901 0.689972
v -0.508989 1.210901 0.685604
v -0.509957 1.168950 0.487900
v -0.509957 1.169857 0.483533
v -0.508989 1.169857 0.487900
v -0.509957 1.211808 0.487900
v -0.508989 1.210901 0.487900
v -0.509957 1.210901 0.483533
v -0.509957 1.210901 0.687171
v -0.508989 1.210901 0.682803
v -0.517529 1.207521 0.591978
v -0.517529 1.208689 0.597600
v -0.518776 1.208689 0.591978
v -0.517529 1.207863 0.595953
v -0.518249 1.208015 0.595224
v -0.518411 1.208689 0.595953
v -0.518411 1.207863 0.591978
v -0.517529 1.221999 0.597600
v -0.517529 1.223166 0.591978
v -0.518776 1.221999 0.591978
v -0.517529 1.222824 0.595953
v -0.518249 1.222673 0.595224
v -0.518411 1.222824 0.591978
v -0.518411 1.221999 0.595953
v -0.517529 1.207521 0.494910
v -0.518776 1.208689 0.494910
v -0.517529 1.208689 0.489288
v -0.518411 1.207863 0.494910
v -0.518249 1.208015 0.491664
v -0.518411 1.208689 0.490934
v -0.517529 1.207863 0.490934
v -0.517529 1.223166 0.494910
v -0.517529 1.221999 0.489288
v -0.518776 1.221999 0.494910
v -0.517529 1.222824 0.490934
v -0.518249 1.222673 0.491664
v -0.518411 1.221999 0.490934
v -0.518411 1.222824 0.494910
v -0.498858 1.207521 0.591978
v -0.497611 1.208689 0.591978
v -0.498858 1.208689 0.597600
v -0.497977 1.207863 0.591978
v -0.498138 1.208015 0.595224
v -0.497977 1.208689 0.595953
v -0.498858 1.207863 0.595953
v -0.498858 1.223166 0.591978
v -0.498858 1.221999 0.597600
v -0.497611 1.221999 0.591978
v -0.498858 1.222824 0.595953
v -0.498138 1.222673 0.595224
v -0.497977 1.221999 0.595953
v -0.497977 1.222824 0.591978
v -0.498858 1.207521 0.494910
v -0.498858 1.208689 0.489288
v -0.497611 1.208689 0.494910
v -0.498858 1.207863 0.490934
v -0.498138 1.208015 0.491664
v -0.497977 1.208689 0.490934
v -0.497977 1.207863 0.494910
v -0.498858 1.223166 0.494910
v -0.497611 1.221999 0.494910
v -0.498858 1.221999 0.489288
v -0.497977 1.222824 0.494910
v -0.498138 1.222673 0.491664
v -0.497977 1.221999 0.490934
v -0.498858 1.222824 0.490934
v -0.461562 1.169857 0.682803
v -0.462530 1.168950 0.682803
v -0.462530 1.169857 0.687171
v -0.506357 1.210901 0.687171
v -0.507325 1.210901 0.682803
v -0.506357 1.169857 0.687171
v -0.506357 1.168950 0.682803
v -0.507325 1.169857 0.682803
v -0.506357 1.168950 0.685604
v -0.507325 1.169857 0.685604
v -0.506357 1.210901 0.689972
v -0.506357 1.211808 0.685604
v -0.507325 1.210901 0.685604
v -0.506357 1.168950 0.487900
v -0.507325 1.169857 0.487900
v -0.506357 1.169857 0.483533
v -0.506357 1.211808 0.487900
v -0.506357 1.210901 0.483533
v -0.507325 1.210901 0.487900
v -0.462530 1.168950 0.685604
v -0.461562 1.169857 0.685604
v -0.462530 1.211808 0.685604
v -0.462530 1.210901 0.689972
v -0.461562 1.210901 0.685604
v -0.462530 1.168950 0.487900
v -0.462530 1.169857 0.483533
v -0.461562 1.169857 0.487900
v -0.462530 1.211808 0.487900
v -0.461562 1.210901 0.487900
v -0.462530 1.210901 0.483533
v -0.462530 1.210901 0.687171
v -0.461562 1.210901 0.682803
v -0.414134 1.169857 0.682803
v -0.415102 1.168950 0.682803
v -0.415102 1.169857 0.687171
v -0.458930 1.210901 0.687171
v -0.459898 1.210901 0.682803
v -0.458930 1.169857 0.687171
v -0.458930 1.168950 0.682803
v -0.459898 1.169857 0.682803
v -0.458930 1.168950 0.685604
v -0.459898 1.169857 0.685604
v -0.458930 1.210901 0.689972
v -0.458930 1.211808 0.685604
v -0.459898 1.210901 0.685604
v -0.458930 1.168950 0.487900
v -0.459898 1.169857 0.487900
v -0.458930 1.169857 0.483533
v -0.458930 1.211808 0.487900
v -0.458930 1.210901 0.483533
v -0.459898 1.210901 0.487900
v -0.415102 1.168950 0.685604
v -0.414134 1.169857 0.685604
v -0.415102 1.211808 0.685604
v -0.415102 1.210901 0.689972
v -0.414134 1.210901 0.685604
v -0.415102 1.168950 0.487900
v -0.415102 1.169857 0.483533
v -0.414134 1.169857 0.487900
v -0.415102 1.211808 0.487900
v -0.414134 1.210901 0.487900
v -0.415102 1.210901 0.483533
v -0.415102 1.210901 0.687171
v -0.414134 1.210901 0.682803
v -0.422675 1.207521 0.591978
v -0.422675 1.208689 0.597600
v -0.423921 1.208689 0.591978
v -0.422675 1.207863 0.595953
v -0.423395 1.208015 0.595224
v -0.423556 1.208689 0.595953
v -0.423556 1.207863 0.591978
v -0.422675 1.221999 0.597600
v -0.422675 1.223166 0.591978
v -0.423921 1.221999 0.591978
v -0.422675 1.222824 0.595953
v -0.423395 1.222673 0.595224
v -0.423556 1.222824 0.591978
v -0.423556 1.221999 0.595953
v -0.422675 1.207521 0.494910
v -0.423921 1.208689 0.494910
v -0.422675 1.208689 0.489288
v -0.423556 1.207863 0.494910
v -0.423395 1.208015 0.491664
v -0.423556 1.208689 0.490934
v -0.422675 1.207863 0.490934
v -0.422675 1.223166 0.494910
v -0.422675 1.221999 0.489288
v -0.423921 1.221999 0.494910
v -0.422675 1.222824 0.490934
v -0.423395 1.222673 0.491664
v -0.423556 1.221999 0.490934
v -0.423556 1.222824 0.494910
v -0.404003 1.207521 0.591978
v -0.402757 1.208689 0.591978
v -0.404003 1.208689 0.597600
v -0.403122 1.207863 0.591978
v -0.403284 1.208015 0.595224
v -0.403122 1.208689 0.595953
v -0.404003 1.207863 0.595953
v -0.404003 1.223166 0.591978
v -0.404003 1.221999 0.597600
v -0.402757 1.221999 0.591978
v -0.404003 1.222824 0.595953
v -0.403284 1.222673 0.595224
v -0.403122 1.221999 0.595953
v -0.403122 1.222824 0.591978
v -0.404003 1.207521 0.494910
v -0.404003 1.208689 0.489288
v -0.402757 1.208689 0.494910
v -0.404003 1.207863 0.490934
v -0.403284 1.208015 0.491664
v -0.403122 1.208689 0.490934
v -0.403122 1.207863 0.494910
v -0.404003 1.223166 0.494910
v -0.402757 1.221999 0.494910
v -0.404003 1.221999 0.489288
v -0.403122 1.222824 0.494910
v -0.403284 1.222673 0.491664
v -0.403122 1.221999 0.490934
v -0.404003 1.222824 0.490934
v -0.366707 1.169857 0.682803
v -0.367675 1.168950 0.682803
v -0.367675 1.169857 0.687171
v -0.411503 1.210901 0.687171
v -0.412471 1.210901 0.682803
v -0.411503 1.169857 0.687171
v -0.411503 1.168950 0.682803
v -0.412471 1.169857 0.682803
v -0.411503 1.168950 0.685604
v -0.412471 1.169857 0.685604
v -0.411503 1.210901 0.689972
v -0.411503 1.211808 0.685604
v -0.412471 1.210901 0.685604
v -0.411503 1.168950 0.487900
v -0.412471 1.169857 0.487900
v -0.411503 1.169857 0.483533
v -0.411503 1.211808 0.487900
v -0.411503 1.210901 0.483533
v -0.412471 1.210901 0.487900
v -0.367675 1.168950 0.685604
v -0.366707 1.169857 0.685604
v -0.367675 1.211808 0.685604
v -0.367675 1.210901 0.689972
v -0.366707 1.210901 0.685604
v -0.367675 1.168950 0.487900
v -0.367675 1.169857 0.483533
v -0.366707 1.169857 0.487900
v -0.367675 1.211808 0.487900
v -0.366707 1.210901 0.487900
v -0.367675 1.210901 0.483533
v -0.367675 1.210901 0.687171
v -0.366707 1.210901 0.682803
v -0.375248 1.207521 0.591978
v -0.375248 1.208689 0.597600
v -0.376494 1.208689 0.591978
v -0.375248 1.207863 0.595953
v -0.375967 1.208015 0.595224
v -0.376129 1.208689 0.595953
v -0.376129 1.207863 0.591978
v -0.375248 1.221999 0.597600
v -0.375248 1.223166 0.591978
v -0.376494 1.221999 0.591978
v -0.375248 1.222824 0.595953
v -0.375967 1.222673 0.595224
v -0.376129 1.222824 0.591978
v -0.376129 1.221999 0.595953
v -0.375248 1.207521 0.494910
v -0.376494 1.208689 0.494910
v -0.375248 1.208689 0.489288
v -0.376129 1.207863 0.494910
v -0.375967 1.208015 0.491664
v -0.376129 1.208689 0.490934
v -0.375248 1.207863 0.490934
v -0.375248 1.223166 0.494910
v -0.375248 1.221999 0.489288
v -0.376494 1.221999 0.494910
v -0.375248 1.222824 0.490934
v -0.375967 1.222673 0.491664
v -0.376129 1.221999 0.490934
v -0.376129 1.222824 0.494910
v -0.356576 1.207521 0.591978
v -0.355330 1.208689 0.591978
v -0.356576 1.208689 0.597600
v -0.355695 1.207863 0.591978
v -0.355857 1.208015 0.595224
v -0.355695 1.208689 0.595953
v -0.356576 1.207863 0.595953
v -0.356576 1.223166 0.591978
v -0.356576 1.221999 0.597600
v -0.355330 1.221999 0.591978
v -0.356576 1.222824 0.595953
v -0.355857 1.222673 0.595224
v -0.355695 1.221999 0.595953
v -0.355695 1.222824 0.591978
v -0.356576 1.207521 0.494910
v -0.356576 1.208689 0.489288
v -0.355330 1.208689 0.494910
v -0.356576 1.207863 0.490934
v -0.355857 1.208015 0.491664
v -0.355695 1.208689 0.490934
v -0.355695 1.207863 0.494910
v -0.356576 1.223166 0.494910
v -0.355330 1.221999 0.494910
v -0.356576 1.221999 0.489288
v -0.355695 1.222824 0.494910
v -0.355857 1.222673 0.491664
v -0.355695 1.221999 0.490934
v -0.356576 1.222824 0.490934
v -0.319280 1.169857 0.682803
v -0.320248 1.168950 0.682803
v -0.320248 1.169857 0.687171
v -0.364075 1.210901 0.687171
v -0.365044 1.210901 0.682803
v -0.364075 1.169857 0.687171
v -0.364075 1.168950 0.682803
v -0.365044 1.169857 0.682803
v -0.364075 1.168950 0.685604
v -0.365044 1.169857 0.685604
v -0.364075 1.210901 0.689972
v -0.364075 1.211808 0.685604
v -0.365044 1.210901 0.685604
v -0.364075 1.168950 0.487900
v -0.365044 1.169857 0.487900
v -0.364075 1.169857 0.483533
v -0.364075 1.211808 0.487900
v -0.364075 1.210901 0.483533
v -0.365044 1.210901 0.487900
v -0.320248 1.168950 0.685604
v -0.319280 1.169857 0.685604
v -0.320248 1.211808 0.685604
v -0.320248 1.210901 0.689972
v -0.319280 1.210901 0.685604
v -0.320248 1.168950 0.487900
v -0.320248 1.169857 0.483533
v -0.319280 1.169857 0.487900
v -0.320248 1.211808 0.487900
v -0.319280 1.210901 0.487900
v -0.320248 1.210901 0.483533
v -0.320248 1.210901 0.687171
v -0.319280 1.210901 0.682803
v -0.271852 1.169857 0.682803
v -0.272821 1.168950 0.682803
v -0.272821 1.169857 0.687171
v -0.316648 1.210901 0.687171
v -0.317616 1.210901 0.682803
v -0.316648 1.169857 0.687171
v -0.316648 1.168950 0.682803
v -0.317616 1.169857 0.682803
v -0.316648 1.168950 0.685604
v -0.317616 1.169857 0.685604
v -0.316648 1.210901 0.689972
v -0.316648 1.211808 0.685604
v -0.317616 1.210901 0.685604
v -0.316648 1.168950 0.487900
v -0.317616 1.169857 0.487900
v -0.316648 1.169857 0.483533
v -0.316648 1.211808 0.487900
v -0.316648 1.210901 0.483533
v -0.317616 1.210901 0.487900
v -0.272821 1.168950 0.685604
v -0.271852 1.169857 0.685604
v -0.272821 1.211808 0.685604
v -0.272821 1.210901 0.689972
v -0.271852 1.210901 0.685604
v -0.272821 1.168950 0.487900
v -0.272821 1.169857 0.483533
v -0.271852 1.169857 0.487900
v -0.272821 1.211808 0.487900
v -0.271852 1.210901 0.487900
v -0.272821 1.210901 0.483533
v -0.272821 1.210901 0.687171
v -0.271852 1.210901 0.682803
v -0.280393 1.207521 0.591978
v -0.280393 1.208689 0.597600
v -0.281640 1.208689 0.591978
v -0.280393 1.207863 0.595953
v -0.281113 1.208015 0.595224
v -0.281274 1.208689 0.595953
v -0.281274 1.207863 0.591978
v -0.280393 1.221999 0.597600
v -0.280393 1.223166 0.591978
v -0.281640 1.221999 0.591978
v -0.280393 1.222824 0.595953
v -0.281113 1.222673 0.595224
v -0.281274 1.222824 0.591978
v -0.281274 1.221999 0.595953
v -0.280393 1.207521 0.494910
v -0.281640 1.208689 0.494910
v -0.280393 1.208689 0.489288
v -0.281274 1.207863 0.494910
v -0.281113 1.208015 0.491664
v -0.281274 1.208689 0.490934
v -0.280393 1.207863 0.490934
v -0.280393 1.223166 0.494910
v -0.280393 1.221999 0.489288
v -0.281640 1.221999 0.494910
v -0.280393 1.222824 0.490934
v -0.281113 1.222673 0.491664
v -0.281274 1.221999 0.490934
v -0.281274 1.222824 0.494910
v -0.261722 1.207521 0.591978
v -0.260475 1.208689 0.591978
v -0.261722 1.208689 0.597600
v -0.260840 1.207863 0.591978
v -0.261002 1.208015 0.595224
v -0.260840 1.208689 0.595953
v -0.261722 1.207863 0.595953
v -0.261722 1.223166 0.591978
v -0.261722 1.221999 0.597600
v -0.260475 1.221999 0.591978
v -0.261722 1.222824 0.595953
v -0.261002 1.222673 0.595224
v -0.260840 1.221999 0.595953
v -0.260840 1.222824 0.591978
v -0.261722 1.207521 0.494910
v -0.261722 1.208689 0.489288
v -0.260475 1.208689 0.494910
v -0.261722 1.207863 0.490934
v -0.261002 1.208015 0.491664
v -0.260840 1.208689 0.490934
v -0.260840 1.207863 0.494910
v -0.261722 1.223166 0.494910
v -0.260475 1.221999 0.494910
v -0.261722 1.221999 0.489288
v -0.260840 1.222824 0.494910
v -0.261002 1.222673 0.491664
v -0.260840 1.221999 0.490934
v -0.261722 1.222824 0.490934
v -0.224425 1.169857 0.682803
v -0.225393 1.168950 0.682803
v -0.225393 1.169857 0.687171
v -0.269221 1.210901 0.687171
v -0.270189 1.210901 0.682803
v -0.269221 1.169857 0.687171
v -0.269221 1.168950 0.682803
v -0.270189 1.169857 0.682803
v -0.269221 1.168950 0.685604
v -0.270189 1.169857 0.685604
v -0.269221 1.210901 0.689972
v -0.269221 1.211808 0.685604
v -0.270189 1.210901 0.685604
v -0.269221 1.168950 0.487900
v -0.270189 1.169857 0.487900
v -0.269221 1.169857 0.483533
v -0.269221 1.211808 0.487900
v -0.269221 1.210901 0.483533
v -0.270189 1.210901 0.487900
v -0.225393 1.168950 0.685604
v -0.224425 1.169857 0.685604
v -0.225393 1.211808 0.685604
v -0.225393 1.210901 0.689972
v -0.224425 1.210901 0.685604
v -0.225393 1.168950 0.487900
v -0.225393 1.169857 0.483533
v -0.224425 1.169857 0.487900
v -0.225393 1.211808 0.487900
v -0.224425 1.210901 0.487900
v -0.225393 1.210901 0.483533
v -0.225393 1.210901 0.687171
v -0.224425 1.210901 0.682803
v -0.232966 1.207521 0.591978
v -0.232966 1.208689 0.597600
v -0.234212 1.208689 0.591978
v -0.232966 1.207863 0.595953
v -0.233685 1.208015 0.595224
v -0.233847 1.208689 0.595953
v -0.233847 1.207863 0.591978
v -0.232966 1.221999 0.597600
v -0.232966 1.223166 0.591978
v -0.234212 1.221999 0.591978
v -0.232966 1.222824 0.595953
v -0.233685 1.222673 0.595224
v -0.233847 1.222824 0.591978
v -0.233847 1.221999 0.595953
v -0.232966 1.207521 0.494910
v -0.234212 1.208689 0.494910
v -0.232966 1.208689 0.489288
v -0.233847 1.207863 0.494910
v -0.233685 1.208015 0.491664
v -0.233847 1.208689 0.490934
v -0.232966 1.207863 0.490934
v -0.232966 1.223166 0.494910
v -0.232966 1.221999 0.489288
v -0.234212 1.221999 0.494910
v -0.232966 1.222824 0.490934
v -0.233685 1.222673 0.491664
v -0.233847 1.221999 0.490934
v -0.233847 1.222824 0.494910
v -0.214294 1.207521 0.591978
v -0.213048 1.208689 0.591978
v -0.214294 1.208689 0.597600
v -0.213413 1.207863 0.591978
v -0.213575 1.208015 0.595224
v -0.213413 1.208689 0.595953
v -0.214294 1.207863 0.595953
v -0.214294 1.223166 0.591978
v -0.214294 1.221999 0.597600
v -0.213048 1.221999 0.591978
v -0.214294 1.222824 0.595953
v -0.213575 1.222673 0.595224
v -0.213413 1.221999 0.595953
v -0.213413 1.222824 0.591978
v -0.214294 1.207521 0.494910
v -0.214294 1.208689 0.489288
v -0.213048 1.208689 0.494910
v -0.214294 1.207863 0.490934
v -0.213575 1.208015 0.491664
v -0.213413 1.208689 0.490934
v -0.213413 1.207863 0.494910
v -0.214294 1.223166 0.494910
v -0.213048 1.221999 0.494910
v -0.214294 1.221999 0.489288
v -0.213413 1.222824 0.494910
v -0.213575 1.222673 0.491664
v -0.213413 1.221999 0.490934
v -0.214294 1.222824 0.490934
v -0.176998 1.169857 0.682803
v -0.177966 1.168950 0.682803
v -0.177966 1.169857 0.687171
v -0.221794 1.210901 0.687171
v -0.222762 1.210901 0.682803
v -0.221794 1.169857 0.687171
v -0.221794 1.168950 0.682803
v -0.222762 1.169857 0.682803
v -0.221794 1.168950 0.685604
v -0.222762 1.169857 0.685604
v -0.221794 1.210901 0.689972
v -0.221794 1.211808 0.685604
v -0.222762 1.210901 0.685604
v -0.221794 1.168950 0.487900
v -0.222762 1.169857 0.487900
v -0.221794 1.169857 0.483533
v -0.221794 1.211808 0.487900
v -0.221794 1.210901 0.483533
v -0.222762 1.210901 0.487900
v -0.177966 1.168950 0.685604
v -0.176998 1.169857 0.685604
v -0.177966 1.211808 0.685604
v -0.177966 1.210901 0.689972
v -0.176998 1.210901 0.685604
v -0.177966 1.168950 0.487900
v -0.177966 1.169857 0.483533
v -0.176998 1.169857 0.487900
v -0.177966 1.211808 0.487900
v -0.176998 1.210901 0.487900
v -0.177966 1.210901 0.483533
v -0.177966 1.210901 0.687171
v -0.176998 1.210901 0.682803
v -0.185539 1.207521 0.591978
v -0.185539 1.208689 0.597600
v -0.186785 1.208689 0.591978
v -0.185539 1.207863 0.595953
v -0.186258 1.208015 0.595224
v -0.186420 1.208689 0.595953
v -0.186420 1.207863 0.591978
v -0.185539 1.221999 0.597600
v -0.185539 1.223166 0.591978
v -0.186785 1.221999 0.591978
v -0.185539 1.222824 0.595953
v -0.186258 1.222673 0.595224
v -0.186420 1.222824 0.591978
v -0.186420 1.221999 0.595953
v -0.185539 1.207521 0.494910
v -0.186785 1.208689 0.494910
v -0.185539 1.208689 0.489288
v -0.186420 1.207863 0.494910
v -0.186258 1.208015 0.491664
v -0.186420 1.208689 0.490934
v -0.185539 1.207863 0.490934
v -0.185539 1.223166 0.494910
v -0.185539 1.221999 0.489288
v -0.186785 1.221999 0.494910
v -0.185539 1.222824 0.490934
v -0.186258 1.222673 0.491664
v -0.186420 1.221999 0.490934
v -0.186420 1.222824 0.494910
v -0.166867 1.207521 0.591978
v -0.165621 1.208689 0.591978
v -0.166867 1.208689 0.597600
v -0.165986 1.207863 0.591978
v -0.166147 1.208015 0.595224
v -0.165986 1.208689 0.595953
v -0.166867 1.207863 0.595953
v -0.166867 1.223166 0.591978
v -0.166867 1.221999 0.597600
v -0.165621 1.221999 0.591978
v -0.166867 1.222824 0.595953
v -0.166147 1.222673 0.595224
v -0.165986 1.221999 0.595953
v -0.165986 1.222824 0.591978
v -0.166867 1.207521 0.494910
v -0.166867 1.208689 0.489288
v -0.165621 1.208689 0.494910
v -0.166867 1.207863 0.490934
v -0.166147 1.208015 0.491664
v -0.165986 1.208689 0.490934
v -0.165986 1.207863 0.494910
v -0.166867 1.223166 0.494910
v -0.165621 1.221999 0.494910
v -0.166867 1.221999 0.489288
v -0.165986 1.222824 0.494910
v -0.166147 1.222673 0.491664
v -0.165986 1.221999 0.490934
v -0.166867 1.222824 0.490934
v -0.129571 1.169857 0.682803
v -0.130539 1.168950 0.682803
v -0.130539 1.169857 0.687171
v -0.174366 1.210901 0.687171
v -0.175335 1.210901 0.682803
v -0.174366 1.169857 0.687171
v -0.174366 1.168950 0.682803
v -0.175335 1.169857 0.682803
v -0.174366 1.168950 0.685604
v -0.175335 1.169857 0.685604
v -0.174366 1.210901 0.689972
v -0.174366 1.211808 0.685604
v -0.175335 1.210901 0.685604
v -0.174366 1.168950 0.487900
v -0.175335 1.169857 0.487900
v -0.174366 1.169857 0.483533
v -0.174366 1.211808 0.487900
v -0.174366 1.210901 0.483533
v -0.175335 1.210901 0.487900
v -0.130539 1.168950 0.685604
v -0.129571 1.169857 0.685604
v -0.130539 1.211808 0.685604
v -0.130539 1.210901 0.689972
v -0.129571 1.210901 0.685604
v -0.130539 1.168950 0.487900
v -0.130539 1.169857 0.483533
v -0.129571 1.169857 0.487900
v -0.130539 1.211808 0.487900
v -0.129571 1.210901 0.487900
v -0.130539 1.210901 0.483533
v -0.130539 1.210901 0.687171
v -0.129571 1.210901 0.682803
v -0.082143 1.169857 0.682803
v -0.083112 1.168950 0.682803
v -0.083112 1.169857 0.687171
v -0.126939 1.210901 0.687171
v -0.127907 1.210901 0.682803
v -0.126939 1.169857 0.687171
v -0.126939 1.168950 0.682803
v -0.127907 1.169857 0.682803
v -0.126939 1.168950 0.685604
v -0.127907 1.169857 0.685604
v -0.126939 1.210901 0.689972
v -0.126939 1.211808 0.685604
v -0.127907 1.210901 0.685604
v -0.126939 1.168950 0.487900
v -0.127907 1.169857 0.487900
v -0.126939 1.169857 0.483533
v -0.126939 1.211808 0.487900
v -0.126939 1.210901 0.483533
v -0.127907 1.210901 0.487900
v -0.083112 1.168950 0.685604
v -0.082143 1.169857 0.685604
v -0.083112 1.211808 0.685604
v -0.083112 1.210901 0.689972
v -0.082143 1.210901 0.685604
v -0.083112 1.168950 0.487900
v -0.083112 1.169857 0.483533
v -0.082143 1.169857 0.487900
v -0.083112 1.211808 0.487900
v -0.082143 1.210901 0.487900
v -0.083112 1.210901 0.483533
v -0.083112 1.210901 0.687171
v -0.082143 1.210901 0.682803
v -0.090684 1.207521 0.591978
v -0.090684 1.208689 0.597600
v -0.091930 1.208689 0.591978
v -0.090684 1.207863 0.595953
v -0.091404 1.208015 0.595224
v -0.091565 1.208689 0.595953
v -0.091565 1.207863 0.591978
v -0.090684 1.221999 0.597600
v -0.090684 1.223166 0.591978
v -0.091930 1.221999 0.591978
v -0.090684 1.222824 0.595953
v -0.091404 1.222673 0.595224
v -0.091565 1.222824 0.591978
v -0.091565 1.221999 0.595953
v -0.090684 1.207521 0.494910
v -0.091930 1.208689 0.494910
v -0.090684 1.208689 0.489288
v -0.091565 1.207863 0.494910
v -0.091404 1.208015 0.491664
v -0.091565 1.208689 0.490934
v -0.090684 1.207863 0.490934
v -0.090684 1.223166 0.494910
v -0.090684 1.221999 0.489288
v -0.091930 1.221999 0.494910
v -0.090684 1.222824 0.490934
v -0.091404 1.222673 0.491664
v -0.091565 1.221999 0.490934
v -0.091565 1.222824 0.494910
v -0.072013 1.207521 0.591978
v -0.070766 1.208689 0.591978
v -0.072013 1.208689 0.597600
v -0.071131 1.207863 0.591978
v -0.071293 1.208015 0.595224
v -0.071131 1.208689 0.595953
v -0.072013 1.207863 0.595953
v -0.072013 1.223166 0.591978
v -0.072013 1.221999 0.597600
v -0.070766 1.221999 0.591978
v -0.072013 1.222824 0.595953
v -0.071293 1.222673 0.595224
v -0.071131 1.221999 0.595953
v -0.071131 1.222824 0.591978
v -0.072013 1.207521 0.494910
v -0.072013 1.208689 0.489288
v -0.070766 1.208689 0.494910
v -0.072013 1.207863 0.490934
v -0.071293 1.208015 0.491664
v -0.071131 1.208689 0.490934
v -0.071131 1.207863 0.494910
v -0.072013 1.223166 0.494910
v -0.070766 1.221999 0.494910
v -0.072013 1.221999 0.489288
v -0.071131 1.222824 0.494910
v -0.071293 1.222673 0.491664
v -0.071131 1.221999 0.490934
v -0.072013 1.222824 0.490934
v -0.034716 1.169857 0.682803
v -0.035684 1.168950 0.682803
v -0.035684 1.169857 0.687171
v -0.079512 1.210901 0.687171
v -0.080480 1.210901 0.682803
v -0.079512 1.169857 0.687171
v -0.079512 1.168950 0.682803
v -0.080480 1.169857 0.682803
v -0.079512 1.168950 0.685604
v -0.080480 1.169857 0.685604
v -0.079512 1.210901 0.689972
v -0.079512 1.211808 0.685604
v -0.080480 1.210901 0.685604
v -0.079512 1.168950 0.487900
v -0.080480 1.169857 0.487900
v -0.079512 1.169857 0.483533
v -0.079512 1.211808 0.487900
v -0.079512 1.210901 0.483533
v -0.080480 1.210901 0.487900
v -0.035684 1.168950 0.685604
v -0.034716 1.169857 0.685604
v -0.035684 1.211808 0.685604
v -0.035684 1.210901 0.689972
v -0.034716 1.210901 0.685604
v -0.035684 1.168950 0.487900
v -0.035684 1.169857 0.483533
v -0.034716 1.169857 0.487900
v -0.035684 1.211808 0.487900
v -0.034716 1.210901 0.487900
v -0.035684 1.210901 0.483533
v -0.035684 1.210901 0.687171
v -0.034716 1.210901 0.682803
v -0.043257 1.207521 0.591978
v -0.043257 1.208689 0.597600
v -0.044503 1.208689 0.591978
v -0.043257 1.207863 0.595953
v -0.043976 1.208015 0.595224
v -0.044138 1.208689 0.595953
v -0.044138 1.207863 0.591978
v -0.043257 1.221999 0.597600
v -0.043257 1.223166 0.591978
v -0.044503 1.221999 0.591978
v -0.043257 1.222824 0.595953
v -0.043976 1.222673 0.595224
v -0.044138 1.222824 0.591978
v -0.044138 1.221999 0.595953
v -0.043257 1.207521 0.494910
v -0.044503 1.208689 0.494910
v -0.043257 1.208689 0.489288
v -0.044138 1.207863 0.494910
v -0.043976 1.208015 0.491664
v -0.044138 1.208689 0.490934
v -0.043257 1.207863 0.490934
v -0.043257 1.223166 0.494910
v -0.043257 1.221999 0.489288
v -0.044503 1.221999 0.494910
v -0.043257 1.222824 0.490934
v -0.043976 1.222673 0.491664
v -0.044138 1.221999 0.490934
v -0.044138 1.222824 0.494910
v -0.024585 1.207521 0.591978
v -0.023339 1.208689 0.591978
v -0.024585 1.208689 0.597600
v -0.023704 1.207863 0.591978
v -0.023866 1.208015 0.595224
v -0.023704 1.208689 0.595953
v -0.024585 1.207863 0.595953
v -0.024585 1.223166 0.591978
v -0.024585 1.221999 0.597600
v -0.023339 1.221999 0.591978
v -0.024585 1.222824 0.595953
v -0.023866 1.222673 0.595224
v -0.023704 1.221999 0.595953
v -0.023704 1.222824 0.591978
v -0.024585 1.207521 0.494910
v -0.024585 1.208689 0.489288
v -0.023339 1.208689 0.494910
v -0.024585 1.207863 0.490934
v -0.023866 1.208015 0.491664
v -0.023704 1.208689 0.490934
v -0.023704 1.207863 0.494910
v -0.024585 1.223166 0.494910
v -0.023339 1.221999 0.494910
v -0.024585 1.221999 0.489288
v -0.023704 1.222824 0.494910
v -0.023866 1.222673 0.491664
v -0.023704 1.221999 0.490934
v -0.024585 1.222824 0.490934
v 0.012711 1.169857 0.682803
v 0.011743 1.168950 0.682803
v 0.011743 1.169857 0.687171
v -0.032085 1.210901 0.687171
v -0.033053 1.210901 0.682803
v -0.032085 1.169857 0.687171
v -0.032085 1.168950 0.682803
v -0.033053 1.169857 0.682803
v -0.032085 1.168950 0.685604
v -0.033053 1.169857 0.685604
v -0.032085 1.210901 0.689972
v -0.032085 1.211808 0.685604
v -0.033053 1.210901 0.685604
v -0.032085 1.168950 0.487900
v -0.033053 1.169857 0.487900
v -0.032085 1.169857 0.483533
v -0.032085 1.211808 0.487900
v -0.032085 1.210901 0.483533
v -0.033053 1.210901 0.487900
v 0.011743 1.168950 0.685604
v 0.012711 1.169857 0.685604
v 0.011743 1.211808 0.685604
v 0.011743 1.210901 0.689972
v 0.012711 1.210901 0.685604
v 0.011743 1.168950 0.487900
v 0.011743 1.169857 0.483533
v 0.012711 1.169857 0.487900
v 0.011743 1.211808 0.487900
v 0.012711 1.210901 0.487900
v 0.011743 1.210901 0.483533
v 0.011743 1.210901 0.687171
v 0.012711 1.210901 0.682803
v 0.060138 1.169857 0.682803
v 0.059170 1.168950 0.682803
v 0.059170 1.169857 0.687171
v 0.015343 1.210901 0.687171
v 0.014374 1.210901 0.682803
v 0.015343 1.169857 0.687171
v 0.015343 1.168950 0.682803
v 0.014374 1.169857 0.682803
v 0.015343 1.168950 0.685604
v 0.014374 1.169857 0.685604
v 0.015343 1.210901 0.689972
v 0.015343 1.211808 0.685604
v 0.014374 1.210901 0.685604
v 0.015343 1.168950 0.487900
v 0.014374 1.169857 0.487900
v 0.015343 1.169857 0.483533
v 0.015343 1.211808 0.487900
v 0.015343 1.210901 0.483533
v 0.014374 1.210901 0.487900
v 0.059170 1.168950 0.685604
v 0.060138 1.169857 0.685604
v 0.059170 1.211808 0.685604
v 0.059170 1.210901 0.689972
v 0.060138 1.210901 0.685604
v 0.059170 1.168950 0.487900
v 0.059170 1.169857 0.483533
v 0.060138 1.169857 0.487900
v 0.059170 1.211808 0.487900
v 0.060138 1.210901 0.487900
v 0.059170 1.210901 0.483533
v 0.059170 1.210901 0.687171
v 0.060138 1.210901 0.682803
v 0.051598 1.207521 0.591978
v 0.051598 1.208689 0.597600
v 0.050351 1.208689 0.591978
v 0.051598 1.207863 0.595953
v 0.050878 1.208015 0.595224
v 0.050716 1.208689 0.595953
v 0.050716 1.207863 0.591978
v 0.051598 1.221999 0.597600
v 0.051598 1.223166 0.591978
v 0.050351 1.221999 0.591978
v 0.051598 1.222824 0.595953
v 0.050878 1.222673 0.595224
v 0.050716 1.222824 0.591978
v 0.050716 1.221999 0.595953
v 0.051598 1.207521 0.494910
v 0.050351 1.208689 0.494910
v 0.051598 1.208689 0.489288
v 0.050716 1.207863 0.494910
v 0.050878 1.208015 0.491664
v 0.050716 1.208689 0.490934
v 0.051598 1.207863 0.490934
v 0.051598 1.223166 0.494910
v 0.051598 1.221999 0.489288
v 0.050351 1.221999 0.494910
v 0.051598 1.222824 0.490934
v 0.050878 1.222673 0.491664
v 0.050716 1.221999 0.490934
v 0.050716 1.222824 0.494910
v 0.070269 1.207521 0.591978
v 0.071516 1.208689 0.591978
v 0.070269 1.208689 0.597600
v 0.071151 1.207863 0.591978
v 0.070989 1.208015 0.595224
v 0.071151 1.208689 0.595953
v 0.070269 1.207863 0.595953
v 0.070269 1.223166 0.591978
v 0.070269 1.221999 0.597600
v 0.071516 1.221999 0.591978
v 0.070269 1.222824 0.595953
v 0.070989 1.222673 0.595224
v 0.071151 1.221999 0.595953
v 0.071151 1.222824 0.591978
v 0.070269 1.207521 0.494910
v 0.070269 1.208689 0.489288
v 0.071516 1.208689 0.494910
v 0.070269 1.207863 0.490934
v 0.070989 1.208015 0.491664
v 0.071151 1.208689 0.490934
v 0.071151 1.207863 0.494910
v 0.070269 1.223166 0.494910
v 0.071516 1.221999 0.494910
v 0.070269 1.221999 0.489288
v 0.071151 1.222824 0.494910
v 0.070989 1.222673 0.491664
v 0.071151 1.221999 0.490934
v 0.070269 1.222824 0.490934
v 0.107566 1.169857 0.682803
v 0.106598 1.168950 0.682803
v 0.106598 1.169857 0.687171
v 0.062770 1.210901 0.687171
v 0.061802 1.210901 0.682803
v 0.062770 1.169857 0.687171
v 0.062770 1.168950 0.682803
v 0.061802 1.169857 0.682803
v 0.062770 1.168950 0.685604
v 0.061802 1.169857 0.685604
v 0.062770 1.210901 0.689972
v 0.062770 1.211808 0.685604
v 0.061802 1.210901 0.685604
v 0.062770 1.168950 0.487900
v 0.061802 1.169857 0.487900
v 0.062770 1.169857 0.483533
v 0.062770 1.211808 0.487900
v 0.062770 1.210901 0.483533
v 0.061802 1.210901 0.487900
v 0.106598 1.168950 0.685604
v 0.107566 1.169857 0.685604
v 0.106598 1.211808 0.685604
v 0.106598 1.210901 0.689972
v 0.107566 1.210901 0.685604
v 0.106598 1.168950 0.487900
v 0.106598 1.169857 0.483533
v 0.107566 1.169857 0.487900
v 0.106598 1.211808 0.487900
v 0.107566 1.210901 0.487900
v 0.106598 1.210901 0.483533
v 0.106598 1.210901 0.687171
v 0.107566 1.210901 0.682803
v 0.099025 1.207521 0.591978
v 0.099025 1.208689 0.597600
v 0.097779 1.208689 0.591978
v 0.099025 1.207863 0.595953
v 0.098305 1.208015 0.595224
v 0.098144 1.208689 0.595953
v 0.098144 1.207863 0.591978
v 0.099025 1.221999 0.597600
v 0.099025 1.223166 0.591978
v 0.097779 1.221999 0.591978
v 0.099025 1.222824 0.595953
v 0.098305 1.222673 0.595224
v 0.098144 1.222824 0.591978
v 0.098144 1.221999 0.595953
v 0.099025 1.207521 0.494910
v 0.097779 1.208689 0.494910
v 0.099025 1.208689 0.489288
v 0.098144 1.207863 0.494910
v 0.098305 1.208015 0.491664
v 0.098144 1.208689 0.490934
v 0.099025 1.207863 0.490934
v 0.099025 1.223166 0.494910
v 0.099025 1.221999 0.489288
v 0.097779 1.221999 0.494910
v 0.099025 1.222824 0.490934
v 0.098305 1.222673 0.491664
v 0.098144 1.221999 0.490934
v 0.098144 1.222824 0.494910
v 0.117697 1.207521 0.591978
v 0.118943 1.208689 0.591978
v 0.117697 1.208689 0.597600
v 0.118578 1.207863 0.591978
v 0.118416 1.208015 0.595224
v 0.118578 1.208689 0.595953
v 0.117697 1.207863 0.595953
v 0.117697 1.223166 0.591978
v 0.117697 1.221999 0.597600
v 0.118943 1.221999 0.591978
v 0.117697 1.222824 0.595953
v 0.118416 1.222673 0.595224
v 0.118578 1.221999 0.595953
v 0.118578 1.222824 0.591978
v 0.117697 1.207521 0.494910
v 0.117697 1.208689 0.489288
v 0.118943 1.208689 0.494910
v 0.117697 1.207863 0.490934
v 0.118416 1.208015 0.491664
v 0.118578 1.208689 0.490934
v 0.118578 1.207863 0.494910
v 0.117697 1.223166 0.494910
v 0.118943 1.221999 0.494910
v 0.117697 1.221999 0.489288
v 0.118578 1.222824 0.494910
v 0.118416 1.222673 0.491664
v 0.118578 1.221999 0.490934
v 0.117697 1.222824 0.490934
v 0.154993 1.169857 0.682803
v 0.154025 1.168950 0.682803
v 0.154025 1.169857 0.687171
v 0.110197 1.210901 0.687171
v 0.109229 1.210901 0.682803
v 0.110197 1.169857 0.687171
v 0.110197 1.168950 0.682803
v 0.109229 1.169857 0.682803
v 0.110197 1.168950 0.685604
v 0.109229 1.169857 0.685604
v 0.110197 1.210901 0.689972
v 0.110197 1.211808 0.685604
v 0.109229 1.210901 0.685604
v 0.110197 1.168950 0.487900
v 0.109229 1.169857 0.487900
v 0.110197 1.169857 0.483533
v 0.110197 1.211808 0.487900
v 0.110197 1.210901 0.483533
v 0.109229 1.210901 0.487900
v 0.154025 1.168950 0.685604
v 0.154993 1.169857 0.685604
v 0.154025 1.211808 0.685604
v 0.154025 1.210901 0.689972
v 0.154993 1.210901 0.685604
v 0.154025 1.168950 0.487900
v 0.154025 1.169857 0.483533
v 0.154993 1.169857 0.487900
v 0.154025 1.211808 0.487900
v 0.154993 1.210901 0.487900
v 0.154025 1.210901 0.483533
v 0.154025 1.210901 0.687171
v 0.154993 1.210901 0.682803
v 0.146452 1.207521 0.591978
v 0.146452 1.208689 0.597600
v 0.145206 1.208689 0.591978
v 0.146452 1.207863 0.595953
v 0.145733 1.208015 0.595224
v 0.145571 1.208689 0.595953
v 0.145571 1.207863 0.591978
v 0.146452 1.221999 0.597600
v 0.146452 1.223166 0.591978
v 0.145206 1.221999 0.591978
v 0.146452 1.222824 0.595953
v 0.145733 1.222673 0.595224
v 0.145571 1.222824 0.591978
v 0.145571 1.221999 0.595953
v 0.146452 1.207521 0.494910
v 0.145206 1.208689 0.494910
v 0.146452 1.208689 0.489288
v 0.145571 1.207863 0.494910
v 0.145733 1.208015 0.491664
v 0.145571 1.208689 0.490934
v 0.146452 1.207863 0.490934
v 0.146452 1.223166 0.494910
v 0.146452 1.221999 0.489288
v 0.145206 1.221999 0.494910
v 0.146452 1.222824 0.490934
v 0.145733 1.222673 0.491664
v 0.145571 1.221999 0.490934
v 0.145571 1.222824 0.494910
v 0.165124 1.207521 0.591978
v 0.166370 1.208689 0.591978
v 0.165124 1.208689 0.597600
v 0.166005 1.207863 0.591978
v 0.165844 1.208015 0.595224
v 0.166005 1.208689 0.595953
v 0.165124 1.207863 0.595953
v 0.165124 1.223166 0.591978
v 0.165124 1.221999 0.597600
v 0.166370 1.221999 0.591978
v 0.165124 1.222824 0.595953
v 0.165844 1.222673 0.595224
v 0.166005 1.221999 0.595953
v 0.166005 1.222824 0.591978
v 0.165124 1.207521 0.494910
v 0.165124 1.208689 0.489288
v 0.166370 1.208689 0.494910
v 0.165124 1.207863 0.490934
v 0.165844 1.208015 0.491664
v 0.166005 1.208689 0.490934
v 0.166005 1.207863 0.494910
v 0.165124 1.223166 0.494910
v 0.166370 1.221999 0.494910
v 0.165124 1.221999 0.489288
v 0.166005 1.222824 0.494910
v 0.165844 1.222673 0.491664
v 0.166005 1.221999 0.490934
v 0.165124 1.222824 0.490934
v 0.202420 1.169857 0.682803
v 0.201452 1.168950 0.682803
v 0.201452 1.169857 0.687171
v 0.157624 1.210901 0.687171
v 0.156656 1.210901 0.682803
v 0.157624 1.169857 0.687171
v 0.157624 1.168950 0.682803
v 0.156656 1.169857 0.682803
v 0.157624 1.168950 0.685604
v 0.156656 1.169857 0.685604
v 0.157624 1.210901 0.689972
v 0.157624 1.211808 0.685604
v 0.156656 1.210901 0.685604
v 0.157624 1.168950 0.487900
v 0.156656 1.169857 0.487900
v 0.157624 1.169857 0.483533
v 0.157624 1.211808 0.487900
v 0.157624 1.210901 0.483533
v 0.156656 1.210901 0.487900
v 0.201452 1.168950 0.685604
v 0.202420 1.169857 0.685604
v 0.201452 1.211808 0.685604
v 0.201452 1.210901 0.689972
v 0.202420 1.210901 0.685604
v 0.201452 1.168950 0.487900
v 0.201452 1.169857 0.483533
v 0.202420 1.169857 0.487900
v 0.201452 1.211808 0.487900
v 0.202420 1.210901 0.487900
v 0.201452 1.210901 0.483533
v 0.201452 1.210901 0.687171
v 0.202420 1.210901 0.682803
v 0.249848 1.169857 0.682803
v 0.248879 1.168950 0.682803
v 0.248879 1.169857 0.687171
v 0.205052 1.210901 0.687171
v 0.204084 1.210901 0.682803
v 0.205052 1.169857 0.687171
v 0.205052 1.168950 0.682803
v 0.204084 1.169857 0.682803
v 0.205052 1.168950 0.685604
v 0.204084 1.169857 0.685604
v 0.205052 1.210901 0.689972
v 0.205052 1.211808 0.685604
v 0.204084 1.210901 0.685604
v 0.205052 1.168950 0.487900
v 0.204084 1.169857 0.487900
v 0.205052 1.169857 0.483533
v 0.205052 1.211808 0.487900
v 0.205052 1.210901 0.483533
v 0.204084 1.210901 0.487900
v 0.248879 1.168950 0.685604
v 0.249848 1.169857 0.685604
v 0.248879 1.211808 0.685604
v 0.248879 1.210901 0.689972
v 0.249848 1.210901 0.685604
v 0.248879 1.168950 0.487900
v 0.248879 1.169857 0.483533
v 0.249848 1.169857 0.487900
v 0.248879 1.211808 0.487900
v 0.249848 1.210901 0.487900
v 0.248879 1.210901 0.483533
v 0.248879 1.210901 0.687171
v 0.249848 1.210901 0.682803
v 0.241307 1.207521 0.591978
v 0.241307 1.208689 0.597600
v 0.240060 1.208689 0.591978
v 0.241307 1.207863 0.595953
v 0.240587 1.208015 0.595224
v 0.240426 1.208689 0.595953
v 0.240426 1.207863 0.591978
v 0.241307 1.221999 0.597600
v 0.241307 1.223166 0.591978
v 0.240060 1.221999 0.591978
v 0.241307 1.222824 0.595953
v 0.240587 1.222673 0.595224
v 0.240426 1.222824 0.591978
v 0.240426 1.221999 0.595953
v 0.241307 1.207521 0.494910
v 0.240060 1.208689 0.494910
v 0.241307 1.208689 0.489288
v 0.240426 1.207863 0.494910
v 0.240587 1.208015 0.491664
v 0.240426 1.208689 0.490934
v 0.241307 1.207863 0.490934
v 0.241307 1.223166 0.494910
v 0.241307 1.221999 0.489288
v 0.240060 1.221999 0.494910
v 0.241307 1.222824 0.490934
v 0.240587 1.222673 0.491664
v 0.240426 1.221999 0.490934
v 0.240426 1.222824 0.494910
v 0.259978 1.207521 0.591978
v 0.261225 1.208689 0.591978
v 0.259978 1.208689 0.597600
v 0.260860 1.207863 0.591978
v 0.260698 1.208015 0.595224
v 0.260860 1.208689 0.595953
v 0.259978 1.207863 0.595953
v 0.259978 1.223166 0.591978
v 0.259978 1.221999 0.597600
v 0.261225 1.221999 0.591978
v 0.259978 1.222824 0.595953
v 0.260698 1.222673 0.595224
v 0.260860 1.221999 0.595953
v 0.260860 1.222824 0.591978
v 0.259978 1.207521 0.494910
v 0.259978 1.208689 0.489288
v 0.261225 1.208689 0.494910
v 0.259978 1.207863 0.490934
v 0.260698 1.208015 0.491664
v 0.260860 1.208689 0.490934
v 0.260860 1.207863 0.494910
v 0.259978 1.223166 0.494910
v 0.261225 1.221999 0.494910
v 0.259978 1.221999 0.489288
v 0.260860 1.222824 0.494910
v 0.260698 1.222673 0.491664
v 0.260860 1.221999 0.490934
v 0.259978 1.222824 0.490934
v 0.297275 1.169857 0.682803
v 0.296307 1.168950 0.682803
v 0.296307 1.169857 0.687171
v 0.252479 1.210901 0.687171
v 0.251511 1.210901 0.682803
v 0.252479 1.169857 0.687171
v 0.252479 1.168950 0.682803
v 0.251511 1.169857 0.682803
v 0.252479 1.168950 0.685604
v 0.251511 1.169857 0.685604
v 0.252479 1.210901 0.689972
v 0.252479 1.211808 0.685604
v 0.251511 1.210901 0.685604
v 0.252479 1.168950 0.487900
v 0.251511 1.169857 0.487900
v 0.252479 1.169857 0.483533
v 0.252479 1.211808 0.487900
v 0.252479 1.210901 0.483533
v 0.251511 1.210901 0.487900
v 0.296307 1.168950 0.685604
v 0.297275 1.169857 0.685604
v 0.296307 1.211808 0.685604
v 0.296307 1.210901 0.689972
v 0.297275 1.210901 0.685604
v 0.296307 1.168950 0.487900
v 0.296307 1.169857 0.483533
v 0.297275 1.169857 0.487900
v 0.296307 1.211808 0.487900
v 0.297275 1.210901 0.487900
v 0.296307 1.210901 0.483533
v 0.296307 1.210901 0.687171
v 0.297275 1.210901 0.682803
v 0.288734 1.207521 0.591978
v 0.288734 1.208689 0.597600
v 0.287488 1.208689 0.591978
v 0.288734 1.207863 0.595953
v 0.288014 1.208015 0.595224
v 0.287853 1.208689 0.595953
v 0.287853 1.207863 0.591978
v 0.288734 1.221999 0.597600
v 0.288734 1.223166 0.591978
v 0.287488 1.221999 0.591978
v 0.288734 1.222824 0.595953
v 0.288014 1.222673 0.595224
v 0.287853 1.222824 0.591978
v 0.287853 1.221999 0.595953
v 0.288734 1.207521 0.494910
v 0.287488 1.208689 0.494910
v 0.288734 1.208689 0.489288
v 0.287853 1.207863 0.494910
v 0.288014 1.208015 0.491664
v 0.287853 1.208689 0.490934
v 0.288734 1.207863 0.490934
v 0.288734 1.223166 0.494910
v 0.288734 1.221999 0.489288
v 0.287488 1.221999 0.494910
v 0.288734 1.222824 0.490934
v 0.288014 1.222673 0.491664
v 0.287853 1.221999 0.490934
v 0.287853 1.222824 0.494910
v 0.307406 1.207521 0.591978
v 0.308652 1.208689 0.591978
v 0.307406 1.208689 0.597600
v 0.308287 1.207863 0.591978
v 0.308125 1.208015 0.595224
v 0.308287 1.208689 0.595953
v 0.307406 1.207863 0.595953
v 0.307406 1.223166 0.591978
v 0.307406 1.221999 0.597600
v 0.308652 1.221999 0.591978
v 0.307406 1.222824 0.595953
v 0.308125 1.222673 0.595224
v 0.308287 1.221999 0.595953
v 0.308287 1.222824 0.591978
v 0.307406 1.207521 0.494910
v 0.307406 1.208689 0.489288
v 0.308652 1.208689 0.494910
v 0.307406 1.207863 0.490934
v 0.308125 1.208015 0.491664
v 0.308287 1.208689 0.490934
v 0.308287 1.207863 0.494910
v 0.307406 1.223166 0.494910
v 0.308652 1.221999 0.494910
v 0.307406 1.221999 0.489288
v 0.308287 1.222824 0.494910
v 0.308125 1.222673 0.491664
v 0.308287 1.221999 0.490934
v 0.307406 1.222824 0.490934
v 0.344702 1.169857 0.682803
v 0.343734 1.168950 0.682803
v 0.343734 1.169857 0.687171
v 0.299906 1.210901 0.687171
v 0.298938 1.210901 0.682803
v 0.299906 1.169857 0.687171
v 0.299906 1.168950 0.682803
v 0.298938 1.169857 0.682803
v 0.299906 1.168950 0.685604
v 0.298938 1.169857 0.685604
v 0.299906 1.210901 0.689972
v 0.299906 1.211808 0.685604
v 0.298938 1.210901 0.685604
v 0.299906 1.168950 0.487900
v 0.298938 1.169857 0.487900
v 0.299906 1.169857 0.483533
v 0.299906 1.211808 0.487900
v 0.299906 1.210901 0.483533
v 0.298938 1.210901 0.487900
v 0.343734 1.168950 0.685604
v 0.344702 1.169857 0.685604
v 0.343734 1.211808 0.685604
v 0.343734 1.210901 0.689972
v 0.344702 1.210901 0.685604
v 0.343734 1.168950 0.487900
v 0.343734 1.169857 0.483533
v 0.344702 1.169857 0.487900
v 0.343734 1.211808 0.487900
v 0.344702 1.210901 0.487900
v 0.343734 1.210901 0.483533
v 0.343734 1.210901 0.687171
v 0.344702 1.210901 0.682803
v 0.392129 1.169857 0.682803
v 0.391161 1.168950 0.682803
v 0.391161 1.169857 0.687171
v 0.347333 1.210901 0.687171
v 0.346365 1.210901 0.682803
v 0.347333 1.169857 0.687171
v 0.347333 1.168950 0.682803
v 0.346365 1.169857 0.682803
v 0.347333 1.168950 0.685604
v 0.346365 1.169857 0.685604
v 0.347333 1.210901 0.689972
v 0.347333 1.211808 0.685604
v 0.346365 1.210901 0.685604
v 0.347333 1.168950 0.487900
v 0.346365 1.169857 0.487900
v 0.347333 1.169857 0.483533
v 0.347333 1.211808 0.487900
v 0.347333 1.210901 0.483533
v 0.346365 1.210901 0.487900
v 0.391161 1.168950 0.685604
v 0.392129 1.169857 0.685604
v 0.391161 1.211808 0.685604
v 0.391161 1.210901 0.689972
v 0.392129 1.210901 0.685604
v 0.391161 1.168950 0.487900
v 0.391161 1.169857 0.483533
v 0.392129 1.169857 0.487900
v 0.391161 1.211808 0.487900
v 0.392129 1.210901 0.487900
v 0.391161 1.210901 0.483533
v 0.391161 1.210901 0.687171
v 0.392129 1.210901 0.682803
v 0.383588 1.207521 0.591978
v 0.383588 1.208689 0.597600
v 0.382342 1.208689 0.591978
v 0.383588 1.207863 0.595953
v 0.382869 1.208015 0.595224
v 0.382707 1.208689 0.595953
v 0.382707 1.207863 0.591978
v 0.383588 1.221999 0.597600
v 0.383588 1.223166 0.591978
v 0.382342 1.221999 0.591978
v 0.383588 1.222824 0.595953
v 0.382869 1.222673 0.595224
v 0.382707 1.222824 0.591978
v 0.382707 1.221999 0.595953
v 0.383588 1.207521 0.494910
v 0.382342 1.208689 0.494910
v 0.383588 1.208689 0.489288
v 0.382707 1.207863 0.494910
v 0.382869 1.208015 0.491664
v 0.382707 1.208689 0.490934
v 0.383588 1.207863 0.490934
v 0.383588 1.223166 0.494910
v 0.383588 1.221999 0.489288
v 0.382342 1.221999 0.494910
v 0.383588 1.222824 0.490934
v 0.382869 1.222673 0.491664
v 0.382707 1.221999 0.490934
v 0.382707 1.222824 0.494910
v 0.402260 1.207521 0.591978
v 0.403506 1.208689 0.591978
v 0.402260 1.208689 0.597600
v 0.403141 1.207863 0.591978
v 0.402980 1.208015 0.595224
v 0.403141 1.208689 0.595953
v 0.402260 1.207863 0.595953
v 0.402260 1.223166 0.591978
v 0.402260 1.221999 0.597600
v 0.403506 1.221999 0.591978
v 0.402260 1.222824 0.595953
v 0.402980 1.222673 0.595224
v 0.403141 1.221999 0.595953
v 0.403141 1.222824 0.591978
v 0.402260 1.207521 0.494910
v 0.402260 1.208689 0.489288
v 0.403506 1.208689 0.494910
v 0.402260 1.207863 0.490934
v 0.402980 1.208015 0.491664
v 0.403141 1.208689 0.490934
v 0.403141 1.207863 0.494910
v 0.402260 1.223166 0.494910
v 0.403506 1.221999 0.494910
v 0.402260 1.221999 0.489288
v 0.403141 1.222824 0.494910
v 0.402980 1.222673 0.491664
v 0.403141 1.221999 0.490934
v 0.402260 1.222824 0.490934
v 0.439556 1.169857 0.682803
v 0.438588 1.168950 0.682803
v 0.438588 1.169857 0.687171
v 0.394761 1.210901 0.687171
v 0.393792 1.210901 0.682803
v 0.394761 1.169857 0.687171
v 0.394761 1.168950 0.682803
v 0.393792 1.169857 0.682803
v 0.394761 1.168950 0.685604
v 0.393792 1.169857 0.685604
v 0.394761 1.210901 0.689972
v 0.394761 1.211808 0.685604
v 0.393792 1.210901 0.685604
v 0.394761 1.168950 0.487900
v 0.393792 1.169857 0.487900
v 0.394761 1.169857 0.483533
v 0.394761 1.211808 0.487900
v 0.394761 1.210901 0.483533
v 0.393792 1.210901 0.487900
v 0.438588 1.168950 0.685604
v 0.439556 1.169857 0.685604
v 0.438588 1.211808 0.685604
v 0.438588 1.210901 0.689972
v 0.439556 1.210901 0.685604
v 0.438588 1.168950 0.487900
v 0.438588 1.169857 0.483533
v 0.439556 1.169857 0.487900
v 0.438588 1.211808 0.487900
v 0.439556 1.210901 0.487900
v 0.438588 1.210901 0.483533
v 0.438588 1.210901 0.687171
v 0.439556 1.210901 0.682803
v 0.431016 1.207521 0.591978
v 0.431016 1.208689 0.597600
v 0.429769 1.208689 0.591978
v 0.431016 1.207863 0.595953
v 0.430296 1.208015 0.595224
v 0.430134 1.208689 0.595953
v 0.430134 1.207863 0.591978
v 0.431016 1.221999 0.597600
v 0.431016 1.223166 0.591978
v 0.429769 1.221999 0.591978
v 0.431016 1.222824 0.595953
v 0.430296 1.222673 0.595224
v 0.430134 1.222824 0.591978
v 0.430134 1.221999 0.595953
v 0.431016 1.207521 0.494910
v 0.429769 1.208689 0.494910
v 0.431016 1.208689 0.489288
v 0.430134 1.207863 0.494910
v 0.430296 1.208015 0.491664
v 0.430134 1.208689 0.490934
v 0.431016 1.207863 0.490934
v 0.431016 1.223166 0.494910
v 0.431016 1.221999 0.489288
v 0.429769 1.221999 0.494910
v 0.431016 1.222824 0.490934
v 0.430296 1.222673 0.491664
v 0.430134 1.221999 0.490934
v 0.430134 1.222824 0.494910
v 0.449687 1.207521 0.591978
v 0.450934 1.208689 0.591978
v 0.449687 1.208689 0.597600
v 0.450569 1.207863 0.591978
v 0.450407 1.208015 0.595224
v 0.450569 1.208689 0.595953
v 0.449687 1.207863 0.595953
v 0.449687 1.223166 0.591978
v 0.449687 1.221999 0.597600
v 0.450934 1.221999 0.591978
v 0.449687 1.222824 0.595953
v 0.450407 1.222673 0.595224
v 0.450569 1.221999 0.595953
v 0.450569 1.222824 0.591978
v 0.449687 1.207521 0.494910
v 0.449687 1.208689 0.489288
v 0.450934 1.208689 0.494910
v 0.449687 1.207863 0.490934
v 0.450407 1.208015 0.491664
v 0.450569 1.208689 0.490934
v 0.450569 1.207863 0.494910
v 0.449687 1.223166 0.494910
v 0.450934 1.221999 0.494910
v 0.449687 1.221999 0.489288
v 0.450569 1.222824 0.494910
v 0.450407 1.222673 0.491664
v 0.450569 1.221999 0.490934
v 0.449687 1.222824 0.490934
v 0.486984 1.169857 0.682803
v 0.486015 1.168950 0.682803
v 0.486015 1.169857 0.687171
v 0.442188 1.210901 0.687171
v 0.441220 1.210901 0.682803
v 0.442188 1.169857 0.687171
v 0.442188 1.168950 0.682803
v 0.441220 1.169857 0.682803
v 0.442188 1.168950 0.685604
v 0.441220 1.169857 0.685604
v 0.442188 1.210901 0.689972
v 0.442188 1.211808 0.685604
v 0.441220 1.210901 0.685604
v 0.442188 1.168950 0.487900
v 0.441220 1.169857 0.487900
v 0.442188 1.169857 0.483533
v 0.442188 1.211808 0.487900
v 0.442188 1.210901 0.483533
v 0.441220 1.210901 0.487900
v 0.486015 1.168950 0.685604
v 0.486984 1.169857 0.685604
v 0.486015 1.211808 0.685604
v 0.486015 1.210901 0.689972
v 0.486984 1.210901 0.685604
v 0.486015 1.168950 0.487900
v 0.486015 1.169857 0.483533
v 0.486984 1.169857 0.487900
v 0.486015 1.211808 0.487900
v 0.486984 1.210901 0.487900
v 0.486015 1.210901 0.483533
v 0.486015 1.210901 0.687171
v 0.486984 1.210901 0.682803
v 0.478443 1.207521 0.591978
v 0.478443 1.208689 0.597600
v 0.477196 1.208689 0.591978
v 0.478443 1.207863 0.595953
v 0.477723 1.208015 0.595224
v 0.477562 1.208689 0.595953
v 0.477562 1.207863 0.591978
v 0.478443 1.221999 0.597600
v 0.478443 1.223166 0.591978
v 0.477196 1.221999 0.591978
v 0.478443 1.222824 0.595953
v 0.477723 1.222673 0.595224
v 0.477562 1.222824 0.591978
v 0.477562 1.221999 0.595953
v 0.478443 1.207521 0.494910
v 0.477196 1.208689 0.494910
v 0.478443 1.208689 0.489288
v 0.477562 1.207863 0.494910
v 0.477723 1.208015 0.491664
v 0.477562 1.208689 0.490934
v 0.478443 1.207863 0.490934
v 0.478443 1.223166 0.494910
v 0.478443 1.221999 0.489288
v 0.477196 1.221999 0.494910
v 0.478443 1.222824 0.490934
v 0.477723 1.222673 0.491664
v 0.477562 1.221999 0.490934
v 0.477562 1.222824 0.494910
v 0.497114 1.207521 0.591978
v 0.498361 1.208689 0.591978
v 0.497114 1.208689 0.597600
v 0.497996 1.207863 0.591978
v 0.497834 1.208015 0.595224
v 0.497996 1.208689 0.595953
v 0.497114 1.207863 0.595953
v 0.497114 1.223166 0.591978
v 0.497114 1.221999 0.597600
v 0.498361 1.221999 0.591978
v 0.497114 1.222824 0.595953
v 0.497834 1.222673 0.595224
v 0.497996 1.221999 0.595953
v 0.497996 1.222824 0.591978
v 0.497114 1.207521 0.494910
v 0.497114 1.208689 0.489288
v 0.498361 1.208689 0.494910
v 0.497114 1.207863 0.490934
v 0.497834 1.208015 0.491664
v 0.497996 1.208689 0.490934
v 0.497996 1.207863 0.494910
v 0.497114 1.223166 0.494910
v 0.498361 1.221999 0.494910
v 0.497114 1.221999 0.489288
v 0.497996 1.222824 0.494910
v 0.497834 1.222673 0.491664
v 0.497996 1.221999 0.490934
v 0.497114 1.222824 0.490934
v 0.534411 1.169857 0.682803
v 0.533443 1.168950 0.682803
v 0.533443 1.169857 0.687171
v 0.489615 1.210901 0.687171
v 0.488647 1.210901 0.682803
v 0.489615 1.169857 0.687171
v 0.489615 1.168950 0.682803
v 0.488647 1.169857 0.682803
v 0.489615 1.168950 0.685604
v 0.488647 1.169857 0.685604
v 0.489615 1.210901 0.689972
v 0.489615 1.211808 0.685604
v 0.488647 1.210901 0.685604
v 0.489615 1.168950 0.487900
v 0.488647 1.169857 0.487900
v 0.489615 1.169857 0.483533
v 0.489615 1.211808 0.487900
v 0.489615 1.210901 0.483533
v 0.488647 1.210901 0.487900
v 0.533443 1.168950 0.685604
v 0.534411 1.169857 0.685604
v 0.533443 1.211808 0.685604
v 0.533443 1.210901 0.689972
v 0.534411 1.210901 0.685604
v 0.533443 1.168950 0.487900
v 0.533443 1.169857 0.483533
v 0.534411 1.169857 0.487900
v 0.533443 1.211808 0.487900
v 0.534411 1.210901 0.487900
v 0.533443 1.210901 0.483533
v 0.533443 1.210901 0.687171
v 0.534411 1.210901 0.682803
v 0.581838 1.169857 0.682803
v 0.580870 1.168950 0.682803
v 0.580870 1.169857 0.687171
v 0.537042 1.210901 0.687171
v 0.536074 1.210901 0.682803
v 0.537042 1.169857 0.687171
v 0.537042 1.168950 0.682803
v 0.536074 1.169857 0.682803
v 0.537042 1.168950 0.685604
v 0.536074 1.169857 0.685604
v 0.537042 1.210901 0.689972
v 0.537042 1.211808 0.685604
v 0.536074 1.210901 0.685604
v 0.537042 1.168950 0.487900
v 0.536074 1.169857 0.487900
v 0.537042 1.169857 0.483533
v 0.537042 1.211808 0.487900
v 0.537042 1.210901 0.483533
v 0.536074 1.210901 0.487900
v 0.580870 1.168950 0.685604
v 0.581838 1.169857 0.685604
v 0.580870 1.211808 0.685604
v 0.580870 1.210901 0.689972
v 0.581838 1.210901 0.685604
v 0.580870 1.168950 0.487900
v 0.580870 1.169857 0.483533
v 0.581838 1.169857 0.487900
v 0.580870 1.211808 0.487900
v 0.581838 1.210901 0.487900
v 0.580870 1.210901 0.483533
v 0.580870 1.210901 0.687171
v 0.581838 1.210901 0.682803
v 0.573297 1.207521 0.591978
v 0.573297 1.208689 0.597600
v 0.572051 1.208689 0.591978
v 0.573297 1.207863 0.595953
v 0.572578 1.208015 0.595224
v 0.572416 1.208689 0.595953
v 0.572416 1.207863 0.591978
v 0.573297 1.221999 0.597600
v 0.573297 1.223166 0.591978
v 0.572051 1.221999 0.591978
v 0.573297 1.222824 0.595953
v 0.572578 1.222673 0.595224
v 0.572416 1.222824 0.591978
v 0.572416 1.221999 0.595953
v 0.573297 1.207521 0.494910
v 0.572051 1.208689 0.494910
v 0.573297 1.208689 0.489288
v 0.572416 1.207863 0.494910
v 0.572578 1.208015 0.491664
v 0.572416 1.208689 0.490934
v 0.573297 1.207863 0.490934
v 0.573297 1.223166 0.494910
v 0.573297 1.221999 0.489288
v 0.572051 1.221999 0.494910
v 0.573297 1.222824 0.490934
v 0.572578 1.222673 0.491664
v 0.572416 1.221999 0.490934
v 0.572416 1.222824 0.494910
v 0.591969 1.207521 0.591978
v 0.593215 1.208689 0.591978
v 0.591969 1.208689 0.597600
v 0.592850 1.207863 0.591978
v 0.592688 1.208015 0.595224
v 0.592850 1.208689 0.595953
v 0.591969 1.207863 0.595953
v 0.591969 1.223166 0.591978
v 0.591969 1.221999 0.597600
v 0.593215 1.221999 0.591978
v 0.591969 1.222824 0.595953
v 0.592688 1.222673 0.595224
v 0.592850 1.221999 0.595953
v 0.592850 1.222824 0.591978
v 0.591969 1.207521 0.494910
v 0.591969 1.208689 0.489288
v 0.593215 1.208689 0.494910
v 0.591969 1.207863 0.490934
v 0.592688 1.208015 0.491664
v 0.592850 1.208689 0.490934
v 0.592850 1.207863 0.494910
v 0.591969 1.223166 0.494910
v 0.593215 1.221999 0.494910
v 0.591969 1.221999 0.489288
v 0.592850 1.222824 0.494910
v 0.592688 1.222673 0.491664
v 0.592850 1.221999 0.490934
v 0.591969 1.222824 0.490934
v 0.629265 1.169857 0.682803
v 0.628297 1.168950 0.682803
v 0.628297 1.169857 0.687171
v 0.584469 1.210901 0.687171
v 0.583501 1.210901 0.682803
v 0.584469 1.169857 0.687171
v 0.584469 1.168950 0.682803
v 0.583501 1.169857 0.682803
v 0.584469 1.168950 0.685604
v 0.583501 1.169857 0.685604
v 0.584469 1.210901 0.689972
v 0.584469 1.211808 0.685604
v 0.583501 1.210901 0.685604
v 0.584469 1.168950 0.487900
v 0.583501 1.169857 0.487900
v 0.584469 1.169857 0.483533
v 0.584469 1.211808 0.487900
v 0.584469 1.210901 0.483533
v 0.583501 1.210901 0.487900
v 0.628297 1.168950 0.685604
v 0.629265 1.169857 0.685604
v 0.628297 1.211808 0.685604
v 0.628297 1.210901 0.689972
v 0.629265 1.210901 0.685604
v 0.628297 1.168950 0.487900
v 0.628297 1.169857 0.483533
v 0.629265 1.169857 0.487900
v 0.628297 1.211808 0.487900
v 0.629265 1.210901 0.487900
v 0.628297 1.210901 0.483533
v 0.628297 1.210901 0.687171
v 0.629265 1.210901 0.682803
v 0.620724 1.207521 0.591978
v 0.620724 1.208689 0.597600
v 0.619478 1.208689 0.591978
v 0.620724 1.207863 0.595953
v 0.620005 1.208015 0.595224
v 0.619843 1.208689 0.595953
v 0.619843 1.207863 0.591978
v 0.620724 1.221999 0.597600
v 0.620724 1.223166 0.591978
v 0.619478 1.221999 0.591978
v 0.620724 1.222824 0.595953
v 0.620005 1.222673 0.595224
v 0.619843 1.222824 0.591978
v 0.619843 1.221999 0.595953
v 0.620724 1.207521 0.494910
v 0.619478 1.208689 0.494910
v 0.620724 1.208689 0.489288
v 0.619843 1.207863 0.494910
v 0.620005 1.208015 0.491664
v 0.619843 1.208689 0.490934
v 0.620724 1.207863 0.490934
v 0.620724 1.223166 0.494910
v 0.620724 1.221999 0.489288
v 0.619478 1.221999 0.494910
v 0.620724 1.222824 0.490934
v 0.620005 1.222673 0.491664
v 0.619843 1.221999 0.490934
v 0.619843 1.222824 0.494910
v 0.639396 1.207521 0.591978
v 0.640642 1.208689 0.591978
v 0.639396 1.208689 0.597600
v 0.640277 1.207863 0.591978
v 0.640115 1.208015 0.595224
v 0.640277 1.208689 0.595953
v 0.639396 1.207863 0.595953
v 0.639396 1.223166 0.591978
v 0.639396 1.221999 0.597600
v 0.640642 1.221999 0.591978
v 0.639396 1.222824 0.595953
v 0.640115 1.222673 0.595224
v 0.640277 1.221999 0.595953
v 0.640277 1.222824 0.591978
v 0.639396 1.207521 0.494910
v 0.639396 1.208689 0.489288
v 0.640642 1.208689 0.494910
v 0.639396 1.207863 0.490934
v 0.640115 1.208015 0.491664
v 0.640277 1.208689 0.490934
v 0.640277 1.207863 0.494910
v 0.639396 1.223166 0.494910
v 0.640642 1.221999 0.494910
v 0.639396 1.221999 0.489288
v 0.640277 1.222824 0.494910
v 0.640115 1.222673 0.491664
v 0.640277 1.221999 0.490934
v 0.639396 1.222824 0.490934
v 0.676692 1.169857 0.682803
v 0.675724 1.168950 0.682803
v 0.675724 1.169857 0.687171
v 0.631896 1.210901 0.687171
v 0.630928 1.210901 0.682803
v 0.631896 1.169857 0.687171
v 0.631896 1.168950 0.682803
v 0.630928 1.169857 0.682803
v 0.631896 1.168950 0.685604
v 0.630928 1.169857 0.685604
v 0.631896 1.210901 0.689972
v 0.631896 1.211808 0.685604
v 0.630928 1.210901 0.685604
v 0.631896 1.168950 0.487900
v 0.630928 1.169857 0.487900
v 0.631896 1.169857 0.483533
v 0.631896 1.211808 0.487900
v 0.631896 1.210901 0.483533
v 0.630928 1.210901 0.487900
v 0.675724 1.168950 0.685604
v 0.676692 1.169857 0.685604
v 0.675724 1.211808 0.685604
v 0.675724 1.210901 0.689972
v 0.676692 1.210901 0.685604
v 0.675724 1.168950 0.487900
v 0.675724 1.169857 0.483533
v 0.676692 1.169857 0.487900
v 0.675724 1.211808 0.487900
v 0.676692 1.210901 0.487900
v 0.675724 1.210901 0.483533
v 0.675724 1.210901 0.687171
v 0.676692 1.210901 0.682803
v 0.724119 1.169857 0.682803
v 0.723151 1.168950 0.682803
v 0.723151 1.169857 0.687171
v 0.679324 1.210901 0.687171
v 0.678355 1.210901 0.682803
v 0.679324 1.169857 0.687171
v 0.679324 1.168950 0.682803
v 0.678355 1.169857 0.682803
v 0.679324 1.168950 0.685604
v 0.678355 1.169857 0.685604
v 0.679324 1.210901 0.689972
v 0.679324 1.211808 0.685604
v 0.678355 1.210901 0.685604
v 0.679324 1.168950 0.487900
v 0.678355 1.169857 0.487900
v 0.679324 1.169857 0.483533
v 0.679324 1.211808 0.487900
v 0.679324 1.210901 0.483533
v 0.678355 1.210901 0.487900
v 0.723151 1.168950 0.685604
v 0.724119 1.169857 0.685604
v 0.723151 1.211808 0.685604
v 0.723151 1.210901 0.689972
v 0.724119 1.210901 0.685604
v 0.723151 1.168950 0.487900
v 0.723151 1.169857 0.483533
v 0.724119 1.169857 0.487900
v 0.723151 1.211808 0.487900
v 0.724119 1.210901 0.487900
v 0.723151 1.210901 0.483533
v 0.723151 1.210901 0.687171
v 0.724119 1.210901 0.682803
v 0.715579 1.207521 0.591978
v 0.715579 1.208689 0.597600
v 0.714332 1.208689 0.591978
v 0.715579 1.207863 0.595953
v 0.714859 1.208015 0.595224
v 0.714697 1.208689 0.595953
v 0.714697 1.207863 0.591978
v 0.715579 1.221999 0.597600
v 0.715579 1.223166 0.591978
v 0.714332 1.221999 0.591978
v 0.715579 1.222824 0.595953
v 0.714859 1.222673 0.595224
v 0.714697 1.222824 0.591978
v 0.714697 1.221999 0.595953
v 0.715579 1.207521 0.494910
v 0.714332 1.208689 0.494910
v 0.715579 1.208689 0.489288
v 0.714697 1.207863 0.494910
v 0.714859 1.208015 0.491664
v 0.714697 1.208689 0.490934
v 0.715579 1.207863 0.490934
v 0.715579 1.223166 0.494910
v 0.715579 1.221999 0.489288
v 0.714332 1.221999 0.494910
v 0.715579 1.222824 0.490934
v 0.714859 1.222673 0.491664
v 0.714697 1.221999 0.490934
v 0.714697 1.222824 0.494910
v 0.734250 1.207521 0.591978
v 0.735497 1.208689 0.591978
v 0.734250 1.208689 0.597600
v 0.735132 1.207863 0.591978
v 0.734970 1.208015 0.595224
v 0.735132 1.208689 0.595953
v 0.734250 1.207863 0.595953
v 0.734250 1.223166 0.591978
v 0.734250 1.221999 0.597600
v 0.735497 1.221999 0.591978
v 0.734250 1.222824 0.595953
v 0.734970 1.222673 0.595224
v 0.735132 1.221999 0.595953
v 0.735132 1.222824 0.591978
v 0.734250 1.207521 0.494910
v 0.734250 1.208689 0.489288
v 0.735497 1.208689 0.494910
v 0.734250 1.207863 0.490934
v 0.734970 1.208015 0.491664
v 0.735132 1.208689 0.490934
v 0.735132 1.207863 0.494910
v 0.734250 1.223166 0.494910
v 0.735497 1.221999 0.494910
v 0.734250 1.221999 0.489288
v 0.735132 1.222824 0.494910
v 0.734970 1.222673 0.491664
v 0.735132 1.221999 0.490934
v 0.734250 1.222824 0.490934
v 0.771547 1.169857 0.682803
v 0.770578 1.168950 0.682803
v 0.770578 1.169857 0.687171
v 0.726751 1.210901 0.687171
v 0.725783 1.210901 0.682803
v 0.726751 1.169857 0.687171
v 0.726751 1.168950 0.682803
v 0.725783 1.169857 0.682803
v 0.726751 1.168950 0.685604
v 0.725783 1.169857 0.685604
v 0.726751 1.210901 0.689972
v 0.726751 1.211808 0.685604
v 0.725783 1.210901 0.685604
v 0.726751 1.168950 0.487900
v 0.725783 1.169857 0.487900
v 0.726751 1.169857 0.483533
v 0.726751 1.211808 0.487900
v 0.726751 1.210901 0.483533
v 0.725783 1.210901 0.487900
v 0.770578 1.168950 0.685604
v 0.771547 1.169857 0.685604
v 0.770578 1.211808 0.685604
v 0.770578 1.210901 0.689972
v 0.771547 1.210901 0.685604
v 0.770578 1.168950 0.487900
v 0.770578 1.169857 0.483533
v 0.771547 1.169857 0.487900
v 0.770578 1.211808 0.487900
v 0.771547 1.210901 0.487900
v 0.770578 1.210901 0.483533
v 0.770578 1.210901 0.687171
v 0.771547 1.210901 0.682803
v 0.763006 1.207521 0.591978
v 0.763006 1.208689 0.597600
v 0.761760 1.208689 0.591978
v 0.763006 1.207863 0.595953
v 0.762286 1.208015 0.595224
v 0.762125 1.208689 0.595953
v 0.762125 1.207863 0.591978
v 0.763006 1.221999 0.597600
v 0.763006 1.223166 0.591978
v 0.761760 1.221999 0.591978
v 0.763006 1.222824 0.595953
v 0.762286 1.222673 0.595224
v 0.762125 1.222824 0.591978
v 0.762125 1.221999 0.595953
v 0.763006 1.207521 0.494910
v 0.761760 1.208689 0.494910
v 0.763006 1.208689 0.489288
v 0.762125 1.207863 0.494910
v 0.762286 1.208015 0.491664
v 0.762125 1.208689 0.490934
v 0.763006 1.207863 0.490934
v 0.763006 1.223166 0.494910
v 0.763006 1.221999 0.489288
v 0.761760 1.221999 0.494910
v 0.763006 1.222824 0.490934
v 0.762286 1.222673 0.491664
v 0.762125 1.221999 0.490934
v 0.762125 1.222824 0.494910
v 0.781677 1.207521 0.591978
v 0.782924 1.208689 0.591978
v 0.781677 1.208689 0.597600
v 0.782559 1.207863 0.591978
v 0.782397 1.208015 0.595224
v 0.782559 1.208689 0.595953
v 0.781677 1.207863 0.595953
v 0.781677 1.223166 0.591978
v 0.781677 1.221999 0.597600
v 0.782924 1.221999 0.591978
v 0.781677 1.222824 0.595953
v 0.782397 1.222673 0.595224
v 0.782559 1.221999 0.595953
v 0.782559 1.222824 0.591978
v 0.781677 1.207521 0.494910
v 0.781677 1.208689 0.489288
v 0.782924 1.208689 0.494910
v 0.781677 1.207863 0.490934
v 0.782397 1.208015 0.491664
v 0.782559 1.208689 0.490934
v 0.782559 1.207863 0.494910
v 0.781677 1.223166 0.494910
v 0.782924 1.221999 0.494910
v 0.781677 1.221999 0.489288
v 0.782559 1.222824 0.494910
v 0.782397 1.222673 0.491664
v 0.782559 1.221999 0.490934
v 0.781677 1.222824 0.490934
v 0.818974 1.169857 0.682803
v 0.818006 1.168950 0.682803
v 0.818006 1.169857 0.687171
v 0.774178 1.210901 0.687171
v 0.773210 1.210901 0.682803
v 0.774178 1.169857 0.687171
v 0.774178 1.168950 0.682803
v 0.773210 1.169857 0.682803
v 0.774178 1.168950 0.685604
v 0.773210 1.169857 0.685604
v 0.774178 1.210901 0.689972
v 0.774178 1.211808 0.685604
v 0.773210 1.210901 0.685604
v 0.774178 1.168950 0.487900
v 0.773210 1.169857 0.487900
v 0.774178 1.169857 0.483533
v 0.774178 1.211808 0.487900
v 0.774178 1.210901 0.483533
v 0.773210 1.210901 0.487900
v 0.818006 1.168950 0.685604
v 0.818974 1.169857 0.685604
v 0.818006 1.211808 0.685604
v 0.818006 1.210901 0.689972
v 0.818974 1.210901 0.685604
v 0.818006 1.168950 0.487900
v 0.818006 1.169857 0.483533
v 0.818974 1.169857 0.487900
v 0.818006 1.211808 0.487900
v 0.818974 1.210901 0.487900
v 0.818006 1.210901 0.483533
v 0.818006 1.210901 0.687171
v 0.818974 1.210901 0.682803
v 0.810433 1.207521 0.591978
v 0.810433 1.208689 0.597600
v 0.809187 1.208689 0.591978
v 0.810433 1.207863 0.595953
v 0.809713 1.208015 0.595224
v 0.809552 1.208689 0.595953
v 0.809552 1.207863 0.591978
v 0.810433 1.221999 0.597600
v 0.810433 1.223166 0.591978
v 0.809187 1.221999 0.591978
v 0.810433 1.222824 0.595953
v 0.809713 1.222673 0.595224
v 0.809552 1.222824 0.591978
v 0.809552 1.221999 0.595953
v 0.810433 1.207521 0.494910
v 0.809187 1.208689 0.494910
v 0.810433 1.208689 0.489288
v 0.809552 1.207863 0.494910
v 0.809713 1.208015 0.491664
v 0.809552 1.208689 0.490934
v 0.810433 1.207863 0.490934
v 0.810433 1.223166 0.494910
v 0.810433 1.221999 0.489288
v 0.809187 1.221999 0.494910
v 0.810433 1.222824 0.490934
v 0.809713 1.222673 0.491664
v 0.809552 1.221999 0.490934
v 0.809552 1.222824 0.494910
v 0.829105 1.207521 0.591978
v 0.830351 1.208689 0.591978
v 0.829105 1.208689 0.597600
v 0.829986 1.207863 0.591978
v 0.829824 1.208015 0.595224
v 0.829986 1.208689 0.595953
v 0.829105 1.207863 0.595953
v 0.829105 1.223166 0.591978
v 0.829105 1.221999 0.597600
v 0.830351 1.221999 0.591978
v 0.829105 1.222824 0.595953
v 0.829824 1.222673 0.595224
v 0.829986 1.221999 0.595953
v 0.829986 1.222824 0.591978
v 0.829105 1.207521 0.494910
v 0.829105 1.208689 0.489288
v 0.830351 1.208689 0.494910
v 0.829105 1.207863 0.490934
v 0.829824 1.208015 0.491664
v 0.829986 1.208689 0.490934
v 0.829986 1.207863 0.494910
v 0.829105 1.223166 0.494910
v 0.830351 1.221999 0.494910
v 0.829105 1.221999 0.489288
v 0.829986 1.222824 0.494910
v 0.829824 1.222673 0.491664
v 0.829986 1.221999 0.490934
v 0.829105 1.222824 0.490934
v 0.866401 1.169857 0.682803
v 0.865433 1.168950 0.682803
v 0.865433 1.169857 0.687171
v 0.821605 1.210901 0.687171
v 0.820637 1.210901 0.682803
v 0.821605 1.169857 0.687171
v 0.821605 1.168950 0.682803
v 0.820637 1.169857 0.682803
v 0.821605 1.168950 0.685604
v 0.820637 1.169857 0.685604
v 0.821605 1.210901 0.689972
v 0.821605 1.211808 0.685604
v 0.820637 1.210901 0.685604
v 0.821605 1.168950 0.487900
v 0.820637 1.169857 0.487900
v 0.821605 1.169857 0.483533
v 0.821605 1.211808 0.487900
v 0.821605 1.210901 0.483533
v 0.820637 1.210901 0.487900
v 0.865433 1.168950 0.685604
v 0.866401 1.169857 0.685604
v 0.865433 1.211808 0.685604
v 0.865433 1.210901 0.689972
v 0.866401 1.210901 0.685604
v 0.865433 1.168950 0.487900
v 0.865433 1.169857 0.483533
v 0.866401 1.169857 0.487900
v 0.865433 1.211808 0.487900
v 0.866401 1.210901 0.487900
v 0.865433 1.210901 0.483533
v 0.865433 1.210901 0.687171
v 0.866401 1.210901 0.682803
v 0.913828 1.169857 0.682803
v 0.912860 1.168950 0.682803
v 0.912860 1.169857 0.687171
v 0.869032 1.210901 0.687171
v 0.868064 1.210901 0.682803
v 0.869032 1.169857 0.687171
v 0.869032 1.168950 0.682803
v 0.868064 1.169857 0.682803
v 0.869032 1.168950 0.685604
v 0.868064 1.169857 0.685604
v 0.869032 1.210901 0.689972
v 0.869032 1.211808 0.685604
v 0.868064 1.210901 0.685604
v 0.869032 1.168950 0.487900
v 0.868064 1.169857 0.487900
v 0.869032 1.169857 0.483533
v 0.869032 1.211808 0.487900
v 0.869032 1.210901 0.483533
v 0.868064 1.210901 0.487900
v 0.912860 1.168950 0.685604
v 0.913828 1.169857 0.685604
v 0.912860 1.211808 0.685604
v 0.912860 1.210901 0.689972
v 0.913828 1.210901 0.685604
v 0.912860 1.168950 0.487900
v 0.912860 1.169857 0.483533
v 0.913828 1.169857 0.487900
v 0.912860 1.211808 0.487900
v 0.913828 1.210901 0.487900
v 0.912860 1.210901 0.483533
v 0.912860 1.210901 0.687171
v 0.913828 1.210901 0.682803
v 0.905288 1.207521 0.591978
v 0.905288 1.208689 0.597600
v 0.904041 1.208689 0.591978
v 0.905288 1.207863 0.595953
v 0.904568 1.208015 0.595224
v 0.904406 1.208689 0.595953
v 0.904406 1.207863 0.591978
v 0.905288 1.221999 0.597600
v 0.905288 1.223166 0.591978
v 0.904041 1.221999 0.591978
v 0.905288 1.222824 0.595953
v 0.904568 1.222673 0.595224
v 0.904406 1.222824 0.591978
v 0.904406 1.221999 0.595953
v 0.905288 1.207521 0.494910
v 0.904041 1.208689 0.494910
v 0.905288 1.208689 0.489288
v 0.904406 1.207863 0.494910
v 0.904568 1.208015 0.491664
v 0.904406 1.208689 0.490934
v 0.905287 1.207863 0.490934
v 0.905288 1.223166 0.494910
v 0.905288 1.221999 0.489288
v 0.904041 1.221999 0.494910
v 0.905288 1.222824 0.490934
v 0.904568 1.222673 0.491664
v 0.904406 1.221999 0.490934
v 0.904406 1.222824 0.494910
v 0.923959 1.207521 0.591978
v 0.925205 1.208689 0.591978
v 0.923959 1.208689 0.597600
v 0.924840 1.207863 0.591978
v 0.924679 1.208015 0.595224
v 0.924840 1.208689 0.595953
v 0.923959 1.207863 0.595953
v 0.923959 1.223166 0.591978
v 0.923959 1.221999 0.597600
v 0.925205 1.221999 0.591978
v 0.923959 1.222824 0.595953
v 0.924679 1.222673 0.595224
v 0.924840 1.221999 0.595953
v 0.924840 1.222824 0.591978
v 0.923959 1.207521 0.494910
v 0.923959 1.208689 0.489288
v 0.925205 1.208689 0.494910
v 0.923959 1.207863 0.490934
v 0.924679 1.208015 0.491664
v 0.924840 1.208689 0.490934
v 0.924840 1.207863 0.494910
v 0.923959 1.223166 0.494910
v 0.925205 1.221999 0.494910
v 0.923959 1.221999 0.489288
v 0.924840 1.222824 0.494910
v 0.924679 1.222673 0.491664
v 0.924840 1.221999 0.490934
v 0.923959 1.222824 0.490934
v 0.961255 1.169857 0.682803
v 0.960287 1.168950 0.682803
v 0.960287 1.169857 0.687171
v 0.916460 1.210901 0.687171
v 0.915491 1.210901 0.682803
v 0.916460 1.169857 0.687171
v 0.916460 1.168950 0.682803
v 0.915491 1.169857 0.682803
v 0.916460 1.168950 0.685604
v 0.915491 1.169857 0.685604
v 0.916460 1.210901 0.689972
v 0.916460 1.211808 0.685604
v 0.915491 1.210901 0.685604
v 0.916460 1.168950 0.487900
v 0.915491 1.169857 0.487900
v 0.916460 1.169857 0.483533
v 0.916460 1.211808 0.487900
v 0.916460 1.210901 0.483533
v 0.915491 1.210901 0.487900
v 0.960287 1.168950 0.685604
v 0.961255 1.169857 0.685604
v 0.960287 1.211808 0.685604
v 0.960287 1.210901 0.689972
v 0.961255 1.210901 0.685604
v 0.960287 1.168950 0.487900
v 0.960287 1.169857 0.483533
v 0.961255 1.169857 0.487900
v 0.960287 1.211808 0.487900
v 0.961255 1.210901 0.487900
v 0.960287 1.210901 0.483533
v 0.960287 1.210901 0.687171
v 0.961255 1.210901 0.682803
v 0.952715 1.207521 0.591978
v 0.952715 1.208689 0.597600
v 0.951468 1.208689 0.591978
v 0.952715 1.207863 0.595953
v 0.951995 1.208015 0.595224
v 0.951833 1.208689 0.595953
v 0.951833 1.207863 0.591978
v 0.952715 1.221999 0.597600
v 0.952715 1.223166 0.591978
v 0.951468 1.221999 0.591978
v 0.952715 1.222824 0.595953
v 0.951995 1.222673 0.595224
v 0.951833 1.222824 0.591978
v 0.951833 1.221999 0.595953
v 0.952715 1.207521 0.494910
v 0.951468 1.208689 0.494910
v 0.952715 1.208689 0.489288
v 0.951833 1.207863 0.494910
v 0.951995 1.208015 0.491664
v 0.951833 1.208689 0.490934
v 0.952715 1.207863 0.490934
v 0.952715 1.223166 0.494910
v 0.952715 1.221999 0.489288
v 0.951468 1.221999 0.494910
v 0.952715 1.222824 0.490934
v 0.951995 1.222673 0.491664
v 0.951833 1.221999 0.490934
v 0.951833 1.222824 0.494910
v 0.971386 1.207521 0.591978
v 0.972633 1.208689 0.591978
v 0.971386 1.208689 0.597600
v 0.972268 1.207863 0.591978
v 0.972106 1.208015 0.595224
v 0.972268 1.208689 0.595953
v 0.971386 1.207863 0.595953
v 0.971386 1.223166 0.591978
v 0.971386 1.221999 0.597600
v 0.972633 1.221999 0.591978
v 0.971386 1.222824 0.595953
v 0.972106 1.222673 0.595224
v 0.972268 1.221999 0.595953
v 0.972268 1.222824 0.591978
v 0.971386 1.207521 0.494910
v 0.971386 1.208689 0.489288
v 0.972633 1.208689 0.494910
v 0.971386 1.207863 0.490934
v 0.972106 1.208015 0.491664
v 0.972268 1.208689 0.490934
v 0.972268 1.207863 0.494910
v 0.971386 1.223166 0.494910
v 0.972633 1.221999 0.494910
v 0.971386 1.221999 0.489288
v 0.972268 1.222824 0.494910
v 0.972106 1.222673 0.491664
v 0.972268 1.221999 0.490934
v 0.971386 1.222824 0.490934
v 1.008683 1.169857 0.682803
v 1.007714 1.168950 0.682803
v 1.007714 1.169857 0.687171
v 0.963887 1.210901 0.687171
v 0.962919 1.210901 0.682803
v 0.963887 1.169857 0.687171
v 0.963887 1.168950 0.682803
v 0.962919 1.169857 0.682803
v 0.963887 1.168950 0.685604
v 0.962919 1.169857 0.685604
v 0.963887 1.210901 0.689972
v 0.963887 1.211808 0.685604
v 0.962919 1.210901 0.685604
v 0.963887 1.168950 0.487900
v 0.962919 1.169857 0.487900
v 0.963887 1.169857 0.483533
v 0.963887 1.211808 0.487900
v 0.963887 1.210901 0.483533
v 0.962919 1.210901 0.487900
v 1.007714 1.168950 0.685604
v 1.008683 1.169857 0.685604
v 1.007714 1.211808 0.685604
v 1.007714 1.210901 0.689972
v 1.008683 1.210901 0.685604
v 1.007714 1.168950 0.487900
v 1.007714 1.169857 0.483533
v 1.008683 1.169857 0.487900
v 1.007714 1.211808 0.487900
v 1.008683 1.210901 0.487900
v 1.007714 1.210901 0.483533
v 1.007714 1.210901 0.687171
v 1.008683 1.210901 0.682803
v 1.056110 1.169857 0.682803
v 1.055142 1.168950 0.682803
v 1.055142 1.169857 0.687171
v 1.011314 1.210901 0.687171
v 1.010346 1.210901 0.682803
v 1.011314 1.169857 0.687171
v 1.011314 1.168950 0.682803
v 1.010346 1.169857 0.682803
v 1.011314 1.168950 0.685604
v 1.010346 1.169857 0.685604
v 1.011314 1.210901 0.689972
v 1.011314 1.211808 0.685604
v 1.010346 1.210901 0.685604
v 1.011314 1.168950 0.487900
v 1.010346 1.169857 0.487900
v 1.011314 1.169857 0.483533
v 1.011314 1.211808 0.487900
v 1.011314 1.210901 0.483533
v 1.010346 1.210901 0.487900
v 1.055142 1.168950 0.685604
v 1.056110 1.169857 0.685604
v 1.055142 1.211808 0.685604
v 1.055142 1.210901 0.689972
v 1.056110 1.210901 0.685604
v 1.055142 1.168950 0.487900
v 1.055142 1.169857 0.483533
v 1.056110 1.169857 0.487900
v 1.055142 1.211808 0.487900
v 1.056110 1.210901 0.487900
v 1.055142 1.210901 0.483533
v 1.055142 1.210901 0.687171
v 1.056110 1.210901 0.682803
v 1.047569 1.207521 0.591978
v 1.047569 1.208689 0.597600
v 1.046323 1.208689 0.591978
v 1.047569 1.207863 0.595953
v 1.046849 1.208015 0.595224
v 1.046688 1.208689 0.595953
v 1.046688 1.207863 0.591978
v 1.047569 1.221999 0.597600
v 1.047569 1.223166 0.591978
v 1.046323 1.221999 0.591978
v 1.047569 1.222824 0.595953
v 1.046849 1.222673 0.595224
v 1.046688 1.222824 0.591978
v 1.046688 1.221999 0.595953
v 1.047569 1.207521 0.494910
v 1.046323 1.208689 0.494910
v 1.047569 1.208689 0.489288
v 1.046688 1.207863 0.494910
v 1.046849 1.208015 0.491664
v 1.046688 1.208689 0.490934
v 1.047569 1.207863 0.490934
v 1.047569 1.223166 0.494910
v 1.047569 1.221999 0.489288
v 1.046323 1.221999 0.494910
v 1.047569 1.222824 0.490934
v 1.046849 1.222673 0.491664
v 1.046688 1.221999 0.490934
v 1.046688 1.222824 0.494910
v 1.066241 1.207521 0.591978
v 1.067487 1.208689 0.591978
v 1.066241 1.208689 0.597600
v 1.067122 1.207863 0.591978
v 1.066960 1.208015 0.595224
v 1.067122 1.208689 0.595953
v 1.066241 1.207863 0.595953
v 1.066241 1.223166 0.591978
v 1.066241 1.221999 0.597600
v 1.067487 1.221999 0.591978
v 1.066241 1.222824 0.595953
v 1.066960 1.222673 0.595224
v 1.067122 1.221999 0.595953
v 1.067122 1.222824 0.591978
v 1.066241 1.207521 0.494910
v 1.066241 1.208689 0.489288
v 1.067487 1.208689 0.494910
v 1.066241 1.207863 0.490934
v 1.066960 1.208015 0.491664
v 1.067122 1.208689 0.490934
v 1.067122 1.207863 0.494910
v 1.066241 1.223166 0.494910
v 1.067487 1.221999 0.494910
v 1.066241 1.221999 0.489288
v 1.067122 1.222824 0.494910
v 1.066960 1.222673 0.491664
v 1.067122 1.221999 0.490934
v 1.066241 1.222824 0.490934
v 1.103537 1.169857 0.682803
v 1.102569 1.168950 0.682803
v 1.102569 1.169857 0.687171
v 1.058741 1.210901 0.687171
v 1.057773 1.210901 0.682803
v 1.058741 1.169857 0.687171
v 1.058741 1.168950 0.682803
v 1.057773 1.169857 0.682803
v 1.058741 1.168950 0.685604
v 1.057773 1.169857 0.685604
v 1.058741 1.210901 0.689972
v 1.058741 1.211808 0.685604
v 1.057773 1.210901 0.685604
v 1.058741 1.168950 0.487900
v 1.057773 1.169857 0.487900
v 1.058741 1.169857 0.483533
v 1.058741 1.211808 0.487900
v 1.058741 1.210901 0.483533
v 1.057773 1.210901 0.487900
v 1.102569 1.168950 0.685604
v 1.103537 1.169857 0.685604
v 1.102569 1.211808 0.685604
v 1.102569 1.210901 0.689972
v 1.103537 1.210901 0.685604
v 1.102569 1.168950 0.487900
v 1.102569 1.169857 0.483533
v 1.103537 1.169857 0.487900
v 1.102569 1.211808 0.487900
v 1.103537 1.210901 0.487900
v 1.102569 1.210901 0.483533
v 1.102569 1.210901 0.687171
v 1.103537 1.210901 0.682803
v 1.094996 1.207521 0.591978
v 1.094996 1.208689 0.597600
v 1.093750 1.208689 0.591978
v 1.094996 1.207863 0.595953
v 1.094277 1.208015 0.595224
v 1.094115 1.208689 0.595953
v 1.094115 1.207863 0.591978
v 1.094996 1.221999 0.597600
v 1.094996 1.223166 0.591978
v 1.093750 1.221999 0.591978
v 1.094996 1.222824 0.595953
v 1.094277 1.222673 0.595224
v 1.094115 1.222824 0.591978
v 1.094115 1.221999 0.595953
v 1.094996 1.207521 0.494910
v 1.093750 1.208689 0.494910
v 1.094996 1.208689 0.489288
v 1.094115 1.207863 0.494910
v 1.094277 1.208015 0.491664
v 1.094115 1.208689 0.490934
v 1.094996 1.207863 0.490934
v 1.094996 1.223166 0.494910
v 1.094996 1.221999 0.489288
v 1.093750 1.221999 0.494910
v 1.094996 1.222824 0.490934
v 1.094277 1.222673 0.491664
v 1.094115 1.221999 0.490934
v 1.094115 1.222824 0.494910
v 1.113668 1.207521 0.591978
v 1.114914 1.208689 0.591978
v 1.113668 1.208689 0.597600
v 1.114549 1.207863 0.591978
v 1.114387 1.208015 0.595224
v 1.114549 1.208689 0.595953
v 1.113668 1.207863 0.595953
v 1.113668 1.223166 0.591978
v 1.113668 1.221999 0.597600
v 1.114914 1.221999 0.591978
v 1.113668 1.222824 0.595953
v 1.114387 1.222673 0.595224
v 1.114549 1.221999 0.595953
v 1.114549 1.222824 0.591978
v 1.113668 1.207521 0.494910
v 1.113668 1.208689 0.489288
v 1.114914 1.208689 0.494910
v 1.113668 1.207863 0.490934
v 1.114387 1.208015 0.491664
v 1.114549 1.208689 0.490934
v 1.114549 1.207863 0.494910
v 1.113668 1.223166 0.494910
v 1.114914 1.221999 0.494910
v 1.113668 1.221999 0.489288
v 1.114549 1.222824 0.494910
v 1.114387 1.222673 0.491664
v 1.114549 1.221999 0.490934
v 1.113668 1.222824 0.490934
v 1.150964 1.169857 0.682803
v 1.149996 1.168950 0.682803
v 1.149996 1.169857 0.687171
v 1.106168 1.210901 0.687171
v 1.105200 1.210901 0.682803
v 1.106168 1.169857 0.687171
v 1.106168 1.168950 0.682803
v 1.105200 1.169857 0.682803
v 1.106168 1.168950 0.685604
v 1.105200 1.169857 0.685604
v 1.106168 1.210901 0.689972
v 1.106168 1.211808 0.685604
v 1.105200 1.210901 0.685604
v 1.106168 1.168950 0.487900
v 1.105200 1.169857 0.487900
v 1.106168 1.169857 0.483533
v 1.106168 1.211808 0.487900
v 1.106168 1.210901 0.483533
v 1.105200 1.210901 0.487900
v 1.149996 1.168950 0.685604
v 1.150964 1.169857 0.685604
v 1.149996 1.211808 0.685604
v 1.149996 1.210901 0.689972
v 1.150964 1.210901 0.685604
v 1.149996 1.168950 0.487900
v 1.149996 1.169857 0.483533
v 1.150964 1.169857 0.487900
v 1.149996 1.211808 0.487900
v 1.150964 1.210901 0.487900
v 1.149996 1.210901 0.483533
v 1.149996 1.210901 0.687171
v 1.150964 1.210901 0.682803
v 1.142423 1.207521 0.591978
v 1.142423 1.208689 0.597600
v 1.141177 1.208689 0.591978
v 1.142423 1.207863 0.595953
v 1.141704 1.208015 0.595224
v 1.141542 1.208689 0.595953
v 1.141542 1.207863 0.591978
v 1.142423 1.221999 0.597600
v 1.142423 1.223166 0.591978
v 1.141177 1.221999 0.591978
v 1.142423 1.222824 0.595953
v 1.141704 1.222673 0.595224
v 1.141542 1.222824 0.591978
v 1.141542 1.221999 0.595953
v 1.142423 1.207521 0.494910
v 1.141177 1.208689 0.494910
v 1.142423 1.208689 0.489288
v 1.141542 1.207863 0.494910
v 1.141704 1.208015 0.491664
v 1.141542 1.208689 0.490934
v 1.142423 1.207863 0.490934
v 1.142423 1.223166 0.494910
v 1.142423 1.221999 0.489288
v 1.141177 1.221999 0.494910
v 1.142423 1.222824 0.490934
v 1.141704 1.222673 0.491664
v 1.141542 1.221999 0.490934
v 1.141542 1.222824 0.494910
v 1.161095 1.207521 0.591978
v 1.162341 1.208689 0.591978
v 1.161095 1.208689 0.597600
v 1.161976 1.207863 0.591978
v 1.161815 1.208015 0.595224
v 1.161976 1.208689 0.595953
v 1.161095 1.207863 0.595953
v 1.161095 1.223166 0.591978
v 1.161095 1.221999 0.597600
v 1.162341 1.221999 0.591978
v 1.161095 1.222824 0.595953
v 1.161815 1.222673 0.595224
v 1.161976 1.221999 0.595953
v 1.161976 1.222824 0.591978
v 1.161095 1.207521 0.494910
v 1.161095 1.208689 0.489288
v 1.162341 1.208689 0.494910
v 1.161095 1.207863 0.490934
v 1.161815 1.208015 0.491664
v 1.161976 1.208689 0.490934
v 1.161976 1.207863 0.494910
v 1.161095 1.223166 0.494910
v 1.162341 1.221999 0.494910
v 1.161095 1.221999 0.489288
v 1.161976 1.222824 0.494910
v 1.161815 1.222673 0.491664
v 1.161976 1.221999 0.490934
v 1.161095 1.222824 0.490934
v 1.198391 1.169857 0.682803
v 1.197423 1.168950 0.682803
v 1.197423 1.169857 0.687171
v 1.153596 1.210901 0.687171
v 1.152627 1.210901 0.682803
v 1.153596 1.169857 0.687171
v 1.153596 1.168950 0.682803
v 1.152627 1.169857 0.682803
v 1.153596 1.168950 0.685604
v 1.152627 1.169857 0.685604
v 1.153596 1.210901 0.689972
v 1.153596 1.211808 0.685604
v 1.152627 1.210901 0.685604
v 1.153596 1.168950 0.487900
v 1.152627 1.169857 0.487900
v 1.153596 1.169857 0.483533
v 1.153596 1.211808 0.487900
v 1.153596 1.210901 0.483533
v 1.152627 1.210901 0.487900
v 1.197423 1.168950 0.685604
v 1.198391 1.169857 0.685604
v 1.197423 1.211808 0.685604
v 1.197423 1.210901 0.689972
v 1.198391 1.210901 0.685604
v 1.197423 1.168950 0.487900
v 1.197423 1.169857 0.483533
v 1.198391 1.169857 0.487900
v 1.197423 1.211808 0.487900
v 1.198391 1.210901 0.487900
v 1.197423 1.210901 0.483533
v 1.197423 1.210901 0.687171
v 1.198391 1.210901 0.682803
vt 0.369711 0.744711
vt 0.380289 0.744711
vt 0.380289 0.744711
vt 0.369711 0.744711
vt 0.380289 0.505289
vt 0.619711 0.505289
vt 0.619711 0.744711
vt 0.380289 0.755289
vt 0.619711 0.755289
vt 0.619711 0.994711
vt 0.380289 0.994711
vt 0.630289 0.505289
vt 0.869711 0.505289
vt 0.869711 0.744711
vt 0.630289 0.744711
vt 0.380289 0.005289
vt 0.619711 0.005289
vt 0.619711 0.244711
vt 0.380289 0.244711
vt 0.380289 0.255289
vt 0.619711 0.255289
vt 0.619711 0.494711
vt 0.380289 0.494711
vt 0.619711 0.750000
vt 0.625000 0.755289
vt 0.625000 0.755289
vt 0.619711 0.750000
vt 0.619711 0.994711
vt 0.625000 0.994711
vt 0.619711 1.000000
vt 0.130289 0.505289
vt 0.125000 0.505289
vt 0.130289 0.500000
vt 0.625000 0.255289
vt 0.625000 0.255289
vt 0.619711 0.250000
vt 0.619711 0.744711
vt 0.625000 0.755289
vt 0.369711 0.505289
vt 0.369711 0.500000
vt 0.375000 0.505289
vt 0.625000 0.505289
vt 0.625000 0.505289
vt 0.619711 0.500000
vt 0.130289 0.744711
vt 0.125000 0.744711
vt 0.619711 1.000000
vt 0.625000 0.005289
vt 0.625000 0.244711
vt 0.625000 0.494711
vt 0.619711 0.755289
vt 0.380289 0.005289
vt 0.619711 0.005289
vt 0.130289 0.744711
vt 0.130289 0.750000
vt 0.125000 0.744711
vt 0.375000 0.744711
vt 0.369711 0.750000
vt 0.380289 0.000000
vt 0.619711 0.000000
vt 0.369711 0.744711
vt 0.380289 0.744711
vt 0.380289 0.744711
vt 0.369711 0.744711
vt 0.380289 0.505289
vt 0.619711 0.505289
vt 0.619711 0.744711
vt 0.380289 0.755289
vt 0.619711 0.755289
vt 0.619711 0.994711
vt 0.380289 0.994711
vt 0.630289 0.505289
vt 0.869711 0.505289
vt 0.869711 0.744711
vt 0.630289 0.744711
vt 0.380289 0.005289
vt 0.619711 0.005289
vt 0.619711 0.244711
vt 0.380289 0.244711
vt 0.380289 0.255289
vt 0.619711 0.255289
vt 0.619711 0.494711
vt 0.380289 0.494711
vt 0.619711 0.750000
vt 0.625000 0.755289
vt 0.625000 0.755289
vt 0.619711 0.750000
vt 0.619711 0.994711
vt 0.625000 0.994711
vt 0.619711 1.000000
vt 0.130289 0.505289
vt 0.125000 0.505289
vt 0.130289 0.500000
vt 0.625000 0.255289
vt 0.625000 0.255289
vt 0.619711 0.250000
vt 0.619711 0.744711
vt 0.625000 0.755289
vt 0.369711 0.505289
vt 0.369711 0.500000
vt 0.375000 0.505289
vt 0.625000 0.505289
vt 0.625000 0.505289
vt 0.619711 0.500000
vt 0.130289 0.744711
vt 0.125000 0.744711
vt 0.619711 1.000000
vt 0.625000 0.005289
vt 0.625000 0.244711
vt 0.625000 0.494711
vt 0.619711 0.755289
vt 0.380289 0.005289
vt 0.619711 0.005289
vt 0.130289 0.744711
vt 0.130289 0.750000
vt 0.125000 0.744711
vt 0.375000 0.744711
vt 0.369711 0.750000
vt 0.380289 0.000000
vt 0.619711 0.000000
vt 0.369711 0.744711
vt 0.380289 0.744711
vt 0.380289 0.744711
vt 0.369711 0.744711
vt 0.380289 0.505289
vt 0.619711 0.505289
vt 0.619711 0.744711
vt 0.380289 0.755289
vt 0.619711 0.755289
vt 0.619711 0.994711
vt 0.380289 0.994711
vt 0.630289 0.505289
vt 0.869711 0.505289
vt 0.869711 0.744711
vt 0.630289 0.744711
vt 0.380289 0.005289
vt 0.619711 0.005289
vt 0.619711 0.244711
vt 0.380289 0.244711
vt 0.380289 0.255289
vt 0.619711 0.255289
vt 0.619711 0.494711
vt 0.380289 0.494711
vt 0.619711 0.750000
vt 0.625000 0.755289
vt 0.625000 0.755289
vt 0.619711 0.750000
vt 0.619711 0.994711
vt 0.625000 0.994711
vt 0.619711 1.000000
vt 0.130289 0.505289
vt 0.125000 0.505289
vt 0.130289 0.500000
vt 0.625000 0.255289
vt 0.625000 0.255289
vt 0.619711 0.250000
vt 0.619711 0.744711
vt 0.625000 0.755289
vt 0.369711 0.505289
vt 0.369711 0.500000
vt 0.375000 0.505289
vt 0.625000 0.505289
vt 0.625000 0.505289
vt 0.619711 0.500000
vt 0.130289 0.744711
vt 0.125000 0.744711
vt 0.619711 1.000000
vt 0.625000 0.005289
vt 0.625000 0.244711
vt 0.625000 0.494711
vt 0.619711 0.755289
vt 0.380289 0.005289
vt 0.619711 0.005289
vt 0.130289 0.744711
vt 0.130289 0.750000
vt 0.125000 0.744711
vt 0.375000 0.744711
vt 0.369711 0.750000
vt 0.380289 0.000000
vt 0.619711 0.000000
vt 0.369711 0.744711
vt 0.380289 0.744711
vt 0.380289 0.744711
vt 0.369711 0.744711
vt 0.380289 0.505289
vt 0.619711 0.505289
vt 0.619711 0.744711
vt 0.380289 0.755289
vt 0.619711 0.755289
vt 0.619711 0.994711
vt 0.380289 0.994711
vt 0.630289 0.505289
vt 0.869711 0.505289
vt 0.869711 0.744711
vt 0.630289 0.744711
vt 0.380289 0.005289
vt 0.619711 0.005289
vt 0.619711 0.244711
vt 0.380289 0.244711
vt 0.380289 0.255289
vt 0.619711 0.255289
vt 0.619711 0.494711
vt 0.380289 0.494711
vt 0.619711 0.750000
vt 0.625000 0.755289
vt 0.625000 0.755289
vt 0.619711 0.750000
vt 0.619711 0.994711
vt 0.625000 0.994711
vt 0.619711 1.000000
vt 0.130289 0.505289
vt 0.125000 0.505289
vt 0.130289 0.500000
vt 0.625000 0.255289
vt 0.625000 0.255289
vt 0.619711 0.250000
vt 0.619711 0.744711
vt 0.625000 0.755289
vt 0.369711 0.505289
vt 0.369711 0.500000
vt 0.375000 0.505289
vt 0.625000 0.505289
vt 0.625000 0.505289
vt 0.619711 0.500000
vt 0.130289 0.744711
vt 0.125000 0.744711
vt 0.619711 1.000000
vt 0.625000 0.005289
vt 0.625000 0.244711
vt 0.625000 0.494711
vt 0.619711 0.755289
vt 0.380289 0.005289
vt 0.619711 0.005289
vt 0.130289 0.744711
vt 0.130289 0.750000
vt 0.125000 0.744711
vt 0.375000 0.744711
vt 0.369711 0.750000
vt 0.380289 0.000000
vt 0.619711 0.000000
vt 0.369711 0.744711
vt 0.380289 0.744711
vt 0.380289 0.744711
vt 0.369711 0.744711
vt 0.380289 0.505289
vt 0.619711 0.505289
vt 0.619711 0.744711
vt 0.380289 0.755289
vt 0.619711 0.755289
vt 0.619711 0.994711
vt 0.380289 0.994711
vt 0.630289 0.505289
vt 0.869711 0.505289
vt 0.869711 0.744711
vt 0.630289 0.744711
vt 0.380289 0.005289
vt 0.619711 0.005289
vt 0.619711 0.244711
vt 0.380289 0.244711
vt 0.380289 0.255289
vt 0.619711 0.255289
vt 0.619711 0.494711
vt 0.380289 0.494711
vt 0.619711 0.750000
vt 0.625000 0.755289
vt 0.625000 0.755289
vt 0.619711 0.750000
vt 0.619711 0.994711
vt 0.625000 0.994711
vt 0.619711 1.000000
vt 0.130289 0.505289
vt 0.125000 0.505289
vt 0.130289 0.500000
vt 0.625000 0.255289
vt 0.625000 0.255289
vt 0.619711 0.250000
vt 0.619711 0.744711
vt 0.625000 0.755289
vt 0.369711 0.505289
vt 0.369711 0.500000
vt 0.375000 0.505289
vt 0.625000 0.505289
vt 0.625000 0.505289
vt 0.619711 0.500000
vt 0.130289 0.744711
vt 0.125000 0.744711
vt 0.619711 1.000000
vt 0.625000 0.005289
vt 0.625000 0.244711
vt 0.625000 0.494711
vt 0.619711 0.755289
vt 0.380289 0.005289
vt 0.619711 0.005289
vt 0.130289 0.744711
vt 0.130289 0.750000
vt 0.125000 0.744711
vt 0.375000 0.744711
vt 0.369711 0.750000
vt 0.380289 0.000000
vt 0.619711 0.000000
vt 0.369711 0.744711
vt 0.380289 0.744711
vt 0.380289 0.744711
vt 0.369711 0.744711
vt 0.380289 0.505289
vt 0.619711 0.505289
vt 0.619711 0.744711
vt 0.380289 0.755289
vt 0.619711 0.755289
vt 0.619711 0.994711
vt 0.380289 0.994711
vt 0.630289 0.505289
vt 0.869711 0.505289
vt 0.869711 0.744711
vt 0.630289 0.744711
vt 0.380289 0.005289
vt 0.619711 0.005289
vt 0.619711 0.244711
vt 0.380289 0.244711
vt 0.380289 0.255289
vt 0.619711 0.255289
vt 0.619711 0.494711
vt 0.380289 0.494711
vt 0.619711 0.750000
vt 0.625000 0.755289
vt 0.625000 0.755289
vt 0.619711 0.750000
vt 0.619711 0.994711
vt 0.625000 0.994711
vt 0.619711 1.000000
vt 0.130289 0.505289
vt 0.125000 0.505289
vt 0.130289 0.500000
vt 0.625000 0.255289
vt 0.625000 0.255289
vt 0.619711 0.250000
vt 0.619711 0.744711
vt 0.625000 0.755289
vt 0.369711 0.505289
vt 0.369711 0.500000
vt 0.375000 0.505289
vt 0.625000 0.505289
vt 0.625000 0.505289
vt 0.619711 0.500000
vt 0.130289 0.744711
vt 0.125000 0.744711
vt 0.619711 1.000000
vt 0.625000 0.005289
vt 0.625000 0.244711
vt 0.625000 0.494711
vt 0.619711 0.755289
vt 0.380289 0.005289
vt 0.619711 0.005289
vt 0.130289 0.744711
vt 0.130289 0.750000
vt 0.125000 0.744711
vt 0.375000 0.744711
vt 0.369711 0.750000
vt 0.380289 0.000000
vt 0.619711 0.000000
vt 0.369711 0.744711
vt 0.380289 0.744711
vt 0.380289 0.744711
vt 0.369711 0.744711
vt 0.380289 0.505289
vt 0.619711 0.505289
vt 0.619711 0.744711
vt 0.380289 0.755289
vt 0.619711 0.755289
vt 0.619711 0.994711
vt 0.380289 0.994711
vt 0.630289 0.505289
vt 0.869711 0.505289
vt 0.869711 0.744711
vt 0.630289 0.744711
vt 0.380289 0.005289
vt 0.619711 0.005289
vt 0.619711 0.244711
vt 0.380289 0.244711
vt 0.380289 0.255289
vt 0.619711 0.255289
vt 0.619711 0.494711
vt 0.380289 0.494711
vt 0.619711 0.750000
vt 0.625000 0.755289
vt 0.625000 0.755289
vt 0.619711 0.750000
vt 0.619711 0.994711
vt 0.625000 0.994711
vt 0.619711 1.000000
vt 0.130289 0.505289
vt 0.125000 0.505289
vt 0.130289 0.500000
vt 0.625000 0.255289
vt 0.625000 0.255289
vt 0.619711 0.250000
vt 0.619711 0.744711
vt 0.625000 0.755289
vt 0.369711 0.505289
vt 0.369711 0.500000
vt 0.375000 0.505289
vt 0.625000 0.505289
vt 0.625000 0.505289
vt 0.619711 0.500000
vt 0.130289 0.744711
vt 0.125000 0.744711
vt 0.619711 1.000000
vt 0.625000 0.005289
vt 0.625000 0.244711
vt 0.625000 0.494711
vt 0.619711 0.755289
vt 0.380289 0.005289
vt 0.619711 0.005289
vt 0.130289 0.744711
vt 0.130289 0.750000
vt 0.125000 0.744711
vt 0.375000 0.744711
vt 0.369711 0.750000
vt 0.380289 0.000000
vt 0.619711 0.000000
vt 0.369711 0.744711
vt 0.380289 0.744711
vt 0.380289 0.744711
vt 0.369711 0.744711
vt 0.380289 0.505289
vt 0.619711 0.505289
vt 0.619711 0.744711
vt 0.380289 0.755289
vt 0.619711 0.755289
vt 0.619711 0.994711
vt 0.380289 0.994711
vt 0.630289 0.505289
vt 0.869711 0.505289
vt 0.869711 0.744711
vt 0.630289 0.744711
vt 0.380289 0.005289
vt 0.619711 0.005289
vt 0.619711 0.244711
vt 0.380289 0.244711
vt 0.380289 0.255289
vt 0.619711 0.255289
vt 0.619711 0.494711
vt 0.380289 0.494711
vt 0.619711 0.750000
vt 0.625000 0.755289
vt 0.625000 0.755289
vt 0.619711 0.750000
vt 0.619711 0.994711
vt 0.625000 0.994711
vt 0.619711 1.000000
vt 0.130289 0.505289
vt 0.125000 0.505289
vt 0.130289 0.500000
vt 0.625000 0.255289
vt 0.625000 0.255289
vt 0.619711 0.250000
vt 0.619711 0.744711
vt 0.625000 0.755289
vt 0.369711 0.505289
vt 0.369711 0.500000
vt 0.375000 0.505289
vt 0.625000 0.505289
vt 0.625000 0.505289
vt 0.619711 0.500000
vt 0.130289 0.744711
vt 0.125000 0.744711
vt 0.619711 1.000000
vt 0.625000 0.005289
vt 0.625000 0.244711
vt 0.625000 0.494711
vt 0.619711 0.755289
vt 0.380289 0.005289
vt 0.619711 0.005289
vt 0.130289 0.744711
vt 0.130289 0.750000
vt 0.125000 0.744711
vt 0.375000 0.744711
vt 0.369711 0.750000
vt 0.380289 0.000000
vt 0.619711 0.000000
vt 0.369711 0.744711
vt 0.380289 0.744711
vt 0.380289 0.744711
vt 0.369711 0.744711
vt 0.380289 0.505289
vt 0.619711 0.505289
vt 0.619711 0.744711
vt 0.380289 0.755289
vt 0.619711 0.755289
vt 0.619711 0.994711
vt 0.380289 0.994711
vt 0.630289 0.505289
vt 0.869711 0.505289
vt 0.869711 0.744711
vt 0.630289 0.744711
vt 0.380289 0.005289
vt 0.619711 0.005289
vt 0.619711 0.244711
vt 0.380289 0.244711
vt 0.380289 0.255289
vt 0.619711 0.255289
vt 0.619711 0.494711
vt 0.380289 0.494711
vt 0.619711 0.750000
vt 0.625000 0.755289
vt 0.625000 0.755289
vt 0.619711 0.750000
vt 0.619711 0.994711
vt 0.625000 0.994711
vt 0.619711 1.000000
vt 0.130289 0.505289
vt 0.125000 0.505289
vt 0.130289 0.500000
vt 0.625000 0.255289
vt 0.625000 0.255289
vt 0.619711 0.250000
vt 0.619711 0.744711
vt 0.625000 0.755289
vt 0.369711 0.505289
vt 0.369711 0.500000
vt 0.375000 0.505289
vt 0.625000 0.505289
vt 0.625000 0.505289
vt 0.619711 0.500000
vt 0.130289 0.744711
vt 0.125000 0.744711
vt 0.619711 1.000000
vt 0.625000 0.005289
vt 0.625000 0.244711
vt 0.625000 0.494711
vt 0.619711 0.755289
vt 0.380289 0.005289
vt 0.619711 0.005289
vt 0.130289 0.744711
vt 0.130289 0.750000
vt 0.125000 0.744711
vt 0.375000 0.744711
vt 0.369711 0.750000
vt 0.380289 0.000000
vt 0.619711 0.000000
vt 0.369711 0.744711
vt 0.380289 0.744711
vt 0.380289 0.744711
vt 0.369711 0.744711
vt 0.380289 0.505289
vt 0.619711 0.505289
vt 0.619711 0.744711
vt 0.380289 0.755289
vt 0.619711 0.755289
vt 0.619711 0.994711
vt 0.380289 0.994711
vt 0.630289 0.505289
vt 0.869711 0.505289
vt 0.869711 0.744711
vt 0.630289 0.744711
vt 0.380289 0.005289
vt 0.619711 0.005289
vt 0.619711 0.244711
vt 0.380289 0.244711
vt 0.380289 0.255289
vt 0.619711 0.255289
vt 0.619711 0.494711
vt 0.380289 0.494711
vt 0.619711 0.750000
vt 0.625000 0.755289
vt 0.625000 0.755289
vt 0.619711 0.750000
vt 0.619711 0.994711
vt 0.625000 0.994711
vt 0.619711 1.000000
vt 0.130289 0.505289
vt 0.125000 0.505289
vt 0.130289 0.500000
vt 0.625000 0.255289
vt 0.625000 0.255289
vt 0.619711 0.250000
vt 0.619711 0.744711
vt 0.625000 0.755289
vt 0.369711 0.505289
vt 0.369711 0.500000
vt 0.375000 0.505289
vt 0.625000 0.505289
vt 0.625000 0.505289
vt 0.619711 0.500000
vt 0.130289 0.744711
vt 0.125000 0.744711
vt 0.619711 1.000000
vt 0.625000 0.005289
vt 0.625000 0.244711
vt 0.625000 0.494711
vt 0.619711 0.755289
vt 0.380289 0.005289
vt 0.619711 0.005289
vt 0.130289 0.744711
vt 0.130289 0.750000
vt 0.125000 0.744711
vt 0.375000 0.744711
vt 0.369711 0.750000
vt 0.380289 0.000000
vt 0.619711 0.000000
vt 0.369711 0.744711
vt 0.380289 0.744711
vt 0.380289 0.744711
vt 0.369711 0.744711
vt 0.380289 0.505289
vt 0.619711 0.505289
vt 0.619711 0.744711
vt 0.380289 0.755289
vt 0.619711 0.755289
vt 0.619711 0.994711
vt 0.380289 0.994711
vt 0.630289 0.505289
vt 0.869711 0.505289
vt 0.869711 0.744711
vt 0.630289 0.744711
vt 0.380289 0.005289
vt 0.619711 0.005289
vt 0.619711 0.244711
vt 0.380289 0.244711
vt 0.380289 0.255289
vt 0.619711 0.255289
vt 0.619711 0.494711
vt 0.380289 0.494711
vt 0.619711 0.750000
vt 0.625000 0.755289
vt 0.625000 0.755289
vt 0.619711 0.750000
vt 0.619711 0.994711
vt 0.625000 0.994711
vt 0.619711 1.000000
vt 0.130289 0.505289
vt 0.125000 0.505289
vt 0.130289 0.500000
vt 0.625000 0.255289
vt 0.625000 0.255289
vt 0.619711 0.250000
vt 0.619711 0.744711
vt 0.625000 0.755289
vt 0.369711 0.505289
vt 0.369711 0.500000
vt 0.375000 0.505289
vt 0.625000 0.505289
vt 0.625000 0.505289
vt 0.619711 0.500000
vt 0.130289 0.744711
vt 0.125000 0.744711
vt 0.619711 1.000000
vt 0.625000 0.005289
vt 0.625000 0.244711
vt 0.625000 0.494711
vt 0.619711 0.755289
vt 0.380289 0.005289
vt 0.619711 0.005289
vt 0.130289 0.744711
vt 0.130289 0.750000
vt 0.125000 0.744711
vt 0.375000 0.744711
vt 0.369711 0.750000
vt 0.380289 0.000000
vt 0.619711 0.000000
vt 0.369711 0.744711
vt 0.380289 0.744711
vt 0.380289 0.744711
vt 0.369711 0.744711
vt 0.380289 0.505289
vt 0.619711 0.505289
vt 0.619711 0.744711
vt 0.380289 0.755289
vt 0.619711 0.755289
vt 0.619711 0.994711
vt 0.380289 0.994711
vt 0.630289 0.505289
vt 0.869711 0.505289
vt 0.869711 0.744711
vt 0.630289 0.744711
vt 0.380289 0.005289
vt 0.619711 0.005289
vt 0.619711 0.244711
vt 0.380289 0.244711
vt 0.380289 0.255289
vt 0.619711 0.255289
vt 0.619711 0.494711
vt 0.380289 0.494711
vt 0.619711 0.750000
vt 0.625000 0.755289
vt 0.625000 0.755289
vt 0.619711 0.750000
vt 0.619711 0.994711
vt 0.625000 0.994711
vt 0.619711 1.000000
vt 0.130289 0.505289
vt 0.125000 0.505289
vt 0.130289 0.500000
vt 0.625000 0.255289
vt 0.625000 0.255289
vt 0.619711 0.250000
vt 0.619711 0.744711
vt 0.625000 0.755289
vt 0.369711 0.505289
vt 0.369711 0.500000
vt 0.375000 0.505289
vt 0.625000 0.505289
vt 0.625000 0.505289
vt 0.619711 0.500000
vt 0.130289 0.744711
vt 0.125000 0.744711
vt 0.619711 1.000000
vt 0.625000 0.005289
vt 0.625000 0.244711
vt 0.625000 0.494711
vt 0.619711 0.755289
vt 0.380289 0.005289
vt 0.619711 0.005289
vt 0.130289 0.744711
vt 0.130289 0.750000
vt 0.125000 0.744711
vt 0.375000 0.744711
vt 0.369711 0.750000
vt 0.380289 0.000000
vt 0.619711 0.000000
vt 0.369711 0.744711
vt 0.380289 0.744711
vt 0.380289 0.744711
vt 0.369711 0.744711
vt 0.380289 0.505289
vt 0.619711 0.505289
vt 0.619711 0.744711
vt 0.380289 0.755289
vt 0.619711 0.755289
vt 0.619711 0.994711
vt 0.380289 0.994711
vt 0.630289 0.505289
vt 0.869711 0.505289
vt 0.869711 0.744711
vt 0.630289 0.744711
vt 0.380289 0.005289
vt 0.619711 0.005289
vt 0.619711 0.244711
vt 0.380289 0.244711
vt 0.380289 0.255289
vt 0.619711 0.255289
vt 0.619711 0.494711
vt 0.380289 0.494711
vt 0.619711 0.750000
vt 0.625000 0.755289
vt 0.625000 0.755289
vt 0.619711 0.750000
vt 0.619711 0.994711
vt 0.625000 0.994711
vt 0.619711 1.000000
vt 0.130289 0.505289
vt 0.125000 0.505289
vt 0.130289 0.500000
vt 0.625000 0.255289
vt 0.625000 0.255289
vt 0.619711 0.250000
vt 0.619711 0.744711
vt 0.625000 0.755289
vt 0.369711 0.505289
vt 0.369711 0.500000
vt 0.375000 0.505289
vt 0.625000 0.505289
vt 0.625000 0.505289
vt 0.619711 0.500000
vt 0.130289 0.744711
vt 0.125000 0.744711
vt 0.619711 1.000000
vt 0.625000 0.005289
vt 0.625000 0.244711
vt 0.625000 0.494711
vt 0.619711 0.755289
vt 0.380289 0.005289
vt 0.619711 0.005289
vt 0.130289 0.744711
vt 0.130289 0.750000
vt 0.125000 0.744711
vt 0.375000 0.744711
vt 0.369711 0.750000
vt 0.380289 0.000000
vt 0.619711 0.000000
vt 0.369711 0.744711
vt 0.380289 0.744711
vt 0.380289 0.744711
vt 0.369711 0.744711
vt 0.380289 0.505289
vt 0.619711 0.505289
vt 0.619711 0.744711
vt 0.380289 0.755289
vt 0.619711 0.755289
vt 0.619711 0.994711
vt 0.380289 0.994711
vt 0.630289 0.505289
vt 0.869711 0.505289
vt 0.869711 0.744711
vt 0.630289 0.744711
vt 0.380289 0.005289
vt 0.619711 0.005289
vt 0.619711 0.244711
vt 0.380289 0.244711
vt 0.380289 0.255289
vt 0.619711 0.255289
vt 0.619711 0.494711
vt 0.380289 0.494711
vt 0.619711 0.750000
vt 0.625000 0.755289
vt 0.625000 0.755289
vt 0.619711 0.750000
vt 0.619711 0.994711
vt 0.625000 0.994711
vt 0.619711 1.000000
vt 0.130289 0.505289
vt 0.125000 0.505289
vt 0.130289 0.500000
vt 0.625000 0.255289
vt 0.625000 0.255289
vt 0.619711 0.250000
vt 0.619711 0.744711
vt 0.625000 0.755289
vt 0.369711 0.505289
vt 0.369711 0.500000
vt 0.375000 0.505289
vt 0.625000 0.505289
vt 0.625000 0.505289
vt 0.619711 0.500000
vt 0.130289 0.744711
vt 0.125000 0.744711
vt 0.619711 1.000000
vt 0.625000 0.005289
vt 0.625000 0.244711
vt 0.625000 0.494711
vt 0.619711 0.755289
vt 0.380289 0.005289
vt 0.619711 0.005289
vt 0.130289 0.744711
vt 0.130289 0.750000
vt 0.125000 0.744711
vt 0.375000 0.744711
vt 0.369711 0.750000
vt 0.380289 0.000000
vt 0.619711 0.000000
vt 0.369711 0.744711
vt 0.380289 0.744711
vt 0.380289 0.744711
vt 0.369711 0.744711
vt 0.380289 0.505289
vt 0.619711 0.505289
vt 0.619711 0.744711
vt 0.380289 0.755289
vt 0.619711 0.755289
vt 0.619711 0.994711
vt 0.380289 0.994711
vt 0.630289 0.505289
vt 0.869711 0.505289
vt 0.869711 0.744711
vt 0.630289 0.744711
vt 0.380289 0.005289
vt 0.619711 0.005289
vt 0.619711 0.244711
vt 0.380289 0.244711
vt 0.380289 0.255289
vt 0.619711 0.255289
vt 0.619711 0.494711
vt 0.380289 0.494711
vt 0.619711 0.750000
vt 0.625000 0.755289
vt 0.625000 0.755289
vt 0.619711 0.750000
vt 0.619711 0.994711
vt 0.625000 0.994711
vt 0.619711 1.000000
vt 0.130289 0.505289
vt 0.125000 0.505289
vt 0.130289 0.500000
vt 0.625000 0.255289
vt 0.625000 0.255289
vt 0.619711 0.250000
vt 0.619711 0.744711
vt 0.625000 0.755289
vt 0.369711 0.505289
vt 0.369711 0.500000
vt 0.375000 0.505289
vt 0.625000 0.505289
vt 0.625000 0.505289
vt 0.619711 0.500000
vt 0.130289 0.744711
vt 0.125000 0.744711
vt 0.619711 1.000000
vt 0.625000 0.005289
vt 0.625000 0.244711
vt 0.625000 0.494711
vt 0.619711 0.755289
vt 0.380289 0.005289
vt 0.619711 0.005289
vt 0.130289 0.744711
vt 0.130289 0.750000
vt 0.125000 0.744711
vt 0.375000 0.744711
vt 0.369711 0.750000
vt 0.380289 0.000000
vt 0.619711 0.000000
vt 0.369711 0.744711
vt 0.380289 0.744711
vt 0.380289 0.744711
vt 0.369711 0.744711
vt 0.380289 0.505289
vt 0.619711 0.505289
vt 0.619711 0.744711
vt 0.380289 0.755289
vt 0.619711 0.755289
vt 0.619711 0.994711
vt 0.380289 0.994711
vt 0.630289 0.505289
vt 0.869711 0.505289
vt 0.869711 0.744711
vt 0.630289 0.744711
vt 0.380289 0.005289
vt 0.619711 0.005289
vt 0.619711 0.244711
vt 0.380289 0.244711
vt 0.380289 0.255289
vt 0.619711 0.255289
vt 0.619711 0.494711
vt 0.380289 0.494711
vt 0.619711 0.750000
vt 0.625000 0.755289
vt 0.625000 0.755289
vt 0.619711 0.750000
vt 0.619711 0.994711
vt 0.625000 0.994711
vt 0.619711 1.000000
vt 0.130289 0.505289
vt 0.125000 0.505289
vt 0.130289 0.500000
vt 0.625000 0.255289
vt 0.625000 0.255289
vt 0.619711 0.250000
vt 0.619711 0.744711
vt 0.625000 0.755289
vt 0.369711 0.505289
vt 0.369711 0.500000
vt 0.375000 0.505289
vt 0.625000 0.505289
vt 0.625000 0.505289
vt 0.619711 0.500000
vt 0.130289 0.744711
vt 0.125000 0.744711
vt 0.619711 1.000000
vt 0.625000 0.005289
vt 0.625000 0.244711
vt 0.625000 0.494711
vt 0.619711 0.755289
vt 0.380289 0.005289
vt 0.619711 0.005289
vt 0.130289 0.744711
vt 0.130289 0.750000
vt 0.125000 0.744711
vt 0.375000 0.744711
vt 0.369711 0.750000
vt 0.380289 0.000000
vt 0.619711 0.000000
vt 0.369711 0.744711
vt 0.380289 0.744711
vt 0.380289 0.744711
vt 0.369711 0.744711
vt 0.380289 0.505289
vt 0.619711 0.505289
vt 0.619711 0.744711
vt 0.380289 0.755289
vt 0.619711 0.755289
vt 0.619711 0.994711
vt 0.380289 0.994711
vt 0.630289 0.505289
vt 0.869711 0.505289
vt 0.869711 0.744711
vt 0.630289 0.744711
vt 0.380289 0.005289
vt 0.619711 0.005289
vt 0.619711 0.244711
vt 0.380289 0.244711
vt 0.380289 0.255289
vt 0.619711 0.255289
vt 0.619711 0.494711
vt 0.380289 0.494711
vt 0.619711 0.750000
vt 0.625000 0.755289
vt 0.625000 0.755289
vt 0.619711 0.750000
vt 0.619711 0.994711
vt 0.625000 0.994711
vt 0.619711 1.000000
vt 0.130289 0.505289
vt 0.125000 0.505289
vt 0.130289 0.500000
vt 0.625000 0.255289
vt 0.625000 0.255289
vt 0.619711 0.250000
vt 0.619711 0.744711
vt 0.625000 0.755289
vt 0.369711 0.505289
vt 0.369711 0.500000
vt 0.375000 0.505289
vt 0.625000 0.505289
vt 0.625000 0.505289
vt 0.619711 0.500000
vt 0.130289 0.744711
vt 0.125000 0.744711
vt 0.619711 1.000000
vt 0.625000 0.005289
vt 0.625000 0.244711
vt 0.625000 0.494711
vt 0.619711 0.755289
vt 0.380289 0.005289
vt 0.619711 0.005289
vt 0.130289 0.744711
vt 0.130289 0.750000
vt 0.125000 0.744711
vt 0.375000 0.744711
vt 0.369711 0.750000
vt 0.380289 0.000000
vt 0.619711 0.000000
vt 0.369711 0.744711
vt 0.380289 0.744711
vt 0.380289 0.744711
vt 0.369711 0.744711
vt 0.380289 0.505289
vt 0.619711 0.505289
vt 0.619711 0.744711
vt 0.380289 0.755289
vt 0.619711 0.755289
vt 0.619711 0.994711
vt 0.380289 0.994711
vt 0.630289 0.505289
vt 0.869711 0.505289
vt 0.869711 0.744711
vt 0.630289 0.744711
vt 0.380289 0.005289
vt 0.619711 0.005289
vt 0.619711 0.244711
vt 0.380289 0.244711
vt 0.380289 0.255289
vt 0.619711 0.255289
vt 0.619711 0.494711
vt 0.380289 0.494711
vt 0.619711 0.750000
vt 0.625000 0.755289
vt 0.625000 0.755289
vt 0.619711 0.750000
vt 0.619711 0.994711
vt 0.625000 0.994711
vt 0.619711 1.000000
vt 0.130289 0.505289
vt 0.125000 0.505289
vt 0.130289 0.500000
vt 0.625000 0.255289
vt 0.625000 0.255289
vt 0.619711 0.250000
vt 0.619711 0.744711
vt 0.625000 0.755289
vt 0.369711 0.505289
vt 0.369711 0.500000
vt 0.375000 0.505289
vt 0.625000 0.505289
vt 0.625000 0.505289
vt 0.619711 0.500000
vt 0.130289 0.744711
vt 0.125000 0.744711
vt 0.619711 1.000000
vt 0.625000 0.005289
vt 0.625000 0.244711
vt 0.625000 0.494711
vt 0.619711 0.755289
vt 0.380289 0.005289
vt 0.619711 0.005289
vt 0.130289 0.744711
vt 0.130289 0.750000
vt 0.125000 0.744711
vt 0.375000 0.744711
vt 0.369711 0.750000
vt 0.380289 0.000000
vt 0.619711 0.000000
vt 0.369711 0.744711
vt 0.380289 0.744711
vt 0.380289 0.744711
vt 0.369711 0.744711
vt 0.380289 0.505289
vt 0.619711 0.505289
vt 0.619711 0.744711
vt 0.380289 0.755289
vt 0.619711 0.755289
vt 0.619711 0.994711
vt 0.380289 0.994711
vt 0.630289 0.505289
vt 0.869711 0.505289
vt 0.869711 0.744711
vt 0.630289 0.744711
vt 0.380289 0.005289
vt 0.619711 0.005289
vt 0.619711 0.244711
vt 0.380289 0.244711
vt 0.380289 0.255289
vt 0.619711 0.255289
vt 0.619711 0.494711
vt 0.380289 0.494711
vt 0.619711 0.750000
vt 0.625000 0.755289
vt 0.625000 0.755289
vt 0.619711 0.750000
vt 0.619711 0.994711
vt 0.625000 0.994711
vt 0.619711 1.000000
vt 0.130289 0.505289
vt 0.125000 0.505289
vt 0.130289 0.500000
vt 0.625000 0.255289
vt 0.625000 0.255289
vt 0.619711 0.250000
vt 0.619711 0.744711
vt 0.625000 0.755289
vt 0.369711 0.505289
vt 0.369711 0.500000
vt 0.375000 0.505289
vt 0.625000 0.505289
vt 0.625000 0.505289
vt 0.619711 0.500000
vt 0.130289 0.744711
vt 0.125000 0.744711
vt 0.619711 1.000000
vt 0.625000 0.005289
vt 0.625000 0.244711
vt 0.625000 0.494711
vt 0.619711 0.755289
vt 0.380289 0.005289
vt 0.619711 0.005289
vt 0.130289 0.744711
vt 0.130289 0.750000
vt 0.125000 0.744711
vt 0.375000 0.744711
vt 0.369711 0.750000
vt 0.380289 0.000000
vt 0.619711 0.000000
vt 0.369711 0.744711
vt 0.380289 0.744711
vt 0.380289 0.744711
vt 0.369711 0.744711
vt 0.380289 0.505289
vt 0.619711 0.505289
vt 0.619711 0.744711
vt 0.380289 0.755289
vt 0.619711 0.755289
vt 0.619711 0.994711
vt 0.380289 0.994711
vt 0.630289 0.505289
vt 0.869711 0.505289
vt 0.869711 0.744711
vt 0.630289 0.744711
vt 0.380289 0.005289
vt 0.619711 0.005289
vt 0.619711 0.244711
vt 0.380289 0.244711
vt 0.380289 0.255289
vt 0.619711 0.255289
vt 0.619711 0.494711
vt 0.380289 0.494711
vt 0.619711 0.750000
vt 0.625000 0.755289
vt 0.625000 0.755289
vt 0.619711 0.750000
vt 0.619711 0.994711
vt 0.625000 0.994711
vt 0.619711 1.000000
vt 0.130289 0.505289
vt 0.125000 0.505289
vt 0.130289 0.500000
vt 0.625000 0.255289
vt 0.625000 0.255289
vt 0.619711 0.250000
vt 0.619711 0.744711
vt 0.625000 0.755289
vt 0.369711 0.505289
vt 0.369711 0.500000
vt 0.375000 0.505289
vt 0.625000 0.505289
vt 0.625000 0.505289
vt 0.619711 0.500000
vt 0.130289 0.744711
vt 0.125000 0.744711
vt 0.619711 1.000000
vt 0.625000 0.005289
vt 0.625000 0.244711
vt 0.625000 0.494711
vt 0.619711 0.755289
vt 0.380289 0.005289
vt 0.619711 0.005289
vt 0.130289 0.744711
vt 0.130289 0.750000
vt 0.125000 0.744711
vt 0.375000 0.744711
vt 0.369711 0.750000
vt 0.380289 0.000000
vt 0.619711 0.000000
vt 0.369711 0.744711
vt 0.380289 0.744711
vt 0.380289 0.744711
vt 0.369711 0.744711
vt 0.380289 0.505289
vt 0.619711 0.505289
vt 0.619711 0.744711
vt 0.380289 0.755289
vt 0.619711 0.755289
vt 0.619711 0.994711
vt 0.380289 0.994711
vt 0.630289 0.505289
vt 0.869711 0.505289
vt 0.869711 0.744711
vt 0.630289 0.744711
vt 0.380289 0.005289
vt 0.619711 0.005289
vt 0.619711 0.244711
vt 0.380289 0.244711
vt 0.380289 0.255289
vt 0.619711 0.255289
vt 0.619711 0.494711
vt 0.380289 0.494711
vt 0.619711 0.750000
vt 0.625000 0.755289
vt 0.625000 0.755289
vt 0.619711 0.750000
vt 0.619711 0.994711
vt 0.625000 0.994711
vt 0.619711 1.000000
vt 0.130289 0.505289
vt 0.125000 0.505289
vt 0.130289 0.500000
vt 0.625000 0.255289
vt 0.625000 0.255289
vt 0.619711 0.250000
vt 0.619711 0.744711
vt 0.625000 0.755289
vt 0.369711 0.505289
vt 0.369711 0.500000
vt 0.375000 0.505289
vt 0.625000 0.505289
vt 0.625000 0.505289
vt 0.619711 0.500000
vt 0.130289 0.744711
vt 0.125000 0.744711
vt 0.619711 1.000000
vt 0.625000 0.005289
vt 0.625000 0.244711
vt 0.625000 0.494711
vt 0.619711 0.755289
vt 0.380289 0.005289
vt 0.619711 0.005289
vt 0.130289 0.744711
vt 0.130289 0.750000
vt 0.125000 0.744711
vt 0.375000 0.744711
vt 0.369711 0.750000
vt 0.380289 0.000000
vt 0.619711 0.000000
vt 0.369711 0.744711
vt 0.380289 0.744711
vt 0.380289 0.744711
vt 0.369711 0.744711
vt 0.380289 0.505289
vt 0.619711 0.505289
vt 0.619711 0.744711
vt 0.380289 0.755289
vt 0.619711 0.755289
vt 0.619711 0.994711
vt 0.380289 0.994711
vt 0.630289 0.505289
vt 0.869711 0.505289
vt 0.869711 0.744711
vt 0.630289 0.744711
vt 0.380289 0.005289
vt 0.619711 0.005289
vt 0.619711 0.244711
vt 0.380289 0.244711
vt 0.380289 0.255289
vt 0.619711 0.255289
vt 0.619711 0.494711
vt 0.380289 0.494711
vt 0.619711 0.750000
vt 0.625000 0.755289
vt 0.625000 0.755289
vt 0.619711 0.750000
vt 0.619711 0.994711
vt 0.625000 0.994711
vt 0.619711 1.000000
vt 0.130289 0.505289
vt 0.125000 0.505289
vt 0.130289 0.500000
vt 0.625000 0.255289
vt 0.625000 0.255289
vt 0.619711 0.250000
vt 0.619711 0.744711
vt 0.625000 0.755289
vt 0.369711 0.505289
vt 0.369711 0.500000
vt 0.375000 0.505289
vt 0.625000 0.505289
vt 0.625000 0.505289
vt 0.619711 0.500000
vt 0.130289 0.744711
vt 0.125000 0.744711
vt 0.619711 1.000000
vt 0.625000 0.005289
vt 0.625000 0.244711
vt 0.625000 0.494711
vt 0.619711 0.755289
vt 0.380289 0.005289
vt 0.619711 0.005289
vt 0.130289 0.744711
vt 0.130289 0.750000
vt 0.125000 0.744711
vt 0.375000 0.744711
vt 0.369711 0.750000
vt 0.380289 0.000000
vt 0.619711 0.000000
vt 0.369711 0.744711
vt 0.380289 0.744711
vt 0.380289 0.744711
vt 0.369711 0.744711
vt 0.380289 0.505289
vt 0.619711 0.505289
vt 0.619711 0.744711
vt 0.380289 0.755289
vt 0.619711 0.755289
vt 0.619711 0.994711
vt 0.380289 0.994711
vt 0.630289 0.505289
vt 0.869711 0.505289
vt 0.869711 0.744711
vt 0.630289 0.744711
vt 0.380289 0.005289
vt 0.619711 0.005289
vt 0.619711 0.244711
vt 0.380289 0.244711
vt 0.380289 0.255289
vt 0.619711 0.255289
vt 0.619711 0.494711
vt 0.380289 0.494711
vt 0.619711 0.750000
vt 0.625000 0.755289
vt 0.625000 0.755289
vt 0.619711 0.750000
vt 0.619711 0.994711
vt 0.625000 0.994711
vt 0.619711 1.000000
vt 0.130289 0.505289
vt 0.125000 0.505289
vt 0.130289 0.500000
vt 0.625000 0.255289
vt 0.625000 0.255289
vt 0.619711 0.250000
vt 0.619711 0.744711
vt 0.625000 0.755289
vt 0.369711 0.505289
vt 0.369711 0.500000
vt 0.375000 0.505289
vt 0.625000 0.505289
vt 0.625000 0.505289
vt 0.619711 0.500000
vt 0.130289 0.744711
vt 0.125000 0.744711
vt 0.619711 1.000000
vt 0.625000 0.005289
vt 0.625000 0.244711
vt 0.625000 0.494711
vt 0.619711 0.755289
vt 0.380289 0.005289
vt 0.619711 0.005289
vt 0.130289 0.744711
vt 0.130289 0.750000
vt 0.125000 0.744711
vt 0.375000 0.744711
vt 0.369711 0.750000
vt 0.380289 0.000000
vt 0.619711 0.000000
vt 0.369711 0.744711
vt 0.380289 0.744711
vt 0.380289 0.744711
vt 0.369711 0.744711
vt 0.380289 0.505289
vt 0.619711 0.505289
vt 0.619711 0.744711
vt 0.380289 0.755289
vt 0.619711 0.755289
vt 0.619711 0.994711
vt 0.380289 0.994711
vt 0.630289 0.505289
vt 0.869711 0.505289
vt 0.869711 0.744711
vt 0.630289 0.744711
vt 0.380289 0.005289
vt 0.619711 0.005289
vt 0.619711 0.244711
vt 0.380289 0.244711
vt 0.380289 0.255289
vt 0.619711 0.255289
vt 0.619711 0.494711
vt 0.380289 0.494711
vt 0.619711 0.750000
vt 0.625000 0.755289
vt 0.625000 0.755289
vt 0.619711 0.750000
vt 0.619711 0.994711
vt 0.625000 0.994711
vt 0.619711 1.000000
vt 0.130289 0.505289
vt 0.125000 0.505289
vt 0.130289 0.500000
vt 0.625000 0.255289
vt 0.625000 0.255289
vt 0.619711 0.250000
vt 0.619711 0.744711
vt 0.625000 0.755289
vt 0.369711 0.505289
vt 0.369711 0.500000
vt 0.375000 0.505289
vt 0.625000 0.505289
vt 0.625000 0.505289
vt 0.619711 0.500000
vt 0.130289 0.744711
vt 0.125000 0.744711
vt 0.619711 1.000000
vt 0.625000 0.005289
vt 0.625000 0.244711
vt 0.625000 0.494711
vt 0.619711 0.755289
vt 0.380289 0.005289
vt 0.619711 0.005289
vt 0.130289 0.744711
vt 0.130289 0.750000
vt 0.125000 0.744711
vt 0.375000 0.744711
vt 0.369711 0.750000
vt 0.380289 0.000000
vt 0.619711 0.000000
vt 0.369711 0.744711
vt 0.380289 0.744711
vt 0.380289 0.744711
vt 0.369711 0.744711
vt 0.380289 0.505289
vt 0.619711 0.505289
vt 0.619711 0.744711
vt 0.380289 0.755289
vt 0.619711 0.755289
vt 0.619711 0.994711
vt 0.380289 0.994711
vt 0.630289 0.505289
vt 0.869711 0.505289
vt 0.869711 0.744711
vt 0.630289 0.744711
vt 0.380289 0.005289
vt 0.619711 0.005289
vt 0.619711 0.244711
vt 0.380289 0.244711
vt 0.380289 0.255289
vt 0.619711 0.255289
vt 0.619711 0.494711
vt 0.380289 0.494711
vt 0.619711 0.750000
vt 0.625000 0.755289
vt 0.625000 0.755289
vt 0.619711 0.750000
vt 0.619711 0.994711
vt 0.625000 0.994711
vt 0.619711 1.000000
vt 0.130289 0.505289
vt 0.125000 0.505289
vt 0.130289 0.500000
vt 0.625000 0.255289
vt 0.625000 0.255289
vt 0.619711 0.250000
vt 0.619711 0.744711
vt 0.625000 0.755289
vt 0.369711 0.505289
vt 0.369711 0.500000
vt 0.375000 0.505289
vt 0.625000 0.505289
vt 0.625000 0.505289
vt 0.619711 0.500000
vt 0.130289 0.744711
vt 0.125000 0.744711
vt 0.619711 1.000000
vt 0.625000 0.005289
vt 0.625000 0.244711
vt 0.625000 0.494711
vt 0.619711 0.755289
vt 0.380289 0.005289
vt 0.619711 0.005289
vt 0.130289 0.744711
vt 0.130289 0.750000
vt 0.125000 0.744711
vt 0.375000 0.744711
vt 0.369711 0.750000
vt 0.380289 0.000000
vt 0.619711 0.000000
vt 0.369711 0.744711
vt 0.380289 0.744711
vt 0.380289 0.744711
vt 0.369711 0.744711
vt 0.380289 0.505289
vt 0.619711 0.505289
vt 0.619711 0.744711
vt 0.380289 0.755289
vt 0.619711 0.755289
vt 0.619711 0.994711
vt 0.380289 0.994711
vt 0.630289 0.505289
vt 0.869711 0.505289
vt 0.869711 0.744711
vt 0.630289 0.744711
vt 0.380289 0.005289
vt 0.619711 0.005289
vt 0.619711 0.244711
vt 0.380289 0.244711
vt 0.380289 0.255289
vt 0.619711 0.255289
vt 0.619711 0.494711
vt 0.380289 0.494711
vt 0.619711 0.750000
vt 0.625000 0.755289
vt 0.625000 0.755289
vt 0.619711 0.750000
vt 0.619711 0.994711
vt 0.625000 0.994711
vt 0.619711 1.000000
vt 0.130289 0.505289
vt 0.125000 0.505289
vt 0.130289 0.500000
vt 0.625000 0.255289
vt 0.625000 0.255289
vt 0.619711 0.250000
vt 0.619711 0.744711
vt 0.625000 0.755289
vt 0.369711 0.505289
vt 0.369711 0.500000
vt 0.375000 0.505289
vt 0.625000 0.505289
vt 0.625000 0.505289
vt 0.619711 0.500000
vt 0.130289 0.744711
vt 0.125000 0.744711
vt 0.619711 1.000000
vt 0.625000 0.005289
vt 0.625000 0.244711
vt 0.625000 0.494711
vt 0.619711 0.755289
vt 0.380289 0.005289
vt 0.619711 0.005289
vt 0.130289 0.744711
vt 0.130289 0.750000
vt 0.125000 0.744711
vt 0.375000 0.744711
vt 0.369711 0.750000
vt 0.380289 0.000000
vt 0.619711 0.000000
vt 0.369711 0.744711
vt 0.380289 0.744711
vt 0.380289 0.744711
vt 0.369711 0.744711
vt 0.380289 0.505289
vt 0.619711 0.505289
vt 0.619711 0.744711
vt 0.380289 0.755289
vt 0.619711 0.755289
vt 0.619711 0.994711
vt 0.380289 0.994711
vt 0.630289 0.505289
vt 0.869711 0.505289
vt 0.869711 0.744711
vt 0.630289 0.744711
vt 0.380289 0.005289
vt 0.619711 0.005289
vt 0.619711 0.244711
vt 0.380289 0.244711
vt 0.380289 0.255289
vt 0.619711 0.255289
vt 0.619711 0.494711
vt 0.380289 0.494711
vt 0.619711 0.750000
vt 0.625000 0.755289
vt 0.625000 0.755289
vt 0.619711 0.750000
vt 0.619711 0.994711
vt 0.625000 0.994711
vt 0.619711 1.000000
vt 0.130289 0.505289
vt 0.125000 0.505289
vt 0.130289 0.500000
vt 0.625000 0.255289
vt 0.625000 0.255289
vt 0.619711 0.250000
vt 0.619711 0.744711
vt 0.625000 0.755289
vt 0.369711 0.505289
vt 0.369711 0.500000
vt 0.375000 0.505289
vt 0.625000 0.505289
vt 0.625000 0.505289
vt 0.619711 0.500000
vt 0.130289 0.744711
vt 0.125000 0.744711
vt 0.619711 1.000000
vt 0.625000 0.005289
vt 0.625000 0.244711
vt 0.625000 0.494711
vt 0.619711 0.755289
vt 0.380289 0.005289
vt 0.619711 0.005289
vt 0.130289 0.744711
vt 0.130289 0.750000
vt 0.125000 0.744711
vt 0.375000 0.744711
vt 0.369711 0.750000
vt 0.380289 0.000000
vt 0.619711 0.000000
vt 0.369711 0.744711
vt 0.380289 0.744711
vt 0.380289 0.744711
vt 0.369711 0.744711
vt 0.380289 0.505289
vt 0.619711 0.505289
vt 0.619711 0.744711
vt 0.380289 0.755289
vt 0.619711 0.755289
vt 0.619711 0.994711
vt 0.380289 0.994711
vt 0.630289 0.505289
vt 0.869711 0.505289
vt 0.869711 0.744711
vt 0.630289 0.744711
vt 0.380289 0.005289
vt 0.619711 0.005289
vt 0.619711 0.244711
vt 0.380289 0.244711
vt 0.380289 0.255289
vt 0.619711 0.255289
vt 0.619711 0.494711
vt 0.380289 0.494711
vt 0.619711 0.750000
vt 0.625000 0.755289
vt 0.625000 0.755289
vt 0.619711 0.750000
vt 0.619711 0.994711
vt 0.625000 0.994711
vt 0.619711 1.000000
vt 0.130289 0.505289
vt 0.125000 0.505289
vt 0.130289 0.500000
vt 0.625000 0.255289
vt 0.625000 0.255289
vt 0.619711 0.250000
vt 0.619711 0.744711
vt 0.625000 0.755289
vt 0.369711 0.505289
vt 0.369711 0.500000
vt 0.375000 0.505289
vt 0.625000 0.505289
vt 0.625000 0.505289
vt 0.619711 0.500000
vt 0.130289 0.744711
vt 0.125000 0.744711
vt 0.619711 1.000000
vt 0.625000 0.005289
vt 0.625000 0.244711
vt 0.625000 0.494711
vt 0.619711 0.755289
vt 0.380289 0.005289
vt 0.619711 0.005289
vt 0.130289 0.744711
vt 0.130289 0.750000
vt 0.125000 0.744711
vt 0.375000 0.744711
vt 0.369711 0.750000
vt 0.380289 0.000000
vt 0.619711 0.000000
vt 0.369711 0.744711
vt 0.380289 0.744711
vt 0.380289 0.744711
vt 0.369711 0.744711
vt 0.380289 0.505289
vt 0.619711 0.505289
vt 0.619711 0.744711
vt 0.380289 0.755289
vt 0.619711 0.755289
vt 0.619711 0.994711
vt 0.380289 0.994711
vt 0.630289 0.505289
vt 0.869711 0.505289
vt 0.869711 0.744711
vt 0.630289 0.744711
vt 0.380289 0.005289
vt 0.619711 0.005289
vt 0.619711 0.244711
vt 0.380289 0.244711
vt 0.380289 0.255289
vt 0.619711 0.255289
vt 0.619711 0.494711
vt 0.380289 0.494711
vt 0.619711 0.750000
vt 0.625000 0.755289
vt 0.625000 0.755289
vt 0.619711 0.750000
vt 0.619711 0.994711
vt 0.625000 0.994711
vt 0.619711 1.000000
vt 0.130289 0.505289
vt 0.125000 0.505289
vt 0.130289 0.500000
vt 0.625000 0.255289
vt 0.625000 0.255289
vt 0.619711 0.250000
vt 0.619711 0.744711
vt 0.625000 0.755289
vt 0.369711 0.505289
vt 0.369711 0.500000
vt 0.375000 0.505289
vt 0.625000 0.505289
vt 0.625000 0.505289
vt 0.619711 0.500000
vt 0.130289 0.744711
vt 0.125000 0.744711
vt 0.619711 1.000000
vt 0.625000 0.005289
vt 0.625000 0.244711
vt 0.625000 0.494711
vt 0.619711 0.755289
vt 0.380289 0.005289
vt 0.619711 0.005289
vt 0.130289 0.744711
vt 0.130289 0.750000
vt 0.125000 0.744711
vt 0.375000 0.744711
vt 0.369711 0.750000
vt 0.380289 0.000000
vt 0.619711 0.000000
vt 0.369711 0.744711
vt 0.380289 0.744711
vt 0.380289 0.744711
vt 0.369711 0.744711
vt 0.380289 0.505289
vt 0.619711 0.505289
vt 0.619711 0.744711
vt 0.380289 0.755289
vt 0.619711 0.755289
vt 0.619711 0.994711
vt 0.380289 0.994711
vt 0.630289 0.505289
vt 0.869711 0.505289
vt 0.869711 0.744711
vt 0.630289 0.744711
vt 0.380289 0.005289
vt 0.619711 0.005289
vt 0.619711 0.244711
vt 0.380289 0.244711
vt 0.380289 0.255289
vt 0.619711 0.255289
vt 0.619711 0.494711
vt 0.380289 0.494711
vt 0.619711 0.750000
vt 0.625000 0.755289
vt 0.625000 0.755289
vt 0.619711 0.750000
vt 0.619711 0.994711
vt 0.625000 0.994711
vt 0.619711 1.000000
vt 0.130289 0.505289
vt 0.125000 0.505289
vt 0.130289 0.500000
vt 0.625000 0.255289
vt 0.625000 0.255289
vt 0.619711 0.250000
vt 0.619711 0.744711
vt 0.625000 0.755289
vt 0.369711 0.505289
vt 0.369711 0.500000
vt 0.375000 0.505289
vt 0.625000 0.505289
vt 0.625000 0.505289
vt 0.619711 0.500000
vt 0.130289 0.744711
vt 0.125000 0.744711
vt 0.619711 1.000000
vt 0.625000 0.005289
vt 0.625000 0.244711
vt 0.625000 0.494711
vt 0.619711 0.755289
vt 0.380289 0.005289
vt 0.619711 0.005289
vt 0.130289 0.744711
vt 0.130289 0.750000
vt 0.125000 0.744711
vt 0.375000 0.744711
vt 0.369711 0.750000
vt 0.380289 0.000000
vt 0.619711 0.000000
vt 0.369711 0.744711
vt 0.380289 0.744711
vt 0.380289 0.744711
vt 0.369711 0.744711
vt 0.380289 0.505289
vt 0.619711 0.505289
vt 0.619711 0.744711
vt 0.380289 0.755289
vt 0.619711 0.755289
vt 0.619711 0.994711
vt 0.380289 0.994711
vt 0.630289 0.505289
vt 0.869711 0.505289
vt 0.869711 0.744711
vt 0.630289 0.744711
vt 0.380289 0.005289
vt 0.619711 0.005289
vt 0.619711 0.244711
vt 0.380289 0.244711
vt 0.380289 0.255289
vt 0.619711 0.255289
vt 0.619711 0.494711
vt 0.380289 0.494711
vt 0.619711 0.750000
vt 0.625000 0.755289
vt 0.625000 0.755289
vt 0.619711 0.750000
vt 0.619711 0.994711
vt 0.625000 0.994711
vt 0.619711 1.000000
vt 0.130289 0.505289
vt 0.125000 0.505289
vt 0.130289 0.500000
vt 0.625000 0.255289
vt 0.625000 0.255289
vt 0.619711 0.250000
vt 0.619711 0.744711
vt 0.625000 0.755289
vt 0.369711 0.505289
vt 0.369711 0.500000
vt 0.375000 0.505289
vt 0.625000 0.505289
vt 0.625000 0.505289
vt 0.619711 0.500000
vt 0.130289 0.744711
vt 0.125000 0.744711
vt 0.619711 1.000000
vt 0.625000 0.005289
vt 0.625000 0.244711
vt 0.625000 0.494711
vt 0.619711 0.755289
vt 0.380289 0.005289
vt 0.619711 0.005289
vt 0.130289 0.744711
vt 0.130289 0.750000
vt 0.125000 0.744711
vt 0.375000 0.744711
vt 0.369711 0.750000
vt 0.380289 0.000000
vt 0.619711 0.000000
vt 0.369711 0.744711
vt 0.380289 0.744711
vt 0.380289 0.744711
vt 0.369711 0.744711
vt 0.380289 0.505289
vt 0.619711 0.505289
vt 0.619711 0.744711
vt 0.380289 0.755289
vt 0.619711 0.755289
vt 0.619711 0.994711
vt 0.380289 0.994711
vt 0.630289 0.505289
vt 0.869711 0.505289
vt 0.869711 0.744711
vt 0.630289 0.744711
vt 0.380289 0.005289
vt 0.619711 0.005289
vt 0.619711 0.244711
vt 0.380289 0.244711
vt 0.380289 0.255289
vt 0.619711 0.255289
vt 0.619711 0.494711
vt 0.380289 0.494711
vt 0.619711 0.750000
vt 0.625000 0.755289
vt 0.625000 0.755289
vt 0.619711 0.750000
vt 0.619711 0.994711
vt 0.625000 0.994711
vt 0.619711 1.000000
vt 0.130289 0.505289
vt 0.125000 0.505289
vt 0.130289 0.500000
vt 0.625000 0.255289
vt 0.625000 0.255289
vt 0.619711 0.250000
vt 0.619711 0.744711
vt 0.625000 0.755289
vt 0.369711 0.505289
vt 0.369711 0.500000
vt 0.375000 0.505289
vt 0.625000 0.505289
vt 0.625000 0.505289
vt 0.619711 0.500000
vt 0.130289 0.744711
vt 0.125000 0.744711
vt 0.619711 1.000000
vt 0.625000 0.005289
vt 0.625000 0.244711
vt 0.625000 0.494711
vt 0.619711 0.755289
vt 0.380289 0.005289
vt 0.619711 0.005289
vt 0.130289 0.744711
vt 0.130289 0.750000
vt 0.125000 0.744711
vt 0.375000 0.744711
vt 0.369711 0.750000
vt 0.380289 0.000000
vt 0.619711 0.000000
vt 0.369711 0.744711
vt 0.380289 0.744711
vt 0.380289 0.744711
vt 0.369711 0.744711
vt 0.380289 0.505289
vt 0.619711 0.505289
vt 0.619711 0.744711
vt 0.380289 0.755289
vt 0.619711 0.755289
vt 0.619711 0.994711
vt 0.380289 0.994711
vt 0.630289 0.505289
vt 0.869711 0.505289
vt 0.869711 0.744711
vt 0.630289 0.744711
vt 0.380289 0.005289
vt 0.619711 0.005289
vt 0.619711 0.244711
vt 0.380289 0.244711
vt 0.380289 0.255289
vt 0.619711 0.255289
vt 0.619711 0.494711
vt 0.380289 0.494711
vt 0.619711 0.750000
vt 0.625000 0.755289
vt 0.625000 0.755289
vt 0.619711 0.750000
vt 0.619711 0.994711
vt 0.625000 0.994711
vt 0.619711 1.000000
vt 0.130289 0.505289
vt 0.125000 0.505289
vt 0.130289 0.500000
vt 0.625000 0.255289
vt 0.625000 0.255289
vt 0.619711 0.250000
vt 0.619711 0.744711
vt 0.625000 0.755289
vt 0.369711 0.505289
vt 0.369711 0.500000
vt 0.375000 0.505289
vt 0.625000 0.505289
vt 0.625000 0.505289
vt 0.619711 0.500000
vt 0.130289 0.744711
vt 0.125000 0.744711
vt 0.619711 1.000000
vt 0.625000 0.005289
vt 0.625000 0.244711
vt 0.625000 0.494711
vt 0.619711 0.755289
vt 0.380289 0.005289
vt 0.619711 0.005289
vt 0.130289 0.744711
vt 0.130289 0.750000
vt 0.125000 0.744711
vt 0.375000 0.744711
vt 0.369711 0.750000
vt 0.380289 0.000000
vt 0.619711 0.000000
vt 0.369711 0.744711
vt 0.380289 0.744711
vt 0.380289 0.744711
vt 0.369711 0.744711
vt 0.380289 0.505289
vt 0.619711 0.505289
vt 0.619711 0.744711
vt 0.380289 0.755289
vt 0.619711 0.755289
vt 0.619711 0.994711
vt 0.380289 0.994711
vt 0.630289 0.505289
vt 0.869711 0.505289
vt 0.869711 0.744711
vt 0.630289 0.744711
vt 0.380289 0.005289
vt 0.619711 0.005289
vt 0.619711 0.244711
vt 0.380289 0.244711
vt 0.380289 0.255289
vt 0.619711 0.255289
vt 0.619711 0.494711
vt 0.380289 0.494711
vt 0.619711 0.750000
vt 0.625000 0.755289
vt 0.625000 0.755289
vt 0.619711 0.750000
vt 0.619711 0.994711
vt 0.625000 0.994711
vt 0.619711 1.000000
vt 0.130289 0.505289
vt 0.125000 0.505289
vt 0.130289 0.500000
vt 0.625000 0.255289
vt 0.625000 0.255289
vt 0.619711 0.250000
vt 0.619711 0.744711
vt 0.625000 0.755289
vt 0.369711 0.505289
vt 0.369711 0.500000
vt 0.375000 0.505289
vt 0.625000 0.505289
vt 0.625000 0.505289
vt 0.619711 0.500000
vt 0.130289 0.744711
vt 0.125000 0.744711
vt 0.619711 1.000000
vt 0.625000 0.005289
vt 0.625000 0.244711
vt 0.625000 0.494711
vt 0.619711 0.755289
vt 0.380289 0.005289
vt 0.619711 0.005289
vt 0.130289 0.744711
vt 0.130289 0.750000
vt 0.125000 0.744711
vt 0.375000 0.744711
vt 0.369711 0.750000
vt 0.380289 0.000000
vt 0.619711 0.000000
vt 0.369711 0.744711
vt 0.380289 0.744711
vt 0.380289 0.744711
vt 0.369711 0.744711
vt 0.380289 0.505289
vt 0.619711 0.505289
vt 0.619711 0.744711
vt 0.380289 0.755289
vt 0.619711 0.755289
vt 0.619711 0.994711
vt 0.380289 0.994711
vt 0.630289 0.505289
vt 0.869711 0.505289
vt 0.869711 0.744711
vt 0.630289 0.744711
vt 0.380289 0.005289
vt 0.619711 0.005289
vt 0.619711 0.244711
vt 0.380289 0.244711
vt 0.380289 0.255289
vt 0.619711 0.255289
vt 0.619711 0.494711
vt 0.380289 0.494711
vt 0.619711 0.750000
vt 0.625000 0.755289
vt 0.625000 0.755289
vt 0.619711 0.750000
vt 0.619711 0.994711
vt 0.625000 0.994711
vt 0.619711 1.000000
vt 0.130289 0.505289
vt 0.125000 0.505289
vt 0.130289 0.500000
vt 0.625000 0.255289
vt 0.625000 0.255289
vt 0.619711 0.250000
vt 0.619711 0.744711
vt 0.625000 0.755289
vt 0.369711 0.505289
vt 0.369711 0.500000
vt 0.375000 0.505289
vt 0.625000 0.505289
vt 0.625000 0.505289
vt 0.619711 0.500000
vt 0.130289 0.744711
vt 0.125000 0.744711
vt 0.619711 1.000000
vt 0.625000 0.005289
vt 0.625000 0.244711
vt 0.625000 0.494711
vt 0.619711 0.755289
vt 0.380289 0.005289
vt 0.619711 0.005289
vt 0.130289 0.744711
vt 0.130289 0.750000
vt 0.125000 0.744711
vt 0.375000 0.744711
vt 0.369711 0.750000
vt 0.380289 0.000000
vt 0.619711 0.000000
vt 0.369711 0.744711
vt 0.380289 0.744711
vt 0.380289 0.744711
vt 0.369711 0.744711
vt 0.380289 0.505289
vt 0.619711 0.505289
vt 0.619711 0.744711
vt 0.380289 0.755289
vt 0.619711 0.755289
vt 0.619711 0.994711
vt 0.380289 0.994711
vt 0.630289 0.505289
vt 0.869711 0.505289
vt 0.869711 0.744711
vt 0.630289 0.744711
vt 0.380289 0.005289
vt 0.619711 0.005289
vt 0.619711 0.244711
vt 0.380289 0.244711
vt 0.380289 0.255289
vt 0.619711 0.255289
vt 0.619711 0.494711
vt 0.380289 0.494711
vt 0.619711 0.750000
vt 0.625000 0.755289
vt 0.625000 0.755289
vt 0.619711 0.750000
vt 0.619711 0.994711
vt 0.625000 0.994711
vt 0.619711 1.000000
vt 0.130289 0.505289
vt 0.125000 0.505289
vt 0.130289 0.500000
vt 0.625000 0.255289
vt 0.625000 0.255289
vt 0.619711 0.250000
vt 0.619711 0.744711
vt 0.625000 0.755289
vt 0.369711 0.505289
vt 0.369711 0.500000
vt 0.375000 0.505289
vt 0.625000 0.505289
vt 0.625000 0.505289
vt 0.619711 0.500000
vt 0.130289 0.744711
vt 0.125000 0.744711
vt 0.619711 1.000000
vt 0.625000 0.005289
vt 0.625000 0.244711
vt 0.625000 0.494711
vt 0.619711 0.755289
vt 0.380289 0.005289
vt 0.619711 0.005289
vt 0.130289 0.744711
vt 0.130289 0.750000
vt 0.125000 0.744711
vt 0.375000 0.744711
vt 0.369711 0.750000
vt 0.380289 0.000000
vt 0.619711 0.000000
vt 0.369711 0.744711
vt 0.380289 0.744711
vt 0.380289 0.744711
vt 0.369711 0.744711
vt 0.380289 0.505289
vt 0.619711 0.505289
vt 0.619711 0.744711
vt 0.380289 0.755289
vt 0.619711 0.755289
vt 0.619711 0.994711
vt 0.380289 0.994711
vt 0.630289 0.505289
vt 0.869711 0.505289
vt 0.869711 0.744711
vt 0.630289 0.744711
vt 0.380289 0.005289
vt 0.619711 0.005289
vt 0.619711 0.244711
vt 0.380289 0.244711
vt 0.380289 0.255289
vt 0.619711 0.255289
vt 0.619711 0.494711
vt 0.380289 0.494711
vt 0.619711 0.750000
vt 0.625000 0.755289
vt 0.625000 0.755289
vt 0.619711 0.750000
vt 0.619711 0.994711
vt 0.625000 0.994711
vt 0.619711 1.000000
vt 0.130289 0.505289
vt 0.125000 0.505289
vt 0.130289 0.500000
vt 0.625000 0.255289
vt 0.625000 0.255289
vt 0.619711 0.250000
vt 0.619711 0.744711
vt 0.625000 0.755289
vt 0.369711 0.505289
vt 0.369711 0.500000
vt 0.375000 0.505289
vt 0.625000 0.505289
vt 0.625000 0.505289
vt 0.619711 0.500000
vt 0.130289 0.744711
vt 0.125000 0.744711
vt 0.619711 1.000000
vt 0.625000 0.005289
vt 0.625000 0.244711
vt 0.625000 0.494711
vt 0.619711 0.755289
vt 0.380289 0.005289
vt 0.619711 0.005289
vt 0.130289 0.744711
vt 0.130289 0.750000
vt 0.125000 0.744711
vt 0.375000 0.744711
vt 0.369711 0.750000
vt 0.380289 0.000000
vt 0.619711 0.000000
vt 0.369711 0.744711
vt 0.380289 0.744711
vt 0.380289 0.744711
vt 0.369711 0.744711
vt 0.380289 0.505289
vt 0.619711 0.505289
vt 0.619711 0.744711
vt 0.380289 0.755289
vt 0.619711 0.755289
vt 0.619711 0.994711
vt 0.380289 0.994711
vt 0.630289 0.505289
vt 0.869711 0.505289
vt 0.869711 0.744711
vt 0.630289 0.744711
vt 0.380289 0.005289
vt 0.619711 0.005289
vt 0.619711 0.244711
vt 0.380289 0.244711
vt 0.380289 0.255289
vt 0.619711 0.255289
vt 0.619711 0.494711
vt 0.380289 0.494711
vt 0.619711 0.750000
vt 0.625000 0.755289
vt 0.625000 0.755289
vt 0.619711 0.750000
vt 0.619711 0.994711
vt 0.625000 0.994711
vt 0.619711 1.000000
vt 0.130289 0.505289
vt 0.125000 0.505289
vt 0.130289 0.500000
vt 0.625000 0.255289
vt 0.625000 0.255289
vt 0.619711 0.250000
vt 0.619711 0.744711
vt 0.625000 0.755289
vt 0.369711 0.505289
vt 0.369711 0.500000
vt 0.375000 0.505289
vt 0.625000 0.505289
vt 0.625000 0.505289
vt 0.619711 0.500000
vt 0.130289 0.744711
vt 0.125000 0.744711
vt 0.619711 1.000000
vt 0.625000 0.005289
vt 0.625000 0.244711
vt 0.625000 0.494711
vt 0.619711 0.755289
vt 0.380289 0.005289
vt 0.619711 0.005289
vt 0.130289 0.744711
vt 0.130289 0.750000
vt 0.125000 0.744711
vt 0.375000 0.744711
vt 0.369711 0.750000
vt 0.380289 0.000000
vt 0.619711 0.000000
vt 0.369711 0.744711
vt 0.380289 0.744711
vt 0.380289 0.744711
vt 0.369711 0.744711
vt 0.380289 0.505289
vt 0.619711 0.505289
vt 0.619711 0.744711
vt 0.380289 0.755289
vt 0.619711 0.755289
vt 0.619711 0.994711
vt 0.380289 0.994711
vt 0.630289 0.505289
vt 0.869711 0.505289
vt 0.869711 0.744711
vt 0.630289 0.744711
vt 0.380289 0.005289
vt 0.619711 0.005289
vt 0.619711 0.244711
vt 0.380289 0.244711
vt 0.380289 0.255289
vt 0.619711 0.255289
vt 0.619711 0.494711
vt 0.380289 0.494711
vt 0.619711 0.750000
vt 0.625000 0.755289
vt 0.625000 0.755289
vt 0.619711 0.750000
vt 0.619711 0.994711
vt 0.625000 0.994711
vt 0.619711 1.000000
vt 0.130289 0.505289
vt 0.125000 0.505289
vt 0.130289 0.500000
vt 0.625000 0.255289
vt 0.625000 0.255289
vt 0.619711 0.250000
vt 0.619711 0.744711
vt 0.625000 0.755289
vt 0.369711 0.505289
vt 0.369711 0.500000
vt 0.375000 0.505289
vt 0.625000 0.505289
vt 0.625000 0.505289
vt 0.619711 0.500000
vt 0.130289 0.744711
vt 0.125000 0.744711
vt 0.619711 1.000000
vt 0.625000 0.005289
vt 0.625000 0.244711
vt 0.625000 0.494711
vt 0.619711 0.755289
vt 0.380289 0.005289
vt 0.619711 0.005289
vt 0.130289 0.744711
vt 0.130289 0.750000
vt 0.125000 0.744711
vt 0.375000 0.744711
vt 0.369711 0.750000
vt 0.380289 0.000000
vt 0.619711 0.000000
vt 0.369711 0.744711
vt 0.380289 0.744711
vt 0.380289 0.744711
vt 0.369711 0.744711
vt 0.380289 0.505289
vt 0.619711 0.505289
vt 0.619711 0.744711
vt 0.380289 0.755289
vt 0.619711 0.755289
vt 0.619711 0.994711
vt 0.380289 0.994711
vt 0.630289 0.505289
vt 0.869711 0.505289
vt 0.869711 0.744711
vt 0.630289 0.744711
vt 0.380289 0.005289
vt 0.619711 0.005289
vt 0.619711 0.244711
vt 0.380289 0.244711
vt 0.380289 0.255289
vt 0.619711 0.255289
vt 0.619711 0.494711
vt 0.380289 0.494711
vt 0.619711 0.750000
vt 0.625000 0.755289
vt 0.625000 0.755289
vt 0.619711 0.750000
vt 0.619711 0.994711
vt 0.625000 0.994711
vt 0.619711 1.000000
vt 0.130289 0.505289
vt 0.125000 0.505289
vt 0.130289 0.500000
vt 0.625000 0.255289
vt 0.625000 0.255289
vt 0.619711 0.250000
vt 0.619711 0.744711
vt 0.625000 0.755289
vt 0.369711 0.505289
vt 0.369711 0.500000
vt 0.375000 0.505289
vt 0.625000 0.505289
vt 0.625000 0.505289
vt 0.619711 0.500000
vt 0.130289 0.744711
vt 0.125000 0.744711
vt 0.619711 1.000000
vt 0.625000 0.005289
vt 0.625000 0.244711
vt 0.625000 0.494711
vt 0.619711 0.755289
vt 0.380289 0.005289
vt 0.619711 0.005289
vt 0.130289 0.744711
vt 0.130289 0.750000
vt 0.125000 0.744711
vt 0.375000 0.744711
vt 0.369711 0.750000
vt 0.380289 0.000000
vt 0.619711 0.000000
vt 0.369711 0.744711
vt 0.380289 0.744711
vt 0.380289 0.744711
vt 0.369711 0.744711
vt 0.380289 0.505289
vt 0.619711 0.505289
vt 0.619711 0.744711
vt 0.380289 0.755289
vt 0.619711 0.755289
vt 0.619711 0.994711
vt 0.380289 0.994711
vt 0.630289 0.505289
vt 0.869711 0.505289
vt 0.869711 0.744711
vt 0.630289 0.744711
vt 0.380289 0.005289
vt 0.619711 0.005289
vt 0.619711 0.244711
vt 0.380289 0.244711
vt 0.380289 0.255289
vt 0.619711 0.255289
vt 0.619711 0.494711
vt 0.380289 0.494711
vt 0.619711 0.750000
vt 0.625000 0.755289
vt 0.625000 0.755289
vt 0.619711 0.750000
vt 0.619711 0.994711
vt 0.625000 0.994711
vt 0.619711 1.000000
vt 0.130289 0.505289
vt 0.125000 0.505289
vt 0.130289 0.500000
vt 0.625000 0.255289
vt 0.625000 0.255289
vt 0.619711 0.250000
vt 0.619711 0.744711
vt 0.625000 0.755289
vt 0.369711 0.505289
vt 0.369711 0.500000
vt 0.375000 0.505289
vt 0.625000 0.505289
vt 0.625000 0.505289
vt 0.619711 0.500000
vt 0.130289 0.744711
vt 0.125000 0.744711
vt 0.619711 1.000000
vt 0.625000 0.005289
vt 0.625000 0.244711
vt 0.625000 0.494711
vt 0.619711 0.755289
vt 0.380289 0.005289
vt 0.619711 0.005289
vt 0.130289 0.744711
vt 0.130289 0.750000
vt 0.125000 0.744711
vt 0.375000 0.744711
vt 0.369711 0.750000
vt 0.380289 0.000000
vt 0.619711 0.000000
vt 0.369711 0.744711
vt 0.380289 0.744711
vt 0.380289 0.744711
vt 0.369711 0.744711
vt 0.380289 0.505289
vt 0.619711 0.505289
vt 0.619711 0.744711
vt 0.380289 0.755289
vt 0.619711 0.755289
vt 0.619711 0.994711
vt 0.380289 0.994711
vt 0.630289 0.505289
vt 0.869711 0.505289
vt 0.869711 0.744711
vt 0.630289 0.744711
vt 0.380289 0.005289
vt 0.619711 0.005289
vt 0.619711 0.244711
vt 0.380289 0.244711
vt 0.380289 0.255289
vt 0.619711 0.255289
vt 0.619711 0.494711
vt 0.380289 0.494711
vt 0.619711 0.750000
vt 0.625000 0.755289
vt 0.625000 0.755289
vt 0.619711 0.750000
vt 0.619711 0.994711
vt 0.625000 0.994711
vt 0.619711 1.000000
vt 0.130289 0.505289
vt 0.125000 0.505289
vt 0.130289 0.500000
vt 0.625000 0.255289
vt 0.625000 0.255289
vt 0.619711 0.250000
vt 0.619711 0.744711
vt 0.625000 0.755289
vt 0.369711 0.505289
vt 0.369711 0.500000
vt 0.375000 0.505289
vt 0.625000 0.505289
vt 0.625000 0.505289
vt 0.619711 0.500000
vt 0.130289 0.744711
vt 0.125000 0.744711
vt 0.619711 1.000000
vt 0.625000 0.005289
vt 0.625000 0.244711
vt 0.625000 0.494711
vt 0.619711 0.755289
vt 0.380289 0.005289
vt 0.619711 0.005289
vt 0.130289 0.744711
vt 0.130289 0.750000
vt 0.125000 0.744711
vt 0.375000 0.744711
vt 0.369711 0.750000
vt 0.380289 0.000000
vt 0.619711 0.000000
vt 0.369711 0.744711
vt 0.380289 0.744711
vt 0.380289 0.744711
vt 0.369711 0.744711
vt 0.380289 0.505289
vt 0.619711 0.505289
vt 0.619711 0.744711
vt 0.380289 0.755289
vt 0.619711 0.755289
vt 0.619711 0.994711
vt 0.380289 0.994711
vt 0.630289 0.505289
vt 0.869711 0.505289
vt 0.869711 0.744711
vt 0.630289 0.744711
vt 0.380289 0.005289
vt 0.619711 0.005289
vt 0.619711 0.244711
vt 0.380289 0.244711
vt 0.380289 0.255289
vt 0.619711 0.255289
vt 0.619711 0.494711
vt 0.380289 0.494711
vt 0.619711 0.750000
vt 0.625000 0.755289
vt 0.625000 0.755289
vt 0.619711 0.750000
vt 0.619711 0.994711
vt 0.625000 0.994711
vt 0.619711 1.000000
vt 0.130289 0.505289
vt 0.125000 0.505289
vt 0.130289 0.500000
vt 0.625000 0.255289
vt 0.625000 0.255289
vt 0.619711 0.250000
vt 0.619711 0.744711
vt 0.625000 0.755289
vt 0.369711 0.505289
vt 0.369711 0.500000
vt 0.375000 0.505289
vt 0.625000 0.505289
vt 0.625000 0.505289
vt 0.619711 0.500000
vt 0.130289 0.744711
vt 0.125000 0.744711
vt 0.619711 1.000000
vt 0.625000 0.005289
vt 0.625000 0.244711
vt 0.625000 0.494711
vt 0.619711 0.755289
vt 0.380289 0.005289
vt 0.619711 0.005289
vt 0.130289 0.744711
vt 0.130289 0.750000
vt 0.125000 0.744711
vt 0.375000 0.744711
vt 0.369711 0.750000
vt 0.380289 0.000000
vt 0.619711 0.000000
vt 0.369711 0.744711
vt 0.380289 0.744711
vt 0.380289 0.744711
vt 0.369711 0.744711
vt 0.380289 0.505289
vt 0.619711 0.505289
vt 0.619711 0.744711
vt 0.380289 0.755289
vt 0.619711 0.755289
vt 0.619711 0.994711
vt 0.380289 0.994711
vt 0.630289 0.505289
vt 0.869711 0.505289
vt 0.869711 0.744711
vt 0.630289 0.744711
vt 0.380289 0.005289
vt 0.619711 0.005289
vt 0.619711 0.244711
vt 0.380289 0.244711
vt 0.380289 0.255289
vt 0.619711 0.255289
vt 0.619711 0.494711
vt 0.380289 0.494711
vt 0.619711 0.750000
vt 0.625000 0.755289
vt 0.625000 0.755289
vt 0.619711 0.750000
vt 0.619711 0.994711
vt 0.625000 0.994711
vt 0.619711 1.000000
vt 0.130289 0.505289
vt 0.125000 0.505289
vt 0.130289 0.500000
vt 0.625000 0.255289
vt 0.625000 0.255289
vt 0.619711 0.250000
vt 0.619711 0.744711
vt 0.625000 0.755289
vt 0.369711 0.505289
vt 0.369711 0.500000
vt 0.375000 0.505289
vt 0.625000 0.505289
vt 0.625000 0.505289
vt 0.619711 0.500000
vt 0.130289 0.744711
vt 0.125000 0.744711
vt 0.619711 1.000000
vt 0.625000 0.005289
vt 0.625000 0.244711
vt 0.625000 0.494711
vt 0.619711 0.755289
vt 0.380289 0.005289
vt 0.619711 0.005289
vt 0.130289 0.744711
vt 0.130289 0.750000
vt 0.125000 0.744711
vt 0.375000 0.744711
vt 0.369711 0.750000
vt 0.380289 0.000000
vt 0.619711 0.000000
vt 0.369711 0.744711
vt 0.380289 0.744711
vt 0.380289 0.744711
vt 0.369711 0.744711
vt 0.380289 0.505289
vt 0.619711 0.505289
vt 0.619711 0.744711
vt 0.380289 0.755289
vt 0.619711 0.755289
vt 0.619711 0.994711
vt 0.380289 0.994711
vt 0.630289 0.505289
vt 0.869711 0.505289
vt 0.869711 0.744711
vt 0.630289 0.744711
vt 0.380289 0.005289
vt 0.619711 0.005289
vt 0.619711 0.244711
vt 0.380289 0.244711
vt 0.380289 0.255289
vt 0.619711 0.255289
vt 0.619711 0.494711
vt 0.380289 0.494711
vt 0.619711 0.750000
vt 0.625000 0.755289
vt 0.625000 0.755289
vt 0.619711 0.750000
vt 0.619711 0.994711
vt 0.625000 0.994711
vt 0.619711 1.000000
vt 0.130289 0.505289
vt 0.125000 0.505289
vt 0.130289 0.500000
vt 0.625000 0.255289
vt 0.625000 0.255289
vt 0.619711 0.250000
vt 0.619711 0.744711
vt 0.625000 0.755289
vt 0.369711 0.505289
vt 0.369711 0.500000
vt 0.375000 0.505289
vt 0.625000 0.505289
vt 0.625000 0.505289
vt 0.619711 0.500000
vt 0.130289 0.744711
vt 0.125000 0.744711
vt 0.619711 1.000000
vt 0.625000 0.005289
vt 0.625000 0.244711
vt 0.625000 0.494711
vt 0.619711 0.755289
vt 0.380289 0.005289
vt 0.619711 0.005289
vt 0.130289 0.744711
vt 0.130289 0.750000
vt 0.125000 0.744711
vt 0.375000 0.744711
vt 0.369711 0.750000
vt 0.380289 0.000000
vt 0.619711 0.000000
vt 0.369711 0.744711
vt 0.380289 0.744711
vt 0.380289 0.744711
vt 0.369711 0.744711
vt 0.380289 0.505289
vt 0.619711 0.505289
vt 0.619711 0.744711
vt 0.380289 0.755289
vt 0.619711 0.755289
vt 0.619711 0.994711
vt 0.380289 0.994711
vt 0.630289 0.505289
vt 0.869711 0.505289
vt 0.869711 0.744711
vt 0.630289 0.744711
vt 0.380289 0.005289
vt 0.619711 0.005289
vt 0.619711 0.244711
vt 0.380289 0.244711
vt 0.380289 0.255289
vt 0.619711 0.255289
vt 0.619711 0.494711
vt 0.380289 0.494711
vt 0.619711 0.750000
vt 0.625000 0.755289
vt 0.625000 0.755289
vt 0.619711 0.750000
vt 0.619711 0.994711
vt 0.625000 0.994711
vt 0.619711 1.000000
vt 0.130289 0.505289
vt 0.125000 0.505289
vt 0.130289 0.500000
vt 0.625000 0.255289
vt 0.625000 0.255289
vt 0.619711 0.250000
vt 0.619711 0.744711
vt 0.625000 0.755289
vt 0.369711 0.505289
vt 0.369711 0.500000
vt 0.375000 0.505289
vt 0.625000 0.505289
vt 0.625000 0.505289
vt 0.619711 0.500000
vt 0.130289 0.744711
vt 0.125000 0.744711
vt 0.619711 1.000000
vt 0.625000 0.005289
vt 0.625000 0.244711
vt 0.625000 0.494711
vt 0.619711 0.755289
vt 0.380289 0.005289
vt 0.619711 0.005289
vt 0.130289 0.744711
vt 0.130289 0.750000
vt 0.125000 0.744711
vt 0.375000 0.744711
vt 0.369711 0.750000
vt 0.380289 0.000000
vt 0.619711 0.000000
vt 0.369711 0.744711
vt 0.380289 0.744711
vt 0.380289 0.744711
vt 0.369711 0.744711
vt 0.380289 0.505289
vt 0.619711 0.505289
vt 0.619711 0.744711
vt 0.380289 0.755289
vt 0.619711 0.755289
vt 0.619711 0.994711
vt 0.380289 0.994711
vt 0.630289 0.505289
vt 0.869711 0.505289
vt 0.869711 0.744711
vt 0.630289 0.744711
vt 0.380289 0.005289
vt 0.619711 0.005289
vt 0.619711 0.244711
vt 0.380289 0.244711
vt 0.380289 0.255289
vt 0.619711 0.255289
vt 0.619711 0.494711
vt 0.380289 0.494711
vt 0.619711 0.750000
vt 0.625000 0.755289
vt 0.625000 0.755289
vt 0.619711 0.750000
vt 0.619711 0.994711
vt 0.625000 0.994711
vt 0.619711 1.000000
vt 0.130289 0.505289
vt 0.125000 0.505289
vt 0.130289 0.500000
vt 0.625000 0.255289
vt 0.625000 0.255289
vt 0.619711 0.250000
vt 0.619711 0.744711
vt 0.625000 0.755289
vt 0.369711 0.505289
vt 0.369711 0.500000
vt 0.375000 0.505289
vt 0.625000 0.505289
vt 0.625000 0.505289
vt 0.619711 0.500000
vt 0.130289 0.744711
vt 0.125000 0.744711
vt 0.619711 1.000000
vt 0.625000 0.005289
vt 0.625000 0.244711
vt 0.625000 0.494711
vt 0.619711 0.755289
vt 0.380289 0.005289
vt 0.619711 0.005289
vt 0.130289 0.744711
vt 0.130289 0.750000
vt 0.125000 0.744711
vt 0.375000 0.744711
vt 0.369711 0.750000
vt 0.380289 0.000000
vt 0.619711 0.000000
vt 0.369711 0.744711
vt 0.380289 0.744711
vt 0.380289 0.744711
vt 0.369711 0.744711
vt 0.380289 0.505289
vt 0.619711 0.505289
vt 0.619711 0.744711
vt 0.380289 0.755289
vt 0.619711 0.755289
vt 0.619711 0.994711
vt 0.380289 0.994711
vt 0.630289 0.505289
vt 0.869711 0.505289
vt 0.869711 0.744711
vt 0.630289 0.744711
vt 0.380289 0.005289
vt 0.619711 0.005289
vt 0.619711 0.244711
vt 0.380289 0.244711
vt 0.380289 0.255289
vt 0.619711 0.255289
vt 0.619711 0.494711
vt 0.380289 0.494711
vt 0.619711 0.750000
vt 0.625000 0.755289
vt 0.625000 0.755289
vt 0.619711 0.750000
vt 0.619711 0.994711
vt 0.625000 0.994711
vt 0.619711 1.000000
vt 0.130289 0.505289
vt 0.125000 0.505289
vt 0.130289 0.500000
vt 0.625000 0.255289
vt 0.625000 0.255289
vt 0.619711 0.250000
vt 0.619711 0.744711
vt 0.625000 0.755289
vt 0.369711 0.505289
vt 0.369711 0.500000
vt 0.375000 0.505289
vt 0.625000 0.505289
vt 0.625000 0.505289
vt 0.619711 0.500000
vt 0.130289 0.744711
vt 0.125000 0.744711
vt 0.619711 1.000000
vt 0.625000 0.005289
vt 0.625000 0.244711
vt 0.625000 0.494711
vt 0.619711 0.755289
vt 0.380289 0.005289
vt 0.619711 0.005289
vt 0.130289 0.744711
vt 0.130289 0.750000
vt 0.125000 0.744711
vt 0.375000 0.744711
vt 0.369711 0.750000
vt 0.380289 0.000000
vt 0.619711 0.000000
vt 0.369711 0.744711
vt 0.380289 0.744711
vt 0.380289 0.744711
vt 0.369711 0.744711
vt 0.380289 0.505289
vt 0.619711 0.505289
vt 0.619711 0.744711
vt 0.380289 0.755289
vt 0.619711 0.755289
vt 0.619711 0.994711
vt 0.380289 0.994711
vt 0.630289 0.505289
vt 0.869711 0.505289
vt 0.869711 0.744711
vt 0.630289 0.744711
vt 0.380289 0.005289
vt 0.619711 0.005289
vt 0.619711 0.244711
vt 0.380289 0.244711
vt 0.380289 0.255289
vt 0.619711 0.255289
vt 0.619711 0.494711
vt 0.380289 0.494711
vt 0.619711 0.750000
vt 0.625000 0.755289
vt 0.625000 0.755289
vt 0.619711 0.750000
vt 0.619711 0.994711
vt 0.625000 0.994711
vt 0.619711 1.000000
vt 0.130289 0.505289
vt 0.125000 0.505289
vt 0.130289 0.500000
vt 0.625000 0.255289
vt 0.625000 0.255289
vt 0.619711 0.250000
vt 0.619711 0.744711
vt 0.625000 0.755289
vt 0.369711 0.505289
vt 0.369711 0.500000
vt 0.375000 0.505289
vt 0.625000 0.505289
vt 0.625000 0.505289
vt 0.619711 0.500000
vt 0.130289 0.744711
vt 0.125000 0.744711
vt 0.619711 1.000000
vt 0.625000 0.005289
vt 0.625000 0.244711
vt 0.625000 0.494711
vt 0.619711 0.755289
vt 0.380289 0.005289
vt 0.619711 0.005289
vt 0.130289 0.744711
vt 0.130289 0.750000
vt 0.125000 0.744711
vt 0.375000 0.744711
vt 0.369711 0.750000
vt 0.380289 0.000000
vt 0.619711 0.000000
vt 0.369711 0.744711
vt 0.380289 0.744711
vt 0.380289 0.744711
vt 0.369711 0.744711
vt 0.380289 0.505289
vt 0.619711 0.505289
vt 0.619711 0.744711
vt 0.380289 0.755289
vt 0.619711 0.755289
vt 0.619711 0.994711
vt 0.380289 0.994711
vt 0.630289 0.505289
vt 0.869711 0.505289
vt 0.869711 0.744711
vt 0.630289 0.744711
vt 0.380289 0.005289
vt 0.619711 0.005289
vt 0.619711 0.244711
vt 0.380289 0.244711
vt 0.380289 0.255289
vt 0.619711 0.255289
vt 0.619711 0.494711
vt 0.380289 0.494711
vt 0.619711 0.750000
vt 0.625000 0.755289
vt 0.625000 0.755289
vt 0.619711 0.750000
vt 0.619711 0.994711
vt 0.625000 0.994711
vt 0.619711 1.000000
vt 0.130289 0.505289
vt 0.125000 0.505289
vt 0.130289 0.500000
vt 0.625000 0.255289
vt 0.625000 0.255289
vt 0.619711 0.250000
vt 0.619711 0.744711
vt 0.625000 0.755289
vt 0.369711 0.505289
vt 0.369711 0.500000
vt 0.375000 0.505289
vt 0.625000 0.505289
vt 0.625000 0.505289
vt 0.619711 0.500000
vt 0.130289 0.744711
vt 0.125000 0.744711
vt 0.619711 1.000000
vt 0.625000 0.005289
vt 0.625000 0.244711
vt 0.625000 0.494711
vt 0.619711 0.755289
vt 0.380289 0.005289
vt 0.619711 0.005289
vt 0.130289 0.744711
vt 0.130289 0.750000
vt 0.125000 0.744711
vt 0.375000 0.744711
vt 0.369711 0.750000
vt 0.380289 0.000000
vt 0.619711 0.000000
vt 0.369711 0.744711
vt 0.380289 0.744711
vt 0.380289 0.744711
vt 0.369711 0.744711
vt 0.380289 0.505289
vt 0.619711 0.505289
vt 0.619711 0.744711
vt 0.380289 0.755289
vt 0.619711 0.755289
vt 0.619711 0.994711
vt 0.380289 0.994711
vt 0.630289 0.505289
vt 0.869711 0.505289
vt 0.869711 0.744711
vt 0.630289 0.744711
vt 0.380289 0.005289
vt 0.619711 0.005289
vt 0.619711 0.244711
vt 0.380289 0.244711
vt 0.380289 0.255289
vt 0.619711 0.255289
vt 0.619711 0.494711
vt 0.380289 0.494711
vt 0.619711 0.750000
vt 0.625000 0.755289
vt 0.625000 0.755289
vt 0.619711 0.750000
vt 0.619711 0.994711
vt 0.625000 0.994711
vt 0.619711 1.000000
vt 0.130289 0.505289
vt 0.125000 0.505289
vt 0.130289 0.500000
vt 0.625000 0.255289
vt 0.625000 0.255289
vt 0.619711 0.250000
vt 0.619711 0.744711
vt 0.625000 0.755289
vt 0.369711 0.505289
vt 0.369711 0.500000
vt 0.375000 0.505289
vt 0.625000 0.505289
vt 0.625000 0.505289
vt 0.619711 0.500000
vt 0.130289 0.744711
vt 0.125000 0.744711
vt 0.619711 1.000000
vt 0.625000 0.005289
vt 0.625000 0.244711
vt 0.625000 0.494711
vt 0.619711 0.755289
vt 0.380289 0.005289
vt 0.619711 0.005289
vt 0.130289 0.744711
vt 0.130289 0.750000
vt 0.125000 0.744711
vt 0.375000 0.744711
vt 0.369711 0.750000
vt 0.380289 0.000000
vt 0.619711 0.000000
vt 0.393652 0.764723
vt 0.606348 0.764723
vt 0.606348 0.985277
vt 0.393652 0.985277
vt 0.393652 0.512978
vt 0.606347 0.512978
vt 0.606347 0.737022
vt 0.393652 0.737022
vt 0.639723 0.512978
vt 0.860277 0.512978
vt 0.860277 0.737022
vt 0.639723 0.737022
vt 0.393652 0.012978
vt 0.606347 0.012978
vt 0.606347 0.237022
vt 0.393652 0.237022
vt 0.393652 0.264723
vt 0.606348 0.264723
vt 0.606348 0.485277
vt 0.393652 0.485277
vt 0.139723 0.737022
vt 0.139723 0.750000
vt 0.131223 0.750000
vt 0.125000 0.737022
vt 0.393652 1.000000
vt 0.382883 1.000000
vt 0.375000 0.985277
vt 0.375000 0.012978
vt 0.375000 0.005485
vt 0.393652 0.000000
vt 0.625000 0.985277
vt 0.625000 0.993777
vt 0.606348 1.000000
vt 0.875000 0.737022
vt 0.875000 0.744515
vt 0.860277 0.750000
vt 0.606348 0.000000
vt 0.617117 0.000000
vt 0.625000 0.012978
vt 0.139723 0.512978
vt 0.125000 0.512978
vt 0.125000 0.505485
vt 0.139723 0.500000
vt 0.393652 0.250000
vt 0.382883 0.250000
vt 0.375000 0.237022
vt 0.375000 0.264723
vt 0.375000 0.256223
vt 0.860277 0.500000
vt 0.868777 0.500000
vt 0.875000 0.512978
vt 0.606348 0.250000
vt 0.617117 0.250000
vt 0.625000 0.264723
vt 0.625000 0.237022
vt 0.625000 0.244515
vt 0.360277 0.737022
vt 0.375000 0.737022
vt 0.377628 0.750246
vt 0.360277 0.750000
vt 0.393652 0.750000
vt 0.375000 0.764723
vt 0.639723 0.750000
vt 0.624446 0.748172
vt 0.625000 0.737022
vt 0.606348 0.750000
vt 0.625000 0.764723
vt 0.360277 0.512978
vt 0.360277 0.500000
vt 0.375554 0.501828
vt 0.375000 0.512978
vt 0.393652 0.500000
vt 0.375000 0.485277
vt 0.625000 0.512978
vt 0.622372 0.499754
vt 0.639723 0.500000
vt 0.606348 0.500000
vt 0.625000 0.485277
vt 0.393652 0.764723
vt 0.606348 0.764723
vt 0.606348 0.985277
vt 0.393652 0.985277
vt 0.393652 0.512978
vt 0.606347 0.512978
vt 0.606347 0.737022
vt 0.393652 0.737022
vt 0.639723 0.512978
vt 0.860277 0.512978
vt 0.860277 0.737022
vt 0.639723 0.737022
vt 0.393652 0.012978
vt 0.606347 0.012978
vt 0.606347 0.237022
vt 0.393652 0.237022
vt 0.393652 0.264723
vt 0.606348 0.264723
vt 0.606348 0.485277
vt 0.393652 0.485277
vt 0.139723 0.737022
vt 0.139723 0.750000
vt 0.131223 0.750000
vt 0.125000 0.737022
vt 0.393652 1.000000
vt 0.382883 1.000000
vt 0.375000 0.985277
vt 0.375000 0.012978
vt 0.375000 0.005485
vt 0.393652 0.000000
vt 0.625000 0.985277
vt 0.625000 0.993777
vt 0.606348 1.000000
vt 0.875000 0.737022
vt 0.875000 0.744515
vt 0.860277 0.750000
vt 0.606348 0.000000
vt 0.617117 0.000000
vt 0.625000 0.012978
vt 0.139723 0.512978
vt 0.125000 0.512978
vt 0.125000 0.505485
vt 0.139723 0.500000
vt 0.393652 0.250000
vt 0.382883 0.250000
vt 0.375000 0.237022
vt 0.375000 0.264723
vt 0.375000 0.256223
vt 0.860277 0.500000
vt 0.868777 0.500000
vt 0.875000 0.512978
vt 0.606348 0.250000
vt 0.617117 0.250000
vt 0.625000 0.264723
vt 0.625000 0.237022
vt 0.625000 0.244515
vt 0.360277 0.737022
vt 0.375000 0.737022
vt 0.377628 0.750246
vt 0.360277 0.750000
vt 0.393652 0.750000
vt 0.375000 0.764723
vt 0.639723 0.750000
vt 0.624446 0.748172
vt 0.625000 0.737022
vt 0.606348 0.750000
vt 0.625000 0.764723
vt 0.360277 0.512978
vt 0.360277 0.500000
vt 0.375554 0.501828
vt 0.375000 0.512978
vt 0.393652 0.500000
vt 0.375000 0.485277
vt 0.625000 0.512978
vt 0.622372 0.499754
vt 0.639723 0.500000
vt 0.606348 0.500000
vt 0.625000 0.485277
vt 0.393652 0.764723
vt 0.606348 0.764723
vt 0.606348 0.985277
vt 0.393652 0.985277
vt 0.393652 0.512978
vt 0.606347 0.512978
vt 0.606347 0.737022
vt 0.393652 0.737022
vt 0.639723 0.512978
vt 0.860277 0.512978
vt 0.860277 0.737022
vt 0.639723 0.737022
vt 0.393652 0.012978
vt 0.606347 0.012978
vt 0.606347 0.237022
vt 0.393652 0.237022
vt 0.393652 0.264723
vt 0.606348 0.264723
vt 0.606348 0.485277
vt 0.393652 0.485277
vt 0.139723 0.737022
vt 0.139723 0.750000
vt 0.131223 0.750000
vt 0.125000 0.737022
vt 0.393652 1.000000
vt 0.382883 1.000000
vt 0.375000 0.985277
vt 0.375000 0.012978
vt 0.375000 0.005485
vt 0.393652 0.000000
vt 0.625000 0.985277
vt 0.625000 0.993777
vt 0.606348 1.000000
vt 0.875000 0.737022
vt 0.875000 0.744515
vt 0.860277 0.750000
vt 0.606348 0.000000
vt 0.617117 0.000000
vt 0.625000 0.012978
vt 0.139723 0.512978
vt 0.125000 0.512978
vt 0.125000 0.505485
vt 0.139723 0.500000
vt 0.393652 0.250000
vt 0.382883 0.250000
vt 0.375000 0.237022
vt 0.375000 0.264723
vt 0.375000 0.256223
vt 0.860277 0.500000
vt 0.868777 0.500000
vt 0.875000 0.512978
vt 0.606348 0.250000
vt 0.617117 0.250000
vt 0.625000 0.264723
vt 0.625000 0.237022
vt 0.625000 0.244515
vt 0.360277 0.737022
vt 0.375000 0.737022
vt 0.377628 0.750246
vt 0.360277 0.750000
vt 0.393652 0.750000
vt 0.375000 0.764723
vt 0.639723 0.750000
vt 0.624446 0.748172
vt 0.625000 0.737022
vt 0.606348 0.750000
vt 0.625000 0.764723
vt 0.360277 0.512978
vt 0.360277 0.500000
vt 0.375554 0.501828
vt 0.375000 0.512978
vt 0.393652 0.500000
vt 0.375000 0.485277
vt 0.625000 0.512978
vt 0.622372 0.499754
vt 0.639723 0.500000
vt 0.606348 0.500000
vt 0.625000 0.485277
vt 0.393652 0.764723
vt 0.606348 0.764723
vt 0.606348 0.985277
vt 0.393652 0.985277
vt 0.393652 0.512978
vt 0.606347 0.512978
vt 0.606347 0.737022
vt 0.393652 0.737022
vt 0.639723 0.512978
vt 0.860277 0.512978
vt 0.860277 0.737022
vt 0.639723 0.737022
vt 0.393652 0.012978
vt 0.606347 0.012978
vt 0.606347 0.237022
vt 0.393652 0.237022
vt 0.393652 0.264723
vt 0.606348 0.264723
vt 0.606348 0.485277
vt 0.393652 0.485277
vt 0.139723 0.737022
vt 0.139723 0.750000
vt 0.131223 0.750000
vt 0.125000 0.737022
vt 0.393652 1.000000
vt 0.382883 1.000000
vt 0.375000 0.985277
vt 0.375000 0.012978
vt 0.375000 0.005485
vt 0.393652 0.000000
vt 0.625000 0.985277
vt 0.625000 0.993777
vt 0.606348 1.000000
vt 0.875000 0.737022
vt 0.875000 0.744515
vt 0.860277 0.750000
vt 0.606348 0.000000
vt 0.617117 0.000000
vt 0.625000 0.012978
vt 0.139723 0.512978
vt 0.125000 0.512978
vt 0.125000 0.505485
vt 0.139723 0.500000
vt 0.393652 0.250000
vt 0.382883 0.250000
vt 0.375000 0.237022
vt 0.375000 0.264723
vt 0.375000 0.256223
vt 0.860277 0.500000
vt 0.868777 0.500000
vt 0.875000 0.512978
vt 0.606348 0.250000
vt 0.617117 0.250000
vt 0.625000 0.264723
vt 0.625000 0.237022
vt 0.625000 0.244515
vt 0.360277 0.737022
vt 0.375000 0.737022
vt 0.377628 0.750246
vt 0.360277 0.750000
vt 0.393652 0.750000
vt 0.375000 0.764723
vt 0.639723 0.750000
vt 0.624446 0.748172
vt 0.625000 0.737022
vt 0.606348 0.750000
vt 0.625000 0.764723
vt 0.360277 0.512978
vt 0.360277 0.500000
vt 0.375554 0.501828
vt 0.375000 0.512978
vt 0.393652 0.500000
vt 0.375000 0.485277
vt 0.625000 0.512978
vt 0.622372 0.499754
vt 0.639723 0.500000
vt 0.606348 0.500000
vt 0.625000 0.485277
vt 0.393652 0.764723
vt 0.606348 0.764723
vt 0.606348 0.985277
vt 0.393652 0.985277
vt 0.393652 0.512978
vt 0.606347 0.512978
vt 0.606347 0.737022
vt 0.393652 0.737022
vt 0.639723 0.512978
vt 0.860277 0.512978
vt 0.860277 0.737022
vt 0.639723 0.737022
vt 0.393652 0.012978
vt 0.606347 0.012978
vt 0.606347 0.237022
vt 0.393652 0.237022
vt 0.393652 0.264723
vt 0.606348 0.264723
vt 0.606348 0.485277
vt 0.393652 0.485277
vt 0.139723 0.737022
vt 0.139723 0.750000
vt 0.131223 0.750000
vt 0.125000 0.737022
vt 0.393652 1.000000
vt 0.382883 1.000000
vt 0.375000 0.985277
vt 0.375000 0.012978
vt 0.375000 0.005485
vt 0.393652 0.000000
vt 0.625000 0.985277
vt 0.625000 0.993777
vt 0.606348 1.000000
vt 0.875000 0.737022
vt 0.875000 0.744515
vt 0.860277 0.750000
vt 0.606348 0.000000
vt 0.617117 0.000000
vt 0.625000 0.012978
vt 0.139723 0.512978
vt 0.125000 0.512978
vt 0.125000 0.505485
vt 0.139723 0.500000
vt 0.393652 0.250000
vt 0.382883 0.250000
vt 0.375000 0.237022
vt 0.375000 0.264723
vt 0.375000 0.256223
vt 0.860277 0.500000
vt 0.868777 0.500000
vt 0.875000 0.512978
vt 0.606348 0.250000
vt 0.617117 0.250000
vt 0.625000 0.264723
vt 0.625000 0.237022
vt 0.625000 0.244515
vt 0.360277 0.737022
vt 0.375000 0.737022
vt 0.377628 0.750246
vt 0.360277 0.750000
vt 0.393652 0.750000
vt 0.375000 0.764723
vt 0.639723 0.750000
vt 0.624446 0.748172
vt 0.625000 0.737022
vt 0.606348 0.750000
vt 0.625000 0.764723
vt 0.360277 0.512978
vt 0.360277 0.500000
vt 0.375554 0.501828
vt 0.375000 0.512978
vt 0.393652 0.500000
vt 0.375000 0.485277
vt 0.625000 0.512978
vt 0.622372 0.499754
vt 0.639723 0.500000
vt 0.606348 0.500000
vt 0.625000 0.485277
vt 0.393652 0.764723
vt 0.606348 0.764723
vt 0.606348 0.985277
vt 0.393652 0.985277
vt 0.393652 0.512978
vt 0.606347 0.512978
vt 0.606347 0.737022
vt 0.393652 0.737022
vt 0.639723 0.512978
vt 0.860277 0.512978
vt 0.860277 0.737022
vt 0.639723 0.737022
vt 0.393652 0.012978
vt 0.606347 0.012978
vt 0.606347 0.237022
vt 0.393652 0.237022
vt 0.393652 0.264723
vt 0.606348 0.264723
vt 0.606348 0.485277
vt 0.393652 0.485277
vt 0.139723 0.737022
vt 0.139723 0.750000
vt 0.131223 0.750000
vt 0.125000 0.737022
vt 0.393652 1.000000
vt 0.382883 1.000000
vt 0.375000 0.985277
vt 0.375000 0.012978
vt 0.375000 0.005485
vt 0.393652 0.000000
vt 0.625000 0.985277
vt 0.625000 0.993777
vt 0.606348 1.000000
vt 0.875000 0.737022
vt 0.875000 0.744515
vt 0.860277 0.750000
vt 0.606348 0.000000
vt 0.617117 0.000000
vt 0.625000 0.012978
vt 0.139723 0.512978
vt 0.125000 0.512978
vt 0.125000 0.505485
vt 0.139723 0.500000
vt 0.393652 0.250000
vt 0.382883 0.250000
vt 0.375000 0.237022
vt 0.375000 0.264723
vt 0.375000 0.256223
vt 0.860277 0.500000
vt 0.868777 0.500000
vt 0.875000 0.512978
vt 0.606348 0.250000
vt 0.617117 0.250000
vt 0.625000 0.264723
vt 0.625000 0.237022
vt 0.625000 0.244515
vt 0.360277 0.737022
vt 0.375000 0.737022
vt 0.377628 0.750246
vt 0.360277 0.750000
vt 0.393652 0.750000
vt 0.375000 0.764723
vt 0.639723 0.750000
vt 0.624446 0.748172
vt 0.625000 0.737022
vt 0.606348 0.750000
vt 0.625000 0.764723
vt 0.360277 0.512978
vt 0.360277 0.500000
vt 0.375554 0.501828
vt 0.375000 0.512978
vt 0.393652 0.500000
vt 0.375000 0.485277
vt 0.625000 0.512978
vt 0.622372 0.499754
vt 0.639723 0.500000
vt 0.606348 0.500000
vt 0.625000 0.485277
vt 0.393652 0.764723
vt 0.606348 0.764723
vt 0.606348 0.985277
vt 0.393652 0.985277
vt 0.393652 0.512978
vt 0.606347 0.512978
vt 0.606347 0.737022
vt 0.393652 0.737022
vt 0.639723 0.512978
vt 0.860277 0.512978
vt 0.860277 0.737022
vt 0.639723 0.737022
vt 0.393652 0.012978
vt 0.606347 0.012978
vt 0.606347 0.237022
vt 0.393652 0.237022
vt 0.393652 0.264723
vt 0.606348 0.264723
vt 0.606348 0.485277
vt 0.393652 0.485277
vt 0.139723 0.737022
vt 0.139723 0.750000
vt 0.131223 0.750000
vt 0.125000 0.737022
vt 0.393652 1.000000
vt 0.382883 1.000000
vt 0.375000 0.985277
vt 0.375000 0.012978
vt 0.375000 0.005485
vt 0.393652 0.000000
vt 0.625000 0.985277
vt 0.625000 0.993777
vt 0.606348 1.000000
vt 0.875000 0.737022
vt 0.875000 0.744515
vt 0.860277 0.750000
vt 0.606348 0.000000
vt 0.617117 0.000000
vt 0.625000 0.012978
vt 0.139723 0.512978
vt 0.125000 0.512978
vt 0.125000 0.505485
vt 0.139723 0.500000
vt 0.393652 0.250000
vt 0.382883 0.250000
vt 0.375000 0.237022
vt 0.375000 0.264723
vt 0.375000 0.256223
vt 0.860277 0.500000
vt 0.868777 0.500000
vt 0.875000 0.512978
vt 0.606348 0.250000
vt 0.617117 0.250000
vt 0.625000 0.264723
vt 0.625000 0.237022
vt 0.625000 0.244515
vt 0.360277 0.737022
vt 0.375000 0.737022
vt 0.377628 0.750246
vt 0.360277 0.750000
vt 0.393652 0.750000
vt 0.375000 0.764723
vt 0.639723 0.750000
vt 0.624446 0.748172
vt 0.625000 0.737022
vt 0.606348 0.750000
vt 0.625000 0.764723
vt 0.360277 0.512978
vt 0.360277 0.500000
vt 0.375554 0.501828
vt 0.375000 0.512978
vt 0.393652 0.500000
vt 0.375000 0.485277
vt 0.625000 0.512978
vt 0.622372 0.499754
vt 0.639723 0.500000
vt 0.606348 0.500000
vt 0.625000 0.485277
vt 0.393652 0.764723
vt 0.606348 0.764723
vt 0.606348 0.985277
vt 0.393652 0.985277
vt 0.393652 0.512978
vt 0.606347 0.512978
vt 0.606347 0.737022
vt 0.393652 0.737022
vt 0.639723 0.512978
vt 0.860277 0.512978
vt 0.860277 0.737022
vt 0.639723 0.737022
vt 0.393652 0.012978
vt 0.606347 0.012978
vt 0.606347 0.237022
vt 0.393652 0.237022
vt 0.393652 0.264723
vt 0.606348 0.264723
vt 0.606348 0.485277
vt 0.393652 0.485277
vt 0.139723 0.737022
vt 0.139723 0.750000
vt 0.131223 0.750000
vt 0.125000 0.737022
vt 0.393652 1.000000
vt 0.382883 1.000000
vt 0.375000 0.985277
vt 0.375000 0.012978
vt 0.375000 0.005485
vt 0.393652 0.000000
vt 0.625000 0.985277
vt 0.625000 0.993777
vt 0.606348 1.000000
vt 0.875000 0.737022
vt 0.875000 0.744515
vt 0.860277 0.750000
vt 0.606348 0.000000
vt 0.617117 0.000000
vt 0.625000 0.012978
vt 0.139723 0.512978
vt 0.125000 0.512978
vt 0.125000 0.505485
vt 0.139723 0.500000
vt 0.393652 0.250000
vt 0.382883 0.250000
vt 0.375000 0.237022
vt 0.375000 0.264723
vt 0.375000 0.256223
vt 0.860277 0.500000
vt 0.868777 0.500000
vt 0.875000 0.512978
vt 0.606348 0.250000
vt 0.617117 0.250000
vt 0.625000 0.264723
vt 0.625000 0.237022
vt 0.625000 0.244515
vt 0.360277 0.737022
vt 0.375000 0.737022
vt 0.377628 0.750246
vt 0.360277 0.750000
vt 0.393652 0.750000
vt 0.375000 0.764723
vt 0.639723 0.750000
vt 0.624446 0.748172
vt 0.625000 0.737022
vt 0.606348 0.750000
vt 0.625000 0.764723
vt 0.360277 0.512978
vt 0.360277 0.500000
vt 0.375554 0.501828
vt 0.375000 0.512978
vt 0.393652 0.500000
vt 0.375000 0.485277
vt 0.625000 0.512978
vt 0.622372 0.499754
vt 0.639723 0.500000
vt 0.606348 0.500000
vt 0.625000 0.485277
vt 0.393652 0.764723
vt 0.606348 0.764723
vt 0.606348 0.985277
vt 0.393652 0.985277
vt 0.393652 0.512978
vt 0.606347 0.512978
vt 0.606347 0.737022
vt 0.393652 0.737022
vt 0.639723 0.512978
vt 0.860277 0.512978
vt 0.860277 0.737022
vt 0.639723 0.737022
vt 0.393652 0.012978
vt 0.606347 0.012978
vt 0.606347 0.237022
vt 0.393652 0.237022
vt 0.393652 0.264723
vt 0.606348 0.264723
vt 0.606348 0.485277
vt 0.393652 0.485277
vt 0.139723 0.737022
vt 0.139723 0.750000
vt 0.131223 0.750000
vt 0.125000 0.737022
vt 0.393652 1.000000
vt 0.382883 1.000000
vt 0.375000 0.985277
vt 0.375000 0.012978
vt 0.375000 0.005485
vt 0.393652 0.000000
vt 0.625000 0.985277
vt 0.625000 0.993777
vt 0.606348 1.000000
vt 0.875000 0.737022
vt 0.875000 0.744515
vt 0.860277 0.750000
vt 0.606348 0.000000
vt 0.617117 0.000000
vt 0.625000 0.012978
vt 0.139723 0.512978
vt 0.125000 0.512978
vt 0.125000 0.505485
vt 0.139723 0.500000
vt 0.393652 0.250000
vt 0.382883 0.250000
vt 0.375000 0.237022
vt 0.375000 0.264723
vt 0.375000 0.256223
vt 0.860277 0.500000
vt 0.868777 0.500000
vt 0.875000 0.512978
vt 0.606348 0.250000
vt 0.617117 0.250000
vt 0.625000 0.264723
vt 0.625000 0.237022
vt 0.625000 0.244515
vt 0.360277 0.737022
vt 0.375000 0.737022
vt 0.377628 0.750246
vt 0.360277 0.750000
vt 0.393652 0.750000
vt 0.375000 0.764723
vt 0.639723 0.750000
vt 0.624446 0.748172
vt 0.625000 0.737022
vt 0.606348 0.750000
vt 0.625000 0.764723
vt 0.360277 0.512978
vt 0.360277 0.500000
vt 0.375554 0.501828
vt 0.375000 0.512978
vt 0.393652 0.500000
vt 0.375000 0.485277
vt 0.625000 0.512978
vt 0.622372 0.499754
vt 0.639723 0.500000
vt 0.606348 0.500000
vt 0.625000 0.485277
vt 0.393652 0.764723
vt 0.606348 0.764723
vt 0.606348 0.985277
vt 0.393652 0.985277
vt 0.393652 0.512978
vt 0.606347 0.512978
vt 0.606347 0.737022
vt 0.393652 0.737022
vt 0.639723 0.512978
vt 0.860277 0.512978
vt 0.860277 0.737022
vt 0.639723 0.737022
vt 0.393652 0.012978
vt 0.606347 0.012978
vt 0.606347 0.237022
vt 0.393652 0.237022
vt 0.393652 0.264723
vt 0.606348 0.264723
vt 0.606348 0.485277
vt 0.393652 0.485277
vt 0.139723 0.737022
vt 0.139723 0.750000
vt 0.131223 0.750000
vt 0.125000 0.737022
vt 0.393652 1.000000
vt 0.382883 1.000000
vt 0.375000 0.985277
vt 0.375000 0.012978
vt 0.375000 0.005485
vt 0.393652 0.000000
vt 0.625000 0.985277
vt 0.625000 0.993777
vt 0.606348 1.000000
vt 0.875000 0.737022
vt 0.875000 0.744515
vt 0.860277 0.750000
vt 0.606348 0.000000
vt 0.617117 0.000000
vt 0.625000 0.012978
vt 0.139723 0.512978
vt 0.125000 0.512978
vt 0.125000 0.505485
vt 0.139723 0.500000
vt 0.393652 0.250000
vt 0.382883 0.250000
vt 0.375000 0.237022
vt 0.375000 0.264723
vt 0.375000 0.256223
vt 0.860277 0.500000
vt 0.868777 0.500000
vt 0.875000 0.512978
vt 0.606348 0.250000
vt 0.617117 0.250000
vt 0.625000 0.264723
vt 0.625000 0.237022
vt 0.625000 0.244515
vt 0.360277 0.737022
vt 0.375000 0.737022
vt 0.377628 0.750246
vt 0.360277 0.750000
vt 0.393652 0.750000
vt 0.375000 0.764723
vt 0.639723 0.750000
vt 0.624446 0.748172
vt 0.625000 0.737022
vt 0.606348 0.750000
vt 0.625000 0.764723
vt 0.360277 0.512978
vt 0.360277 0.500000
vt 0.375554 0.501828
vt 0.375000 0.512978
vt 0.393652 0.500000
vt 0.375000 0.485277
vt 0.625000 0.512978
vt 0.622372 0.499754
vt 0.639723 0.500000
vt 0.606348 0.500000
vt 0.625000 0.485277
vt 0.393652 0.764723
vt 0.606348 0.764723
vt 0.606348 0.985277
vt 0.393652 0.985277
vt 0.393652 0.512978
vt 0.606347 0.512978
vt 0.606347 0.737022
vt 0.393652 0.737022
vt 0.639723 0.512978
vt 0.860277 0.512978
vt 0.860277 0.737022
vt 0.639723 0.737022
vt 0.393652 0.012978
vt 0.606347 0.012978
vt 0.606347 0.237022
vt 0.393652 0.237022
vt 0.393652 0.264723
vt 0.606348 0.264723
vt 0.606348 0.485277
vt 0.393652 0.485277
vt 0.139723 0.737022
vt 0.139723 0.750000
vt 0.131223 0.750000
vt 0.125000 0.737022
vt 0.393652 1.000000
vt 0.382883 1.000000
vt 0.375000 0.985277
vt 0.375000 0.012978
vt 0.375000 0.005485
vt 0.393652 0.000000
vt 0.625000 0.985277
vt 0.625000 0.993777
vt 0.606348 1.000000
vt 0.875000 0.737022
vt 0.875000 0.744515
vt 0.860277 0.750000
vt 0.606348 0.000000
vt 0.617117 0.000000
vt 0.625000 0.012978
vt 0.139723 0.512978
vt 0.125000 0.512978
vt 0.125000 0.505485
vt 0.139723 0.500000
vt 0.393652 0.250000
vt 0.382883 0.250000
vt 0.375000 0.237022
vt 0.375000 0.264723
vt 0.375000 0.256223
vt 0.860277 0.500000
vt 0.868777 0.500000
vt 0.875000 0.512978
vt 0.606348 0.250000
vt 0.617117 0.250000
vt 0.625000 0.264723
vt 0.625000 0.237022
vt 0.625000 0.244515
vt 0.360277 0.737022
vt 0.375000 0.737022
vt 0.377628 0.750246
vt 0.360277 0.750000
vt 0.393652 0.750000
vt 0.375000 0.764723
vt 0.639723 0.750000
vt 0.624446 0.748172
vt 0.625000 0.737022
vt 0.606348 0.750000
vt 0.625000 0.764723
vt 0.360277 0.512978
vt 0.360277 0.500000
vt 0.375554 0.501828
vt 0.375000 0.512978
vt 0.393652 0.500000
vt 0.375000 0.485277
vt 0.625000 0.512978
vt 0.622372 0.499754
vt 0.639723 0.500000
vt 0.606348 0.500000
vt 0.625000 0.485277
vt 0.393652 0.764723
vt 0.606348 0.764723
vt 0.606348 0.985277
vt 0.393652 0.985277
vt 0.393652 0.512978
vt 0.606347 0.512978
vt 0.606347 0.737022
vt 0.393652 0.737022
vt 0.639723 0.512978
vt 0.860277 0.512978
vt 0.860277 0.737022
vt 0.639723 0.737022
vt 0.393652 0.012978
vt 0.606347 0.012978
vt 0.606347 0.237022
vt 0.393652 0.237022
vt 0.393652 0.264723
vt 0.606348 0.264723
vt 0.606348 0.485277
vt 0.393652 0.485277
vt 0.139723 0.737022
vt 0.139723 0.750000
vt 0.131223 0.750000
vt 0.125000 0.737022
vt 0.393652 1.000000
vt 0.382883 1.000000
vt 0.375000 0.985277
vt 0.375000 0.012978
vt 0.375000 0.005485
vt 0.393652 0.000000
vt 0.625000 0.985277
vt 0.625000 0.993777
vt 0.606348 1.000000
vt 0.875000 0.737022
vt 0.875000 0.744515
vt 0.860277 0.750000
vt 0.606348 0.000000
vt 0.617117 0.000000
vt 0.625000 0.012978
vt 0.139723 0.512978
vt 0.125000 0.512978
vt 0.125000 0.505485
vt 0.139723 0.500000
vt 0.393652 0.250000
vt 0.382883 0.250000
vt 0.375000 0.237022
vt 0.375000 0.264723
vt 0.375000 0.256223
vt 0.860277 0.500000
vt 0.868777 0.500000
vt 0.875000 0.512978
vt 0.606348 0.250000
vt 0.617117 0.250000
vt 0.625000 0.264723
vt 0.625000 0.237022
vt 0.625000 0.244515
vt 0.360277 0.737022
vt 0.375000 0.737022
vt 0.377628 0.750246
vt 0.360277 0.750000
vt 0.393652 0.750000
vt 0.375000 0.764723
vt 0.639723 0.750000
vt 0.624446 0.748172
vt 0.625000 0.737022
vt 0.606348 0.750000
vt 0.625000 0.764723
vt 0.360277 0.512978
vt 0.360277 0.500000
vt 0.375554 0.501828
vt 0.375000 0.512978
vt 0.393652 0.500000
vt 0.375000 0.485277
vt 0.625000 0.512978
vt 0.622372 0.499754
vt 0.639723 0.500000
vt 0.606348 0.500000
vt 0.625000 0.485277
vt 0.393652 0.764723
vt 0.606348 0.764723
vt 0.606348 0.985277
vt 0.393652 0.985277
vt 0.393652 0.512978
vt 0.606347 0.512978
vt 0.606347 0.737022
vt 0.393652 0.737022
vt 0.639723 0.512978
vt 0.860277 0.512978
vt 0.860277 0.737022
vt 0.639723 0.737022
vt 0.393652 0.012978
vt 0.606347 0.012978
vt 0.606347 0.237022
vt 0.393652 0.237022
vt 0.393652 0.264723
vt 0.606348 0.264723
vt 0.606348 0.485277
vt 0.393652 0.485277
vt 0.139723 0.737022
vt 0.139723 0.750000
vt 0.131223 0.750000
vt 0.125000 0.737022
vt 0.393652 1.000000
vt 0.382883 1.000000
vt 0.375000 0.985277
vt 0.375000 0.012978
vt 0.375000 0.005485
vt 0.393652 0.000000
vt 0.625000 0.985277
vt 0.625000 0.993777
vt 0.606348 1.000000
vt 0.875000 0.737022
vt 0.875000 0.744515
vt 0.860277 0.750000
vt 0.606348 0.000000
vt 0.617117 0.000000
vt 0.625000 0.012978
vt 0.139723 0.512978
vt 0.125000 0.512978
vt 0.125000 0.505485
vt 0.139723 0.500000
vt 0.393652 0.250000
vt 0.382883 0.250000
vt 0.375000 0.237022
vt 0.375000 0.264723
vt 0.375000 0.256223
vt 0.860277 0.500000
vt 0.868777 0.500000
vt 0.875000 0.512978
vt 0.606348 0.250000
vt 0.617117 0.250000
vt 0.625000 0.264723
vt 0.625000 0.237022
vt 0.625000 0.244515
vt 0.360277 0.737022
vt 0.375000 0.737022
vt 0.377628 0.750246
vt 0.360277 0.750000
vt 0.393652 0.750000
vt 0.375000 0.764723
vt 0.639723 0.750000
vt 0.624446 0.748172
vt 0.625000 0.737022
vt 0.606348 0.750000
vt 0.625000 0.764723
vt 0.360277 0.512978
vt 0.360277 0.500000
vt 0.375554 0.501828
vt 0.375000 0.512978
vt 0.393652 0.500000
vt 0.375000 0.485277
vt 0.625000 0.512978
vt 0.622372 0.499754
vt 0.639723 0.500000
vt 0.606348 0.500000
vt 0.625000 0.485277
vt 0.393652 0.764723
vt 0.606348 0.764723
vt 0.606348 0.985277
vt 0.393652 0.985277
vt 0.393652 0.512978
vt 0.606347 0.512978
vt 0.606347 0.737022
vt 0.393652 0.737022
vt 0.639723 0.512978
vt 0.860277 0.512978
vt 0.860277 0.737022
vt 0.639723 0.737022
vt 0.393652 0.012978
vt 0.606347 0.012978
vt 0.606347 0.237022
vt 0.393652 0.237022
vt 0.393652 0.264723
vt 0.606348 0.264723
vt 0.606348 0.485277
vt 0.393652 0.485277
vt 0.139723 0.737022
vt 0.139723 0.750000
vt 0.131223 0.750000
vt 0.125000 0.737022
vt 0.393652 1.000000
vt 0.382883 1.000000
vt 0.375000 0.985277
vt 0.375000 0.012978
vt 0.375000 0.005485
vt 0.393652 0.000000
vt 0.625000 0.985277
vt 0.625000 0.993777
vt 0.606348 1.000000
vt 0.875000 0.737022
vt 0.875000 0.744515
vt 0.860277 0.750000
vt 0.606348 0.000000
vt 0.617117 0.000000
vt 0.625000 0.012978
vt 0.139723 0.512978
vt 0.125000 0.512978
vt 0.125000 0.505485
vt 0.139723 0.500000
vt 0.393652 0.250000
vt 0.382883 0.250000
vt 0.375000 0.237022
vt 0.375000 0.264723
vt 0.375000 0.256223
vt 0.860277 0.500000
vt 0.868777 0.500000
vt 0.875000 0.512978
vt 0.606348 0.250000
vt 0.617117 0.250000
vt 0.625000 0.264723
vt 0.625000 0.237022
vt 0.625000 0.244515
vt 0.360277 0.737022
vt 0.375000 0.737022
vt 0.377628 0.750246
vt 0.360277 0.750000
vt 0.393652 0.750000
vt 0.375000 0.764723
vt 0.639723 0.750000
vt 0.624446 0.748172
vt 0.625000 0.737022
vt 0.606348 0.750000
vt 0.625000 0.764723
vt 0.360277 0.512978
vt 0.360277 0.500000
vt 0.375554 0.501828
vt 0.375000 0.512978
vt 0.393652 0.500000
vt 0.375000 0.485277
vt 0.625000 0.512978
vt 0.622372 0.499754
vt 0.639723 0.500000
vt 0.606348 0.500000
vt 0.625000 0.485277
vt 0.393652 0.764723
vt 0.606348 0.764723
vt 0.606348 0.985277
vt 0.393652 0.985277
vt 0.393652 0.512978
vt 0.606347 0.512978
vt 0.606347 0.737022
vt 0.393652 0.737022
vt 0.639723 0.512978
vt 0.860277 0.512978
vt 0.860277 0.737022
vt 0.639723 0.737022
vt 0.393652 0.012978
vt 0.606347 0.012978
vt 0.606347 0.237022
vt 0.393652 0.237022
vt 0.393652 0.264723
vt 0.606348 0.264723
vt 0.606348 0.485277
vt 0.393652 0.485277
vt 0.139723 0.737022
vt 0.139723 0.750000
vt 0.131223 0.750000
vt 0.125000 0.737022
vt 0.393652 1.000000
vt 0.382883 1.000000
vt 0.375000 0.985277
vt 0.375000 0.012978
vt 0.375000 0.005485
vt 0.393652 0.000000
vt 0.625000 0.985277
vt 0.625000 0.993777
vt 0.606348 1.000000
vt 0.875000 0.737022
vt 0.875000 0.744515
vt 0.860277 0.750000
vt 0.606348 0.000000
vt 0.617117 0.000000
vt 0.625000 0.012978
vt 0.139723 0.512978
vt 0.125000 0.512978
vt 0.125000 0.505485
vt 0.139723 0.500000
vt 0.393652 0.250000
vt 0.382883 0.250000
vt 0.375000 0.237022
vt 0.375000 0.264723
vt 0.375000 0.256223
vt 0.860277 0.500000
vt 0.868777 0.500000
vt 0.875000 0.512978
vt 0.606348 0.250000
vt 0.617117 0.250000
vt 0.625000 0.264723
vt 0.625000 0.237022
vt 0.625000 0.244515
vt 0.360277 0.737022
vt 0.375000 0.737022
vt 0.377628 0.750246
vt 0.360277 0.750000
vt 0.393652 0.750000
vt 0.375000 0.764723
vt 0.639723 0.750000
vt 0.624446 0.748172
vt 0.625000 0.737022
vt 0.606348 0.750000
vt 0.625000 0.764723
vt 0.360277 0.512978
vt 0.360277 0.500000
vt 0.375554 0.501828
vt 0.375000 0.512978
vt 0.393652 0.500000
vt 0.375000 0.485277
vt 0.625000 0.512978
vt 0.622372 0.499754
vt 0.639723 0.500000
vt 0.606348 0.500000
vt 0.625000 0.485277
vt 0.393652 0.764723
vt 0.606348 0.764723
vt 0.606348 0.985277
vt 0.393652 0.985277
vt 0.393652 0.512978
vt 0.606347 0.512978
vt 0.606347 0.737022
vt 0.393652 0.737022
vt 0.639723 0.512978
vt 0.860277 0.512978
vt 0.860277 0.737022
vt 0.639723 0.737022
vt 0.393652 0.012978
vt 0.606347 0.012978
vt 0.606347 0.237022
vt 0.393652 0.237022
vt 0.393652 0.264723
vt 0.606348 0.264723
vt 0.606348 0.485277
vt 0.393652 0.485277
vt 0.139723 0.737022
vt 0.139723 0.750000
vt 0.131223 0.750000
vt 0.125000 0.737022
vt 0.393652 1.000000
vt 0.382883 1.000000
vt 0.375000 0.985277
vt 0.375000 0.012978
vt 0.375000 0.005485
vt 0.393652 0.000000
vt 0.625000 0.985277
vt 0.625000 0.993777
vt 0.606348 1.000000
vt 0.875000 0.737022
vt 0.875000 0.744515
vt 0.860277 0.750000
vt 0.606348 0.000000
vt 0.617117 0.000000
vt 0.625000 0.012978
vt 0.139723 0.512978
vt 0.125000 0.512978
vt 0.125000 0.505485
vt 0.139723 0.500000
vt 0.393652 0.250000
vt 0.382883 0.250000
vt 0.375000 0.237022
vt 0.375000 0.264723
vt 0.375000 0.256223
vt 0.860277 0.500000
vt 0.868777 0.500000
vt 0.875000 0.512978
vt 0.606348 0.250000
vt 0.617117 0.250000
vt 0.625000 0.264723
vt 0.625000 0.237022
vt 0.625000 0.244515
vt 0.360277 0.737022
vt 0.375000 0.737022
vt 0.377628 0.750246
vt 0.360277 0.750000
vt 0.393652 0.750000
vt 0.375000 0.764723
vt 0.639723 0.750000
vt 0.624446 0.748172
vt 0.625000 0.737022
vt 0.606348 0.750000
vt 0.625000 0.764723
vt 0.360277 0.512978
vt 0.360277 0.500000
vt 0.375554 0.501828
vt 0.375000 0.512978
vt 0.393652 0.500000
vt 0.375000 0.485277
vt 0.625000 0.512978
vt 0.622372 0.499754
vt 0.639723 0.500000
vt 0.606348 0.500000
vt 0.625000 0.485277
vt 0.393652 0.764723
vt 0.606348 0.764723
vt 0.606348 0.985277
vt 0.393652 0.985277
vt 0.393652 0.512978
vt 0.606347 0.512978
vt 0.606347 0.737022
vt 0.393652 0.737022
vt 0.639723 0.512978
vt 0.860277 0.512978
vt 0.860277 0.737022
vt 0.639723 0.737022
vt 0.393652 0.012978
vt 0.606347 0.012978
vt 0.606347 0.237022
vt 0.393652 0.237022
vt 0.393652 0.264723
vt 0.606348 0.264723
vt 0.606348 0.485277
vt 0.393652 0.485277
vt 0.139723 0.737022
vt 0.139723 0.750000
vt 0.131223 0.750000
vt 0.125000 0.737022
vt 0.393652 1.000000
vt 0.382883 1.000000
vt 0.375000 0.985277
vt 0.375000 0.012978
vt 0.375000 0.005485
vt 0.393652 0.000000
vt 0.625000 0.985277
vt 0.625000 0.993777
vt 0.606348 1.000000
vt 0.875000 0.737022
vt 0.875000 0.744515
vt 0.860277 0.750000
vt 0.606348 0.000000
vt 0.617117 0.000000
vt 0.625000 0.012978
vt 0.139723 0.512978
vt 0.125000 0.512978
vt 0.125000 0.505485
vt 0.139723 0.500000
vt 0.393652 0.250000
vt 0.382883 0.250000
vt 0.375000 0.237022
vt 0.375000 0.264723
vt 0.375000 0.256223
vt 0.860277 0.500000
vt 0.868777 0.500000
vt 0.875000 0.512978
vt 0.606348 0.250000
vt 0.617117 0.250000
vt 0.625000 0.264723
vt 0.625000 0.237022
vt 0.625000 0.244515
vt 0.360277 0.737022
vt 0.375000 0.737022
vt 0.377628 0.750246
vt 0.360277 0.750000
vt 0.393652 0.750000
vt 0.375000 0.764723
vt 0.639723 0.750000
vt 0.624446 0.748172
vt 0.625000 0.737022
vt 0.606348 0.750000
vt 0.625000 0.764723
vt 0.360277 0.512978
vt 0.360277 0.500000
vt 0.375554 0.501828
vt 0.375000 0.512978
vt 0.393652 0.500000
vt 0.375000 0.485277
vt 0.625000 0.512978
vt 0.622372 0.499754
vt 0.639723 0.500000
vt 0.606348 0.500000
vt 0.625000 0.485277
vt 0.393652 0.764723
vt 0.606348 0.764723
vt 0.606348 0.985277
vt 0.393652 0.985277
vt 0.393652 0.512978
vt 0.606347 0.512978
vt 0.606347 0.737022
vt 0.393652 0.737022
vt 0.639723 0.512978
vt 0.860277 0.512978
vt 0.860277 0.737022
vt 0.639723 0.737022
vt 0.393652 0.012978
vt 0.606347 0.012978
vt 0.606347 0.237022
vt 0.393652 0.237022
vt 0.393652 0.264723
vt 0.606348 0.264723
vt 0.606348 0.485277
vt 0.393652 0.485277
vt 0.139723 0.737022
vt 0.139723 0.750000
vt 0.131223 0.750000
vt 0.125000 0.737022
vt 0.393652 1.000000
vt 0.382883 1.000000
vt 0.375000 0.985277
vt 0.375000 0.012978
vt 0.375000 0.005485
vt 0.393652 0.000000
vt 0.625000 0.985277
vt 0.625000 0.993777
vt 0.606348 1.000000
vt 0.875000 0.737022
vt 0.875000 0.744515
vt 0.860277 0.750000
vt 0.606348 0.000000
vt 0.617117 0.000000
vt 0.625000 0.012978
vt 0.139723 0.512978
vt 0.125000 0.512978
vt 0.125000 0.505485
vt 0.139723 0.500000
vt 0.393652 0.250000
vt 0.382883 0.250000
vt 0.375000 0.237022
vt 0.375000 0.264723
vt 0.375000 0.256223
vt 0.860277 0.500000
vt 0.868777 0.500000
vt 0.875000 0.512978
vt 0.606348 0.250000
vt 0.617117 0.250000
vt 0.625000 0.264723
vt 0.625000 0.237022
vt 0.625000 0.244515
vt 0.360277 0.737022
vt 0.375000 0.737022
vt 0.377628 0.750246
vt 0.360277 0.750000
vt 0.393652 0.750000
vt 0.375000 0.764723
vt 0.639723 0.750000
vt 0.624446 0.748172
vt 0.625000 0.737022
vt 0.606348 0.750000
vt 0.625000 0.764723
vt 0.360277 0.512978
vt 0.360277 0.500000
vt 0.375554 0.501828
vt 0.375000 0.512978
vt 0.393652 0.500000
vt 0.375000 0.485277
vt 0.625000 0.512978
vt 0.622372 0.499754
vt 0.639723 0.500000
vt 0.606348 0.500000
vt 0.625000 0.485277
vt 0.393652 0.764723
vt 0.606348 0.764723
vt 0.606348 0.985277
vt 0.393652 0.985277
vt 0.393652 0.512978
vt 0.606347 0.512978
vt 0.606347 0.737022
vt 0.393652 0.737022
vt 0.639723 0.512978
vt 0.860277 0.512978
vt 0.860277 0.737022
vt 0.639723 0.737022
vt 0.393652 0.012978
vt 0.606347 0.012978
vt 0.606347 0.237022
vt 0.393652 0.237022
vt 0.393652 0.264723
vt 0.606348 0.264723
vt 0.606348 0.485277
vt 0.393652 0.485277
vt 0.139723 0.737022
vt 0.139723 0.750000
vt 0.131223 0.750000
vt 0.125000 0.737022
vt 0.393652 1.000000
vt 0.382883 1.000000
vt 0.375000 0.985277
vt 0.375000 0.012978
vt 0.375000 0.005485
vt 0.393652 0.000000
vt 0.625000 0.985277
vt 0.625000 0.993777
vt 0.606348 1.000000
vt 0.875000 0.737022
vt 0.875000 0.744515
vt 0.860277 0.750000
vt 0.606348 0.000000
vt 0.617117 0.000000
vt 0.625000 0.012978
vt 0.139723 0.512978
vt 0.125000 0.512978
vt 0.125000 0.505485
vt 0.139723 0.500000
vt 0.393652 0.250000
vt 0.382883 0.250000
vt 0.375000 0.237022
vt 0.375000 0.264723
vt 0.375000 0.256223
vt 0.860277 0.500000
vt 0.868777 0.500000
vt 0.875000 0.512978
vt 0.606348 0.250000
vt 0.617117 0.250000
vt 0.625000 0.264723
vt 0.625000 0.237022
vt 0.625000 0.244515
vt 0.360277 0.737022
vt 0.375000 0.737022
vt 0.377628 0.750246
vt 0.360277 0.750000
vt 0.393652 0.750000
vt 0.375000 0.764723
vt 0.639723 0.750000
vt 0.624446 0.748172
vt 0.625000 0.737022
vt 0.606348 0.750000
vt 0.625000 0.764723
vt 0.360277 0.512978
vt 0.360277 0.500000
vt 0.375554 0.501828
vt 0.375000 0.512978
vt 0.393652 0.500000
vt 0.375000 0.485277
vt 0.625000 0.512978
vt 0.622372 0.499754
vt 0.639723 0.500000
vt 0.606348 0.500000
vt 0.625000 0.485277
vt 0.393652 0.764723
vt 0.606348 0.764723
vt 0.606348 0.985277
vt 0.393652 0.985277
vt 0.393652 0.512978
vt 0.606347 0.512978
vt 0.606347 0.737022
vt 0.393652 0.737022
vt 0.639723 0.512978
vt 0.860277 0.512978
vt 0.860277 0.737022
vt 0.639723 0.737022
vt 0.393652 0.012978
vt 0.606347 0.012978
vt 0.606347 0.237022
vt 0.393652 0.237022
vt 0.393652 0.264723
vt 0.606348 0.264723
vt 0.606348 0.485277
vt 0.393652 0.485277
vt 0.139723 0.737022
vt 0.139723 0.750000
vt 0.131223 0.750000
vt 0.125000 0.737022
vt 0.393652 1.000000
vt 0.382883 1.000000
vt 0.375000 0.985277
vt 0.375000 0.012978
vt 0.375000 0.005485
vt 0.393652 0.000000
vt 0.625000 0.985277
vt 0.625000 0.993777
vt 0.606348 1.000000
vt 0.875000 0.737022
vt 0.875000 0.744515
vt 0.860277 0.750000
vt 0.606348 0.000000
vt 0.617117 0.000000
vt 0.625000 0.012978
vt 0.139723 0.512978
vt 0.125000 0.512978
vt 0.125000 0.505485
vt 0.139723 0.500000
vt 0.393652 0.250000
vt 0.382883 0.250000
vt 0.375000 0.237022
vt 0.375000 0.264723
vt 0.375000 0.256223
vt 0.860277 0.500000
vt 0.868777 0.500000
vt 0.875000 0.512978
vt 0.606348 0.250000
vt 0.617117 0.250000
vt 0.625000 0.264723
vt 0.625000 0.237022
vt 0.625000 0.244515
vt 0.360277 0.737022
vt 0.375000 0.737022
vt 0.377628 0.750246
vt 0.360277 0.750000
vt 0.393652 0.750000
vt 0.375000 0.764723
vt 0.639723 0.750000
vt 0.624446 0.748172
vt 0.625000 0.737022
vt 0.606348 0.750000
vt 0.625000 0.764723
vt 0.360277 0.512978
vt 0.360277 0.500000
vt 0.375554 0.501828
vt 0.375000 0.512978
vt 0.393652 0.500000
vt 0.375000 0.485277
vt 0.625000 0.512978
vt 0.622372 0.499754
vt 0.639723 0.500000
vt 0.606348 0.500000
vt 0.625000 0.485277
vt 0.393652 0.764723
vt 0.606348 0.764723
vt 0.606348 0.985277
vt 0.393652 0.985277
vt 0.393652 0.512978
vt 0.606347 0.512978
vt 0.606347 0.737022
vt 0.393652 0.737022
vt 0.639723 0.512978
vt 0.860277 0.512978
vt 0.860277 0.737022
vt 0.639723 0.737022
vt 0.393652 0.012978
vt 0.606347 0.012978
vt 0.606347 0.237022
vt 0.393652 0.237022
vt 0.393652 0.264723
vt 0.606348 0.264723
vt 0.606348 0.485277
vt 0.393652 0.485277
vt 0.139723 0.737022
vt 0.139723 0.750000
vt 0.131223 0.750000
vt 0.125000 0.737022
vt 0.393652 1.000000
vt 0.382883 1.000000
vt 0.375000 0.985277
vt 0.375000 0.012978
vt 0.375000 0.005485
vt 0.393652 0.000000
vt 0.625000 0.985277
vt 0.625000 0.993777
vt 0.606348 1.000000
vt 0.875000 0.737022
vt 0.875000 0.744515
vt 0.860277 0.750000
vt 0.606348 0.000000
vt 0.617117 0.000000
vt 0.625000 0.012978
vt 0.139723 0.512978
vt 0.125000 0.512978
vt 0.125000 0.505485
vt 0.139723 0.500000
vt 0.393652 0.250000
vt 0.382883 0.250000
vt 0.375000 0.237022
vt 0.375000 0.264723
vt 0.375000 0.256223
vt 0.860277 0.500000
vt 0.868777 0.500000
vt 0.875000 0.512978
vt 0.606348 0.250000
vt 0.617117 0.250000
vt 0.625000 0.264723
vt 0.625000 0.237022
vt 0.625000 0.244515
vt 0.360277 0.737022
vt 0.375000 0.737022
vt 0.377628 0.750246
vt 0.360277 0.750000
vt 0.393652 0.750000
vt 0.375000 0.764723
vt 0.639723 0.750000
vt 0.624446 0.748172
vt 0.625000 0.737022
vt 0.606348 0.750000
vt 0.625000 0.764723
vt 0.360277 0.512978
vt 0.360277 0.500000
vt 0.375554 0.501828
vt 0.375000 0.512978
vt 0.393652 0.500000
vt 0.375000 0.485277
vt 0.625000 0.512978
vt 0.622372 0.499754
vt 0.639723 0.500000
vt 0.606348 0.500000
vt 0.625000 0.485277
vt 0.393652 0.764723
vt 0.606348 0.764723
vt 0.606348 0.985277
vt 0.393652 0.985277
vt 0.393652 0.512978
vt 0.606347 0.512978
vt 0.606347 0.737022
vt 0.393652 0.737022
vt 0.639723 0.512978
vt 0.860277 0.512978
vt 0.860277 0.737022
vt 0.639723 0.737022
vt 0.393652 0.012978
vt 0.606347 0.012978
vt 0.606347 0.237022
vt 0.393652 0.237022
vt 0.393652 0.264723
vt 0.606348 0.264723
vt 0.606348 0.485277
vt 0.393652 0.485277
vt 0.139723 0.737022
vt 0.139723 0.750000
vt 0.131223 0.750000
vt 0.125000 0.737022
vt 0.393652 1.000000
vt 0.382883 1.000000
vt 0.375000 0.985277
vt 0.375000 0.012978
vt 0.375000 0.005485
vt 0.393652 0.000000
vt 0.625000 0.985277
vt 0.625000 0.993777
vt 0.606348 1.000000
vt 0.875000 0.737022
vt 0.875000 0.744515
vt 0.860277 0.750000
vt 0.606348 0.000000
vt 0.617117 0.000000
vt 0.625000 0.012978
vt 0.139723 0.512978
vt 0.125000 0.512978
vt 0.125000 0.505485
vt 0.139723 0.500000
vt 0.393652 0.250000
vt 0.382883 0.250000
vt 0.375000 0.237022
vt 0.375000 0.264723
vt 0.375000 0.256223
vt 0.860277 0.500000
vt 0.868777 0.500000
vt 0.875000 0.512978
vt 0.606348 0.250000
vt 0.617117 0.250000
vt 0.625000 0.264723
vt 0.625000 0.237022
vt 0.625000 0.244515
vt 0.360277 0.737022
vt 0.375000 0.737022
vt 0.377628 0.750246
vt 0.360277 0.750000
vt 0.393652 0.750000
vt 0.375000 0.764723
vt 0.639723 0.750000
vt 0.624446 0.748172
vt 0.625000 0.737022
vt 0.606348 0.750000
vt 0.625000 0.764723
vt 0.360277 0.512978
vt 0.360277 0.500000
vt 0.375554 0.501828
vt 0.375000 0.512978
vt 0.393652 0.500000
vt 0.375000 0.485277
vt 0.625000 0.512978
vt 0.622372 0.499754
vt 0.639723 0.500000
vt 0.606348 0.500000
vt 0.625000 0.485277
vt 0.393652 0.764723
vt 0.606348 0.764723
vt 0.606348 0.985277
vt 0.393652 0.985277
vt 0.393652 0.512978
vt 0.606347 0.512978
vt 0.606347 0.737022
vt 0.393652 0.737022
vt 0.639723 0.512978
vt 0.860277 0.512978
vt 0.860277 0.737022
vt 0.639723 0.737022
vt 0.393652 0.012978
vt 0.606347 0.012978
vt 0.606347 0.237022
vt 0.393652 0.237022
vt 0.393652 0.264723
vt 0.606348 0.264723
vt 0.606348 0.485277
vt 0.393652 0.485277
vt 0.139723 0.737022
vt 0.139723 0.750000
vt 0.131223 0.750000
vt 0.125000 0.737022
vt 0.393652 1.000000
vt 0.382883 1.000000
vt 0.375000 0.985277
vt 0.375000 0.012978
vt 0.375000 0.005485
vt 0.393652 0.000000
vt 0.625000 0.985277
vt 0.625000 0.993777
vt 0.606348 1.000000
vt 0.875000 0.737022
vt 0.875000 0.744515
vt 0.860277 0.750000
vt 0.606348 0.000000
vt 0.617117 0.000000
vt 0.625000 0.012978
vt 0.139723 0.512978
vt 0.125000 0.512978
vt 0.125000 0.505485
vt 0.139723 0.500000
vt 0.393652 0.250000
vt 0.382883 0.250000
vt 0.375000 0.237022
vt 0.375000 0.264723
vt 0.375000 0.256223
vt 0.860277 0.500000
vt 0.868777 0.500000
vt 0.875000 0.512978
vt 0.606348 0.250000
vt 0.617117 0.250000
vt 0.625000 0.264723
vt 0.625000 0.237022
vt 0.625000 0.244515
vt 0.360277 0.737022
vt 0.375000 0.737022
vt 0.377628 0.750246
vt 0.360277 0.750000
vt 0.393652 0.750000
vt 0.375000 0.764723
vt 0.639723 0.750000
vt 0.624446 0.748172
vt 0.625000 0.737022
vt 0.606348 0.750000
vt 0.625000 0.764723
vt 0.360277 0.512978
vt 0.360277 0.500000
vt 0.375554 0.501828
vt 0.375000 0.512978
vt 0.393652 0.500000
vt 0.375000 0.485277
vt 0.625000 0.512978
vt 0.622372 0.499754
vt 0.639723 0.500000
vt 0.606348 0.500000
vt 0.625000 0.485277
vt 0.393652 0.764723
vt 0.606348 0.764723
vt 0.606348 0.985277
vt 0.393652 0.985277
vt 0.393652 0.512978
vt 0.606347 0.512978
vt 0.606347 0.737022
vt 0.393652 0.737022
vt 0.639723 0.512978
vt 0.860277 0.512978
vt 0.860277 0.737022
vt 0.639723 0.737022
vt 0.393652 0.012978
vt 0.606347 0.012978
vt 0.606347 0.237022
vt 0.393652 0.237022
vt 0.393652 0.264723
vt 0.606348 0.264723
vt 0.606348 0.485277
vt 0.393652 0.485277
vt 0.139723 0.737022
vt 0.139723 0.750000
vt 0.131223 0.750000
vt 0.125000 0.737022
vt 0.393652 1.000000
vt 0.382883 1.000000
vt 0.375000 0.985277
vt 0.375000 0.012978
vt 0.375000 0.005485
vt 0.393652 0.000000
vt 0.625000 0.985277
vt 0.625000 0.993777
vt 0.606348 1.000000
vt 0.875000 0.737022
vt 0.875000 0.744515
vt 0.860277 0.750000
vt 0.606348 0.000000
vt 0.617117 0.000000
vt 0.625000 0.012978
vt 0.139723 0.512978
vt 0.125000 0.512978
vt 0.125000 0.505485
vt 0.139723 0.500000
vt 0.393652 0.250000
vt 0.382883 0.250000
vt 0.375000 0.237022
vt 0.375000 0.264723
vt 0.375000 0.256223
vt 0.860277 0.500000
vt 0.868777 0.500000
vt 0.875000 0.512978
vt 0.606348 0.250000
vt 0.617117 0.250000
vt 0.625000 0.264723
vt 0.625000 0.237022
vt 0.625000 0.244515
vt 0.360277 0.737022
vt 0.375000 0.737022
vt 0.377628 0.750246
vt 0.360277 0.750000
vt 0.393652 0.750000
vt 0.375000 0.764723
vt 0.639723 0.750000
vt 0.624446 0.748172
vt 0.625000 0.737022
vt 0.606348 0.750000
vt 0.625000 0.764723
vt 0.360277 0.512978
vt 0.360277 0.500000
vt 0.375554 0.501828
vt 0.375000 0.512978
vt 0.393652 0.500000
vt 0.375000 0.485277
vt 0.625000 0.512978
vt 0.622372 0.499754
vt 0.639723 0.500000
vt 0.606348 0.500000
vt 0.625000 0.485277
vt 0.393652 0.764723
vt 0.606348 0.764723
vt 0.606348 0.985277
vt 0.393652 0.985277
vt 0.393652 0.512978
vt 0.606347 0.512978
vt 0.606347 0.737022
vt 0.393652 0.737022
vt 0.639723 0.512978
vt 0.860277 0.512978
vt 0.860277 0.737022
vt 0.639723 0.737022
vt 0.393652 0.012978
vt 0.606347 0.012978
vt 0.606347 0.237022
vt 0.393652 0.237022
vt 0.393652 0.264723
vt 0.606348 0.264723
vt 0.606348 0.485277
vt 0.393652 0.485277
vt 0.139723 0.737022
vt 0.139723 0.750000
vt 0.131223 0.750000
vt 0.125000 0.737022
vt 0.393652 1.000000
vt 0.382883 1.000000
vt 0.375000 0.985277
vt 0.375000 0.012978
vt 0.375000 0.005485
vt 0.393652 0.000000
vt 0.625000 0.985277
vt 0.625000 0.993777
vt 0.606348 1.000000
vt 0.875000 0.737022
vt 0.875000 0.744515
vt 0.860277 0.750000
vt 0.606348 0.000000
vt 0.617117 0.000000
vt 0.625000 0.012978
vt 0.139723 0.512978
vt 0.125000 0.512978
vt 0.125000 0.505485
vt 0.139723 0.500000
vt 0.393652 0.250000
vt 0.382883 0.250000
vt 0.375000 0.237022
vt 0.375000 0.264723
vt 0.375000 0.256223
vt 0.860277 0.500000
vt 0.868777 0.500000
vt 0.875000 0.512978
vt 0.606348 0.250000
vt 0.617117 0.250000
vt 0.625000 0.264723
vt 0.625000 0.237022
vt 0.625000 0.244515
vt 0.360277 0.737022
vt 0.375000 0.737022
vt 0.377628 0.750246
vt 0.360277 0.750000
vt 0.393652 0.750000
vt 0.375000 0.764723
vt 0.639723 0.750000
vt 0.624446 0.748172
vt 0.625000 0.737022
vt 0.606348 0.750000
vt 0.625000 0.764723
vt 0.360277 0.512978
vt 0.360277 0.500000
vt 0.375554 0.501828
vt 0.375000 0.512978
vt 0.393652 0.500000
vt 0.375000 0.485277
vt 0.625000 0.512978
vt 0.622372 0.499754
vt 0.639723 0.500000
vt 0.606348 0.500000
vt 0.625000 0.485277
vt 0.393652 0.764723
vt 0.606348 0.764723
vt 0.606348 0.985277
vt 0.393652 0.985277
vt 0.393652 0.512978
vt 0.606347 0.512978
vt 0.606347 0.737022
vt 0.393652 0.737022
vt 0.639723 0.512978
vt 0.860277 0.512978
vt 0.860277 0.737022
vt 0.639723 0.737022
vt 0.393652 0.012978
vt 0.606347 0.012978
vt 0.606347 0.237022
vt 0.393652 0.237022
vt 0.393652 0.264723
vt 0.606348 0.264723
vt 0.606348 0.485277
vt 0.393652 0.485277
vt 0.139723 0.737022
vt 0.139723 0.750000
vt 0.131223 0.750000
vt 0.125000 0.737022
vt 0.393652 1.000000
vt 0.382883 1.000000
vt 0.375000 0.985277
vt 0.375000 0.012978
vt 0.375000 0.005485
vt 0.393652 0.000000
vt 0.625000 0.985277
vt 0.625000 0.993777
vt 0.606348 1.000000
vt 0.875000 0.737022
vt 0.875000 0.744515
vt 0.860277 0.750000
vt 0.606348 0.000000
vt 0.617117 0.000000
vt 0.625000 0.012978
vt 0.139723 0.512978
vt 0.125000 0.512978
vt 0.125000 0.505485
vt 0.139723 0.500000
vt 0.393652 0.250000
vt 0.382883 0.250000
vt 0.375000 0.237022
vt 0.375000 0.264723
vt 0.375000 0.256223
vt 0.860277 0.500000
vt 0.868777 0.500000
vt 0.875000 0.512978
vt 0.606348 0.250000
vt 0.617117 0.250000
vt 0.625000 0.264723
vt 0.625000 0.237022
vt 0.625000 0.244515
vt 0.360277 0.737022
vt 0.375000 0.737022
vt 0.377628 0.750246
vt 0.360277 0.750000
vt 0.393652 0.750000
vt 0.375000 0.764723
vt 0.639723 0.750000
vt 0.624446 0.748172
vt 0.625000 0.737022
vt 0.606348 0.750000
vt 0.625000 0.764723
vt 0.360277 0.512978
vt 0.360277 0.500000
vt 0.375554 0.501828
vt 0.375000 0.512978
vt 0.393652 0.500000
vt 0.375000 0.485277
vt 0.625000 0.512978
vt 0.622372 0.499754
vt 0.639723 0.500000
vt 0.606348 0.500000
vt 0.625000 0.485277
vt 0.393652 0.764723
vt 0.606348 0.764723
vt 0.606348 0.985277
vt 0.393652 0.985277
vt 0.393652 0.512978
vt 0.606347 0.512978
vt 0.606347 0.737022
vt 0.393652 0.737022
vt 0.639723 0.512978
vt 0.860277 0.512978
vt 0.860277 0.737022
vt 0.639723 0.737022
vt 0.393652 0.012978
vt 0.606347 0.012978
vt 0.606347 0.237022
vt 0.393652 0.237022
vt 0.393652 0.264723
vt 0.606348 0.264723
vt 0.606348 0.485277
vt 0.393652 0.485277
vt 0.139723 0.737022
vt 0.139723 0.750000
vt 0.131223 0.750000
vt 0.125000 0.737022
vt 0.393652 1.000000
vt 0.382883 1.000000
vt 0.375000 0.985277
vt 0.375000 0.012978
vt 0.375000 0.005485
vt 0.393652 0.000000
vt 0.625000 0.985277
vt 0.625000 0.993777
vt 0.606348 1.000000
vt 0.875000 0.737022
vt 0.875000 0.744515
vt 0.860277 0.750000
vt 0.606348 0.000000
vt 0.617117 0.000000
vt 0.625000 0.012978
vt 0.139723 0.512978
vt 0.125000 0.512978
vt 0.125000 0.505485
vt 0.139723 0.500000
vt 0.393652 0.250000
vt 0.382883 0.250000
vt 0.375000 0.237022
vt 0.375000 0.264723
vt 0.375000 0.256223
vt 0.860277 0.500000
vt 0.868777 0.500000
vt 0.875000 0.512978
vt 0.606348 0.250000
vt 0.617117 0.250000
vt 0.625000 0.264723
vt 0.625000 0.237022
vt 0.625000 0.244515
vt 0.360277 0.737022
vt 0.375000 0.737022
vt 0.377628 0.750246
vt 0.360277 0.750000
vt 0.393652 0.750000
vt 0.375000 0.764723
vt 0.639723 0.750000
vt 0.624446 0.748172
vt 0.625000 0.737022
vt 0.606348 0.750000
vt 0.625000 0.764723
vt 0.360277 0.512978
vt 0.360277 0.500000
vt 0.375554 0.501828
vt 0.375000 0.512978
vt 0.393652 0.500000
vt 0.375000 0.485277
vt 0.625000 0.512978
vt 0.622372 0.499754
vt 0.639723 0.500000
vt 0.606348 0.500000
vt 0.625000 0.485277
vt 0.393652 0.764723
vt 0.606348 0.764723
vt 0.606348 0.985277
vt 0.393652 0.985277
vt 0.393652 0.512978
vt 0.606347 0.512978
vt 0.606347 0.737022
vt 0.393652 0.737022
vt 0.639723 0.512978
vt 0.860277 0.512978
vt 0.860277 0.737022
vt 0.639723 0.737022
vt 0.393652 0.012978
vt 0.606347 0.012978
vt 0.606347 0.237022
vt 0.393652 0.237022
vt 0.393652 0.264723
vt 0.606348 0.264723
vt 0.606348 0.485277
vt 0.393652 0.485277
vt 0.139723 0.737022
vt 0.139723 0.750000
vt 0.131223 0.750000
vt 0.125000 0.737022
vt 0.393652 1.000000
vt 0.382883 1.000000
vt 0.375000 0.985277
vt 0.375000 0.012978
vt 0.375000 0.005485
vt 0.393652 0.000000
vt 0.625000 0.985277
vt 0.625000 0.993777
vt 0.606348 1.000000
vt 0.875000 0.737022
vt 0.875000 0.744515
vt 0.860277 0.750000
vt 0.606348 0.000000
vt 0.617117 0.000000
vt 0.625000 0.012978
vt 0.139723 0.512978
vt 0.125000 0.512978
vt 0.125000 0.505485
vt 0.139723 0.500000
vt 0.393652 0.250000
vt 0.382883 0.250000
vt 0.375000 0.237022
vt 0.375000 0.264723
vt 0.375000 0.256223
vt 0.860277 0.500000
vt 0.868777 0.500000
vt 0.875000 0.512978
vt 0.606348 0.250000
vt 0.617117 0.250000
vt 0.625000 0.264723
vt 0.625000 0.237022
vt 0.625000 0.244515
vt 0.360277 0.737022
vt 0.375000 0.737022
vt 0.377628 0.750246
vt 0.360277 0.750000
vt 0.393652 0.750000
vt 0.375000 0.764723
vt 0.639723 0.750000
vt 0.624446 0.748172
vt 0.625000 0.737022
vt 0.606348 0.750000
vt 0.625000 0.764723
vt 0.360277 0.512978
vt 0.360277 0.500000
vt 0.375554 0.501828
vt 0.375000 0.512978
vt 0.393652 0.500000
vt 0.375000 0.485277
vt 0.625000 0.512978
vt 0.622372 0.499754
vt 0.639723 0.500000
vt 0.606348 0.500000
vt 0.625000 0.485277
vt 0.393652 0.764723
vt 0.606348 0.764723
vt 0.606348 0.985277
vt 0.393652 0.985277
vt 0.393652 0.512978
vt 0.606347 0.512978
vt 0.606347 0.737022
vt 0.393652 0.737022
vt 0.639723 0.512978
vt 0.860277 0.512978
vt 0.860277 0.737022
vt 0.639723 0.737022
vt 0.393652 0.012978
vt 0.606347 0.012978
vt 0.606347 0.237022
vt 0.393652 0.237022
vt 0.393652 0.264723
vt 0.606348 0.264723
vt 0.606348 0.485277
vt 0.393652 0.485277
vt 0.139723 0.737022
vt 0.139723 0.750000
vt 0.131223 0.750000
vt 0.125000 0.737022
vt 0.393652 1.000000
vt 0.382883 1.000000
vt 0.375000 0.985277
vt 0.375000 0.012978
vt 0.375000 0.005485
vt 0.393652 0.000000
vt 0.625000 0.985277
vt 0.625000 0.993777
vt 0.606348 1.000000
vt 0.875000 0.737022
vt 0.875000 0.744515
vt 0.860277 0.750000
vt 0.606348 0.000000
vt 0.617117 0.000000
vt 0.625000 0.012978
vt 0.139723 0.512978
vt 0.125000 0.512978
vt 0.125000 0.505485
vt 0.139723 0.500000
vt 0.393652 0.250000
vt 0.382883 0.250000
vt 0.375000 0.237022
vt 0.375000 0.264723
vt 0.375000 0.256223
vt 0.860277 0.500000
vt 0.868777 0.500000
vt 0.875000 0.512978
vt 0.606348 0.250000
vt 0.617117 0.250000
vt 0.625000 0.264723
vt 0.625000 0.237022
vt 0.625000 0.244515
vt 0.360277 0.737022
vt 0.375000 0.737022
vt 0.377628 0.750246
vt 0.360277 0.750000
vt 0.393652 0.750000
vt 0.375000 0.764723
vt 0.639723 0.750000
vt 0.624446 0.748172
vt 0.625000 0.737022
vt 0.606348 0.750000
vt 0.625000 0.764723
vt 0.360277 0.512978
vt 0.360277 0.500000
vt 0.375554 0.501828
vt 0.375000 0.512978
vt 0.393652 0.500000
vt 0.375000 0.485277
vt 0.625000 0.512978
vt 0.622372 0.499754
vt 0.639723 0.500000
vt 0.606348 0.500000
vt 0.625000 0.485277
vt 0.393652 0.764723
vt 0.606348 0.764723
vt 0.606348 0.985277
vt 0.393652 0.985277
vt 0.393652 0.512978
vt 0.606347 0.512978
vt 0.606347 0.737022
vt 0.393652 0.737022
vt 0.639723 0.512978
vt 0.860277 0.512978
vt 0.860277 0.737022
vt 0.639723 0.737022
vt 0.393652 0.012978
vt 0.606347 0.012978
vt 0.606347 0.237022
vt 0.393652 0.237022
vt 0.393652 0.264723
vt 0.606348 0.264723
vt 0.606348 0.485277
vt 0.393652 0.485277
vt 0.139723 0.737022
vt 0.139723 0.750000
vt 0.131223 0.750000
vt 0.125000 0.737022
vt 0.393652 1.000000
vt 0.382883 1.000000
vt 0.375000 0.985277
vt 0.375000 0.012978
vt 0.375000 0.005485
vt 0.393652 0.000000
vt 0.625000 0.985277
vt 0.625000 0.993777
vt 0.606348 1.000000
vt 0.875000 0.737022
vt 0.875000 0.744515
vt 0.860277 0.750000
vt 0.606348 0.000000
vt 0.617117 0.000000
vt 0.625000 0.012978
vt 0.139723 0.512978
vt 0.125000 0.512978
vt 0.125000 0.505485
vt 0.139723 0.500000
vt 0.393652 0.250000
vt 0.382883 0.250000
vt 0.375000 0.237022
vt 0.375000 0.264723
vt 0.375000 0.256223
vt 0.860277 0.500000
vt 0.868777 0.500000
vt 0.875000 0.512978
vt 0.606348 0.250000
vt 0.617117 0.250000
vt 0.625000 0.264723
vt 0.625000 0.237022
vt 0.625000 0.244515
vt 0.360277 0.737022
vt 0.375000 0.737022
vt 0.377628 0.750246
vt 0.360277 0.750000
vt 0.393652 0.750000
vt 0.375000 0.764723
vt 0.639723 0.750000
vt 0.624446 0.748172
vt 0.625000 0.737022
vt 0.606348 0.750000
vt 0.625000 0.764723
vt 0.360277 0.512978
vt 0.360277 0.500000
vt 0.375554 0.501828
vt 0.375000 0.512978
vt 0.393652 0.500000
vt 0.375000 0.485277
vt 0.625000 0.512978
vt 0.622372 0.499754
vt 0.639723 0.500000
vt 0.606348 0.500000
vt 0.625000 0.485277
vt 0.393652 0.764723
vt 0.606348 0.764723
vt 0.606348 0.985277
vt 0.393652 0.985277
vt 0.393652 0.512978
vt 0.606347 0.512978
vt 0.606347 0.737022
vt 0.393652 0.737022
vt 0.639723 0.512978
vt 0.860277 0.512978
vt 0.860277 0.737022
vt 0.639723 0.737022
vt 0.393652 0.012978
vt 0.606347 0.012978
vt 0.606347 0.237022
vt 0.393652 0.237022
vt 0.393652 0.264723
vt 0.606348 0.264723
vt 0.606348 0.485277
vt 0.393652 0.485277
vt 0.139723 0.737022
vt 0.139723 0.750000
vt 0.131223 0.750000
vt 0.125000 0.737022
vt 0.393652 1.000000
vt 0.382883 1.000000
vt 0.375000 0.985277
vt 0.375000 0.012978
vt 0.375000 0.005485
vt 0.393652 0.000000
vt 0.625000 0.985277
vt 0.625000 0.993777
vt 0.606348 1.000000
vt 0.875000 0.737022
vt 0.875000 0.744515
vt 0.860277 0.750000
vt 0.606348 0.000000
vt 0.617117 0.000000
vt 0.625000 0.012978
vt 0.139723 0.512978
vt 0.125000 0.512978
vt 0.125000 0.505485
vt 0.139723 0.500000
vt 0.393652 0.250000
vt 0.382883 0.250000
vt 0.375000 0.237022
vt 0.375000 0.264723
vt 0.375000 0.256223
vt 0.860277 0.500000
vt 0.868777 0.500000
vt 0.875000 0.512978
vt 0.606348 0.250000
vt 0.617117 0.250000
vt 0.625000 0.264723
vt 0.625000 0.237022
vt 0.625000 0.244515
vt 0.360277 0.737022
vt 0.375000 0.737022
vt 0.377628 0.750246
vt 0.360277 0.750000
vt 0.393652 0.750000
vt 0.375000 0.764723
vt 0.639723 0.750000
vt 0.624446 0.748172
vt 0.625000 0.737022
vt 0.606348 0.750000
vt 0.625000 0.764723
vt 0.360277 0.512978
vt 0.360277 0.500000
vt 0.375554 0.501828
vt 0.375000 0.512978
vt 0.393652 0.500000
vt 0.375000 0.485277
vt 0.625000 0.512978
vt 0.622372 0.499754
vt 0.639723 0.500000
vt 0.606348 0.500000
vt 0.625000 0.485277
vt 0.393652 0.764723
vt 0.606348 0.764723
vt 0.606348 0.985277
vt 0.393652 0.985277
vt 0.393652 0.512978
vt 0.606347 0.512978
vt 0.606347 0.737022
vt 0.393652 0.737022
vt 0.639723 0.512978
vt 0.860277 0.512978
vt 0.860277 0.737022
vt 0.639723 0.737022
vt 0.393652 0.012978
vt 0.606347 0.012978
vt 0.606347 0.237022
vt 0.393652 0.237022
vt 0.393652 0.264723
vt 0.606348 0.264723
vt 0.606348 0.485277
vt 0.393652 0.485277
vt 0.139723 0.737022
vt 0.139723 0.750000
vt 0.131223 0.750000
vt 0.125000 0.737022
vt 0.393652 1.000000
vt 0.382883 1.000000
vt 0.375000 0.985277
vt 0.375000 0.012978
vt 0.375000 0.005485
vt 0.393652 0.000000
vt 0.625000 0.985277
vt 0.625000 0.993777
vt 0.606348 1.000000
vt 0.875000 0.737022
vt 0.875000 0.744515
vt 0.860277 0.750000
vt 0.606348 0.000000
vt 0.617117 0.000000
vt 0.625000 0.012978
vt 0.139723 0.512978
vt 0.125000 0.512978
vt 0.125000 0.505485
vt 0.139723 0.500000
vt 0.393652 0.250000
vt 0.382883 0.250000
vt 0.375000 0.237022
vt 0.375000 0.264723
vt 0.375000 0.256223
vt 0.860277 0.500000
vt 0.868777 0.500000
vt 0.875000 0.512978
vt 0.606348 0.250000
vt 0.617117 0.250000
vt 0.625000 0.264723
vt 0.625000 0.237022
vt 0.625000 0.244515
vt 0.360277 0.737022
vt 0.375000 0.737022
vt 0.377628 0.750246
vt 0.360277 0.750000
vt 0.393652 0.750000
vt 0.375000 0.764723
vt 0.639723 0.750000
vt 0.624446 0.748172
vt 0.625000 0.737022
vt 0.606348 0.750000
vt 0.625000 0.764723
vt 0.360277 0.512978
vt 0.360277 0.500000
vt 0.375554 0.501828
vt 0.375000 0.512978
vt 0.393652 0.500000
vt 0.375000 0.485277
vt 0.625000 0.512978
vt 0.622372 0.499754
vt 0.639723 0.500000
vt 0.606348 0.500000
vt 0.625000 0.485277
vt 0.393652 0.764723
vt 0.606348 0.764723
vt 0.606348 0.985277
vt 0.393652 0.985277
vt 0.393652 0.512978
vt 0.606347 0.512978
vt 0.606347 0.737022
vt 0.393652 0.737022
vt 0.639723 0.512978
vt 0.860277 0.512978
vt 0.860277 0.737022
vt 0.639723 0.737022
vt 0.393652 0.012978
vt 0.606347 0.012978
vt 0.606347 0.237022
vt 0.393652 0.237022
vt 0.393652 0.264723
vt 0.606348 0.264723
vt 0.606348 0.485277
vt 0.393652 0.485277
vt 0.139723 0.737022
vt 0.139723 0.750000
vt 0.131223 0.750000
vt 0.125000 0.737022
vt 0.393652 1.000000
vt 0.382883 1.000000
vt 0.375000 0.985277
vt 0.375000 0.012978
vt 0.375000 0.005485
vt 0.393652 0.000000
vt 0.625000 0.985277
vt 0.625000 0.993777
vt 0.606348 1.000000
vt 0.875000 0.737022
vt 0.875000 0.744515
vt 0.860277 0.750000
vt 0.606348 0.000000
vt 0.617117 0.000000
vt 0.625000 0.012978
vt 0.139723 0.512978
vt 0.125000 0.512978
vt 0.125000 0.505485
vt 0.139723 0.500000
vt 0.393652 0.250000
vt 0.382883 0.250000
vt 0.375000 0.237022
vt 0.375000 0.264723
vt 0.375000 0.256223
vt 0.860277 0.500000
vt 0.868777 0.500000
vt 0.875000 0.512978
vt 0.606348 0.250000
vt 0.617117 0.250000
vt 0.625000 0.264723
vt 0.625000 0.237022
vt 0.625000 0.244515
vt 0.360277 0.737022
vt 0.375000 0.737022
vt 0.377628 0.750246
vt 0.360277 0.750000
vt 0.393652 0.750000
vt 0.375000 0.764723
vt 0.639723 0.750000
vt 0.624446 0.748172
vt 0.625000 0.737022
vt 0.606348 0.750000
vt 0.625000 0.764723
vt 0.360277 0.512978
vt 0.360277 0.500000
vt 0.375554 0.501828
vt 0.375000 0.512978
vt 0.393652 0.500000
vt 0.375000 0.485277
vt 0.625000 0.512978
vt 0.622372 0.499754
vt 0.639723 0.500000
vt 0.606348 0.500000
vt 0.625000 0.485277
vt 0.393652 0.764723
vt 0.606348 0.764723
vt 0.606348 0.985277
vt 0.393652 0.985277
vt 0.393652 0.512978
vt 0.606347 0.512978
vt 0.606347 0.737022
vt 0.393652 0.737022
vt 0.639723 0.512978
vt 0.860277 0.512978
vt 0.860277 0.737022
vt 0.639723 0.737022
vt 0.393652 0.012978
vt 0.606347 0.012978
vt 0.606347 0.237022
vt 0.393652 0.237022
vt 0.393652 0.264723
vt 0.606348 0.264723
vt 0.606348 0.485277
vt 0.393652 0.485277
vt 0.139723 0.737022
vt 0.139723 0.750000
vt 0.131223 0.750000
vt 0.125000 0.737022
vt 0.393652 1.000000
vt 0.382883 1.000000
vt 0.375000 0.985277
vt 0.375000 0.012978
vt 0.375000 0.005485
vt 0.393652 0.000000
vt 0.625000 0.985277
vt 0.625000 0.993777
vt 0.606348 1.000000
vt 0.875000 0.737022
vt 0.875000 0.744515
vt 0.860277 0.750000
vt 0.606348 0.000000
vt 0.617117 0.000000
vt 0.625000 0.012978
vt 0.139723 0.512978
vt 0.125000 0.512978
vt 0.125000 0.505485
vt 0.139723 0.500000
vt 0.393652 0.250000
vt 0.382883 0.250000
vt 0.375000 0.237022
vt 0.375000 0.264723
vt 0.375000 0.256223
vt 0.860277 0.500000
vt 0.868777 0.500000
vt 0.875000 0.512978
vt 0.606348 0.250000
vt 0.617117 0.250000
vt 0.625000 0.264723
vt 0.625000 0.237022
vt 0.625000 0.244515
vt 0.360277 0.737022
vt 0.375000 0.737022
vt 0.377628 0.750246
vt 0.360277 0.750000
vt 0.393652 0.750000
vt 0.375000 0.764723
vt 0.639723 0.750000
vt 0.624446 0.748172
vt 0.625000 0.737022
vt 0.606348 0.750000
vt 0.625000 0.764723
vt 0.360277 0.512978
vt 0.360277 0.500000
vt 0.375554 0.501828
vt 0.375000 0.512978
vt 0.393652 0.500000
vt 0.375000 0.485277
vt 0.625000 0.512978
vt 0.622372 0.499754
vt 0.639723 0.500000
vt 0.606348 0.500000
vt 0.625000 0.485277
vt 0.393652 0.764723
vt 0.606348 0.764723
vt 0.606348 0.985277
vt 0.393652 0.985277
vt 0.393652 0.512978
vt 0.606347 0.512978
vt 0.606347 0.737022
vt 0.393652 0.737022
vt 0.639723 0.512978
vt 0.860277 0.512978
vt 0.860277 0.737022
vt 0.639723 0.737022
vt 0.393652 0.012978
vt 0.606347 0.012978
vt 0.606347 0.237022
vt 0.393652 0.237022
vt 0.393652 0.264723
vt 0.606348 0.264723
vt 0.606348 0.485277
vt 0.393652 0.485277
vt 0.139723 0.737022
vt 0.139723 0.750000
vt 0.131223 0.750000
vt 0.125000 0.737022
vt 0.393652 1.000000
vt 0.382883 1.000000
vt 0.375000 0.985277
vt 0.375000 0.012978
vt 0.375000 0.005485
vt 0.393652 0.000000
vt 0.625000 0.985277
vt 0.625000 0.993777
vt 0.606348 1.000000
vt 0.875000 0.737022
vt 0.875000 0.744515
vt 0.860277 0.750000
vt 0.606348 0.000000
vt 0.617117 0.000000
vt 0.625000 0.012978
vt 0.139723 0.512978
vt 0.125000 0.512978
vt 0.125000 0.505485
vt 0.139723 0.500000
vt 0.393652 0.250000
vt 0.382883 0.250000
vt 0.375000 0.237022
vt 0.375000 0.264723
vt 0.375000 0.256223
vt 0.860277 0.500000
vt 0.868777 0.500000
vt 0.875000 0.512978
vt 0.606348 0.250000
vt 0.617117 0.250000
vt 0.625000 0.264723
vt 0.625000 0.237022
vt 0.625000 0.244515
vt 0.360277 0.737022
vt 0.375000 0.737022
vt 0.377628 0.750246
vt 0.360277 0.750000
vt 0.393652 0.750000
vt 0.375000 0.764723
vt 0.639723 0.750000
vt 0.624446 0.748172
vt 0.625000 0.737022
vt 0.606348 0.750000
vt 0.625000 0.764723
vt 0.360277 0.512978
vt 0.360277 0.500000
vt 0.375554 0.501828
vt 0.375000 0.512978
vt 0.393652 0.500000
vt 0.375000 0.485277
vt 0.625000 0.512978
vt 0.622372 0.499754
vt 0.639723 0.500000
vt 0.606348 0.500000
vt 0.625000 0.485277
vt 0.393652 0.764723
vt 0.606348 0.764723
vt 0.606348 0.985277
vt 0.393652 0.985277
vt 0.393652 0.512978
vt 0.606347 0.512978
vt 0.606347 0.737022
vt 0.393652 0.737022
vt 0.639723 0.512978
vt 0.860277 0.512978
vt 0.860277 0.737022
vt 0.639723 0.737022
vt 0.393652 0.012978
vt 0.606347 0.012978
vt 0.606347 0.237022
vt 0.393652 0.237022
vt 0.393652 0.264723
vt 0.606348 0.264723
vt 0.606348 0.485277
vt 0.393652 0.485277
vt 0.139723 0.737022
vt 0.139723 0.750000
vt 0.131223 0.750000
vt 0.125000 0.737022
vt 0.393652 1.000000
vt 0.382883 1.000000
vt 0.375000 0.985277
vt 0.375000 0.012978
vt 0.375000 0.005485
vt 0.393652 0.000000
vt 0.625000 0.985277
vt 0.625000 0.993777
vt 0.606348 1.000000
vt 0.875000 0.737022
vt 0.875000 0.744515
vt 0.860277 0.750000
vt 0.606348 0.000000
vt 0.617117 0.000000
vt 0.625000 0.012978
vt 0.139723 0.512978
vt 0.125000 0.512978
vt 0.125000 0.505485
vt 0.139723 0.500000
vt 0.393652 0.250000
vt 0.382883 0.250000
vt 0.375000 0.237022
vt 0.375000 0.264723
vt 0.375000 0.256223
vt 0.860277 0.500000
vt 0.868777 0.500000
vt 0.875000 0.512978
vt 0.606348 0.250000
vt 0.617117 0.250000
vt 0.625000 0.264723
vt 0.625000 0.237022
vt 0.625000 0.244515
vt 0.360277 0.737022
vt 0.375000 0.737022
vt 0.377628 0.750246
vt 0.360277 0.750000
vt 0.393652 0.750000
vt 0.375000 0.764723
vt 0.639723 0.750000
vt 0.624446 0.748172
vt 0.625000 0.737022
vt 0.606348 0.750000
vt 0.625000 0.764723
vt 0.360277 0.512978
vt 0.360277 0.500000
vt 0.375554 0.501828
vt 0.375000 0.512978
vt 0.393652 0.500000
vt 0.375000 0.485277
vt 0.625000 0.512978
vt 0.622372 0.499754
vt 0.639723 0.500000
vt 0.606348 0.500000
vt 0.625000 0.485277
vn -0.6835 0.7299 0.0000
vn 1.0000 0.0000 0.0000
vn 0.0000 0.0000 1.0000
vn 0.0000 1.0000 0.0000
vn -1.0000 0.0000 0.0000
vn 0.0000 0.0000 -1.0000
vn 0.0000 -1.0000 0.0000
vn -0.6758 0.7217 0.1498
vn -0.6758 -0.7217 -0.1498
vn -0.6758 0.7217 -0.1498
vn 0.6759 0.7217 0.1498
vn 0.6759 -0.7216 -0.1499
vn 0.6759 0.7216 -0.1498
vn -0.6835 -0.7299 0.0000
vn -0.9763 0.0000 -0.2164
vn 0.0000 -0.9791 -0.2033
vn 0.0000 0.9791 -0.2033
vn 0.9763 0.0000 -0.2164
vn 0.6835 -0.7299 0.0000
vn 0.6835 0.7299 0.0000
vn 0.0000 0.9791 0.2033
vn -0.6758 -0.7217 0.1498
vn 0.6759 -0.7216 0.1499
vn -0.9763 0.0000 0.2164
vn 0.9763 0.0000 0.2164
vn 0.0000 -0.9791 0.2033
vn 0.6836 0.7299 0.0000
vn -0.6836 0.7299 0.0000
vn -0.6759 0.7217 0.1498
vn -0.6759 -0.7216 -0.1498
vn -0.6759 0.7216 -0.1498
vn -0.6836 -0.7299 0.0000
vn -0.6759 -0.7216 0.1498
vn 0.6759 -0.7216 -0.1498
vn 0.6836 -0.7299 0.0000
vn 0.6759 -0.7216 0.1498
vn -0.6759 -0.7216 -0.1499
vn -0.6759 -0.7216 0.1499
vn 0.6758 0.7217 0.1498
vn 0.6758 -0.7217 -0.1498
vn 0.6758 0.7217 -0.1498
vn 0.6758 -0.7217 0.1498
vn 0.6759 0.7216 0.1498
vn -0.6759 0.7216 0.1498
vn 0.6759 -0.7217 0.1498
vn -0.3234 -0.9436 0.0717
vn -0.6316 -0.6744 0.3825
vn -0.9287 -0.3630 0.0754
vn -0.6316 0.6744 0.3826
vn -0.3234 0.9435 0.0717
vn -0.9287 0.3630 0.0754
vn -0.3234 -0.9435 -0.0717
vn -0.9287 -0.3631 -0.0754
vn -0.6315 -0.6744 -0.3826
vn -0.3235 0.9435 -0.0717
vn -0.6315 0.6744 -0.3825
vn -0.9287 0.3631 -0.0754
vn 0.3234 -0.9436 0.0717
vn 0.9287 -0.3631 0.0754
vn 0.6315 -0.6745 0.3825
vn 0.3234 0.9435 0.0717
vn 0.6315 0.6745 0.3825
vn 0.9287 0.3631 0.0754
vn 0.3233 -0.9436 -0.0717
vn 0.6315 -0.6745 -0.3825
vn 0.9287 -0.3630 -0.0754
vn 0.3234 0.9435 -0.0717
vn 0.9287 0.3630 -0.0754
vn 0.6315 0.6745 -0.3825
vn -0.3616 -0.9323 0.0000
vn -0.9145 -0.4046 0.0000
vn -0.8817 0.0000 0.4719
vn -0.9958 0.0000 0.0915
vn -0.3616 0.9323 0.0000
vn -0.9145 0.4046 0.0000
vn -0.8817 0.0000 -0.4719
vn -0.9958 0.0000 -0.0915
vn 0.0000 -0.9963 -0.0857
vn 0.0000 -0.8940 -0.4481
vn 0.0000 0.9963 -0.0857
vn 0.0000 0.8940 -0.4481
vn 0.9958 0.0000 -0.0915
vn 0.8817 0.0000 -0.4719
vn 0.3616 -0.9323 0.0000
vn 0.9145 -0.4046 0.0000
vn 0.3616 0.9323 0.0000
vn 0.9145 0.4046 0.0000
vn 0.8817 0.0000 0.4719
vn 0.9958 0.0000 0.0915
vn 0.0000 -0.9963 0.0857
vn 0.0000 -0.8940 0.4481
vn 0.0000 0.9963 0.0857
vn 0.0000 0.8940 0.4481
vn -0.9288 -0.3628 0.0754
vn -0.6316 0.6744 0.3825
vn -0.9288 0.3629 0.0754
vn -0.9287 -0.3630 -0.0754
vn -0.6316 -0.6744 -0.3825
vn -0.6316 0.6744 -0.3825
vn -0.9287 0.3630 -0.0754
vn 0.3235 -0.9435 0.0717
vn 0.9287 -0.3631 0.0753
vn 0.6316 -0.6743 0.3825
vn 0.3235 0.9435 0.0717
vn 0.6316 0.6743 0.3825
vn 0.3234 -0.9435 -0.0717
vn 0.6316 -0.6743 -0.3825
vn 0.3235 0.9435 -0.0717
vn 0.9287 0.3631 -0.0754
vn 0.6316 0.6743 -0.3825
vn -0.3617 -0.9323 0.0000
vn -0.9145 -0.4045 0.0000
vn -0.8817 0.0000 0.4718
vn -0.9958 0.0000 0.0914
vn -0.3617 0.9323 0.0000
vn -0.9145 0.4045 0.0000
vn -0.8817 0.0000 -0.4718
vn -0.9958 0.0000 -0.0914
vn 0.9958 0.0000 -0.0914
vn 0.8817 0.0000 -0.4718
vn 0.3617 -0.9323 0.0000
vn 0.9146 -0.4044 0.0000
vn 0.3617 0.9323 0.0000
vn 0.9146 0.4044 0.0000
vn 0.8817 0.0000 0.4718
vn 0.9958 0.0000 0.0914
vn -0.3234 -0.9435 0.0717
vn -0.6316 -0.6743 0.3825
vn -0.9288 -0.3629 0.0753
vn -0.3235 0.9435 0.0717
vn -0.3234 -0.9436 -0.0717
vn -0.9288 -0.3628 -0.0753
vn -0.3234 0.9435 -0.0717
vn -0.9288 0.3629 -0.0754
vn 0.3234 -0.9435 0.0717
vn 0.9287 0.3630 0.0754
vn 0.9288 -0.3630 -0.0754
vn 0.9288 -0.3629 0.0753
vn 0.9288 0.3630 0.0754
vn 0.9287 -0.3630 -0.0753
vn -0.9288 -0.3629 0.0754
vn -0.9288 -0.3629 -0.0754
vn -0.9288 0.3630 -0.0754
vn 0.9287 -0.3630 0.0754
vn 0.6316 -0.6743 0.3826
vn 0.6316 0.6743 0.3826
vn 0.6316 0.6743 -0.3826
vn 0.9145 -0.4045 0.0000
vn 0.9145 0.4045 0.0000
vn -0.6315 -0.6744 0.3825
vn -0.9288 -0.3630 0.0754
vn -0.6315 0.6744 0.3825
vn -0.6315 -0.6744 -0.3825
vn 0.6316 -0.6744 0.3825
vn 0.6316 0.6744 0.3825
vn 0.3234 -0.9436 -0.0717
vn 0.6315 -0.6744 -0.3826
vn 0.6316 0.6744 -0.3825
vn -0.9287 0.3631 0.0754
vn 0.9288 -0.3629 0.0754
vn 0.9288 0.3629 0.0754
vn 0.9288 -0.3629 -0.0754
vn 0.9288 0.3629 -0.0754
vn 0.6315 0.6744 -0.3826
vn 0.6316 -0.6744 -0.3825
vn 0.9288 -0.3630 0.0754
vn 0.6316 -0.6744 0.3826
vn -0.6316 -0.6744 0.3826
vn -0.6316 -0.6744 -0.3826
vn -0.6316 0.6744 -0.3826
vn 0.6315 -0.6744 0.3825
vn 0.6315 0.6744 0.3825
vn 0.6315 -0.6744 -0.3825
vn 0.6315 0.6744 -0.3825
vn -0.9287 -0.3631 0.0754
vn -0.6316 0.6743 0.3825
vn -0.6316 -0.6743 -0.3825
vn 0.9287 -0.3630 0.0753
vn 0.9288 -0.3630 0.0753
vn 0.9288 -0.3630 -0.0753
vn 0.9288 0.3630 -0.0754
vn 0.6316 -0.6744 -0.3826
vn -0.9288 0.3630 0.0754
vn -0.9288 -0.3629 -0.0753
vn -0.6316 0.6743 -0.3825
vn -0.9146 -0.4044 0.0000
vn -0.9146 0.4044 0.0000
vn -0.9288 0.3629 0.0753
vn -0.6316 0.6743 -0.3826
vn -0.9288 0.3629 -0.0753
vn -0.3233 -0.9436 0.0717
vn -0.6315 -0.6744 0.3826
vn -0.6315 0.6744 0.3826
vn -0.6316 -0.6743 -0.3826
vn -0.6315 0.6744 -0.3826
vn 0.9287 -0.3631 -0.0754
vn -0.9287 -0.3630 0.0753
vn -0.9287 -0.3630 -0.0753
vn -0.9288 -0.3628 0.0753
vn 0.9288 -0.3628 -0.0754
vn 0.9288 0.3628 -0.0754
vn -0.9288 -0.3630 0.0753
vn 0.3233 -0.9436 0.0717
vn 0.9288 -0.3628 0.0754
vn 0.0000 -0.8940 -0.4480
usemtl Piano_keys_white
s off
f 20/1/1 21/2/1 1/3/1 2/4/1
f 27/5/2 29/6/2 24/7/2 21/2/2
f 3/8/3 31/9/3 4/10/3 6/11/3
f 28/12/4 17/13/4 12/14/4 22/15/4
f 10/16/5 13/17/5 19/18/5 15/19/5
f 16/20/6 18/21/6 30/22/6 26/23/6
f 24/24/7 23/25/7 31/26/7 32/27/7
f 11/28/8 12/29/8 13/30/8
f 14/31/9 15/32/9 16/33/9
f 17/34/10 18/35/10 19/36/10
f 21/2/5 24/7/5 32/37/5 1/3/5
f 22/38/11 23/25/11 24/24/11
f 25/39/12 26/40/12 27/41/12
f 28/42/13 29/43/13 30/44/13
f 14/31/14 9/45/14 10/46/14 15/32/14
f 11/28/7 13/30/7 5/47/7 4/10/7
f 12/48/1 17/49/1 19/18/1 13/17/1
f 18/21/15 16/20/15 15/19/15 19/18/15
f 25/39/16 14/31/16 16/33/16 26/40/16
f 17/34/17 28/50/17 30/22/17 18/21/17
f 29/6/18 27/5/18 26/23/18 30/22/18
f 20/1/19 25/39/19 27/5/19 21/2/19
f 28/12/20 22/15/20 24/7/20 29/6/20
f 23/51/7 11/28/7 4/10/7 31/9/7
f 13/17/2 10/16/2 8/52/2 5/53/2
f 22/38/21 12/29/21 11/28/21 23/51/21
f 14/31/7 25/39/7 20/1/7 9/45/7
f 7/54/22 6/55/22 8/56/22
f 2/4/23 1/57/23 3/58/23
f 6/59/24 4/60/24 5/53/24 8/52/24
f 31/9/25 3/8/25 1/3/25 32/37/25
f 7/54/26 2/4/26 3/58/26 6/55/26
f 9/45/4 20/1/4 2/4/4 7/54/4
f 10/46/27 9/45/27 7/54/27 8/56/27
f 108/61/28 109/62/28 89/63/28 90/64/28
f 115/65/2 117/66/2 112/67/2 109/62/2
f 91/68/3 119/69/3 92/70/3 94/71/3
f 116/72/4 105/73/4 100/74/4 110/75/4
f 98/76/5 101/77/5 107/78/5 103/79/5
f 104/80/6 106/81/6 118/82/6 114/83/6
f 112/84/7 111/85/7 119/86/7 120/87/7
f 99/88/29 100/89/29 101/90/29
f 102/91/30 103/92/30 104/93/30
f 105/94/31 106/95/31 107/96/31
f 109/62/5 112/67/5 120/97/5 89/63/5
f 110/98/11 111/85/11 112/84/11
f 113/99/12 114/100/12 115/101/12
f 116/102/13 117/103/13 118/104/13
f 102/91/32 97/105/32 98/106/32 103/92/32
f 99/88/7 101/90/7 93/107/7 92/70/7
f 100/108/28 105/109/28 107/78/28 101/77/28
f 106/81/15 104/80/15 103/79/15 107/78/15
f 113/99/16 102/91/16 104/93/16 114/100/16
f 105/94/17 116/110/17 118/82/17 106/81/17
f 117/66/18 115/65/18 114/83/18 118/82/18
f 108/61/19 113/99/19 115/65/19 109/62/19
f 116/72/20 110/75/20 112/67/20 117/66/20
f 111/111/7 99/88/7 92/70/7 119/69/7
f 101/77/2 98/76/2 96/112/2 93/113/2
f 110/98/21 100/89/21 99/88/21 111/111/21
f 102/91/7 113/99/7 108/61/7 97/105/7
f 95/114/33 94/115/33 96/116/33
f 90/64/23 89/117/23 91/118/23
f 94/119/24 92/120/24 93/113/24 96/112/24
f 119/69/25 91/68/25 89/63/25 120/97/25
f 95/114/26 90/64/26 91/118/26 94/115/26
f 97/105/4 108/61/4 90/64/4 95/114/4
f 98/106/27 97/105/27 95/114/27 96/116/27
f 140/121/28 141/122/28 121/123/28 122/124/28
f 147/125/2 149/126/2 144/127/2 141/122/2
f 123/128/3 151/129/3 124/130/3 126/131/3
f 148/132/4 137/133/4 132/134/4 142/135/4
f 130/136/5 133/137/5 139/138/5 135/139/5
f 136/140/6 138/141/6 150/142/6 146/143/6
f 144/144/7 143/145/7 151/146/7 152/147/7
f 131/148/29 132/149/29 133/150/29
f 134/151/30 135/152/30 136/153/30
f 137/154/31 138/155/31 139/156/31
f 141/122/5 144/127/5 152/157/5 121/123/5
f 142/158/11 143/145/11 144/144/11
f 145/159/34 146/160/34 147/161/34
f 148/162/13 149/163/13 150/164/13
f 134/151/32 129/165/32 130/166/32 135/152/32
f 131/148/7 133/150/7 125/167/7 124/130/7
f 132/168/28 137/169/28 139/138/28 133/137/28
f 138/141/15 136/140/15 135/139/15 139/138/15
f 145/159/16 134/151/16 136/153/16 146/160/16
f 137/154/17 148/170/17 150/142/17 138/141/17
f 149/126/18 147/125/18 146/143/18 150/142/18
f 140/121/35 145/159/35 147/125/35 141/122/35
f 148/132/27 142/135/27 144/127/27 149/126/27
f 143/171/7 131/148/7 124/130/7 151/129/7
f 133/137/2 130/136/2 128/172/2 125/173/2
f 142/158/21 132/149/21 131/148/21 143/171/21
f 134/151/7 145/159/7 140/121/7 129/165/7
f 127/174/33 126/175/33 128/176/33
f 122/124/36 121/177/36 123/178/36
f 126/179/24 124/180/24 125/173/24 128/172/24
f 151/129/25 123/128/25 121/123/25 152/157/25
f 127/174/26 122/124/26 123/178/26 126/175/26
f 129/165/4 140/121/4 122/124/4 127/174/4
f 130/166/27 129/165/27 127/174/27 128/176/27
f 228/181/28 229/182/28 209/183/28 210/184/28
f 235/185/2 237/186/2 232/187/2 229/182/2
f 211/188/3 239/189/3 212/190/3 214/191/3
f 236/192/4 225/193/4 220/194/4 230/195/4
f 218/196/5 221/197/5 227/198/5 223/199/5
f 224/200/6 226/201/6 238/202/6 234/203/6
f 232/204/7 231/205/7 239/206/7 240/207/7
f 219/208/29 220/209/29 221/210/29
f 222/211/37 223/212/37 224/213/37
f 225/214/31 226/215/31 227/216/31
f 229/182/5 232/187/5 240/217/5 209/183/5
f 230/218/11 231/205/11 232/204/11
f 233/219/12 234/220/12 235/221/12
f 236/222/13 237/223/13 238/224/13
f 222/211/14 217/225/14 218/226/14 223/212/14
f 219/208/7 221/210/7 213/227/7 212/190/7
f 220/228/1 225/229/1 227/198/1 221/197/1
f 226/201/15 224/200/15 223/199/15 227/198/15
f 233/219/16 222/211/16 224/213/16 234/220/16
f 225/214/17 236/230/17 238/202/17 226/201/17
f 237/186/18 235/185/18 234/203/18 238/202/18
f 228/181/19 233/219/19 235/185/19 229/182/19
f 236/192/20 230/195/20 232/187/20 237/186/20
f 231/231/7 219/208/7 212/190/7 239/189/7
f 221/197/2 218/196/2 216/232/2 213/233/2
f 230/218/21 220/209/21 219/208/21 231/231/21
f 222/211/7 233/219/7 228/181/7 217/225/7
f 215/234/38 214/235/38 216/236/38
f 210/184/23 209/237/23 211/238/23
f 214/239/24 212/240/24 213/233/24 216/232/24
f 239/189/25 211/188/25 209/183/25 240/217/25
f 215/234/26 210/184/26 211/238/26 214/235/26
f 217/225/4 228/181/4 210/184/4 215/234/4
f 218/226/20 217/225/20 215/234/20 216/236/20
f 316/241/28 317/242/28 297/243/28 298/244/28
f 323/245/2 325/246/2 320/247/2 317/242/2
f 299/248/3 327/249/3 300/250/3 302/251/3
f 324/252/4 313/253/4 308/254/4 318/255/4
f 306/256/5 309/257/5 315/258/5 311/259/5
f 312/260/6 314/261/6 326/262/6 322/263/6
f 320/264/7 319/265/7 327/266/7 328/267/7
f 307/268/29 308/269/29 309/270/29
f 310/271/37 311/272/37 312/273/37
f 313/274/31 314/275/31 315/276/31
f 317/242/5 320/247/5 328/277/5 297/243/5
f 318/278/11 319/265/11 320/264/11
f 321/279/34 322/280/34 323/281/34
f 324/282/13 325/283/13 326/284/13
f 310/271/14 305/285/14 306/286/14 311/272/14
f 307/268/7 309/270/7 301/287/7 300/250/7
f 308/288/1 313/289/1 315/258/1 309/257/1
f 314/261/15 312/260/15 311/259/15 315/258/15
f 321/279/16 310/271/16 312/273/16 322/280/16
f 313/274/17 324/290/17 326/262/17 314/261/17
f 325/246/18 323/245/18 322/263/18 326/262/18
f 316/241/35 321/279/35 323/245/35 317/242/35
f 324/252/27 318/255/27 320/247/27 325/246/27
f 319/291/7 307/268/7 300/250/7 327/249/7
f 309/257/2 306/256/2 304/292/2 301/293/2
f 318/278/21 308/269/21 307/268/21 319/291/21
f 310/271/7 321/279/7 316/241/7 305/285/7
f 303/294/38 302/295/38 304/296/38
f 298/244/36 297/297/36 299/298/36
f 302/299/24 300/300/24 301/293/24 304/292/24
f 327/249/25 299/248/25 297/243/25 328/277/25
f 303/294/26 298/244/26 299/298/26 302/295/26
f 305/285/4 316/241/4 298/244/4 303/294/4
f 306/286/20 305/285/20 303/294/20 304/296/20
f 348/301/1 349/302/1 329/303/1 330/304/1
f 355/305/2 357/306/2 352/307/2 349/302/2
f 331/308/3 359/309/3 332/310/3 334/311/3
f 356/312/4 345/313/4 340/314/4 350/315/4
f 338/316/5 341/317/5 347/318/5 343/319/5
f 344/320/6 346/321/6 358/322/6 354/323/6
f 352/324/7 351/325/7 359/326/7 360/327/7
f 339/328/8 340/329/8 341/330/8
f 342/331/9 343/332/9 344/333/9
f 345/334/10 346/335/10 347/336/10
f 349/302/5 352/307/5 360/337/5 329/303/5
f 350/338/11 351/325/11 352/324/11
f 353/339/12 354/340/12 355/341/12
f 356/342/13 357/343/13 358/344/13
f 342/331/14 337/345/14 338/346/14 343/332/14
f 339/328/7 341/330/7 333/347/7 332/310/7
f 340/348/1 345/349/1 347/318/1 341/317/1
f 346/321/15 344/320/15 343/319/15 347/318/15
f 353/339/16 342/331/16 344/333/16 354/340/16
f 345/334/17 356/350/17 358/322/17 346/321/17
f 357/306/18 355/305/18 354/323/18 358/322/18
f 348/301/19 353/339/19 355/305/19 349/302/19
f 356/312/20 350/315/20 352/307/20 357/306/20
f 351/351/7 339/328/7 332/310/7 359/309/7
f 341/317/2 338/316/2 336/352/2 333/353/2
f 350/338/21 340/329/21 339/328/21 351/351/21
f 342/331/7 353/339/7 348/301/7 337/345/7
f 335/354/22 334/355/22 336/356/22
f 330/304/23 329/357/23 331/358/23
f 334/359/24 332/360/24 333/353/24 336/352/24
f 359/309/25 331/308/25 329/303/25 360/337/25
f 335/354/26 330/304/26 331/358/26 334/355/26
f 337/345/4 348/301/4 330/304/4 335/354/4
f 338/346/20 337/345/20 335/354/20 336/356/20
f 436/361/1 437/362/1 417/363/1 418/364/1
f 443/365/2 445/366/2 440/367/2 437/362/2
f 419/368/3 447/369/3 420/370/3 422/371/3
f 444/372/4 433/373/4 428/374/4 438/375/4
f 426/376/5 429/377/5 435/378/5 431/379/5
f 432/380/6 434/381/6 446/382/6 442/383/6
f 440/384/7 439/385/7 447/386/7 448/387/7
f 427/388/29 428/389/29 429/390/29
f 430/391/30 431/392/30 432/393/30
f 433/394/31 434/395/31 435/396/31
f 437/362/5 440/367/5 448/397/5 417/363/5
f 438/398/39 439/385/39 440/384/39
f 441/399/40 442/400/40 443/401/40
f 444/402/41 445/403/41 446/404/41
f 430/391/32 425/405/32 426/406/32 431/392/32
f 427/388/7 429/390/7 421/407/7 420/370/7
f 428/408/28 433/409/28 435/378/28 429/377/28
f 434/381/15 432/380/15 431/379/15 435/378/15
f 441/399/16 430/391/16 432/393/16 442/400/16
f 433/394/17 444/410/17 446/382/17 434/381/17
f 445/366/18 443/365/18 442/383/18 446/382/18
f 436/361/19 441/399/19 443/365/19 437/362/19
f 444/372/20 438/375/20 440/367/20 445/366/20
f 439/411/7 427/388/7 420/370/7 447/369/7
f 429/377/2 426/376/2 424/412/2 421/413/2
f 438/398/21 428/389/21 427/388/21 439/411/21
f 430/391/7 441/399/7 436/361/7 425/405/7
f 423/414/33 422/415/33 424/416/33
f 418/364/42 417/417/42 419/418/42
f 422/419/24 420/420/24 421/413/24 424/412/24
f 447/369/25 419/368/25 417/363/25 448/397/25
f 423/414/26 418/364/26 419/418/26 422/415/26
f 425/405/4 436/361/4 418/364/4 423/414/4
f 426/406/27 425/405/27 423/414/27 424/416/27
f 524/421/1 525/422/1 505/423/1 506/424/1
f 531/425/2 533/426/2 528/427/2 525/422/2
f 507/428/3 535/429/3 508/430/3 510/431/3
f 532/432/4 521/433/4 516/434/4 526/435/4
f 514/436/5 517/437/5 523/438/5 519/439/5
f 520/440/6 522/441/6 534/442/6 530/443/6
f 528/444/7 527/445/7 535/446/7 536/447/7
f 515/448/8 516/449/8 517/450/8
f 518/451/9 519/452/9 520/453/9
f 521/454/10 522/455/10 523/456/10
f 525/422/5 528/427/5 536/457/5 505/423/5
f 526/458/11 527/445/11 528/444/11
f 529/459/12 530/460/12 531/461/12
f 532/462/13 533/463/13 534/464/13
f 518/451/14 513/465/14 514/466/14 519/452/14
f 515/448/7 517/450/7 509/467/7 508/430/7
f 516/468/1 521/469/1 523/438/1 517/437/1
f 522/441/15 520/440/15 519/439/15 523/438/15
f 529/459/16 518/451/16 520/453/16 530/460/16
f 521/454/17 532/470/17 534/442/17 522/441/17
f 533/426/18 531/425/18 530/443/18 534/442/18
f 524/421/19 529/459/19 531/425/19 525/422/19
f 532/432/20 526/435/20 528/427/20 533/426/20
f 527/471/7 515/448/7 508/430/7 535/429/7
f 517/437/2 514/436/2 512/472/2 509/473/2
f 526/458/21 516/449/21 515/448/21 527/471/21
f 518/451/7 529/459/7 524/421/7 513/465/7
f 511/474/22 510/475/22 512/476/22
f 506/424/23 505/477/23 507/478/23
f 510/479/24 508/480/24 509/473/24 512/472/24
f 535/429/25 507/428/25 505/423/25 536/457/25
f 511/474/26 506/424/26 507/478/26 510/475/26
f 513/465/4 524/421/4 506/424/4 511/474/4
f 514/466/27 513/465/27 511/474/27 512/476/27
f 612/481/28 613/482/28 593/483/28 594/484/28
f 619/485/2 621/486/2 616/487/2 613/482/2
f 595/488/3 623/489/3 596/490/3 598/491/3
f 620/492/4 609/493/4 604/494/4 614/495/4
f 602/496/5 605/497/5 611/498/5 607/499/5
f 608/500/6 610/501/6 622/502/6 618/503/6
f 616/504/7 615/505/7 623/506/7 624/507/7
f 603/508/29 604/509/29 605/510/29
f 606/511/37 607/512/37 608/513/37
f 609/514/31 610/515/31 611/516/31
f 613/482/5 616/487/5 624/517/5 593/483/5
f 614/518/11 615/505/11 616/504/11
f 617/519/34 618/520/34 619/521/34
f 620/522/13 621/523/13 622/524/13
f 606/511/14 601/525/14 602/526/14 607/512/14
f 603/508/7 605/510/7 597/527/7 596/490/7
f 604/528/1 609/529/1 611/498/1 605/497/1
f 610/501/15 608/500/15 607/499/15 611/498/15
f 617/519/16 606/511/16 608/513/16 618/520/16
f 609/514/17 620/530/17 622/502/17 610/501/17
f 621/486/18 619/485/18 618/503/18 622/502/18
f 612/481/35 617/519/35 619/485/35 613/482/35
f 620/492/27 614/495/27 616/487/27 621/486/27
f 615/531/7 603/508/7 596/490/7 623/489/7
f 605/497/2 602/496/2 600/532/2 597/533/2
f 614/518/21 604/509/21 603/508/21 615/531/21
f 606/511/7 617/519/7 612/481/7 601/525/7
f 599/534/38 598/535/38 600/536/38
f 594/484/36 593/537/36 595/538/36
f 598/539/24 596/540/24 597/533/24 600/532/24
f 623/489/25 595/488/25 593/483/25 624/517/25
f 599/534/26 594/484/26 595/538/26 598/535/26
f 601/525/4 612/481/4 594/484/4 599/534/4
f 602/526/20 601/525/20 599/534/20 600/536/20
f 644/541/28 645/542/28 625/543/28 626/544/28
f 651/545/2 653/546/2 648/547/2 645/542/2
f 627/548/3 655/549/3 628/550/3 630/551/3
f 652/552/4 641/553/4 636/554/4 646/555/4
f 634/556/5 637/557/5 643/558/5 639/559/5
f 640/560/6 642/561/6 654/562/6 650/563/6
f 648/564/7 647/565/7 655/566/7 656/567/7
f 635/568/29 636/569/29 637/570/29
f 638/571/30 639/572/30 640/573/30
f 641/574/31 642/575/31 643/576/31
f 645/542/5 648/547/5 656/577/5 625/543/5
f 646/578/11 647/565/11 648/564/11
f 649/579/34 650/580/34 651/581/34
f 652/582/13 653/583/13 654/584/13
f 638/571/32 633/585/32 634/586/32 639/572/32
f 635/568/7 637/570/7 629/587/7 628/550/7
f 636/588/28 641/589/28 643/558/28 637/557/28
f 642/561/15 640/560/15 639/559/15 643/558/15
f 649/579/16 638/571/16 640/573/16 650/580/16
f 641/574/17 652/590/17 654/562/17 642/561/17
f 653/546/18 651/545/18 650/563/18 654/562/18
f 644/541/35 649/579/35 651/545/35 645/542/35
f 652/552/27 646/555/27 648/547/27 653/546/27
f 647/591/7 635/568/7 628/550/7 655/549/7
f 637/557/2 634/556/2 632/592/2 629/593/2
f 646/578/21 636/569/21 635/568/21 647/591/21
f 638/571/7 649/579/7 644/541/7 633/585/7
f 631/594/33 630/595/33 632/596/33
f 626/544/36 625/597/36 627/598/36
f 630/599/24 628/600/24 629/593/24 632/592/24
f 655/549/25 627/548/25 625/543/25 656/577/25
f 631/594/26 626/544/26 627/598/26 630/595/26
f 633/585/4 644/541/4 626/544/4 631/594/4
f 634/586/27 633/585/27 631/594/27 632/596/27
f 732/601/28 733/602/28 713/603/28 714/604/28
f 739/605/2 741/606/2 736/607/2 733/602/2
f 715/608/3 743/609/3 716/610/3 718/611/3
f 740/612/4 729/613/4 724/614/4 734/615/4
f 722/616/5 725/617/5 731/618/5 727/619/5
f 728/620/6 730/621/6 742/622/6 738/623/6
f 736/624/7 735/625/7 743/626/7 744/627/7
f 723/628/8 724/629/8 725/630/8
f 726/631/9 727/632/9 728/633/9
f 729/634/10 730/635/10 731/636/10
f 733/602/5 736/607/5 744/637/5 713/603/5
f 734/638/11 735/625/11 736/624/11
f 737/639/12 738/640/12 739/641/12
f 740/642/13 741/643/13 742/644/13
f 726/631/32 721/645/32 722/646/32 727/632/32
f 723/628/7 725/630/7 717/647/7 716/610/7
f 724/648/28 729/649/28 731/618/28 725/617/28
f 730/621/15 728/620/15 727/619/15 731/618/15
f 737/639/16 726/631/16 728/633/16 738/640/16
f 729/634/17 740/650/17 742/622/17 730/621/17
f 741/606/18 739/605/18 738/623/18 742/622/18
f 732/601/35 737/639/35 739/605/35 733/602/35
f 740/612/27 734/615/27 736/607/27 741/606/27
f 735/651/7 723/628/7 716/610/7 743/609/7
f 725/617/2 722/616/2 720/652/2 717/653/2
f 734/638/21 724/629/21 723/628/21 735/651/21
f 726/631/7 737/639/7 732/601/7 721/645/7
f 719/654/22 718/655/22 720/656/22
f 714/604/23 713/657/23 715/658/23
f 718/659/24 716/660/24 717/653/24 720/652/24
f 743/609/25 715/608/25 713/603/25 744/637/25
f 719/654/26 714/604/26 715/658/26 718/655/26
f 721/645/4 732/601/4 714/604/4 719/654/4
f 722/646/20 721/645/20 719/654/20 720/656/20
f 820/661/28 821/662/28 801/663/28 802/664/28
f 827/665/2 829/666/2 824/667/2 821/662/2
f 803/668/3 831/669/3 804/670/3 806/671/3
f 828/672/4 817/673/4 812/674/4 822/675/4
f 810/676/5 813/677/5 819/678/5 815/679/5
f 816/680/6 818/681/6 830/682/6 826/683/6
f 824/684/7 823/685/7 831/686/7 832/687/7
f 811/688/29 812/689/29 813/690/29
f 814/691/37 815/692/37 816/693/37
f 817/694/31 818/695/31 819/696/31
f 821/662/5 824/667/5 832/697/5 801/663/5
f 822/698/11 823/685/11 824/684/11
f 825/699/12 826/700/12 827/701/12
f 828/702/13 829/703/13 830/704/13
f 814/691/32 809/705/32 810/706/32 815/692/32
f 811/688/7 813/690/7 805/707/7 804/670/7
f 812/708/28 817/709/28 819/678/28 813/677/28
f 818/681/15 816/680/15 815/679/15 819/678/15
f 825/699/16 814/691/16 816/693/16 826/700/16
f 817/694/17 828/710/17 830/682/17 818/681/17
f 829/666/18 827/665/18 826/683/18 830/682/18
f 820/661/35 825/699/35 827/665/35 821/662/35
f 828/672/27 822/675/27 824/667/27 829/666/27
f 823/711/7 811/688/7 804/670/7 831/669/7
f 813/677/2 810/676/2 808/712/2 805/713/2
f 822/698/21 812/689/21 811/688/21 823/711/21
f 814/691/7 825/699/7 820/661/7 809/705/7
f 807/714/38 806/715/38 808/716/38
f 802/664/23 801/717/23 803/718/23
f 806/719/24 804/720/24 805/713/24 808/712/24
f 831/669/25 803/668/25 801/663/25 832/697/25
f 807/714/26 802/664/26 803/718/26 806/715/26
f 809/705/4 820/661/4 802/664/4 807/714/4
f 810/706/27 809/705/27 807/714/27 808/716/27
f 852/721/28 853/722/28 833/723/28 834/724/28
f 859/725/2 861/726/2 856/727/2 853/722/2
f 835/728/3 863/729/3 836/730/3 838/731/3
f 860/732/4 849/733/4 844/734/4 854/735/4
f 842/736/5 845/737/5 851/738/5 847/739/5
f 848/740/6 850/741/6 862/742/6 858/743/6
f 856/744/7 855/745/7 863/746/7 864/747/7
f 843/748/29 844/749/29 845/750/29
f 846/751/37 847/752/37 848/753/37
f 849/754/31 850/755/31 851/756/31
f 853/722/5 856/727/5 864/757/5 833/723/5
f 854/758/39 855/745/39 856/744/39
f 857/759/40 858/760/40 859/761/40
f 860/762/41 861/763/41 862/764/41
f 846/751/14 841/765/14 842/766/14 847/752/14
f 843/748/7 845/750/7 837/767/7 836/730/7
f 844/768/1 849/769/1 851/738/1 845/737/1
f 850/741/15 848/740/15 847/739/15 851/738/15
f 857/759/16 846/751/16 848/753/16 858/760/16
f 849/754/17 860/770/17 862/742/17 850/741/17
f 861/726/18 859/725/18 858/743/18 862/742/18
f 852/721/35 857/759/35 859/725/35 853/722/35
f 860/732/27 854/735/27 856/727/27 861/726/27
f 855/771/7 843/748/7 836/730/7 863/729/7
f 845/737/2 842/736/2 840/772/2 837/773/2
f 854/758/21 844/749/21 843/748/21 855/771/21
f 846/751/7 857/759/7 852/721/7 841/765/7
f 839/774/38 838/775/38 840/776/38
f 834/724/42 833/777/42 835/778/42
f 838/779/24 836/780/24 837/773/24 840/772/24
f 863/729/25 835/728/25 833/723/25 864/757/25
f 839/774/26 834/724/26 835/778/26 838/775/26
f 841/765/4 852/721/4 834/724/4 839/774/4
f 842/766/27 841/765/27 839/774/27 840/776/27
f 940/781/28 941/782/28 921/783/28 922/784/28
f 947/785/2 949/786/2 944/787/2 941/782/2
f 923/788/3 951/789/3 924/790/3 926/791/3
f 948/792/4 937/793/4 932/794/4 942/795/4
f 930/796/5 933/797/5 939/798/5 935/799/5
f 936/800/6 938/801/6 950/802/6 946/803/6
f 944/804/7 943/805/7 951/806/7 952/807/7
f 931/808/8 932/809/8 933/810/8
f 934/811/9 935/812/9 936/813/9
f 937/814/10 938/815/10 939/816/10
f 941/782/5 944/787/5 952/817/5 921/783/5
f 942/818/43 943/805/43 944/804/43
f 945/819/12 946/820/12 947/821/12
f 948/822/13 949/823/13 950/824/13
f 934/811/32 929/825/32 930/826/32 935/812/32
f 931/808/7 933/810/7 925/827/7 924/790/7
f 932/828/28 937/829/28 939/798/28 933/797/28
f 938/801/15 936/800/15 935/799/15 939/798/15
f 945/819/16 934/811/16 936/813/16 946/820/16
f 937/814/17 948/830/17 950/802/17 938/801/17
f 949/786/18 947/785/18 946/803/18 950/802/18
f 940/781/35 945/819/35 947/785/35 941/782/35
f 948/792/27 942/795/27 944/787/27 949/786/27
f 943/831/7 931/808/7 924/790/7 951/789/7
f 933/797/2 930/796/2 928/832/2 925/833/2
f 942/818/21 932/809/21 931/808/21 943/831/21
f 934/811/7 945/819/7 940/781/7 929/825/7
f 927/834/22 926/835/22 928/836/22
f 922/784/23 921/837/23 923/838/23
f 926/839/24 924/840/24 925/833/24 928/832/24
f 951/789/25 923/788/25 921/783/25 952/817/25
f 927/834/26 922/784/26 923/838/26 926/835/26
f 929/825/4 940/781/4 922/784/4 927/834/4
f 930/826/27 929/825/27 927/834/27 928/836/27
f 1028/841/28 1029/842/28 1009/843/28 1010/844/28
f 1035/845/2 1037/846/2 1032/847/2 1029/842/2
f 1011/848/3 1039/849/3 1012/850/3 1014/851/3
f 1036/852/4 1025/853/4 1020/854/4 1030/855/4
f 1018/856/5 1021/857/5 1027/858/5 1023/859/5
f 1024/860/6 1026/861/6 1038/862/6 1034/863/6
f 1032/864/7 1031/865/7 1039/866/7 1040/867/7
f 1019/868/44 1020/869/44 1021/870/44
f 1022/871/37 1023/872/37 1024/873/37
f 1025/874/31 1026/875/31 1027/876/31
f 1029/842/5 1032/847/5 1040/877/5 1009/843/5
f 1030/878/11 1031/865/11 1032/864/11
f 1033/879/12 1034/880/12 1035/881/12
f 1036/882/13 1037/883/13 1038/884/13
f 1022/871/32 1017/885/32 1018/886/32 1023/872/32
f 1019/868/7 1021/870/7 1013/887/7 1012/850/7
f 1020/888/28 1025/889/28 1027/858/28 1021/857/28
f 1026/861/15 1024/860/15 1023/859/15 1027/858/15
f 1033/879/16 1022/871/16 1024/873/16 1034/880/16
f 1025/874/17 1036/890/17 1038/862/17 1026/861/17
f 1037/846/18 1035/845/18 1034/863/18 1038/862/18
f 1028/841/35 1033/879/35 1035/845/35 1029/842/35
f 1036/852/27 1030/855/27 1032/847/27 1037/846/27
f 1031/891/7 1019/868/7 1012/850/7 1039/849/7
f 1021/857/2 1018/856/2 1016/892/2 1013/893/2
f 1030/878/21 1020/869/21 1019/868/21 1031/891/21
f 1022/871/7 1033/879/7 1028/841/7 1017/885/7
f 1015/894/38 1014/895/38 1016/896/38
f 1010/844/23 1009/897/23 1011/898/23
f 1014/899/24 1012/900/24 1013/893/24 1016/892/24
f 1039/849/25 1011/848/25 1009/843/25 1040/877/25
f 1015/894/26 1010/844/26 1011/898/26 1014/895/26
f 1017/885/4 1028/841/4 1010/844/4 1015/894/4
f 1018/886/27 1017/885/27 1015/894/27 1016/896/27
f 1116/901/28 1117/902/28 1097/903/28 1098/904/28
f 1123/905/2 1125/906/2 1120/907/2 1117/902/2
f 1099/908/3 1127/909/3 1100/910/3 1102/911/3
f 1124/912/4 1113/913/4 1108/914/4 1118/915/4
f 1106/916/5 1109/917/5 1115/918/5 1111/919/5
f 1112/920/6 1114/921/6 1126/922/6 1122/923/6
f 1120/924/7 1119/925/7 1127/926/7 1128/927/7
f 1107/928/8 1108/929/8 1109/930/8
f 1110/931/9 1111/932/9 1112/933/9
f 1113/934/10 1114/935/10 1115/936/10
f 1117/902/5 1120/907/5 1128/937/5 1097/903/5
f 1118/938/11 1119/925/11 1120/924/11
f 1121/939/34 1122/940/34 1123/941/34
f 1124/942/13 1125/943/13 1126/944/13
f 1110/931/32 1105/945/32 1106/946/32 1111/932/32
f 1107/928/7 1109/930/7 1101/947/7 1100/910/7
f 1108/948/28 1113/949/28 1115/918/28 1109/917/28
f 1114/921/15 1112/920/15 1111/919/15 1115/918/15
f 1121/939/16 1110/931/16 1112/933/16 1122/940/16
f 1113/934/17 1124/950/17 1126/922/17 1114/921/17
f 1125/906/18 1123/905/18 1122/923/18 1126/922/18
f 1116/901/19 1121/939/19 1123/905/19 1117/902/19
f 1124/912/20 1118/915/20 1120/907/20 1125/906/20
f 1119/951/7 1107/928/7 1100/910/7 1127/909/7
f 1109/917/2 1106/916/2 1104/952/2 1101/953/2
f 1118/938/21 1108/929/21 1107/928/21 1119/951/21
f 1110/931/7 1121/939/7 1116/901/7 1105/945/7
f 1103/954/22 1102/955/22 1104/956/22
f 1098/904/36 1097/957/36 1099/958/36
f 1102/959/24 1100/960/24 1101/953/24 1104/952/24
f 1127/909/25 1099/908/25 1097/903/25 1128/937/25
f 1103/954/26 1098/904/26 1099/958/26 1102/955/26
f 1105/945/4 1116/901/4 1098/904/4 1103/954/4
f 1106/946/27 1105/945/27 1103/954/27 1104/956/27
f 1148/961/1 1149/962/1 1129/963/1 1130/964/1
f 1155/965/2 1157/966/2 1152/967/2 1149/962/2
f 1131/968/3 1159/969/3 1132/970/3 1134/971/3
f 1156/972/4 1145/973/4 1140/974/4 1150/975/4
f 1138/976/5 1141/977/5 1147/978/5 1143/979/5
f 1144/980/6 1146/981/6 1158/982/6 1154/983/6
f 1152/984/7 1151/985/7 1159/986/7 1160/987/7
f 1139/988/8 1140/989/8 1141/990/8
f 1142/991/9 1143/992/9 1144/993/9
f 1145/994/10 1146/995/10 1147/996/10
f 1149/962/5 1152/967/5 1160/997/5 1129/963/5
f 1150/998/39 1151/985/39 1152/984/39
f 1153/999/40 1154/1000/40 1155/1001/40
f 1156/1002/41 1157/1003/41 1158/1004/41
f 1142/991/32 1137/1005/32 1138/1006/32 1143/992/32
f 1139/988/7 1141/990/7 1133/1007/7 1132/970/7
f 1140/1008/28 1145/1009/28 1147/978/28 1141/977/28
f 1146/981/15 1144/980/15 1143/979/15 1147/978/15
f 1153/999/16 1142/991/16 1144/993/16 1154/1000/16
f 1145/994/17 1156/1010/17 1158/982/17 1146/981/17
f 1157/966/18 1155/965/18 1154/983/18 1158/982/18
f 1148/961/19 1153/999/19 1155/965/19 1149/962/19
f 1156/972/20 1150/975/20 1152/967/20 1157/966/20
f 1151/1011/7 1139/988/7 1132/970/7 1159/969/7
f 1141/977/2 1138/976/2 1136/1012/2 1133/1013/2
f 1150/998/21 1140/989/21 1139/988/21 1151/1011/21
f 1142/991/7 1153/999/7 1148/961/7 1137/1005/7
f 1135/1014/22 1134/1015/22 1136/1016/22
f 1130/964/42 1129/1017/42 1131/1018/42
f 1134/1019/24 1132/1020/24 1133/1013/24 1136/1012/24
f 1159/969/25 1131/968/25 1129/963/25 1160/997/25
f 1135/1014/26 1130/964/26 1131/1018/26 1134/1015/26
f 1137/1005/4 1148/961/4 1130/964/4 1135/1014/4
f 1138/1006/27 1137/1005/27 1135/1014/27 1136/1016/27
f 1236/1021/1 1237/1022/1 1217/1023/1 1218/1024/1
f 1243/1025/2 1245/1026/2 1240/1027/2 1237/1022/2
f 1219/1028/3 1247/1029/3 1220/1030/3 1222/1031/3
f 1244/1032/4 1233/1033/4 1228/1034/4 1238/1035/4
f 1226/1036/5 1229/1037/5 1235/1038/5 1231/1039/5
f 1232/1040/6 1234/1041/6 1246/1042/6 1242/1043/6
f 1240/1044/7 1239/1045/7 1247/1046/7 1248/1047/7
f 1227/1048/8 1228/1049/8 1229/1050/8
f 1230/1051/9 1231/1052/9 1232/1053/9
f 1233/1054/10 1234/1055/10 1235/1056/10
f 1237/1022/5 1240/1027/5 1248/1057/5 1217/1023/5
f 1238/1058/39 1239/1045/39 1240/1044/39
f 1241/1059/40 1242/1060/40 1243/1061/40
f 1244/1062/41 1245/1063/41 1246/1064/41
f 1230/1051/32 1225/1065/32 1226/1066/32 1231/1052/32
f 1227/1048/7 1229/1050/7 1221/1067/7 1220/1030/7
f 1228/1068/28 1233/1069/28 1235/1038/28 1229/1037/28
f 1234/1041/15 1232/1040/15 1231/1039/15 1235/1038/15
f 1241/1059/16 1230/1051/16 1232/1053/16 1242/1060/16
f 1233/1054/17 1244/1070/17 1246/1042/17 1234/1041/17
f 1245/1026/18 1243/1025/18 1242/1043/18 1246/1042/18
f 1236/1021/19 1241/1059/19 1243/1025/19 1237/1022/19
f 1244/1032/20 1238/1035/20 1240/1027/20 1245/1026/20
f 1239/1071/7 1227/1048/7 1220/1030/7 1247/1029/7
f 1229/1037/2 1226/1036/2 1224/1072/2 1221/1073/2
f 1238/1058/21 1228/1049/21 1227/1048/21 1239/1071/21
f 1230/1051/7 1241/1059/7 1236/1021/7 1225/1065/7
f 1223/1074/22 1222/1075/22 1224/1076/22
f 1218/1024/42 1217/1077/42 1219/1078/42
f 1222/1079/24 1220/1080/24 1221/1073/24 1224/1072/24
f 1247/1029/25 1219/1028/25 1217/1023/25 1248/1057/25
f 1223/1074/26 1218/1024/26 1219/1078/26 1222/1075/26
f 1225/1065/4 1236/1021/4 1218/1024/4 1223/1074/4
f 1226/1066/27 1225/1065/27 1223/1074/27 1224/1076/27
f 1324/1081/1 1325/1082/1 1305/1083/1 1306/1084/1
f 1331/1085/2 1333/1086/2 1328/1087/2 1325/1082/2
f 1307/1088/3 1335/1089/3 1308/1090/3 1310/1091/3
f 1332/1092/4 1321/1093/4 1316/1094/4 1326/1095/4
f 1314/1096/5 1317/1097/5 1323/1098/5 1319/1099/5
f 1320/1100/6 1322/1101/6 1334/1102/6 1330/1103/6
f 1328/1104/7 1327/1105/7 1335/1106/7 1336/1107/7
f 1315/1108/8 1316/1109/8 1317/1110/8
f 1318/1111/9 1319/1112/9 1320/1113/9
f 1321/1114/10 1322/1115/10 1323/1116/10
f 1325/1082/5 1328/1087/5 1336/1117/5 1305/1083/5
f 1326/1118/39 1327/1105/39 1328/1104/39
f 1329/1119/40 1330/1120/40 1331/1121/40
f 1332/1122/41 1333/1123/41 1334/1124/41
f 1318/1111/32 1313/1125/32 1314/1126/32 1319/1112/32
f 1315/1108/7 1317/1110/7 1309/1127/7 1308/1090/7
f 1316/1128/28 1321/1129/28 1323/1098/28 1317/1097/28
f 1322/1101/15 1320/1100/15 1319/1099/15 1323/1098/15
f 1329/1119/16 1318/1111/16 1320/1113/16 1330/1120/16
f 1321/1114/17 1332/1130/17 1334/1102/17 1322/1101/17
f 1333/1086/18 1331/1085/18 1330/1103/18 1334/1102/18
f 1324/1081/19 1329/1119/19 1331/1085/19 1325/1082/19
f 1332/1092/20 1326/1095/20 1328/1087/20 1333/1086/20
f 1327/1131/7 1315/1108/7 1308/1090/7 1335/1089/7
f 1317/1097/2 1314/1096/2 1312/1132/2 1309/1133/2
f 1326/1118/21 1316/1109/21 1315/1108/21 1327/1131/21
f 1318/1111/7 1329/1119/7 1324/1081/7 1313/1125/7
f 1311/1134/22 1310/1135/22 1312/1136/22
f 1306/1084/42 1305/1137/42 1307/1138/42
f 1310/1139/24 1308/1140/24 1309/1133/24 1312/1132/24
f 1335/1089/25 1307/1088/25 1305/1083/25 1336/1117/25
f 1311/1134/26 1306/1084/26 1307/1138/26 1310/1135/26
f 1313/1125/4 1324/1081/4 1306/1084/4 1311/1134/4
f 1314/1126/27 1313/1125/27 1311/1134/27 1312/1136/27
f 1356/1141/28 1357/1142/28 1337/1143/28 1338/1144/28
f 1363/1145/2 1365/1146/2 1360/1147/2 1357/1142/2
f 1339/1148/3 1367/1149/3 1340/1150/3 1342/1151/3
f 1364/1152/4 1353/1153/4 1348/1154/4 1358/1155/4
f 1346/1156/5 1349/1157/5 1355/1158/5 1351/1159/5
f 1352/1160/6 1354/1161/6 1366/1162/6 1362/1163/6
f 1360/1164/7 1359/1165/7 1367/1166/7 1368/1167/7
f 1347/1168/8 1348/1169/8 1349/1170/8
f 1350/1171/9 1351/1172/9 1352/1173/9
f 1353/1174/10 1354/1175/10 1355/1176/10
f 1357/1142/5 1360/1147/5 1368/1177/5 1337/1143/5
f 1358/1178/39 1359/1165/39 1360/1164/39
f 1361/1179/40 1362/1180/40 1363/1181/40
f 1364/1182/41 1365/1183/41 1366/1184/41
f 1350/1171/32 1345/1185/32 1346/1186/32 1351/1172/32
f 1347/1168/7 1349/1170/7 1341/1187/7 1340/1150/7
f 1348/1188/28 1353/1189/28 1355/1158/28 1349/1157/28
f 1354/1161/15 1352/1160/15 1351/1159/15 1355/1158/15
f 1361/1179/16 1350/1171/16 1352/1173/16 1362/1180/16
f 1353/1174/17 1364/1190/17 1366/1162/17 1354/1161/17
f 1365/1146/18 1363/1145/18 1362/1163/18 1366/1162/18
f 1356/1141/19 1361/1179/19 1363/1145/19 1357/1142/19
f 1364/1152/20 1358/1155/20 1360/1147/20 1365/1146/20
f 1359/1191/7 1347/1168/7 1340/1150/7 1367/1149/7
f 1349/1157/2 1346/1156/2 1344/1192/2 1341/1193/2
f 1358/1178/21 1348/1169/21 1347/1168/21 1359/1191/21
f 1350/1171/7 1361/1179/7 1356/1141/7 1345/1185/7
f 1343/1194/22 1342/1195/22 1344/1196/22
f 1338/1144/42 1337/1197/42 1339/1198/42
f 1342/1199/24 1340/1200/24 1341/1193/24 1344/1192/24
f 1367/1149/25 1339/1148/25 1337/1143/25 1368/1177/25
f 1343/1194/26 1338/1144/26 1339/1198/26 1342/1195/26
f 1345/1185/4 1356/1141/4 1338/1144/4 1343/1194/4
f 1346/1186/27 1345/1185/27 1343/1194/27 1344/1196/27
f 1444/1201/1 1445/1202/1 1425/1203/1 1426/1204/1
f 1451/1205/2 1453/1206/2 1448/1207/2 1445/1202/2
f 1427/1208/3 1455/1209/3 1428/1210/3 1430/1211/3
f 1452/1212/4 1441/1213/4 1436/1214/4 1446/1215/4
f 1434/1216/5 1437/1217/5 1443/1218/5 1439/1219/5
f 1440/1220/6 1442/1221/6 1454/1222/6 1450/1223/6
f 1448/1224/7 1447/1225/7 1455/1226/7 1456/1227/7
f 1435/1228/8 1436/1229/8 1437/1230/8
f 1438/1231/9 1439/1232/9 1440/1233/9
f 1441/1234/10 1442/1235/10 1443/1236/10
f 1445/1202/5 1448/1207/5 1456/1237/5 1425/1203/5
f 1446/1238/39 1447/1225/39 1448/1224/39
f 1449/1239/40 1450/1240/40 1451/1241/40
f 1452/1242/41 1453/1243/41 1454/1244/41
f 1438/1231/32 1433/1245/32 1434/1246/32 1439/1232/32
f 1435/1228/7 1437/1230/7 1429/1247/7 1428/1210/7
f 1436/1248/28 1441/1249/28 1443/1218/28 1437/1217/28
f 1442/1221/15 1440/1220/15 1439/1219/15 1443/1218/15
f 1449/1239/16 1438/1231/16 1440/1233/16 1450/1240/16
f 1441/1234/17 1452/1250/17 1454/1222/17 1442/1221/17
f 1453/1206/18 1451/1205/18 1450/1223/18 1454/1222/18
f 1444/1201/19 1449/1239/19 1451/1205/19 1445/1202/19
f 1452/1212/20 1446/1215/20 1448/1207/20 1453/1206/20
f 1447/1251/7 1435/1228/7 1428/1210/7 1455/1209/7
f 1437/1217/2 1434/1216/2 1432/1252/2 1429/1253/2
f 1446/1238/21 1436/1229/21 1435/1228/21 1447/1251/21
f 1438/1231/7 1449/1239/7 1444/1201/7 1433/1245/7
f 1431/1254/22 1430/1255/22 1432/1256/22
f 1426/1204/42 1425/1257/42 1427/1258/42
f 1430/1259/24 1428/1260/24 1429/1253/24 1432/1252/24
f 1455/1209/25 1427/1208/25 1425/1203/25 1456/1237/25
f 1431/1254/26 1426/1204/26 1427/1258/26 1430/1255/26
f 1433/1245/4 1444/1201/4 1426/1204/4 1431/1254/4
f 1434/1246/27 1433/1245/27 1431/1254/27 1432/1256/27
f 1532/1261/28 1533/1262/28 1513/1263/28 1514/1264/28
f 1539/1265/2 1541/1266/2 1536/1267/2 1533/1262/2
f 1515/1268/3 1543/1269/3 1516/1270/3 1518/1271/3
f 1540/1272/4 1529/1273/4 1524/1274/4 1534/1275/4
f 1522/1276/5 1525/1277/5 1531/1278/5 1527/1279/5
f 1528/1280/6 1530/1281/6 1542/1282/6 1538/1283/6
f 1536/1284/7 1535/1285/7 1543/1286/7 1544/1287/7
f 1523/1288/8 1524/1289/8 1525/1290/8
f 1526/1291/9 1527/1292/9 1528/1293/9
f 1529/1294/10 1530/1295/10 1531/1296/10
f 1533/1262/5 1536/1267/5 1544/1297/5 1513/1263/5
f 1534/1298/39 1535/1285/39 1536/1284/39
f 1537/1299/40 1538/1300/40 1539/1301/40
f 1540/1302/41 1541/1303/41 1542/1304/41
f 1526/1291/14 1521/1305/14 1522/1306/14 1527/1292/14
f 1523/1288/7 1525/1290/7 1517/1307/7 1516/1270/7
f 1524/1308/1 1529/1309/1 1531/1278/1 1525/1277/1
f 1530/1281/15 1528/1280/15 1527/1279/15 1531/1278/15
f 1537/1299/16 1526/1291/16 1528/1293/16 1538/1300/16
f 1529/1294/17 1540/1310/17 1542/1282/17 1530/1281/17
f 1541/1266/18 1539/1265/18 1538/1283/18 1542/1282/18
f 1532/1261/35 1537/1299/35 1539/1265/35 1533/1262/35
f 1540/1272/27 1534/1275/27 1536/1267/27 1541/1266/27
f 1535/1311/7 1523/1288/7 1516/1270/7 1543/1269/7
f 1525/1277/2 1522/1276/2 1520/1312/2 1517/1313/2
f 1534/1298/21 1524/1289/21 1523/1288/21 1535/1311/21
f 1526/1291/7 1537/1299/7 1532/1261/7 1521/1305/7
f 1519/1314/22 1518/1315/22 1520/1316/22
f 1514/1264/42 1513/1317/42 1515/1318/42
f 1518/1319/24 1516/1320/24 1517/1313/24 1520/1312/24
f 1543/1269/25 1515/1268/25 1513/1263/25 1544/1297/25
f 1519/1314/26 1514/1264/26 1515/1318/26 1518/1315/26
f 1521/1305/4 1532/1261/4 1514/1264/4 1519/1314/4
f 1522/1306/20 1521/1305/20 1519/1314/20 1520/1316/20
f 1620/1321/28 1621/1322/28 1601/1323/28 1602/1324/28
f 1627/1325/2 1629/1326/2 1624/1327/2 1621/1322/2
f 1603/1328/3 1631/1329/3 1604/1330/3 1606/1331/3
f 1628/1332/4 1617/1333/4 1612/1334/4 1622/1335/4
f 1610/1336/5 1613/1337/5 1619/1338/5 1615/1339/5
f 1616/1340/6 1618/1341/6 1630/1342/6 1626/1343/6
f 1624/1344/7 1623/1345/7 1631/1346/7 1632/1347/7
f 1611/1348/8 1612/1349/8 1613/1350/8
f 1614/1351/9 1615/1352/9 1616/1353/9
f 1617/1354/10 1618/1355/10 1619/1356/10
f 1621/1322/5 1624/1327/5 1632/1357/5 1601/1323/5
f 1622/1358/39 1623/1345/39 1624/1344/39
f 1625/1359/40 1626/1360/40 1627/1361/40
f 1628/1362/41 1629/1363/41 1630/1364/41
f 1614/1351/14 1609/1365/14 1610/1366/14 1615/1352/14
f 1611/1348/7 1613/1350/7 1605/1367/7 1604/1330/7
f 1612/1368/1 1617/1369/1 1619/1338/1 1613/1337/1
f 1618/1341/15 1616/1340/15 1615/1339/15 1619/1338/15
f 1625/1359/16 1614/1351/16 1616/1353/16 1626/1360/16
f 1617/1354/17 1628/1370/17 1630/1342/17 1618/1341/17
f 1629/1326/18 1627/1325/18 1626/1343/18 1630/1342/18
f 1620/1321/35 1625/1359/35 1627/1325/35 1621/1322/35
f 1628/1332/27 1622/1335/27 1624/1327/27 1629/1326/27
f 1623/1371/7 1611/1348/7 1604/1330/7 1631/1329/7
f 1613/1337/2 1610/1336/2 1608/1372/2 1605/1373/2
f 1622/1358/21 1612/1349/21 1611/1348/21 1623/1371/21
f 1614/1351/7 1625/1359/7 1620/1321/7 1609/1365/7
f 1607/1374/22 1606/1375/22 1608/1376/22
f 1602/1324/45 1601/1377/45 1603/1378/45
f 1606/1379/24 1604/1380/24 1605/1373/24 1608/1372/24
f 1631/1329/25 1603/1328/25 1601/1323/25 1632/1357/25
f 1607/1374/26 1602/1324/26 1603/1378/26 1606/1375/26
f 1609/1365/4 1620/1321/4 1602/1324/4 1607/1374/4
f 1610/1366/20 1609/1365/20 1607/1374/20 1608/1376/20
f 1652/1381/28 1653/1382/28 1633/1383/28 1634/1384/28
f 1659/1385/2 1661/1386/2 1656/1387/2 1653/1382/2
f 1635/1388/3 1663/1389/3 1636/1390/3 1638/1391/3
f 1660/1392/4 1649/1393/4 1644/1394/4 1654/1395/4
f 1642/1396/5 1645/1397/5 1651/1398/5 1647/1399/5
f 1648/1400/6 1650/1401/6 1662/1402/6 1658/1403/6
f 1656/1404/7 1655/1405/7 1663/1406/7 1664/1407/7
f 1643/1408/8 1644/1409/8 1645/1410/8
f 1646/1411/9 1647/1412/9 1648/1413/9
f 1649/1414/10 1650/1415/10 1651/1416/10
f 1653/1382/5 1656/1387/5 1664/1417/5 1633/1383/5
f 1654/1418/39 1655/1405/39 1656/1404/39
f 1657/1419/40 1658/1420/40 1659/1421/40
f 1660/1422/41 1661/1423/41 1662/1424/41
f 1646/1411/32 1641/1425/32 1642/1426/32 1647/1412/32
f 1643/1408/7 1645/1410/7 1637/1427/7 1636/1390/7
f 1644/1428/28 1649/1429/28 1651/1398/28 1645/1397/28
f 1650/1401/15 1648/1400/15 1647/1399/15 1651/1398/15
f 1657/1419/16 1646/1411/16 1648/1413/16 1658/1420/16
f 1649/1414/17 1660/1430/17 1662/1402/17 1650/1401/17
f 1661/1386/18 1659/1385/18 1658/1403/18 1662/1402/18
f 1652/1381/19 1657/1419/19 1659/1385/19 1653/1382/19
f 1660/1392/20 1654/1395/20 1656/1387/20 1661/1386/20
f 1655/1431/7 1643/1408/7 1636/1390/7 1663/1389/7
f 1645/1397/2 1642/1396/2 1640/1432/2 1637/1433/2
f 1654/1418/21 1644/1409/21 1643/1408/21 1655/1431/21
f 1646/1411/7 1657/1419/7 1652/1381/7 1641/1425/7
f 1639/1434/22 1638/1435/22 1640/1436/22
f 1634/1384/42 1633/1437/42 1635/1438/42
f 1638/1439/24 1636/1440/24 1637/1433/24 1640/1432/24
f 1663/1389/25 1635/1388/25 1633/1383/25 1664/1417/25
f 1639/1434/26 1634/1384/26 1635/1438/26 1638/1435/26
f 1641/1425/4 1652/1381/4 1634/1384/4 1639/1434/4
f 1642/1426/27 1641/1425/27 1639/1434/27 1640/1436/27
f 1740/1441/28 1741/1442/28 1721/1443/28 1722/1444/28
f 1747/1445/2 1749/1446/2 1744/1447/2 1741/1442/2
f 1723/1448/3 1751/1449/3 1724/1450/3 1726/1451/3
f 1748/1452/4 1737/1453/4 1732/1454/4 1742/1455/4
f 1730/1456/5 1733/1457/5 1739/1458/5 1735/1459/5
f 1736/1460/6 1738/1461/6 1750/1462/6 1746/1463/6
f 1744/1464/7 1743/1465/7 1751/1466/7 1752/1467/7
f 1731/1468/8 1732/1469/8 1733/1470/8
f 1734/1471/9 1735/1472/9 1736/1473/9
f 1737/1474/10 1738/1475/10 1739/1476/10
f 1741/1442/5 1744/1447/5 1752/1477/5 1721/1443/5
f 1742/1478/39 1743/1465/39 1744/1464/39
f 1745/1479/40 1746/1480/40 1747/1481/40
f 1748/1482/41 1749/1483/41 1750/1484/41
f 1734/1471/14 1729/1485/14 1730/1486/14 1735/1472/14
f 1731/1468/7 1733/1470/7 1725/1487/7 1724/1450/7
f 1732/1488/1 1737/1489/1 1739/1458/1 1733/1457/1
f 1738/1461/15 1736/1460/15 1735/1459/15 1739/1458/15
f 1745/1479/16 1734/1471/16 1736/1473/16 1746/1480/16
f 1737/1474/17 1748/1490/17 1750/1462/17 1738/1461/17
f 1749/1446/18 1747/1445/18 1746/1463/18 1750/1462/18
f 1740/1441/19 1745/1479/19 1747/1445/19 1741/1442/19
f 1748/1452/20 1742/1455/20 1744/1447/20 1749/1446/20
f 1743/1491/7 1731/1468/7 1724/1450/7 1751/1449/7
f 1733/1457/2 1730/1456/2 1728/1492/2 1725/1493/2
f 1742/1478/21 1732/1469/21 1731/1468/21 1743/1491/21
f 1734/1471/7 1745/1479/7 1740/1441/7 1729/1485/7
f 1727/1494/22 1726/1495/22 1728/1496/22
f 1722/1444/42 1721/1497/42 1723/1498/42
f 1726/1499/24 1724/1500/24 1725/1493/24 1728/1492/24
f 1751/1449/25 1723/1448/25 1721/1443/25 1752/1477/25
f 1727/1494/26 1722/1444/26 1723/1498/26 1726/1495/26
f 1729/1485/4 1740/1441/4 1722/1444/4 1727/1494/4
f 1730/1486/27 1729/1485/27 1727/1494/27 1728/1496/27
f 1828/1501/28 1829/1502/28 1809/1503/28 1810/1504/28
f 1835/1505/2 1837/1506/2 1832/1507/2 1829/1502/2
f 1811/1508/3 1839/1509/3 1812/1510/3 1814/1511/3
f 1836/1512/4 1825/1513/4 1820/1514/4 1830/1515/4
f 1818/1516/5 1821/1517/5 1827/1518/5 1823/1519/5
f 1824/1520/6 1826/1521/6 1838/1522/6 1834/1523/6
f 1832/1524/7 1831/1525/7 1839/1526/7 1840/1527/7
f 1819/1528/8 1820/1529/8 1821/1530/8
f 1822/1531/9 1823/1532/9 1824/1533/9
f 1825/1534/10 1826/1535/10 1827/1536/10
f 1829/1502/5 1832/1507/5 1840/1537/5 1809/1503/5
f 1830/1538/39 1831/1525/39 1832/1524/39
f 1833/1539/40 1834/1540/40 1835/1541/40
f 1836/1542/41 1837/1543/41 1838/1544/41
f 1822/1531/14 1817/1545/14 1818/1546/14 1823/1532/14
f 1819/1528/7 1821/1530/7 1813/1547/7 1812/1510/7
f 1820/1548/1 1825/1549/1 1827/1518/1 1821/1517/1
f 1826/1521/15 1824/1520/15 1823/1519/15 1827/1518/15
f 1833/1539/16 1822/1531/16 1824/1533/16 1834/1540/16
f 1825/1534/17 1836/1550/17 1838/1522/17 1826/1521/17
f 1837/1506/18 1835/1505/18 1834/1523/18 1838/1522/18
f 1828/1501/19 1833/1539/19 1835/1505/19 1829/1502/19
f 1836/1512/20 1830/1515/20 1832/1507/20 1837/1506/20
f 1831/1551/7 1819/1528/7 1812/1510/7 1839/1509/7
f 1821/1517/2 1818/1516/2 1816/1552/2 1813/1553/2
f 1830/1538/21 1820/1529/21 1819/1528/21 1831/1551/21
f 1822/1531/7 1833/1539/7 1828/1501/7 1817/1545/7
f 1815/1554/22 1814/1555/22 1816/1556/22
f 1810/1504/42 1809/1557/42 1811/1558/42
f 1814/1559/24 1812/1560/24 1813/1553/24 1816/1552/24
f 1839/1509/25 1811/1508/25 1809/1503/25 1840/1537/25
f 1815/1554/26 1810/1504/26 1811/1558/26 1814/1555/26
f 1817/1545/4 1828/1501/4 1810/1504/4 1815/1554/4
f 1818/1546/20 1817/1545/20 1815/1554/20 1816/1556/20
f 1860/1561/28 1861/1562/28 1841/1563/28 1842/1564/28
f 1867/1565/2 1869/1566/2 1864/1567/2 1861/1562/2
f 1843/1568/3 1871/1569/3 1844/1570/3 1846/1571/3
f 1868/1572/4 1857/1573/4 1852/1574/4 1862/1575/4
f 1850/1576/5 1853/1577/5 1859/1578/5 1855/1579/5
f 1856/1580/6 1858/1581/6 1870/1582/6 1866/1583/6
f 1864/1584/7 1863/1585/7 1871/1586/7 1872/1587/7
f 1851/1588/8 1852/1589/8 1853/1590/8
f 1854/1591/9 1855/1592/9 1856/1593/9
f 1857/1594/10 1858/1595/10 1859/1596/10
f 1861/1562/5 1864/1567/5 1872/1597/5 1841/1563/5
f 1862/1598/39 1863/1585/39 1864/1584/39
f 1865/1599/40 1866/1600/40 1867/1601/40
f 1868/1602/41 1869/1603/41 1870/1604/41
f 1854/1591/14 1849/1605/14 1850/1606/14 1855/1592/14
f 1851/1588/7 1853/1590/7 1845/1607/7 1844/1570/7
f 1852/1608/1 1857/1609/1 1859/1578/1 1853/1577/1
f 1858/1581/15 1856/1580/15 1855/1579/15 1859/1578/15
f 1865/1599/16 1854/1591/16 1856/1593/16 1866/1600/16
f 1857/1594/17 1868/1610/17 1870/1582/17 1858/1581/17
f 1869/1566/18 1867/1565/18 1866/1583/18 1870/1582/18
f 1860/1561/19 1865/1599/19 1867/1565/19 1861/1562/19
f 1868/1572/20 1862/1575/20 1864/1567/20 1869/1566/20
f 1863/1611/7 1851/1588/7 1844/1570/7 1871/1569/7
f 1853/1577/2 1850/1576/2 1848/1612/2 1845/1613/2
f 1862/1598/21 1852/1589/21 1851/1588/21 1863/1611/21
f 1854/1591/7 1865/1599/7 1860/1561/7 1849/1605/7
f 1847/1614/22 1846/1615/22 1848/1616/22
f 1842/1564/42 1841/1617/42 1843/1618/42
f 1846/1619/24 1844/1620/24 1845/1613/24 1848/1612/24
f 1871/1569/25 1843/1568/25 1841/1563/25 1872/1597/25
f 1847/1614/26 1842/1564/26 1843/1618/26 1846/1615/26
f 1849/1605/4 1860/1561/4 1842/1564/4 1847/1614/4
f 1850/1606/27 1849/1605/27 1847/1614/27 1848/1616/27
f 1948/1621/28 1949/1622/28 1929/1623/28 1930/1624/28
f 1955/1625/2 1957/1626/2 1952/1627/2 1949/1622/2
f 1931/1628/3 1959/1629/3 1932/1630/3 1934/1631/3
f 1956/1632/4 1945/1633/4 1940/1634/4 1950/1635/4
f 1938/1636/5 1941/1637/5 1947/1638/5 1943/1639/5
f 1944/1640/6 1946/1641/6 1958/1642/6 1954/1643/6
f 1952/1644/7 1951/1645/7 1959/1646/7 1960/1647/7
f 1939/1648/8 1940/1649/8 1941/1650/8
f 1942/1651/9 1943/1652/9 1944/1653/9
f 1945/1654/10 1946/1655/10 1947/1656/10
f 1949/1622/5 1952/1627/5 1960/1657/5 1929/1623/5
f 1950/1658/39 1951/1645/39 1952/1644/39
f 1953/1659/40 1954/1660/40 1955/1661/40
f 1956/1662/41 1957/1663/41 1958/1664/41
f 1942/1651/14 1937/1665/14 1938/1666/14 1943/1652/14
f 1939/1648/7 1941/1650/7 1933/1667/7 1932/1630/7
f 1940/1668/1 1945/1669/1 1947/1638/1 1941/1637/1
f 1946/1641/15 1944/1640/15 1943/1639/15 1947/1638/15
f 1953/1659/16 1942/1651/16 1944/1653/16 1954/1660/16
f 1945/1654/17 1956/1670/17 1958/1642/17 1946/1641/17
f 1957/1626/18 1955/1625/18 1954/1643/18 1958/1642/18
f 1948/1621/19 1953/1659/19 1955/1625/19 1949/1622/19
f 1956/1632/20 1950/1635/20 1952/1627/20 1957/1626/20
f 1951/1671/7 1939/1648/7 1932/1630/7 1959/1629/7
f 1941/1637/2 1938/1636/2 1936/1672/2 1933/1673/2
f 1950/1658/21 1940/1649/21 1939/1648/21 1951/1671/21
f 1942/1651/7 1953/1659/7 1948/1621/7 1937/1665/7
f 1935/1674/22 1934/1675/22 1936/1676/22
f 1930/1624/42 1929/1677/42 1931/1678/42
f 1934/1679/24 1932/1680/24 1933/1673/24 1936/1672/24
f 1959/1629/25 1931/1628/25 1929/1623/25 1960/1657/25
f 1935/1674/26 1930/1624/26 1931/1678/26 1934/1675/26
f 1937/1665/4 1948/1621/4 1930/1624/4 1935/1674/4
f 1938/1666/27 1937/1665/27 1935/1674/27 1936/1676/27
f 2036/1681/28 2037/1682/28 2017/1683/28 2018/1684/28
f 2043/1685/2 2045/1686/2 2040/1687/2 2037/1682/2
f 2019/1688/3 2047/1689/3 2020/1690/3 2022/1691/3
f 2044/1692/4 2033/1693/4 2028/1694/4 2038/1695/4
f 2026/1696/5 2029/1697/5 2035/1698/5 2031/1699/5
f 2032/1700/6 2034/1701/6 2046/1702/6 2042/1703/6
f 2040/1704/7 2039/1705/7 2047/1706/7 2048/1707/7
f 2027/1708/8 2028/1709/8 2029/1710/8
f 2030/1711/9 2031/1712/9 2032/1713/9
f 2033/1714/10 2034/1715/10 2035/1716/10
f 2037/1682/5 2040/1687/5 2048/1717/5 2017/1683/5
f 2038/1718/39 2039/1705/39 2040/1704/39
f 2041/1719/40 2042/1720/40 2043/1721/40
f 2044/1722/41 2045/1723/41 2046/1724/41
f 2030/1711/14 2025/1725/14 2026/1726/14 2031/1712/14
f 2027/1708/7 2029/1710/7 2021/1727/7 2020/1690/7
f 2028/1728/1 2033/1729/1 2035/1698/1 2029/1697/1
f 2034/1701/15 2032/1700/15 2031/1699/15 2035/1698/15
f 2041/1719/16 2030/1711/16 2032/1713/16 2042/1720/16
f 2033/1714/17 2044/1730/17 2046/1702/17 2034/1701/17
f 2045/1686/18 2043/1685/18 2042/1703/18 2046/1702/18
f 2036/1681/19 2041/1719/19 2043/1685/19 2037/1682/19
f 2044/1692/20 2038/1695/20 2040/1687/20 2045/1686/20
f 2039/1731/7 2027/1708/7 2020/1690/7 2047/1689/7
f 2029/1697/2 2026/1696/2 2024/1732/2 2021/1733/2
f 2038/1718/21 2028/1709/21 2027/1708/21 2039/1731/21
f 2030/1711/7 2041/1719/7 2036/1681/7 2025/1725/7
f 2023/1734/22 2022/1735/22 2024/1736/22
f 2018/1684/42 2017/1737/42 2019/1738/42
f 2022/1739/24 2020/1740/24 2021/1733/24 2024/1732/24
f 2047/1689/25 2019/1688/25 2017/1683/25 2048/1717/25
f 2023/1734/26 2018/1684/26 2019/1738/26 2022/1735/26
f 2025/1725/4 2036/1681/4 2018/1684/4 2023/1734/4
f 2026/1726/27 2025/1725/27 2023/1734/27 2024/1736/27
f 2124/1741/1 2125/1742/1 2105/1743/1 2106/1744/1
f 2131/1745/2 2133/1746/2 2128/1747/2 2125/1742/2
f 2107/1748/3 2135/1749/3 2108/1750/3 2110/1751/3
f 2132/1752/4 2121/1753/4 2116/1754/4 2126/1755/4
f 2114/1756/5 2117/1757/5 2123/1758/5 2119/1759/5
f 2120/1760/6 2122/1761/6 2134/1762/6 2130/1763/6
f 2128/1764/7 2127/1765/7 2135/1766/7 2136/1767/7
f 2115/1768/8 2116/1769/8 2117/1770/8
f 2118/1771/9 2119/1772/9 2120/1773/9
f 2121/1774/10 2122/1775/10 2123/1776/10
f 2125/1742/5 2128/1747/5 2136/1777/5 2105/1743/5
f 2126/1778/39 2127/1765/39 2128/1764/39
f 2129/1779/40 2130/1780/40 2131/1781/40
f 2132/1782/41 2133/1783/41 2134/1784/41
f 2118/1771/14 2113/1785/14 2114/1786/14 2119/1772/14
f 2115/1768/7 2117/1770/7 2109/1787/7 2108/1750/7
f 2116/1788/1 2121/1789/1 2123/1758/1 2117/1757/1
f 2122/1761/15 2120/1760/15 2119/1759/15 2123/1758/15
f 2129/1779/16 2118/1771/16 2120/1773/16 2130/1780/16
f 2121/1774/17 2132/1790/17 2134/1762/17 2122/1761/17
f 2133/1746/18 2131/1745/18 2130/1763/18 2134/1762/18
f 2124/1741/19 2129/1779/19 2131/1745/19 2125/1742/19
f 2132/1752/20 2126/1755/20 2128/1747/20 2133/1746/20
f 2127/1791/7 2115/1768/7 2108/1750/7 2135/1749/7
f 2117/1757/2 2114/1756/2 2112/1792/2 2109/1793/2
f 2126/1778/21 2116/1769/21 2115/1768/21 2127/1791/21
f 2118/1771/7 2129/1779/7 2124/1741/7 2113/1785/7
f 2111/1794/22 2110/1795/22 2112/1796/22
f 2106/1744/42 2105/1797/42 2107/1798/42
f 2110/1799/24 2108/1800/24 2109/1793/24 2112/1792/24
f 2135/1749/25 2107/1748/25 2105/1743/25 2136/1777/25
f 2111/1794/26 2106/1744/26 2107/1798/26 2110/1795/26
f 2113/1785/4 2124/1741/4 2106/1744/4 2111/1794/4
f 2114/1786/20 2113/1785/20 2111/1794/20 2112/1796/20
f 2156/1801/28 2157/1802/28 2137/1803/28 2138/1804/28
f 2163/1805/2 2165/1806/2 2160/1807/2 2157/1802/2
f 2139/1808/3 2167/1809/3 2140/1810/3 2142/1811/3
f 2164/1812/4 2153/1813/4 2148/1814/4 2158/1815/4
f 2146/1816/5 2149/1817/5 2155/1818/5 2151/1819/5
f 2152/1820/6 2154/1821/6 2166/1822/6 2162/1823/6
f 2160/1824/7 2159/1825/7 2167/1826/7 2168/1827/7
f 2147/1828/8 2148/1829/8 2149/1830/8
f 2150/1831/9 2151/1832/9 2152/1833/9
f 2153/1834/10 2154/1835/10 2155/1836/10
f 2157/1802/5 2160/1807/5 2168/1837/5 2137/1803/5
f 2158/1838/39 2159/1825/39 2160/1824/39
f 2161/1839/40 2162/1840/40 2163/1841/40
f 2164/1842/41 2165/1843/41 2166/1844/41
f 2150/1831/14 2145/1845/14 2146/1846/14 2151/1832/14
f 2147/1828/7 2149/1830/7 2141/1847/7 2140/1810/7
f 2148/1848/1 2153/1849/1 2155/1818/1 2149/1817/1
f 2154/1821/15 2152/1820/15 2151/1819/15 2155/1818/15
f 2161/1839/16 2150/1831/16 2152/1833/16 2162/1840/16
f 2153/1834/17 2164/1850/17 2166/1822/17 2154/1821/17
f 2165/1806/18 2163/1805/18 2162/1823/18 2166/1822/18
f 2156/1801/19 2161/1839/19 2163/1805/19 2157/1802/19
f 2164/1812/20 2158/1815/20 2160/1807/20 2165/1806/20
f 2159/1851/7 2147/1828/7 2140/1810/7 2167/1809/7
f 2149/1817/2 2146/1816/2 2144/1852/2 2141/1853/2
f 2158/1838/21 2148/1829/21 2147/1828/21 2159/1851/21
f 2150/1831/7 2161/1839/7 2156/1801/7 2145/1845/7
f 2143/1854/22 2142/1855/22 2144/1856/22
f 2138/1804/42 2137/1857/42 2139/1858/42
f 2142/1859/24 2140/1860/24 2141/1853/24 2144/1852/24
f 2167/1809/25 2139/1808/25 2137/1803/25 2168/1837/25
f 2143/1854/26 2138/1804/26 2139/1858/26 2142/1855/26
f 2145/1845/4 2156/1801/4 2138/1804/4 2143/1854/4
f 2146/1846/20 2145/1845/20 2143/1854/20 2144/1856/20
f 2244/1861/28 2245/1862/28 2225/1863/28 2226/1864/28
f 2251/1865/2 2253/1866/2 2248/1867/2 2245/1862/2
f 2227/1868/3 2255/1869/3 2228/1870/3 2230/1871/3
f 2252/1872/4 2241/1873/4 2236/1874/4 2246/1875/4
f 2234/1876/5 2237/1877/5 2243/1878/5 2239/1879/5
f 2240/1880/6 2242/1881/6 2254/1882/6 2250/1883/6
f 2248/1884/7 2247/1885/7 2255/1886/7 2256/1887/7
f 2235/1888/8 2236/1889/8 2237/1890/8
f 2238/1891/9 2239/1892/9 2240/1893/9
f 2241/1894/10 2242/1895/10 2243/1896/10
f 2245/1862/5 2248/1867/5 2256/1897/5 2225/1863/5
f 2246/1898/11 2247/1885/11 2248/1884/11
f 2249/1899/34 2250/1900/34 2251/1901/34
f 2252/1902/13 2253/1903/13 2254/1904/13
f 2238/1891/14 2233/1905/14 2234/1906/14 2239/1892/14
f 2235/1888/7 2237/1890/7 2229/1907/7 2228/1870/7
f 2236/1908/1 2241/1909/1 2243/1878/1 2237/1877/1
f 2242/1881/15 2240/1880/15 2239/1879/15 2243/1878/15
f 2249/1899/16 2238/1891/16 2240/1893/16 2250/1900/16
f 2241/1894/17 2252/1910/17 2254/1882/17 2242/1881/17
f 2253/1866/18 2251/1865/18 2250/1883/18 2254/1882/18
f 2244/1861/35 2249/1899/35 2251/1865/35 2245/1862/35
f 2252/1872/27 2246/1875/27 2248/1867/27 2253/1866/27
f 2247/1911/7 2235/1888/7 2228/1870/7 2255/1869/7
f 2237/1877/2 2234/1876/2 2232/1912/2 2229/1913/2
f 2246/1898/21 2236/1889/21 2235/1888/21 2247/1911/21
f 2238/1891/7 2249/1899/7 2244/1861/7 2233/1905/7
f 2231/1914/22 2230/1915/22 2232/1916/22
f 2226/1864/36 2225/1917/36 2227/1918/36
f 2230/1919/24 2228/1920/24 2229/1913/24 2232/1912/24
f 2255/1869/25 2227/1868/25 2225/1863/25 2256/1897/25
f 2231/1914/26 2226/1864/26 2227/1918/26 2230/1915/26
f 2233/1905/4 2244/1861/4 2226/1864/4 2231/1914/4
f 2234/1906/20 2233/1905/20 2231/1914/20 2232/1916/20
f 2332/1921/28 2333/1922/28 2313/1923/28 2314/1924/28
f 2339/1925/2 2341/1926/2 2336/1927/2 2333/1922/2
f 2315/1928/3 2343/1929/3 2316/1930/3 2318/1931/3
f 2340/1932/4 2329/1933/4 2324/1934/4 2334/1935/4
f 2322/1936/5 2325/1937/5 2331/1938/5 2327/1939/5
f 2328/1940/6 2330/1941/6 2342/1942/6 2338/1943/6
f 2336/1944/7 2335/1945/7 2343/1946/7 2344/1947/7
f 2323/1948/8 2324/1949/8 2325/1950/8
f 2326/1951/9 2327/1952/9 2328/1953/9
f 2329/1954/10 2330/1955/10 2331/1956/10
f 2333/1922/5 2336/1927/5 2344/1957/5 2313/1923/5
f 2334/1958/11 2335/1945/11 2336/1944/11
f 2337/1959/34 2338/1960/34 2339/1961/34
f 2340/1962/13 2341/1963/13 2342/1964/13
f 2326/1951/14 2321/1965/14 2322/1966/14 2327/1952/14
f 2323/1948/7 2325/1950/7 2317/1967/7 2316/1930/7
f 2324/1968/1 2329/1969/1 2331/1938/1 2325/1937/1
f 2330/1941/15 2328/1940/15 2327/1939/15 2331/1938/15
f 2337/1959/16 2326/1951/16 2328/1953/16 2338/1960/16
f 2329/1954/17 2340/1970/17 2342/1942/17 2330/1941/17
f 2341/1926/18 2339/1925/18 2338/1943/18 2342/1942/18
f 2332/1921/35 2337/1959/35 2339/1925/35 2333/1922/35
f 2340/1932/27 2334/1935/27 2336/1927/27 2341/1926/27
f 2335/1971/7 2323/1948/7 2316/1930/7 2343/1929/7
f 2325/1937/2 2322/1936/2 2320/1972/2 2317/1973/2
f 2334/1958/21 2324/1949/21 2323/1948/21 2335/1971/21
f 2326/1951/7 2337/1959/7 2332/1921/7 2321/1965/7
f 2319/1974/22 2318/1975/22 2320/1976/22
f 2314/1924/36 2313/1977/36 2315/1978/36
f 2318/1979/24 2316/1980/24 2317/1973/24 2320/1972/24
f 2343/1929/25 2315/1928/25 2313/1923/25 2344/1957/25
f 2319/1974/26 2314/1924/26 2315/1978/26 2318/1975/26
f 2321/1965/4 2332/1921/4 2314/1924/4 2319/1974/4
f 2322/1966/20 2321/1965/20 2319/1974/20 2320/1976/20
f 2364/1981/1 2365/1982/1 2345/1983/1 2346/1984/1
f 2371/1985/2 2373/1986/2 2368/1987/2 2365/1982/2
f 2347/1988/3 2375/1989/3 2348/1990/3 2350/1991/3
f 2372/1992/4 2361/1993/4 2356/1994/4 2366/1995/4
f 2354/1996/5 2357/1997/5 2363/1998/5 2359/1999/5
f 2360/2000/6 2362/2001/6 2374/2002/6 2370/2003/6
f 2368/2004/7 2367/2005/7 2375/2006/7 2376/2007/7
f 2355/2008/29 2356/2009/29 2357/2010/29
f 2358/2011/30 2359/2012/30 2360/2013/30
f 2361/2014/31 2362/2015/31 2363/2016/31
f 2365/1982/5 2368/1987/5 2376/2017/5 2345/1983/5
f 2366/2018/39 2367/2005/39 2368/2004/39
f 2369/2019/40 2370/2020/40 2371/2021/40
f 2372/2022/41 2373/2023/41 2374/2024/41
f 2358/2011/32 2353/2025/32 2354/2026/32 2359/2012/32
f 2355/2008/7 2357/2010/7 2349/2027/7 2348/1990/7
f 2356/2028/28 2361/2029/28 2363/1998/28 2357/1997/28
f 2362/2001/15 2360/2000/15 2359/1999/15 2363/1998/15
f 2369/2019/16 2358/2011/16 2360/2013/16 2370/2020/16
f 2361/2014/17 2372/2030/17 2374/2002/17 2362/2001/17
f 2373/1986/18 2371/1985/18 2370/2003/18 2374/2002/18
f 2364/1981/19 2369/2019/19 2371/1985/19 2365/1982/19
f 2372/1992/20 2366/1995/20 2368/1987/20 2373/1986/20
f 2367/2031/7 2355/2008/7 2348/1990/7 2375/1989/7
f 2357/1997/2 2354/1996/2 2352/2032/2 2349/2033/2
f 2366/2018/21 2356/2009/21 2355/2008/21 2367/2031/21
f 2358/2011/7 2369/2019/7 2364/1981/7 2353/2025/7
f 2351/2034/33 2350/2035/33 2352/2036/33
f 2346/1984/42 2345/2037/42 2347/2038/42
f 2350/2039/24 2348/2040/24 2349/2033/24 2352/2032/24
f 2375/1989/25 2347/1988/25 2345/1983/25 2376/2017/25
f 2351/2034/26 2346/1984/26 2347/2038/26 2350/2035/26
f 2353/2025/4 2364/1981/4 2346/1984/4 2351/2034/4
f 2354/2026/27 2353/2025/27 2351/2034/27 2352/2036/27
f 2452/2041/28 2453/2042/28 2433/2043/28 2434/2044/28
f 2459/2045/2 2461/2046/2 2456/2047/2 2453/2042/2
f 2435/2048/3 2463/2049/3 2436/2050/3 2438/2051/3
f 2460/2052/4 2449/2053/4 2444/2054/4 2454/2055/4
f 2442/2056/5 2445/2057/5 2451/2058/5 2447/2059/5
f 2448/2060/6 2450/2061/6 2462/2062/6 2458/2063/6
f 2456/2064/7 2455/2065/7 2463/2066/7 2464/2067/7
f 2443/2068/29 2444/2069/29 2445/2070/29
f 2446/2071/30 2447/2072/30 2448/2073/30
f 2449/2074/31 2450/2075/31 2451/2076/31
f 2453/2042/5 2456/2047/5 2464/2077/5 2433/2043/5
f 2454/2078/39 2455/2065/39 2456/2064/39
f 2457/2079/40 2458/2080/40 2459/2081/40
f 2460/2082/41 2461/2083/41 2462/2084/41
f 2446/2071/14 2441/2085/14 2442/2086/14 2447/2072/14
f 2443/2068/7 2445/2070/7 2437/2087/7 2436/2050/7
f 2444/2088/1 2449/2089/1 2451/2058/1 2445/2057/1
f 2450/2061/15 2448/2060/15 2447/2059/15 2451/2058/15
f 2457/2079/16 2446/2071/16 2448/2073/16 2458/2080/16
f 2449/2074/17 2460/2090/17 2462/2062/17 2450/2061/17
f 2461/2046/18 2459/2045/18 2458/2063/18 2462/2062/18
f 2452/2041/19 2457/2079/19 2459/2045/19 2453/2042/19
f 2460/2052/20 2454/2055/20 2456/2047/20 2461/2046/20
f 2455/2091/7 2443/2068/7 2436/2050/7 2463/2049/7
f 2445/2057/2 2442/2056/2 2440/2092/2 2437/2093/2
f 2454/2078/21 2444/2069/21 2443/2068/21 2455/2091/21
f 2446/2071/7 2457/2079/7 2452/2041/7 2441/2085/7
f 2439/2094/33 2438/2095/33 2440/2096/33
f 2434/2044/42 2433/2097/42 2435/2098/42
f 2438/2099/24 2436/2100/24 2437/2093/24 2440/2092/24
f 2463/2049/25 2435/2048/25 2433/2043/25 2464/2077/25
f 2439/2094/26 2434/2044/26 2435/2098/26 2438/2095/26
f 2441/2085/4 2452/2041/4 2434/2044/4 2439/2094/4
f 2442/2086/27 2441/2085/27 2439/2094/27 2440/2096/27
f 2540/2101/28 2541/2102/28 2521/2103/28 2522/2104/28
f 2547/2105/2 2549/2106/2 2544/2107/2 2541/2102/2
f 2523/2108/3 2551/2109/3 2524/2110/3 2526/2111/3
f 2548/2112/4 2537/2113/4 2532/2114/4 2542/2115/4
f 2530/2116/5 2533/2117/5 2539/2118/5 2535/2119/5
f 2536/2120/6 2538/2121/6 2550/2122/6 2546/2123/6
f 2544/2124/7 2543/2125/7 2551/2126/7 2552/2127/7
f 2531/2128/29 2532/2129/29 2533/2130/29
f 2534/2131/30 2535/2132/30 2536/2133/30
f 2537/2134/31 2538/2135/31 2539/2136/31
f 2541/2102/5 2544/2107/5 2552/2137/5 2521/2103/5
f 2542/2138/11 2543/2125/11 2544/2124/11
f 2545/2139/34 2546/2140/34 2547/2141/34
f 2548/2142/13 2549/2143/13 2550/2144/13
f 2534/2131/32 2529/2145/32 2530/2146/32 2535/2132/32
f 2531/2128/7 2533/2130/7 2525/2147/7 2524/2110/7
f 2532/2148/28 2537/2149/28 2539/2118/28 2533/2117/28
f 2538/2121/15 2536/2120/15 2535/2119/15 2539/2118/15
f 2545/2139/16 2534/2131/16 2536/2133/16 2546/2140/16
f 2537/2134/17 2548/2150/17 2550/2122/17 2538/2121/17
f 2549/2106/18 2547/2105/18 2546/2123/18 2550/2122/18
f 2540/2101/35 2545/2139/35 2547/2105/35 2541/2102/35
f 2548/2112/27 2542/2115/27 2544/2107/27 2549/2106/27
f 2543/2151/7 2531/2128/7 2524/2110/7 2551/2109/7
f 2533/2117/2 2530/2116/2 2528/2152/2 2525/2153/2
f 2542/2138/21 2532/2129/21 2531/2128/21 2543/2151/21
f 2534/2131/7 2545/2139/7 2540/2101/7 2529/2145/7
f 2527/2154/33 2526/2155/33 2528/2156/33
f 2522/2104/36 2521/2157/36 2523/2158/36
f 2526/2159/24 2524/2160/24 2525/2153/24 2528/2152/24
f 2551/2109/25 2523/2108/25 2521/2103/25 2552/2137/25
f 2527/2154/26 2522/2104/26 2523/2158/26 2526/2155/26
f 2529/2145/4 2540/2101/4 2522/2104/4 2527/2154/4
f 2530/2146/27 2529/2145/27 2527/2154/27 2528/2156/27
f 2628/2161/1 2629/2162/1 2609/2163/1 2610/2164/1
f 2635/2165/2 2637/2166/2 2632/2167/2 2629/2162/2
f 2611/2168/3 2639/2169/3 2612/2170/3 2614/2171/3
f 2636/2172/4 2625/2173/4 2620/2174/4 2630/2175/4
f 2618/2176/5 2621/2177/5 2627/2178/5 2623/2179/5
f 2624/2180/6 2626/2181/6 2638/2182/6 2634/2183/6
f 2632/2184/7 2631/2185/7 2639/2186/7 2640/2187/7
f 2619/2188/29 2620/2189/29 2621/2190/29
f 2622/2191/30 2623/2192/30 2624/2193/30
f 2625/2194/31 2626/2195/31 2627/2196/31
f 2629/2162/5 2632/2167/5 2640/2197/5 2609/2163/5
f 2630/2198/39 2631/2185/39 2632/2184/39
f 2633/2199/40 2634/2200/40 2635/2201/40
f 2636/2202/41 2637/2203/41 2638/2204/41
f 2622/2191/32 2617/2205/32 2618/2206/32 2623/2192/32
f 2619/2188/7 2621/2190/7 2613/2207/7 2612/2170/7
f 2620/2208/28 2625/2209/28 2627/2178/28 2621/2177/28
f 2626/2181/15 2624/2180/15 2623/2179/15 2627/2178/15
f 2633/2199/16 2622/2191/16 2624/2193/16 2634/2200/16
f 2625/2194/17 2636/2210/17 2638/2182/17 2626/2181/17
f 2637/2166/18 2635/2165/18 2634/2183/18 2638/2182/18
f 2628/2161/19 2633/2199/19 2635/2165/19 2629/2162/19
f 2636/2172/20 2630/2175/20 2632/2167/20 2637/2166/20
f 2631/2211/7 2619/2188/7 2612/2170/7 2639/2169/7
f 2621/2177/2 2618/2176/2 2616/2212/2 2613/2213/2
f 2630/2198/21 2620/2189/21 2619/2188/21 2631/2211/21
f 2622/2191/7 2633/2199/7 2628/2161/7 2617/2205/7
f 2615/2214/33 2614/2215/33 2616/2216/33
f 2610/2164/42 2609/2217/42 2611/2218/42
f 2614/2219/24 2612/2220/24 2613/2213/24 2616/2212/24
f 2639/2169/25 2611/2168/25 2609/2163/25 2640/2197/25
f 2615/2214/26 2610/2164/26 2611/2218/26 2614/2215/26
f 2617/2205/4 2628/2161/4 2610/2164/4 2615/2214/4
f 2618/2206/27 2617/2205/27 2615/2214/27 2616/2216/27
f 2660/2221/1 2661/2222/1 2641/2223/1 2642/2224/1
f 2667/2225/2 2669/2226/2 2664/2227/2 2661/2222/2
f 2643/2228/3 2671/2229/3 2644/2230/3 2646/2231/3
f 2668/2232/4 2657/2233/4 2652/2234/4 2662/2235/4
f 2650/2236/5 2653/2237/5 2659/2238/5 2655/2239/5
f 2656/2240/6 2658/2241/6 2670/2242/6 2666/2243/6
f 2664/2244/7 2663/2245/7 2671/2246/7 2672/2247/7
f 2651/2248/8 2652/2249/8 2653/2250/8
f 2654/2251/9 2655/2252/9 2656/2253/9
f 2657/2254/10 2658/2255/10 2659/2256/10
f 2661/2222/5 2664/2227/5 2672/2257/5 2641/2223/5
f 2662/2258/11 2663/2245/11 2664/2244/11
f 2665/2259/12 2666/2260/12 2667/2261/12
f 2668/2262/13 2669/2263/13 2670/2264/13
f 2654/2251/14 2649/2265/14 2650/2266/14 2655/2252/14
f 2651/2248/7 2653/2250/7 2645/2267/7 2644/2230/7
f 2652/2268/1 2657/2269/1 2659/2238/1 2653/2237/1
f 2658/2241/15 2656/2240/15 2655/2239/15 2659/2238/15
f 2665/2259/16 2654/2251/16 2656/2253/16 2666/2260/16
f 2657/2254/17 2668/2270/17 2670/2242/17 2658/2241/17
f 2669/2226/18 2667/2225/18 2666/2243/18 2670/2242/18
f 2660/2221/19 2665/2259/19 2667/2225/19 2661/2222/19
f 2668/2232/20 2662/2235/20 2664/2227/20 2669/2226/20
f 2663/2271/7 2651/2248/7 2644/2230/7 2671/2229/7
f 2653/2237/2 2650/2236/2 2648/2272/2 2645/2273/2
f 2662/2258/21 2652/2249/21 2651/2248/21 2663/2271/21
f 2654/2251/7 2665/2259/7 2660/2221/7 2649/2265/7
f 2647/2274/22 2646/2275/22 2648/2276/22
f 2642/2224/23 2641/2277/23 2643/2278/23
f 2646/2279/24 2644/2280/24 2645/2273/24 2648/2272/24
f 2671/2229/25 2643/2228/25 2641/2223/25 2672/2257/25
f 2647/2274/26 2642/2224/26 2643/2278/26 2646/2275/26
f 2649/2265/4 2660/2221/4 2642/2224/4 2647/2274/4
f 2650/2266/27 2649/2265/27 2647/2274/27 2648/2276/27
f 2748/2281/1 2749/2282/1 2729/2283/1 2730/2284/1
f 2755/2285/2 2757/2286/2 2752/2287/2 2749/2282/2
f 2731/2288/3 2759/2289/3 2732/2290/3 2734/2291/3
f 2756/2292/4 2745/2293/4 2740/2294/4 2750/2295/4
f 2738/2296/5 2741/2297/5 2747/2298/5 2743/2299/5
f 2744/2300/6 2746/2301/6 2758/2302/6 2754/2303/6
f 2752/2304/7 2751/2305/7 2759/2306/7 2760/2307/7
f 2739/2308/29 2740/2309/29 2741/2310/29
f 2742/2311/37 2743/2312/37 2744/2313/37
f 2745/2314/31 2746/2315/31 2747/2316/31
f 2749/2282/5 2752/2287/5 2760/2317/5 2729/2283/5
f 2750/2318/39 2751/2305/39 2752/2304/39
f 2753/2319/40 2754/2320/40 2755/2321/40
f 2756/2322/41 2757/2323/41 2758/2324/41
f 2742/2311/14 2737/2325/14 2738/2326/14 2743/2312/14
f 2739/2308/7 2741/2310/7 2733/2327/7 2732/2290/7
f 2740/2328/1 2745/2329/1 2747/2298/1 2741/2297/1
f 2746/2301/15 2744/2300/15 2743/2299/15 2747/2298/15
f 2753/2319/16 2742/2311/16 2744/2313/16 2754/2320/16
f 2745/2314/17 2756/2330/17 2758/2302/17 2746/2301/17
f 2757/2286/18 2755/2285/18 2754/2303/18 2758/2302/18
f 2748/2281/19 2753/2319/19 2755/2285/19 2749/2282/19
f 2756/2292/20 2750/2295/20 2752/2287/20 2757/2286/20
f 2751/2331/7 2739/2308/7 2732/2290/7 2759/2289/7
f 2741/2297/2 2738/2296/2 2736/2332/2 2733/2333/2
f 2750/2318/21 2740/2309/21 2739/2308/21 2751/2331/21
f 2742/2311/7 2753/2319/7 2748/2281/7 2737/2325/7
f 2735/2334/38 2734/2335/38 2736/2336/38
f 2730/2284/42 2729/2337/42 2731/2338/42
f 2734/2339/24 2732/2340/24 2733/2333/24 2736/2332/24
f 2759/2289/25 2731/2288/25 2729/2283/25 2760/2317/25
f 2735/2334/26 2730/2284/26 2731/2338/26 2734/2335/26
f 2737/2325/4 2748/2281/4 2730/2284/4 2735/2334/4
f 2738/2326/20 2737/2325/20 2735/2334/20 2736/2336/20
f 2836/2341/1 2837/2342/1 2817/2343/1 2818/2344/1
f 2843/2345/2 2845/2346/2 2840/2347/2 2837/2342/2
f 2819/2348/3 2847/2349/3 2820/2350/3 2822/2351/3
f 2844/2352/4 2833/2353/4 2828/2354/4 2838/2355/4
f 2826/2356/5 2829/2357/5 2835/2358/5 2831/2359/5
f 2832/2360/6 2834/2361/6 2846/2362/6 2842/2363/6
f 2840/2364/7 2839/2365/7 2847/2366/7 2848/2367/7
f 2827/2368/8 2828/2369/8 2829/2370/8
f 2830/2371/9 2831/2372/9 2832/2373/9
f 2833/2374/10 2834/2375/10 2835/2376/10
f 2837/2342/5 2840/2347/5 2848/2377/5 2817/2343/5
f 2838/2378/39 2839/2365/39 2840/2364/39
f 2841/2379/40 2842/2380/40 2843/2381/40
f 2844/2382/41 2845/2383/41 2846/2384/41
f 2830/2371/14 2825/2385/14 2826/2386/14 2831/2372/14
f 2827/2368/7 2829/2370/7 2821/2387/7 2820/2350/7
f 2828/2388/1 2833/2389/1 2835/2358/1 2829/2357/1
f 2834/2361/15 2832/2360/15 2831/2359/15 2835/2358/15
f 2841/2379/16 2830/2371/16 2832/2373/16 2842/2380/16
f 2833/2374/17 2844/2390/17 2846/2362/17 2834/2361/17
f 2845/2346/18 2843/2345/18 2842/2363/18 2846/2362/18
f 2836/2341/19 2841/2379/19 2843/2345/19 2837/2342/19
f 2844/2352/20 2838/2355/20 2840/2347/20 2845/2346/20
f 2839/2391/7 2827/2368/7 2820/2350/7 2847/2349/7
f 2829/2357/2 2826/2356/2 2824/2392/2 2821/2393/2
f 2838/2378/21 2828/2369/21 2827/2368/21 2839/2391/21
f 2830/2371/7 2841/2379/7 2836/2341/7 2825/2385/7
f 2823/2394/22 2822/2395/22 2824/2396/22
f 2818/2344/42 2817/2397/42 2819/2398/42
f 2822/2399/24 2820/2400/24 2821/2393/24 2824/2392/24
f 2847/2349/25 2819/2348/25 2817/2343/25 2848/2377/25
f 2823/2394/26 2818/2344/26 2819/2398/26 2822/2395/26
f 2825/2385/4 2836/2341/4 2818/2344/4 2823/2394/4
f 2826/2386/27 2825/2385/27 2823/2394/27 2824/2396/27
f 2868/2401/1 2869/2402/1 2849/2403/1 2850/2404/1
f 2875/2405/2 2877/2406/2 2872/2407/2 2869/2402/2
f 2851/2408/3 2879/2409/3 2852/2410/3 2854/2411/3
f 2876/2412/4 2865/2413/4 2860/2414/4 2870/2415/4
f 2858/2416/5 2861/2417/5 2867/2418/5 2863/2419/5
f 2864/2420/6 2866/2421/6 2878/2422/6 2874/2423/6
f 2872/2424/7 2871/2425/7 2879/2426/7 2880/2427/7
f 2859/2428/29 2860/2429/29 2861/2430/29
f 2862/2431/37 2863/2432/37 2864/2433/37
f 2865/2434/31 2866/2435/31 2867/2436/31
f 2869/2402/5 2872/2407/5 2880/2437/5 2849/2403/5
f 2870/2438/39 2871/2425/39 2872/2424/39
f 2873/2439/40 2874/2440/40 2875/2441/40
f 2876/2442/41 2877/2443/41 2878/2444/41
f 2862/2431/14 2857/2445/14 2858/2446/14 2863/2432/14
f 2859/2428/7 2861/2430/7 2853/2447/7 2852/2410/7
f 2860/2448/1 2865/2449/1 2867/2418/1 2861/2417/1
f 2866/2421/15 2864/2420/15 2863/2419/15 2867/2418/15
f 2873/2439/16 2862/2431/16 2864/2433/16 2874/2440/16
f 2865/2434/17 2876/2450/17 2878/2422/17 2866/2421/17
f 2877/2406/18 2875/2405/18 2874/2423/18 2878/2422/18
f 2868/2401/19 2873/2439/19 2875/2405/19 2869/2402/19
f 2876/2412/20 2870/2415/20 2872/2407/20 2877/2406/20
f 2871/2451/7 2859/2428/7 2852/2410/7 2879/2409/7
f 2861/2417/2 2858/2416/2 2856/2452/2 2853/2453/2
f 2870/2438/21 2860/2429/21 2859/2428/21 2871/2451/21
f 2862/2431/7 2873/2439/7 2868/2401/7 2857/2445/7
f 2855/2454/38 2854/2455/38 2856/2456/38
f 2850/2404/42 2849/2457/42 2851/2458/42
f 2854/2459/24 2852/2460/24 2853/2453/24 2856/2452/24
f 2879/2409/25 2851/2408/25 2849/2403/25 2880/2437/25
f 2855/2454/26 2850/2404/26 2851/2458/26 2854/2455/26
f 2857/2445/4 2868/2401/4 2850/2404/4 2855/2454/4
f 2858/2446/20 2857/2445/20 2855/2454/20 2856/2456/20
f 2956/2461/1 2957/2462/1 2937/2463/1 2938/2464/1
f 2963/2465/2 2965/2466/2 2960/2467/2 2957/2462/2
f 2939/2468/3 2967/2469/3 2940/2470/3 2942/2471/3
f 2964/2472/4 2953/2473/4 2948/2474/4 2958/2475/4
f 2946/2476/5 2949/2477/5 2955/2478/5 2951/2479/5
f 2952/2480/6 2954/2481/6 2966/2482/6 2962/2483/6
f 2960/2484/7 2959/2485/7 2967/2486/7 2968/2487/7
f 2947/2488/8 2948/2489/8 2949/2490/8
f 2950/2491/9 2951/2492/9 2952/2493/9
f 2953/2494/10 2954/2495/10 2955/2496/10
f 2957/2462/5 2960/2467/5 2968/2497/5 2937/2463/5
f 2958/2498/39 2959/2485/39 2960/2484/39
f 2961/2499/40 2962/2500/40 2963/2501/40
f 2964/2502/41 2965/2503/41 2966/2504/41
f 2950/2491/32 2945/2505/32 2946/2506/32 2951/2492/32
f 2947/2488/7 2949/2490/7 2941/2507/7 2940/2470/7
f 2948/2508/28 2953/2509/28 2955/2478/28 2949/2477/28
f 2954/2481/15 2952/2480/15 2951/2479/15 2955/2478/15
f 2961/2499/16 2950/2491/16 2952/2493/16 2962/2500/16
f 2953/2494/17 2964/2510/17 2966/2482/17 2954/2481/17
f 2965/2466/18 2963/2465/18 2962/2483/18 2966/2482/18
f 2956/2461/19 2961/2499/19 2963/2465/19 2957/2462/19
f 2964/2472/20 2958/2475/20 2960/2467/20 2965/2466/20
f 2959/2511/7 2947/2488/7 2940/2470/7 2967/2469/7
f 2949/2477/2 2946/2476/2 2944/2512/2 2941/2513/2
f 2958/2498/21 2948/2489/21 2947/2488/21 2959/2511/21
f 2950/2491/7 2961/2499/7 2956/2461/7 2945/2505/7
f 2943/2514/22 2942/2515/22 2944/2516/22
f 2938/2464/42 2937/2517/42 2939/2518/42
f 2942/2519/24 2940/2520/24 2941/2513/24 2944/2512/24
f 2967/2469/25 2939/2468/25 2937/2463/25 2968/2497/25
f 2943/2514/26 2938/2464/26 2939/2518/26 2942/2515/26
f 2945/2505/4 2956/2461/4 2938/2464/4 2943/2514/4
f 2946/2506/27 2945/2505/27 2943/2514/27 2944/2516/27
f 3044/2521/1 3045/2522/1 3025/2523/1 3026/2524/1
f 3051/2525/2 3053/2526/2 3048/2527/2 3045/2522/2
f 3027/2528/3 3055/2529/3 3028/2530/3 3030/2531/3
f 3052/2532/4 3041/2533/4 3036/2534/4 3046/2535/4
f 3034/2536/5 3037/2537/5 3043/2538/5 3039/2539/5
f 3040/2540/6 3042/2541/6 3054/2542/6 3050/2543/6
f 3048/2544/7 3047/2545/7 3055/2546/7 3056/2547/7
f 3035/2548/8 3036/2549/8 3037/2550/8
f 3038/2551/9 3039/2552/9 3040/2553/9
f 3041/2554/10 3042/2555/10 3043/2556/10
f 3045/2522/5 3048/2527/5 3056/2557/5 3025/2523/5
f 3046/2558/39 3047/2545/39 3048/2544/39
f 3049/2559/40 3050/2560/40 3051/2561/40
f 3052/2562/41 3053/2563/41 3054/2564/41
f 3038/2551/14 3033/2565/14 3034/2566/14 3039/2552/14
f 3035/2548/7 3037/2550/7 3029/2567/7 3028/2530/7
f 3036/2568/1 3041/2569/1 3043/2538/1 3037/2537/1
f 3042/2541/15 3040/2540/15 3039/2539/15 3043/2538/15
f 3049/2559/16 3038/2551/16 3040/2553/16 3050/2560/16
f 3041/2554/17 3052/2570/17 3054/2542/17 3042/2541/17
f 3053/2526/18 3051/2525/18 3050/2543/18 3054/2542/18
f 3044/2521/19 3049/2559/19 3051/2525/19 3045/2522/19
f 3052/2532/20 3046/2535/20 3048/2527/20 3053/2526/20
f 3047/2571/7 3035/2548/7 3028/2530/7 3055/2529/7
f 3037/2537/2 3034/2536/2 3032/2572/2 3029/2573/2
f 3046/2558/21 3036/2549/21 3035/2548/21 3047/2571/21
f 3038/2551/7 3049/2559/7 3044/2521/7 3033/2565/7
f 3031/2574/22 3030/2575/22 3032/2576/22
f 3026/2524/42 3025/2577/42 3027/2578/42
f 3030/2579/24 3028/2580/24 3029/2573/24 3032/2572/24
f 3055/2529/25 3027/2528/25 3025/2523/25 3056/2557/25
f 3031/2574/26 3026/2524/26 3027/2578/26 3030/2575/26
f 3033/2565/4 3044/2521/4 3026/2524/4 3031/2574/4
f 3034/2566/27 3033/2565/27 3031/2574/27 3032/2576/27
f 3132/2581/28 3133/2582/28 3113/2583/28 3114/2584/28
f 3139/2585/2 3141/2586/2 3136/2587/2 3133/2582/2
f 3115/2588/3 3143/2589/3 3116/2590/3 3118/2591/3
f 3140/2592/4 3129/2593/4 3124/2594/4 3134/2595/4
f 3122/2596/5 3125/2597/5 3131/2598/5 3127/2599/5
f 3128/2600/6 3130/2601/6 3142/2602/6 3138/2603/6
f 3136/2604/7 3135/2605/7 3143/2606/7 3144/2607/7
f 3123/2608/8 3124/2609/8 3125/2610/8
f 3126/2611/9 3127/2612/9 3128/2613/9
f 3129/2614/10 3130/2615/10 3131/2616/10
f 3133/2582/5 3136/2587/5 3144/2617/5 3113/2583/5
f 3134/2618/39 3135/2605/39 3136/2604/39
f 3137/2619/40 3138/2620/40 3139/2621/40
f 3140/2622/41 3141/2623/41 3142/2624/41
f 3126/2611/32 3121/2625/32 3122/2626/32 3127/2612/32
f 3123/2608/7 3125/2610/7 3117/2627/7 3116/2590/7
f 3124/2628/28 3129/2629/28 3131/2598/28 3125/2597/28
f 3130/2601/15 3128/2600/15 3127/2599/15 3131/2598/15
f 3137/2619/16 3126/2611/16 3128/2613/16 3138/2620/16
f 3129/2614/17 3140/2630/17 3142/2602/17 3130/2601/17
f 3141/2586/18 3139/2585/18 3138/2603/18 3142/2602/18
f 3132/2581/35 3137/2619/35 3139/2585/35 3133/2582/35
f 3140/2592/27 3134/2595/27 3136/2587/27 3141/2586/27
f 3135/2631/7 3123/2608/7 3116/2590/7 3143/2589/7
f 3125/2597/2 3122/2596/2 3120/2632/2 3117/2633/2
f 3134/2618/21 3124/2609/21 3123/2608/21 3135/2631/21
f 3126/2611/7 3137/2619/7 3132/2581/7 3121/2625/7
f 3119/2634/22 3118/2635/22 3120/2636/22
f 3114/2584/42 3113/2637/42 3115/2638/42
f 3118/2639/24 3116/2640/24 3117/2633/24 3120/2632/24
f 3143/2589/25 3115/2588/25 3113/2583/25 3144/2617/25
f 3119/2634/26 3114/2584/26 3115/2638/26 3118/2635/26
f 3121/2625/4 3132/2581/4 3114/2584/4 3119/2634/4
f 3122/2626/27 3121/2625/27 3119/2634/27 3120/2636/27
f 3164/2641/28 3165/2642/28 3145/2643/28 3146/2644/28
f 3171/2645/2 3173/2646/2 3168/2647/2 3165/2642/2
f 3147/2648/3 3175/2649/3 3148/2650/3 3150/2651/3
f 3172/2652/4 3161/2653/4 3156/2654/4 3166/2655/4
f 3154/2656/5 3157/2657/5 3163/2658/5 3159/2659/5
f 3160/2660/6 3162/2661/6 3174/2662/6 3170/2663/6
f 3168/2664/7 3167/2665/7 3175/2666/7 3176/2667/7
f 3155/2668/8 3156/2669/8 3157/2670/8
f 3158/2671/9 3159/2672/9 3160/2673/9
f 3161/2674/10 3162/2675/10 3163/2676/10
f 3165/2642/5 3168/2647/5 3176/2677/5 3145/2643/5
f 3166/2678/39 3167/2665/39 3168/2664/39
f 3169/2679/40 3170/2680/40 3171/2681/40
f 3172/2682/41 3173/2683/41 3174/2684/41
f 3158/2671/32 3153/2685/32 3154/2686/32 3159/2672/32
f 3155/2668/7 3157/2670/7 3149/2687/7 3148/2650/7
f 3156/2688/28 3161/2689/28 3163/2658/28 3157/2657/28
f 3162/2661/15 3160/2660/15 3159/2659/15 3163/2658/15
f 3169/2679/16 3158/2671/16 3160/2673/16 3170/2680/16
f 3161/2674/17 3172/2690/17 3174/2662/17 3162/2661/17
f 3173/2646/18 3171/2645/18 3170/2663/18 3174/2662/18
f 3164/2641/19 3169/2679/19 3171/2645/19 3165/2642/19
f 3172/2652/20 3166/2655/20 3168/2647/20 3173/2646/20
f 3167/2691/7 3155/2668/7 3148/2650/7 3175/2649/7
f 3157/2657/2 3154/2656/2 3152/2692/2 3149/2693/2
f 3166/2678/21 3156/2669/21 3155/2668/21 3167/2691/21
f 3158/2671/7 3169/2679/7 3164/2641/7 3153/2685/7
f 3151/2694/22 3150/2695/22 3152/2696/22
f 3146/2644/42 3145/2697/42 3147/2698/42
f 3150/2699/24 3148/2700/24 3149/2693/24 3152/2692/24
f 3175/2649/25 3147/2648/25 3145/2643/25 3176/2677/25
f 3151/2694/26 3146/2644/26 3147/2698/26 3150/2695/26
f 3153/2685/4 3164/2641/4 3146/2644/4 3151/2694/4
f 3154/2686/27 3153/2685/27 3151/2694/27 3152/2696/27
f 3252/2701/28 3253/2702/28 3233/2703/28 3234/2704/28
f 3259/2705/2 3261/2706/2 3256/2707/2 3253/2702/2
f 3235/2708/3 3263/2709/3 3236/2710/3 3238/2711/3
f 3260/2712/4 3249/2713/4 3244/2714/4 3254/2715/4
f 3242/2716/5 3245/2717/5 3251/2718/5 3247/2719/5
f 3248/2720/6 3250/2721/6 3262/2722/6 3258/2723/6
f 3256/2724/7 3255/2725/7 3263/2726/7 3264/2727/7
f 3243/2728/29 3244/2729/29 3245/2730/29
f 3246/2731/37 3247/2732/37 3248/2733/37
f 3249/2734/31 3250/2735/31 3251/2736/31
f 3253/2702/5 3256/2707/5 3264/2737/5 3233/2703/5
f 3254/2738/11 3255/2725/11 3256/2724/11
f 3257/2739/12 3258/2740/12 3259/2741/12
f 3260/2742/13 3261/2743/13 3262/2744/13
f 3246/2731/14 3241/2745/14 3242/2746/14 3247/2732/14
f 3243/2728/7 3245/2730/7 3237/2747/7 3236/2710/7
f 3244/2748/1 3249/2749/1 3251/2718/1 3245/2717/1
f 3250/2721/15 3248/2720/15 3247/2719/15 3251/2718/15
f 3257/2739/16 3246/2731/16 3248/2733/16 3258/2740/16
f 3249/2734/17 3260/2750/17 3262/2722/17 3250/2721/17
f 3261/2706/18 3259/2705/18 3258/2723/18 3262/2722/18
f 3252/2701/35 3257/2739/35 3259/2705/35 3253/2702/35
f 3260/2712/27 3254/2715/27 3256/2707/27 3261/2706/27
f 3255/2751/7 3243/2728/7 3236/2710/7 3263/2709/7
f 3245/2717/2 3242/2716/2 3240/2752/2 3237/2753/2
f 3254/2738/21 3244/2729/21 3243/2728/21 3255/2751/21
f 3246/2731/7 3257/2739/7 3252/2701/7 3241/2745/7
f 3239/2754/38 3238/2755/38 3240/2756/38
f 3234/2704/23 3233/2757/23 3235/2758/23
f 3238/2759/24 3236/2760/24 3237/2753/24 3240/2752/24
f 3263/2709/25 3235/2708/25 3233/2703/25 3264/2737/25
f 3239/2754/26 3234/2704/26 3235/2758/26 3238/2755/26
f 3241/2745/4 3252/2701/4 3234/2704/4 3239/2754/4
f 3242/2746/27 3241/2745/27 3239/2754/27 3240/2756/27
f 3340/2761/1 3341/2762/1 3321/2763/1 3322/2764/1
f 3347/2765/2 3349/2766/2 3344/2767/2 3341/2762/2
f 3323/2768/3 3351/2769/3 3324/2770/3 3326/2771/3
f 3348/2772/4 3337/2773/4 3332/2774/4 3342/2775/4
f 3330/2776/5 3333/2777/5 3339/2778/5 3335/2779/5
f 3336/2780/6 3338/2781/6 3350/2782/6 3346/2783/6
f 3344/2784/7 3343/2785/7 3351/2786/7 3352/2787/7
f 3331/2788/29 3332/2789/29 3333/2790/29
f 3334/2791/37 3335/2792/37 3336/2793/37
f 3337/2794/31 3338/2795/31 3339/2796/31
f 3341/2762/5 3344/2767/5 3352/2797/5 3321/2763/5
f 3342/2798/11 3343/2785/11 3344/2784/11
f 3345/2799/12 3346/2800/12 3347/2801/12
f 3348/2802/13 3349/2803/13 3350/2804/13
f 3334/2791/14 3329/2805/14 3330/2806/14 3335/2792/14
f 3331/2788/7 3333/2790/7 3325/2807/7 3324/2770/7
f 3332/2808/1 3337/2809/1 3339/2778/1 3333/2777/1
f 3338/2781/15 3336/2780/15 3335/2779/15 3339/2778/15
f 3345/2799/16 3334/2791/16 3336/2793/16 3346/2800/16
f 3337/2794/17 3348/2810/17 3350/2782/17 3338/2781/17
f 3349/2766/18 3347/2765/18 3346/2783/18 3350/2782/18
f 3340/2761/19 3345/2799/19 3347/2765/19 3341/2762/19
f 3348/2772/20 3342/2775/20 3344/2767/20 3349/2766/20
f 3343/2811/7 3331/2788/7 3324/2770/7 3351/2769/7
f 3333/2777/2 3330/2776/2 3328/2812/2 3325/2813/2
f 3342/2798/21 3332/2789/21 3331/2788/21 3343/2811/21
f 3334/2791/7 3345/2799/7 3340/2761/7 3329/2805/7
f 3327/2814/38 3326/2815/38 3328/2816/38
f 3322/2764/23 3321/2817/23 3323/2818/23
f 3326/2819/24 3324/2820/24 3325/2813/24 3328/2812/24
f 3351/2769/25 3323/2768/25 3321/2763/25 3352/2797/25
f 3327/2814/26 3322/2764/26 3323/2818/26 3326/2815/26
f 3329/2805/4 3340/2761/4 3322/2764/4 3327/2814/4
f 3330/2806/20 3329/2805/20 3327/2814/20 3328/2816/20
f 3372/2821/1 3373/2822/1 3353/2823/1 3354/2824/1
f 3379/2825/2 3381/2826/2 3376/2827/2 3373/2822/2
f 3355/2828/3 3383/2829/3 3356/2830/3 3358/2831/3
f 3380/2832/4 3369/2833/4 3364/2834/4 3374/2835/4
f 3362/2836/5 3365/2837/5 3371/2838/5 3367/2839/5
f 3368/2840/6 3370/2841/6 3382/2842/6 3378/2843/6
f 3376/2844/7 3375/2845/7 3383/2846/7 3384/2847/7
f 3363/2848/44 3364/2849/44 3365/2850/44
f 3366/2851/30 3367/2852/30 3368/2853/30
f 3369/2854/31 3370/2855/31 3371/2856/31
f 3373/2822/5 3376/2827/5 3384/2857/5 3353/2823/5
f 3374/2858/11 3375/2845/11 3376/2844/11
f 3377/2859/12 3378/2860/12 3379/2861/12
f 3380/2862/13 3381/2863/13 3382/2864/13
f 3366/2851/32 3361/2865/32 3362/2866/32 3367/2852/32
f 3363/2848/7 3365/2850/7 3357/2867/7 3356/2830/7
f 3364/2868/28 3369/2869/28 3371/2838/28 3365/2837/28
f 3370/2841/15 3368/2840/15 3367/2839/15 3371/2838/15
f 3377/2859/16 3366/2851/16 3368/2853/16 3378/2860/16
f 3369/2854/17 3380/2870/17 3382/2842/17 3370/2841/17
f 3381/2826/18 3379/2825/18 3378/2843/18 3382/2842/18
f 3372/2821/19 3377/2859/19 3379/2825/19 3373/2822/19
f 3380/2832/20 3374/2835/20 3376/2827/20 3381/2826/20
f 3375/2871/7 3363/2848/7 3356/2830/7 3383/2829/7
f 3365/2837/2 3362/2836/2 3360/2872/2 3357/2873/2
f 3374/2858/21 3364/2849/21 3363/2848/21 3375/2871/21
f 3366/2851/7 3377/2859/7 3372/2821/7 3361/2865/7
f 3359/2874/33 3358/2875/33 3360/2876/33
f 3354/2824/23 3353/2877/23 3355/2878/23
f 3358/2879/24 3356/2880/24 3357/2873/24 3360/2872/24
f 3383/2829/25 3355/2828/25 3353/2823/25 3384/2857/25
f 3359/2874/26 3354/2824/26 3355/2878/26 3358/2875/26
f 3361/2865/4 3372/2821/4 3354/2824/4 3359/2874/4
f 3362/2866/27 3361/2865/27 3359/2874/27 3360/2876/27
f 3460/2881/1 3461/2882/1 3441/2883/1 3442/2884/1
f 3467/2885/2 3469/2886/2 3464/2887/2 3461/2882/2
f 3443/2888/3 3471/2889/3 3444/2890/3 3446/2891/3
f 3468/2892/4 3457/2893/4 3452/2894/4 3462/2895/4
f 3450/2896/5 3453/2897/5 3459/2898/5 3455/2899/5
f 3456/2900/6 3458/2901/6 3470/2902/6 3466/2903/6
f 3464/2904/7 3463/2905/7 3471/2906/7 3472/2907/7
f 3451/2908/44 3452/2909/44 3453/2910/44
f 3454/2911/30 3455/2912/30 3456/2913/30
f 3457/2914/31 3458/2915/31 3459/2916/31
f 3461/2882/5 3464/2887/5 3472/2917/5 3441/2883/5
f 3462/2918/39 3463/2905/39 3464/2904/39
f 3465/2919/40 3466/2920/40 3467/2921/40
f 3468/2922/41 3469/2923/41 3470/2924/41
f 3454/2911/32 3449/2925/32 3450/2926/32 3455/2912/32
f 3451/2908/7 3453/2910/7 3445/2927/7 3444/2890/7
f 3452/2928/28 3457/2929/28 3459/2898/28 3453/2897/28
f 3458/2901/15 3456/2900/15 3455/2899/15 3459/2898/15
f 3465/2919/16 3454/2911/16 3456/2913/16 3466/2920/16
f 3457/2914/17 3468/2930/17 3470/2902/17 3458/2901/17
f 3469/2886/18 3467/2885/18 3466/2903/18 3470/2902/18
f 3460/2881/19 3465/2919/19 3467/2885/19 3461/2882/19
f 3468/2892/20 3462/2895/20 3464/2887/20 3469/2886/20
f 3463/2931/7 3451/2908/7 3444/2890/7 3471/2889/7
f 3453/2897/2 3450/2896/2 3448/2932/2 3445/2933/2
f 3462/2918/21 3452/2909/21 3451/2908/21 3463/2931/21
f 3454/2911/7 3465/2919/7 3460/2881/7 3449/2925/7
f 3447/2934/33 3446/2935/33 3448/2936/33
f 3442/2884/42 3441/2937/42 3443/2938/42
f 3446/2939/24 3444/2940/24 3445/2933/24 3448/2932/24
f 3471/2889/25 3443/2888/25 3441/2883/25 3472/2917/25
f 3447/2934/26 3442/2884/26 3443/2938/26 3446/2935/26
f 3449/2925/4 3460/2881/4 3442/2884/4 3447/2934/4
f 3450/2926/27 3449/2925/27 3447/2934/27 3448/2936/27
f 3548/2941/28 3549/2942/28 3529/2943/28 3530/2944/28
f 3555/2945/2 3557/2946/2 3552/2947/2 3549/2942/2
f 3531/2948/3 3559/2949/3 3532/2950/3 3534/2951/3
f 3556/2952/4 3545/2953/4 3540/2954/4 3550/2955/4
f 3538/2956/5 3541/2957/5 3547/2958/5 3543/2959/5
f 3544/2960/6 3546/2961/6 3558/2962/6 3554/2963/6
f 3552/2964/7 3551/2965/7 3559/2966/7 3560/2967/7
f 3539/2968/29 3540/2969/29 3541/2970/29
f 3542/2971/30 3543/2972/30 3544/2973/30
f 3545/2974/31 3546/2975/31 3547/2976/31
f 3549/2942/5 3552/2947/5 3560/2977/5 3529/2943/5
f 3550/2978/39 3551/2965/39 3552/2964/39
f 3553/2979/40 3554/2980/40 3555/2981/40
f 3556/2982/41 3557/2983/41 3558/2984/41
f 3542/2971/32 3537/2985/32 3538/2986/32 3543/2972/32
f 3539/2968/7 3541/2970/7 3533/2987/7 3532/2950/7
f 3540/2988/28 3545/2989/28 3547/2958/28 3541/2957/28
f 3546/2961/15 3544/2960/15 3543/2959/15 3547/2958/15
f 3553/2979/16 3542/2971/16 3544/2973/16 3554/2980/16
f 3545/2974/17 3556/2990/17 3558/2962/17 3546/2961/17
f 3557/2946/18 3555/2945/18 3554/2963/18 3558/2962/18
f 3548/2941/19 3553/2979/19 3555/2945/19 3549/2942/19
f 3556/2952/20 3550/2955/20 3552/2947/20 3557/2946/20
f 3551/2991/7 3539/2968/7 3532/2950/7 3559/2949/7
f 3541/2957/2 3538/2956/2 3536/2992/2 3533/2993/2
f 3550/2978/21 3540/2969/21 3539/2968/21 3551/2991/21
f 3542/2971/7 3553/2979/7 3548/2941/7 3537/2985/7
f 3535/2994/33 3534/2995/33 3536/2996/33
f 3530/2944/42 3529/2997/42 3531/2998/42
f 3534/2999/24 3532/3000/24 3533/2993/24 3536/2992/24
f 3559/2949/25 3531/2948/25 3529/2943/25 3560/2977/25
f 3535/2994/26 3530/2944/26 3531/2998/26 3534/2995/26
f 3537/2985/4 3548/2941/4 3530/2944/4 3535/2994/4
f 3538/2986/27 3537/2985/27 3535/2994/27 3536/2996/27
f 3636/3001/1 3637/3002/1 3617/3003/1 3618/3004/1
f 3643/3005/2 3645/3006/2 3640/3007/2 3637/3002/2
f 3619/3008/3 3647/3009/3 3620/3010/3 3622/3011/3
f 3644/3012/4 3633/3013/4 3628/3014/4 3638/3015/4
f 3626/3016/5 3629/3017/5 3635/3018/5 3631/3019/5
f 3632/3020/6 3634/3021/6 3646/3022/6 3642/3023/6
f 3640/3024/7 3639/3025/7 3647/3026/7 3648/3027/7
f 3627/3028/8 3628/3029/8 3629/3030/8
f 3630/3031/9 3631/3032/9 3632/3033/9
f 3633/3034/10 3634/3035/10 3635/3036/10
f 3637/3002/5 3640/3007/5 3648/3037/5 3617/3003/5
f 3638/3038/11 3639/3025/11 3640/3024/11
f 3641/3039/12 3642/3040/12 3643/3041/12
f 3644/3042/13 3645/3043/13 3646/3044/13
f 3630/3031/14 3625/3045/14 3626/3046/14 3631/3032/14
f 3627/3028/7 3629/3030/7 3621/3047/7 3620/3010/7
f 3628/3048/1 3633/3049/1 3635/3018/1 3629/3017/1
f 3634/3021/15 3632/3020/15 3631/3019/15 3635/3018/15
f 3641/3039/16 3630/3031/16 3632/3033/16 3642/3040/16
f 3633/3034/17 3644/3050/17 3646/3022/17 3634/3021/17
f 3645/3006/18 3643/3005/18 3642/3023/18 3646/3022/18
f 3636/3001/19 3641/3039/19 3643/3005/19 3637/3002/19
f 3644/3012/20 3638/3015/20 3640/3007/20 3645/3006/20
f 3639/3051/7 3627/3028/7 3620/3010/7 3647/3009/7
f 3629/3017/2 3626/3016/2 3624/3052/2 3621/3053/2
f 3638/3038/21 3628/3029/21 3627/3028/21 3639/3051/21
f 3630/3031/7 3641/3039/7 3636/3001/7 3625/3045/7
f 3623/3054/22 3622/3055/22 3624/3056/22
f 3618/3004/23 3617/3057/23 3619/3058/23
f 3622/3059/24 3620/3060/24 3621/3053/24 3624/3052/24
f 3647/3009/25 3619/3008/25 3617/3003/25 3648/3037/25
f 3623/3054/26 3618/3004/26 3619/3058/26 3622/3055/26
f 3625/3045/4 3636/3001/4 3618/3004/4 3623/3054/4
f 3626/3046/20 3625/3045/20 3623/3054/20 3624/3056/20
usemtl Piano_keys_black
f 63/3061/3 69/3062/3 40/3063/3 34/3064/3
f 77/3065/2 83/3066/2 70/3067/2 62/3068/2
f 82/3069/4 54/3070/4 41/3071/4 68/3072/4
f 35/3073/5 42/3074/5 56/3075/5 48/3076/5
f 49/3077/6 55/3078/6 84/3079/6 76/3080/6
f 33/3081/46 36/3082/46 37/3083/46 39/3084/46
f 34/3064/47 38/3085/47 37/3086/47 36/3087/47
f 35/3073/48 39/3088/48 37/3089/48 38/3090/48
f 40/3063/49 43/3091/49 44/3092/49 46/3093/49
f 41/3071/50 45/3094/50 44/3095/50 43/3096/50
f 42/3074/51 46/3097/51 44/3098/51 45/3099/51
f 47/3100/52 50/3101/52 51/3102/52 53/3103/52
f 48/3076/53 52/3104/53 51/3105/53 50/3106/53
f 49/3077/54 53/3107/54 51/3108/54 52/3104/54
f 54/3070/55 57/3109/55 58/3110/55 60/3111/55
f 55/3078/56 59/3112/56 58/3113/56 57/3114/56
f 56/3075/57 60/3115/57 58/3116/57 59/3112/57
f 61/3117/58 64/3118/58 65/3119/58 67/3120/58
f 62/3068/59 66/3121/59 65/3119/59 64/3118/59
f 63/3061/60 67/3122/60 65/3119/60 66/3121/60
f 68/3072/61 71/3123/61 72/3124/61 74/3125/61
f 69/3062/62 73/3126/62 72/3124/62 71/3127/62
f 70/3067/63 74/3125/63 72/3124/63 73/3126/63
f 75/3128/64 78/3129/64 79/3130/64 81/3131/64
f 76/3080/65 80/3132/65 79/3130/65 78/3133/65
f 77/3065/66 81/3131/66 79/3130/66 80/3132/66
f 82/3069/67 85/3134/67 86/3135/67 88/3136/67
f 83/3066/68 87/3137/68 86/3135/68 85/3134/68
f 84/3079/69 88/3138/69 86/3135/69 87/3137/69
f 47/3100/70 33/3081/70 39/3084/70 50/3101/70
f 50/3106/71 39/3088/71 35/3073/71 48/3076/71
f 34/3064/72 40/3063/72 46/3093/72 38/3085/72
f 38/3090/73 46/3097/73 42/3074/73 35/3073/73
f 41/3071/74 54/3070/74 60/3111/74 45/3094/74
f 45/3099/75 60/3115/75 56/3075/75 42/3074/75
f 55/3078/76 49/3077/76 52/3104/76 59/3112/76
f 59/3112/77 52/3104/77 48/3076/77 56/3075/77
f 75/3128/78 47/3100/78 53/3103/78 78/3129/78
f 78/3133/79 53/3107/79 49/3077/79 76/3080/79
f 54/3070/80 82/3069/80 88/3136/80 57/3109/80
f 57/3114/81 88/3138/81 84/3079/81 55/3078/81
f 83/3066/82 77/3065/82 80/3132/82 87/3137/82
f 87/3137/83 80/3132/83 76/3080/83 84/3079/83
f 61/3117/84 75/3128/84 81/3131/84 64/3118/84
f 64/3118/85 81/3131/85 77/3065/85 62/3068/85
f 82/3069/86 68/3072/86 74/3125/86 85/3134/86
f 85/3134/87 74/3125/87 70/3067/87 83/3066/87
f 69/3062/88 63/3061/88 66/3121/88 73/3126/88
f 73/3126/89 66/3121/89 62/3068/89 70/3067/89
f 33/3081/90 61/3117/90 67/3120/90 36/3082/90
f 36/3087/91 67/3122/91 63/3061/91 34/3064/91
f 68/3072/92 41/3071/92 43/3096/92 71/3123/92
f 71/3127/93 43/3091/93 40/3063/93 69/3062/93
f 47/3100/7 75/3128/7 61/3117/7 33/3081/7
f 183/3139/3 189/3140/3 160/3141/3 154/3142/3
f 197/3143/2 203/3144/2 190/3145/2 182/3146/2
f 202/3147/4 174/3148/4 161/3149/4 188/3150/4
f 155/3151/5 162/3152/5 176/3153/5 168/3154/5
f 169/3155/6 175/3156/6 204/3157/6 196/3158/6
f 153/3159/46 156/3160/46 157/3161/46 159/3162/46
f 154/3142/47 158/3163/47 157/3164/47 156/3165/47
f 155/3151/94 159/3166/94 157/3167/94 158/3168/94
f 160/3141/95 163/3169/95 164/3170/95 166/3171/95
f 161/3149/50 165/3172/50 164/3173/50 163/3174/50
f 162/3152/96 166/3175/96 164/3176/96 165/3177/96
f 167/3178/52 170/3179/52 171/3180/52 173/3181/52
f 168/3154/97 172/3182/97 171/3183/97 170/3184/97
f 169/3155/98 173/3185/98 171/3186/98 172/3182/98
f 174/3148/55 177/3187/55 178/3188/55 180/3189/55
f 175/3156/99 179/3190/99 178/3191/99 177/3192/99
f 176/3153/100 180/3193/100 178/3194/100 179/3190/100
f 181/3195/101 184/3196/101 185/3197/101 187/3198/101
f 182/3146/102 186/3199/102 185/3197/102 184/3196/102
f 183/3139/103 187/3200/103 185/3197/103 186/3199/103
f 188/3150/104 191/3201/104 192/3202/104 194/3203/104
f 189/3140/105 193/3204/105 192/3202/105 191/3205/105
f 190/3145/63 194/3203/63 192/3202/63 193/3204/63
f 195/3206/106 198/3207/106 199/3208/106 201/3209/106
f 196/3158/107 200/3210/107 199/3208/107 198/3211/107
f 197/3143/66 201/3209/66 199/3208/66 200/3210/66
f 202/3147/108 205/3212/108 206/3213/108 208/3214/108
f 203/3144/109 207/3215/109 206/3213/109 205/3212/109
f 204/3157/110 208/3216/110 206/3213/110 207/3215/110
f 167/3178/111 153/3159/111 159/3162/111 170/3179/111
f 170/3184/112 159/3166/112 155/3151/112 168/3154/112
f 154/3142/113 160/3141/113 166/3171/113 158/3163/113
f 158/3168/114 166/3175/114 162/3152/114 155/3151/114
f 161/3149/115 174/3148/115 180/3189/115 165/3172/115
f 165/3177/116 180/3193/116 176/3153/116 162/3152/116
f 175/3156/117 169/3155/117 172/3182/117 179/3190/117
f 179/3190/118 172/3182/118 168/3154/118 176/3153/118
f 195/3206/78 167/3178/78 173/3181/78 198/3207/78
f 198/3211/79 173/3185/79 169/3155/79 196/3158/79
f 174/3148/80 202/3147/80 208/3214/80 177/3187/80
f 177/3192/81 208/3216/81 204/3157/81 175/3156/81
f 203/3144/119 197/3143/119 200/3210/119 207/3215/119
f 207/3215/120 200/3210/120 196/3158/120 204/3157/120
f 181/3195/121 195/3206/121 201/3209/121 184/3196/121
f 184/3196/122 201/3209/122 197/3143/122 182/3146/122
f 202/3147/123 188/3150/123 194/3203/123 205/3212/123
f 205/3212/124 194/3203/124 190/3145/124 203/3144/124
f 189/3140/125 183/3139/125 186/3199/125 193/3204/125
f 193/3204/126 186/3199/126 182/3146/126 190/3145/126
f 153/3159/90 181/3195/90 187/3198/90 156/3160/90
f 156/3165/91 187/3200/91 183/3139/91 154/3142/91
f 188/3150/92 161/3149/92 163/3174/92 191/3201/92
f 191/3205/93 163/3169/93 160/3141/93 189/3140/93
f 167/3178/7 195/3206/7 181/3195/7 153/3159/7
f 271/3217/3 277/3218/3 248/3219/3 242/3220/3
f 285/3221/2 291/3222/2 278/3223/2 270/3224/2
f 290/3225/4 262/3226/4 249/3227/4 276/3228/4
f 243/3229/5 250/3230/5 264/3231/5 256/3232/5
f 257/3233/6 263/3234/6 292/3235/6 284/3236/6
f 241/3237/127 244/3238/127 245/3239/127 247/3240/127
f 242/3220/128 246/3241/128 245/3242/128 244/3243/128
f 243/3229/129 247/3244/129 245/3245/129 246/3246/129
f 248/3219/95 251/3247/95 252/3248/95 254/3249/95
f 249/3227/130 253/3250/130 252/3251/130 251/3252/130
f 250/3230/96 254/3253/96 252/3254/96 253/3255/96
f 255/3256/131 258/3257/131 259/3258/131 261/3259/131
f 256/3232/132 260/3260/132 259/3261/132 258/3262/132
f 257/3233/98 261/3263/98 259/3264/98 260/3260/98
f 262/3226/133 265/3265/133 266/3266/133 268/3267/133
f 263/3234/99 267/3268/99 266/3269/99 265/3270/99
f 264/3231/134 268/3271/134 266/3272/134 267/3268/134
f 269/3273/135 272/3274/135 273/3275/135 275/3276/135
f 270/3224/59 274/3277/59 273/3275/59 272/3274/59
f 271/3217/103 275/3278/103 273/3275/103 274/3277/103
f 276/3228/104 279/3279/104 280/3280/104 282/3281/104
f 277/3218/105 281/3282/105 280/3280/105 279/3283/105
f 278/3223/136 282/3281/136 280/3280/136 281/3282/136
f 283/3284/106 286/3285/106 287/3286/106 289/3287/106
f 284/3236/107 288/3288/107 287/3286/107 286/3289/107
f 285/3221/137 289/3287/137 287/3286/137 288/3288/137
f 290/3225/108 293/3290/108 294/3291/108 296/3292/108
f 291/3222/68 295/3293/68 294/3291/68 293/3290/68
f 292/3235/110 296/3294/110 294/3291/110 295/3293/110
f 255/3256/111 241/3237/111 247/3240/111 258/3257/111
f 258/3262/71 247/3244/71 243/3229/71 256/3232/71
f 242/3220/113 248/3219/113 254/3249/113 246/3241/113
f 246/3246/73 254/3253/73 250/3230/73 243/3229/73
f 249/3227/115 262/3226/115 268/3267/115 253/3250/115
f 253/3255/75 268/3271/75 264/3231/75 250/3230/75
f 263/3234/117 257/3233/117 260/3260/117 267/3268/117
f 267/3268/77 260/3260/77 256/3232/77 264/3231/77
f 283/3284/78 255/3256/78 261/3259/78 286/3285/78
f 286/3289/79 261/3263/79 257/3233/79 284/3236/79
f 262/3226/80 290/3225/80 296/3292/80 265/3265/80
f 265/3270/81 296/3294/81 292/3235/81 263/3234/81
f 291/3222/82 285/3221/82 288/3288/82 295/3293/82
f 295/3293/120 288/3288/120 284/3236/120 292/3235/120
f 269/3273/121 283/3284/121 289/3287/121 272/3274/121
f 272/3274/85 289/3287/85 285/3221/85 270/3224/85
f 290/3225/123 276/3228/123 282/3281/123 293/3290/123
f 293/3290/87 282/3281/87 278/3223/87 291/3222/87
f 277/3218/125 271/3217/125 274/3277/125 281/3282/125
f 281/3282/89 274/3277/89 270/3224/89 278/3223/89
f 241/3237/90 269/3273/90 275/3276/90 244/3238/90
f 244/3243/91 275/3278/91 271/3217/91 242/3220/91
f 276/3228/92 249/3227/92 251/3252/92 279/3279/92
f 279/3283/93 251/3247/93 248/3219/93 277/3218/93
f 255/3256/7 283/3284/7 269/3273/7 241/3237/7
f 391/3295/3 397/3296/3 368/3297/3 362/3298/3
f 405/3299/2 411/3300/2 398/3301/2 390/3302/2
f 410/3303/4 382/3304/4 369/3305/4 396/3306/4
f 363/3307/5 370/3308/5 384/3309/5 376/3310/5
f 377/3311/6 383/3312/6 412/3313/6 404/3314/6
f 361/3315/127 364/3316/127 365/3317/127 367/3318/127
f 362/3298/47 366/3319/47 365/3320/47 364/3321/47
f 363/3307/48 367/3322/48 365/3323/48 366/3324/48
f 368/3297/95 371/3325/95 372/3326/95 374/3327/95
f 369/3305/130 373/3328/130 372/3329/130 371/3330/130
f 370/3308/51 374/3331/51 372/3332/51 373/3333/51
f 375/3334/52 378/3335/52 379/3336/52 381/3337/52
f 376/3310/97 380/3338/97 379/3339/97 378/3340/97
f 377/3311/98 381/3341/98 379/3342/98 380/3338/98
f 382/3304/55 385/3343/55 386/3344/55 388/3345/55
f 383/3312/99 387/3346/99 386/3347/99 385/3348/99
f 384/3309/100 388/3349/100 386/3350/100 387/3346/100
f 389/3351/135 392/3352/135 393/3353/135 395/3354/135
f 390/3302/138 394/3355/138 393/3353/138 392/3352/138
f 391/3295/103 395/3356/103 393/3353/103 394/3355/103
f 396/3306/61 399/3357/61 400/3358/61 402/3359/61
f 397/3296/105 401/3360/105 400/3358/105 399/3361/105
f 398/3301/139 402/3359/139 400/3358/139 401/3360/139
f 403/3362/106 406/3363/106 407/3364/106 409/3365/106
f 404/3314/107 408/3366/107 407/3364/107 406/3367/107
f 405/3299/140 409/3365/140 407/3364/140 408/3366/140
f 410/3303/108 413/3368/108 414/3369/108 416/3370/108
f 411/3300/68 415/3371/68 414/3369/68 413/3368/68
f 412/3313/110 416/3372/110 414/3369/110 415/3371/110
f 375/3334/111 361/3315/111 367/3318/111 378/3335/111
f 378/3340/71 367/3322/71 363/3307/71 376/3310/71
f 362/3298/113 368/3297/113 374/3327/113 366/3319/113
f 366/3324/73 374/3331/73 370/3308/73 363/3307/73
f 369/3305/115 382/3304/115 388/3345/115 373/3328/115
f 373/3333/75 388/3349/75 384/3309/75 370/3308/75
f 383/3312/117 377/3311/117 380/3338/117 387/3346/117
f 387/3346/77 380/3338/77 376/3310/77 384/3309/77
f 403/3362/78 375/3334/78 381/3337/78 406/3363/78
f 406/3367/79 381/3341/79 377/3311/79 404/3314/79
f 382/3304/80 410/3303/80 416/3370/80 385/3343/80
f 385/3348/81 416/3372/81 412/3313/81 383/3312/81
f 411/3300/82 405/3299/82 408/3366/82 415/3371/82
f 415/3371/120 408/3366/120 404/3314/120 412/3313/120
f 389/3351/121 403/3362/121 409/3365/121 392/3352/121
f 392/3352/85 409/3365/85 405/3299/85 390/3302/85
f 410/3303/123 396/3306/123 402/3359/123 413/3368/123
f 413/3368/87 402/3359/87 398/3301/87 411/3300/87
f 397/3296/125 391/3295/125 394/3355/125 401/3360/125
f 401/3360/89 394/3355/89 390/3302/89 398/3301/89
f 361/3315/90 389/3351/90 395/3354/90 364/3316/90
f 364/3321/91 395/3356/91 391/3295/91 362/3298/91
f 396/3306/92 369/3305/92 371/3330/92 399/3357/92
f 399/3361/93 371/3325/93 368/3297/93 397/3296/93
f 375/3334/7 403/3362/7 389/3351/7 361/3315/7
f 479/3373/3 485/3374/3 456/3375/3 450/3376/3
f 493/3377/2 499/3378/2 486/3379/2 478/3380/2
f 498/3381/4 470/3382/4 457/3383/4 484/3384/4
f 451/3385/5 458/3386/5 472/3387/5 464/3388/5
f 465/3389/6 471/3390/6 500/3391/6 492/3392/6
f 449/3393/127 452/3394/127 453/3395/127 455/3396/127
f 450/3376/47 454/3397/47 453/3398/47 452/3399/47
f 451/3385/141 455/3400/141 453/3401/141 454/3402/141
f 456/3375/95 459/3403/95 460/3404/95 462/3405/95
f 457/3383/130 461/3406/130 460/3407/130 459/3408/130
f 458/3386/96 462/3409/96 460/3410/96 461/3411/96
f 463/3412/52 466/3413/52 467/3414/52 469/3415/52
f 464/3388/142 468/3416/142 467/3417/142 466/3418/142
f 465/3389/98 469/3419/98 467/3420/98 468/3416/98
f 470/3382/55 473/3421/55 474/3422/55 476/3423/55
f 471/3390/99 475/3424/99 474/3425/99 473/3426/99
f 472/3387/143 476/3427/143 474/3428/143 475/3424/143
f 477/3429/135 480/3430/135 481/3431/135 483/3432/135
f 478/3380/144 482/3433/144 481/3431/144 480/3430/144
f 479/3373/145 483/3434/145 481/3431/145 482/3433/145
f 484/3384/104 487/3435/104 488/3436/104 490/3437/104
f 485/3374/146 489/3438/146 488/3436/146 487/3439/146
f 486/3379/136 490/3437/136 488/3436/136 489/3438/136
f 491/3440/106 494/3441/106 495/3442/106 497/3443/106
f 492/3392/107 496/3444/107 495/3442/107 494/3445/107
f 493/3377/66 497/3443/66 495/3442/66 496/3444/66
f 498/3381/108 501/3446/108 502/3447/108 504/3448/108
f 499/3378/68 503/3449/68 502/3447/68 501/3446/68
f 500/3391/147 504/3450/147 502/3447/147 503/3449/147
f 463/3412/111 449/3393/111 455/3396/111 466/3413/111
f 466/3418/112 455/3400/112 451/3385/112 464/3388/112
f 450/3376/113 456/3375/113 462/3405/113 454/3397/113
f 454/3402/114 462/3409/114 458/3386/114 451/3385/114
f 457/3383/115 470/3382/115 476/3423/115 461/3406/115
f 461/3411/116 476/3427/116 472/3387/116 458/3386/116
f 471/3390/117 465/3389/117 468/3416/117 475/3424/117
f 475/3424/118 468/3416/118 464/3388/118 472/3387/118
f 491/3440/78 463/3412/78 469/3415/78 494/3441/78
f 494/3445/79 469/3419/79 465/3389/79 492/3392/79
f 470/3382/80 498/3381/80 504/3448/80 473/3421/80
f 473/3426/81 504/3450/81 500/3391/81 471/3390/81
f 499/3378/119 493/3377/119 496/3444/119 503/3449/119
f 503/3449/83 496/3444/83 492/3392/83 500/3391/83
f 477/3429/121 491/3440/121 497/3443/121 480/3430/121
f 480/3430/148 497/3443/148 493/3377/148 478/3380/148
f 498/3381/123 484/3384/123 490/3437/123 501/3446/123
f 501/3446/149 490/3437/149 486/3379/149 499/3378/149
f 485/3374/88 479/3373/88 482/3433/88 489/3438/88
f 489/3438/126 482/3433/126 478/3380/126 486/3379/126
f 449/3393/90 477/3429/90 483/3432/90 452/3394/90
f 452/3399/91 483/3434/91 479/3373/91 450/3376/91
f 484/3384/92 457/3383/92 459/3408/92 487/3435/92
f 487/3439/93 459/3403/93 456/3375/93 485/3374/93
f 463/3412/7 491/3440/7 477/3429/7 449/3393/7
f 567/3451/3 573/3452/3 544/3453/3 538/3454/3
f 581/3455/2 587/3456/2 574/3457/2 566/3458/2
f 586/3459/4 558/3460/4 545/3461/4 572/3462/4
f 539/3463/5 546/3464/5 560/3465/5 552/3466/5
f 553/3467/6 559/3468/6 588/3469/6 580/3470/6
f 537/3471/127 540/3472/127 541/3473/127 543/3474/127
f 538/3454/150 542/3475/150 541/3476/150 540/3477/150
f 539/3463/151 543/3478/151 541/3479/151 542/3480/151
f 544/3453/152 547/3481/152 548/3482/152 550/3483/152
f 545/3461/130 549/3484/130 548/3485/130 547/3486/130
f 546/3464/51 550/3487/51 548/3488/51 549/3489/51
f 551/3490/52 554/3491/52 555/3492/52 557/3493/52
f 552/3466/97 556/3494/97 555/3495/97 554/3496/97
f 553/3467/153 557/3497/153 555/3498/153 556/3494/153
f 558/3460/55 561/3499/55 562/3500/55 564/3501/55
f 559/3468/56 563/3502/56 562/3503/56 561/3504/56
f 560/3465/100 564/3505/100 562/3506/100 563/3502/100
f 565/3507/58 568/3508/58 569/3509/58 571/3510/58
f 566/3458/59 570/3511/59 569/3509/59 568/3508/59
f 567/3451/154 571/3512/154 569/3509/154 570/3511/154
f 572/3462/61 575/3513/61 576/3514/61 578/3515/61
f 573/3452/155 577/3516/155 576/3514/155 575/3517/155
f 574/3457/136 578/3515/136 576/3514/136 577/3516/136
f 579/3518/156 582/3519/156 583/3520/156 585/3521/156
f 580/3470/157 584/3522/157 583/3520/157 582/3523/157
f 581/3455/66 585/3521/66 583/3520/66 584/3522/66
f 586/3459/108 589/3524/108 590/3525/108 592/3526/108
f 587/3456/109 591/3527/109 590/3525/109 589/3524/109
f 588/3469/158 592/3528/158 590/3525/158 591/3527/158
f 551/3490/111 537/3471/111 543/3474/111 554/3491/111
f 554/3496/112 543/3478/112 539/3463/112 552/3466/112
f 538/3454/72 544/3453/72 550/3483/72 542/3475/72
f 542/3480/114 550/3487/114 546/3464/114 539/3463/114
f 545/3461/115 558/3460/115 564/3501/115 549/3484/115
f 549/3489/116 564/3505/116 560/3465/116 546/3464/116
f 559/3468/76 553/3467/76 556/3494/76 563/3502/76
f 563/3502/118 556/3494/118 552/3466/118 560/3465/118
f 579/3518/78 551/3490/78 557/3493/78 582/3519/78
f 582/3523/79 557/3497/79 553/3467/79 580/3470/79
f 558/3460/80 586/3459/80 592/3526/80 561/3499/80
f 561/3504/81 592/3528/81 588/3469/81 559/3468/81
f 587/3456/119 581/3455/119 584/3522/119 591/3527/119
f 591/3527/83 584/3522/83 580/3470/83 588/3469/83
f 565/3507/84 579/3518/84 585/3521/84 568/3508/84
f 568/3508/148 585/3521/148 581/3455/148 566/3458/148
f 586/3459/86 572/3462/86 578/3515/86 589/3524/86
f 589/3524/149 578/3515/149 574/3457/149 587/3456/149
f 573/3452/88 567/3451/88 570/3511/88 577/3516/88
f 577/3516/126 570/3511/126 566/3458/126 574/3457/126
f 537/3471/90 565/3507/90 571/3510/90 540/3472/90
f 540/3477/91 571/3512/91 567/3451/91 538/3454/91
f 572/3462/92 545/3461/92 547/3486/92 575/3513/92
f 575/3517/93 547/3481/93 544/3453/93 573/3452/93
f 551/3490/7 579/3518/7 565/3507/7 537/3471/7
f 687/3529/3 693/3530/3 664/3531/3 658/3532/3
f 701/3533/2 707/3534/2 694/3535/2 686/3536/2
f 706/3537/4 678/3538/4 665/3539/4 692/3540/4
f 659/3541/5 666/3542/5 680/3543/5 672/3544/5
f 673/3545/6 679/3546/6 708/3547/6 700/3548/6
f 657/3549/127 660/3550/127 661/3551/127 663/3552/127
f 658/3532/128 662/3553/128 661/3554/128 660/3555/128
f 659/3541/48 663/3556/48 661/3557/48 662/3558/48
f 664/3531/95 667/3559/95 668/3560/95 670/3561/95
f 665/3539/130 669/3562/130 668/3563/130 667/3564/130
f 666/3542/159 670/3565/159 668/3566/159 669/3567/159
f 671/3568/52 674/3569/52 675/3570/52 677/3571/52
f 672/3544/53 676/3572/53 675/3573/53 674/3574/53
f 673/3545/98 677/3575/98 675/3576/98 676/3572/98
f 678/3538/55 681/3577/55 682/3578/55 684/3579/55
f 679/3546/99 683/3580/99 682/3581/99 681/3582/99
f 680/3543/57 684/3583/57 682/3584/57 683/3580/57
f 685/3585/58 688/3586/58 689/3587/58 691/3588/58
f 686/3536/160 690/3589/160 689/3587/160 688/3586/160
f 687/3529/154 691/3590/154 689/3587/154 690/3589/154
f 692/3540/61 695/3591/61 696/3592/61 698/3593/61
f 693/3530/155 697/3594/155 696/3592/155 695/3595/155
f 694/3535/161 698/3593/161 696/3592/161 697/3594/161
f 699/3596/106 702/3597/106 703/3598/106 705/3599/106
f 700/3548/157 704/3600/157 703/3598/157 702/3601/157
f 701/3533/162 705/3599/162 703/3598/162 704/3600/162
f 706/3537/108 709/3602/108 710/3603/108 712/3604/108
f 707/3534/163 711/3605/163 710/3603/163 709/3602/163
f 708/3547/164 712/3606/164 710/3603/164 711/3605/164
f 671/3568/111 657/3549/111 663/3552/111 674/3569/111
f 674/3574/71 663/3556/71 659/3541/71 672/3544/71
f 658/3532/113 664/3531/113 670/3561/113 662/3553/113
f 662/3558/73 670/3565/73 666/3542/73 659/3541/73
f 665/3539/115 678/3538/115 684/3579/115 669/3562/115
f 669/3567/75 684/3583/75 680/3543/75 666/3542/75
f 679/3546/117 673/3545/117 676/3572/117 683/3580/117
f 683/3580/77 676/3572/77 672/3544/77 680/3543/77
f 699/3596/78 671/3568/78 677/3571/78 702/3597/78
f 702/3601/79 677/3575/79 673/3545/79 700/3548/79
f 678/3538/80 706/3537/80 712/3604/80 681/3577/80
f 681/3582/81 712/3606/81 708/3547/81 679/3546/81
f 707/3534/119 701/3533/119 704/3600/119 711/3605/119
f 711/3605/83 704/3600/83 700/3548/83 708/3547/83
f 685/3585/84 699/3596/84 705/3599/84 688/3586/84
f 688/3586/148 705/3599/148 701/3533/148 686/3536/148
f 706/3537/86 692/3540/86 698/3593/86 709/3602/86
f 709/3602/149 698/3593/149 694/3535/149 707/3534/149
f 693/3530/88 687/3529/88 690/3589/88 697/3594/88
f 697/3594/126 690/3589/126 686/3536/126 694/3535/126
f 657/3549/90 685/3585/90 691/3588/90 660/3550/90
f 660/3555/91 691/3590/91 687/3529/91 658/3532/91
f 692/3540/92 665/3539/92 667/3564/92 695/3591/92
f 695/3595/93 667/3559/93 664/3531/93 693/3530/93
f 671/3568/7 699/3596/7 685/3585/7 657/3549/7
f 775/3607/3 781/3608/3 752/3609/3 746/3610/3
f 789/3611/2 795/3612/2 782/3613/2 774/3614/2
f 794/3615/4 766/3616/4 753/3617/4 780/3618/4
f 747/3619/5 754/3620/5 768/3621/5 760/3622/5
f 761/3623/6 767/3624/6 796/3625/6 788/3626/6
f 745/3627/127 748/3628/127 749/3629/127 751/3630/127
f 746/3610/47 750/3631/47 749/3632/47 748/3633/47
f 747/3619/141 751/3634/141 749/3635/141 750/3636/141
f 752/3609/95 755/3637/95 756/3638/95 758/3639/95
f 753/3617/130 757/3640/130 756/3641/130 755/3642/130
f 754/3620/96 758/3643/96 756/3644/96 757/3645/96
f 759/3646/52 762/3647/52 763/3648/52 765/3649/52
f 760/3622/142 764/3650/142 763/3651/142 762/3652/142
f 761/3623/98 765/3653/98 763/3654/98 764/3650/98
f 766/3616/55 769/3655/55 770/3656/55 772/3657/55
f 767/3624/99 771/3658/99 770/3659/99 769/3660/99
f 768/3621/134 772/3661/134 770/3662/134 771/3658/134
f 773/3663/135 776/3664/135 777/3665/135 779/3666/135
f 774/3614/160 778/3667/160 777/3665/160 776/3664/160
f 775/3607/154 779/3668/154 777/3665/154 778/3667/154
f 780/3618/61 783/3669/61 784/3670/61 786/3671/61
f 781/3608/155 785/3672/155 784/3670/155 783/3673/155
f 782/3613/136 786/3671/136 784/3670/136 785/3672/136
f 787/3674/156 790/3675/156 791/3676/156 793/3677/156
f 788/3626/165 792/3678/165 791/3676/165 790/3679/165
f 789/3611/137 793/3677/137 791/3676/137 792/3678/137
f 794/3615/108 797/3680/108 798/3681/108 800/3682/108
f 795/3612/163 799/3683/163 798/3681/163 797/3680/163
f 796/3625/164 800/3684/164 798/3681/164 799/3683/164
f 759/3646/111 745/3627/111 751/3630/111 762/3647/111
f 762/3652/112 751/3634/112 747/3619/112 760/3622/112
f 746/3610/113 752/3609/113 758/3639/113 750/3631/113
f 750/3636/114 758/3643/114 754/3620/114 747/3619/114
f 753/3617/115 766/3616/115 772/3657/115 757/3640/115
f 757/3645/116 772/3661/116 768/3621/116 754/3620/116
f 767/3624/117 761/3623/117 764/3650/117 771/3658/117
f 771/3658/118 764/3650/118 760/3622/118 768/3621/118
f 787/3674/78 759/3646/78 765/3649/78 790/3675/78
f 790/3679/79 765/3653/79 761/3623/79 788/3626/79
f 766/3616/80 794/3615/80 800/3682/80 769/3655/80
f 769/3660/81 800/3684/81 796/3625/81 767/3624/81
f 795/3612/119 789/3611/119 792/3678/119 799/3683/119
f 799/3683/83 792/3678/83 788/3626/83 796/3625/83
f 773/3663/84 787/3674/84 793/3677/84 776/3664/84
f 776/3664/148 793/3677/148 789/3611/148 774/3614/148
f 794/3615/86 780/3618/86 786/3671/86 797/3680/86
f 797/3680/149 786/3671/149 782/3613/149 795/3612/149
f 781/3608/88 775/3607/88 778/3667/88 785/3672/88
f 785/3672/126 778/3667/126 774/3614/126 782/3613/126
f 745/3627/90 773/3663/90 779/3666/90 748/3628/90
f 748/3633/91 779/3668/91 775/3607/91 746/3610/91
f 780/3618/92 753/3617/92 755/3642/92 783/3669/92
f 783/3673/93 755/3637/93 752/3609/93 781/3608/93
f 759/3646/7 787/3674/7 773/3663/7 745/3627/7
f 895/3685/3 901/3686/3 872/3687/3 866/3688/3
f 909/3689/2 915/3690/2 902/3691/2 894/3692/2
f 914/3693/4 886/3694/4 873/3695/4 900/3696/4
f 867/3697/5 874/3698/5 888/3699/5 880/3700/5
f 881/3701/6 887/3702/6 916/3703/6 908/3704/6
f 865/3705/127 868/3706/127 869/3707/127 871/3708/127
f 866/3688/150 870/3709/150 869/3710/150 868/3711/150
f 867/3697/48 871/3712/48 869/3713/48 870/3714/48
f 872/3687/152 875/3715/152 876/3716/152 878/3717/152
f 873/3695/130 877/3718/130 876/3719/130 875/3720/130
f 874/3698/159 878/3721/159 876/3722/159 877/3723/159
f 879/3724/52 882/3725/52 883/3726/52 885/3727/52
f 880/3700/53 884/3728/53 883/3729/53 882/3730/53
f 881/3701/153 885/3731/153 883/3732/153 884/3728/153
f 886/3694/55 889/3733/55 890/3734/55 892/3735/55
f 887/3702/56 891/3736/56 890/3737/56 889/3738/56
f 888/3699/57 892/3739/57 890/3740/57 891/3736/57
f 893/3741/58 896/3742/58 897/3743/58 899/3744/58
f 894/3692/166 898/3745/166 897/3743/166 896/3742/166
f 895/3685/167 899/3746/167 897/3743/167 898/3745/167
f 900/3696/61 903/3747/61 904/3748/61 906/3749/61
f 901/3686/155 905/3750/155 904/3748/155 903/3751/155
f 902/3691/136 906/3749/136 904/3748/136 905/3750/136
f 907/3752/156 910/3753/156 911/3754/156 913/3755/156
f 908/3704/157 912/3756/157 911/3754/157 910/3757/157
f 909/3689/137 913/3755/137 911/3754/137 912/3756/137
f 914/3693/67 917/3758/67 918/3759/67 920/3760/67
f 915/3690/68 919/3761/68 918/3759/68 917/3758/68
f 916/3703/164 920/3762/164 918/3759/164 919/3761/164
f 879/3724/111 865/3705/111 871/3708/111 882/3725/111
f 882/3730/112 871/3712/112 867/3697/112 880/3700/112
f 866/3688/72 872/3687/72 878/3717/72 870/3709/72
f 870/3714/114 878/3721/114 874/3698/114 867/3697/114
f 873/3695/115 886/3694/115 892/3735/115 877/3718/115
f 877/3723/116 892/3739/116 888/3699/116 874/3698/116
f 887/3702/76 881/3701/76 884/3728/76 891/3736/76
f 891/3736/118 884/3728/118 880/3700/118 888/3699/118
f 907/3752/78 879/3724/78 885/3727/78 910/3753/78
f 910/3757/79 885/3731/79 881/3701/79 908/3704/79
f 886/3694/80 914/3693/80 920/3760/80 889/3733/80
f 889/3738/81 920/3762/81 916/3703/81 887/3702/81
f 915/3690/119 909/3689/119 912/3756/119 919/3761/119
f 919/3761/83 912/3756/83 908/3704/83 916/3703/83
f 893/3741/84 907/3752/84 913/3755/84 896/3742/84
f 896/3742/122 913/3755/122 909/3689/122 894/3692/122
f 914/3693/86 900/3696/86 906/3749/86 917/3758/86
f 917/3758/124 906/3749/124 902/3691/124 915/3690/124
f 901/3686/88 895/3685/88 898/3745/88 905/3750/88
f 905/3750/126 898/3745/126 894/3692/126 902/3691/126
f 865/3705/90 893/3741/90 899/3744/90 868/3706/90
f 868/3711/91 899/3746/91 895/3685/91 866/3688/91
f 900/3696/92 873/3695/92 875/3720/92 903/3747/92
f 903/3751/93 875/3715/93 872/3687/93 901/3686/93
f 879/3724/7 907/3752/7 893/3741/7 865/3705/7
f 983/3763/3 989/3764/3 960/3765/3 954/3766/3
f 997/3767/2 1003/3768/2 990/3769/2 982/3770/2
f 1002/3771/4 974/3772/4 961/3773/4 988/3774/4
f 955/3775/5 962/3776/5 976/3777/5 968/3778/5
f 969/3779/6 975/3780/6 1004/3781/6 996/3782/6
f 953/3783/46 956/3784/46 957/3785/46 959/3786/46
f 954/3766/168 958/3787/168 957/3788/168 956/3789/168
f 955/3775/141 959/3790/141 957/3791/141 958/3792/141
f 960/3765/49 963/3793/49 964/3794/49 966/3795/49
f 961/3773/50 965/3796/50 964/3797/50 963/3798/50
f 962/3776/96 966/3799/96 964/3800/96 965/3801/96
f 967/3802/131 970/3803/131 971/3804/131 973/3805/131
f 968/3778/142 972/3806/142 971/3807/142 970/3808/142
f 969/3779/169 973/3809/169 971/3810/169 972/3806/169
f 974/3772/55 977/3811/55 978/3812/55 980/3813/55
f 975/3780/170 979/3814/170 978/3815/170 977/3816/170
f 976/3777/134 980/3817/134 978/3818/134 979/3814/134
f 981/3819/58 984/3820/58 985/3821/58 987/3822/58
f 982/3770/166 986/3823/166 985/3821/166 984/3820/166
f 983/3763/171 987/3824/171 985/3821/171 986/3823/171
f 988/3774/61 991/3825/61 992/3826/61 994/3827/61
f 989/3764/172 993/3828/172 992/3826/172 991/3829/172
f 990/3769/136 994/3827/136 992/3826/136 993/3828/136
f 995/3830/156 998/3831/156 999/3832/156 1001/3833/156
f 996/3782/173 1000/3834/173 999/3832/173 998/3835/173
f 997/3767/66 1001/3833/66 999/3832/66 1000/3834/66
f 1002/3771/67 1005/3836/67 1006/3837/67 1008/3838/67
f 1003/3768/68 1007/3839/68 1006/3837/68 1005/3836/68
f 1004/3781/174 1008/3840/174 1006/3837/174 1007/3839/174
f 967/3802/70 953/3783/70 959/3786/70 970/3803/70
f 970/3808/112 959/3790/112 955/3775/112 968/3778/112
f 954/3766/72 960/3765/72 966/3795/72 958/3787/72
f 958/3792/114 966/3799/114 962/3776/114 955/3775/114
f 961/3773/74 974/3772/74 980/3813/74 965/3796/74
f 965/3801/116 980/3817/116 976/3777/116 962/3776/116
f 975/3780/76 969/3779/76 972/3806/76 979/3814/76
f 979/3814/118 972/3806/118 968/3778/118 976/3777/118
f 995/3830/78 967/3802/78 973/3805/78 998/3831/78
f 998/3835/79 973/3809/79 969/3779/79 996/3782/79
f 974/3772/80 1002/3771/80 1008/3838/80 977/3811/80
f 977/3816/81 1008/3840/81 1004/3781/81 975/3780/81
f 1003/3768/119 997/3767/119 1000/3834/119 1007/3839/119
f 1007/3839/83 1000/3834/83 996/3782/83 1004/3781/83
f 981/3819/84 995/3830/84 1001/3833/84 984/3820/84
f 984/3820/148 1001/3833/148 997/3767/148 982/3770/148
f 1002/3771/86 988/3774/86 994/3827/86 1005/3836/86
f 1005/3836/149 994/3827/149 990/3769/149 1003/3768/149
f 989/3764/88 983/3763/88 986/3823/88 993/3828/88
f 993/3828/126 986/3823/126 982/3770/126 990/3769/126
f 953/3783/90 981/3819/90 987/3822/90 956/3784/90
f 956/3789/91 987/3824/91 983/3763/91 954/3766/91
f 988/3774/92 961/3773/92 963/3798/92 991/3825/92
f 991/3829/93 963/3793/93 960/3765/93 989/3764/93
f 967/3802/7 995/3830/7 981/3819/7 953/3783/7
f 1071/3841/3 1077/3842/3 1048/3843/3 1042/3844/3
f 1085/3845/2 1091/3846/2 1078/3847/2 1070/3848/2
f 1090/3849/4 1062/3850/4 1049/3851/4 1076/3852/4
f 1043/3853/5 1050/3854/5 1064/3855/5 1056/3856/5
f 1057/3857/6 1063/3858/6 1092/3859/6 1084/3860/6
f 1041/3861/127 1044/3862/127 1045/3863/127 1047/3864/127
f 1042/3844/128 1046/3865/128 1045/3866/128 1044/3867/128
f 1043/3853/175 1047/3868/175 1045/3869/175 1046/3870/175
f 1048/3843/176 1051/3871/176 1052/3872/176 1054/3873/176
f 1049/3851/130 1053/3874/130 1052/3875/130 1051/3876/130
f 1050/3854/159 1054/3877/159 1052/3878/159 1053/3879/159
f 1055/3880/52 1058/3881/52 1059/3882/52 1061/3883/52
f 1056/3856/97 1060/3884/97 1059/3885/97 1058/3886/97
f 1057/3857/177 1061/3887/177 1059/3888/177 1060/3884/177
f 1062/3850/55 1065/3889/55 1066/3890/55 1068/3891/55
f 1063/3858/99 1067/3892/99 1066/3893/99 1065/3894/99
f 1064/3855/100 1068/3895/100 1066/3896/100 1067/3892/100
f 1069/3897/58 1072/3898/58 1073/3899/58 1075/3900/58
f 1070/3848/178 1074/3901/178 1073/3899/178 1072/3898/178
f 1071/3841/154 1075/3902/154 1073/3899/154 1074/3901/154
f 1076/3852/61 1079/3903/61 1080/3904/61 1082/3905/61
f 1077/3842/172 1081/3906/172 1080/3904/172 1079/3907/172
f 1078/3847/136 1082/3905/136 1080/3904/136 1081/3906/136
f 1083/3908/156 1086/3909/156 1087/3910/156 1089/3911/156
f 1084/3860/173 1088/3912/173 1087/3910/173 1086/3913/173
f 1085/3845/162 1089/3911/162 1087/3910/162 1088/3912/162
f 1090/3849/67 1093/3914/67 1094/3915/67 1096/3916/67
f 1091/3846/163 1095/3917/163 1094/3915/163 1093/3914/163
f 1092/3859/174 1096/3918/174 1094/3915/174 1095/3917/174
f 1055/3880/111 1041/3861/111 1047/3864/111 1058/3881/111
f 1058/3886/112 1047/3868/112 1043/3853/112 1056/3856/112
f 1042/3844/113 1048/3843/113 1054/3873/113 1046/3865/113
f 1046/3870/114 1054/3877/114 1050/3854/114 1043/3853/114
f 1049/3851/115 1062/3850/115 1068/3891/115 1053/3874/115
f 1053/3879/116 1068/3895/116 1064/3855/116 1050/3854/116
f 1063/3858/117 1057/3857/117 1060/3884/117 1067/3892/117
f 1067/3892/118 1060/3884/118 1056/3856/118 1064/3855/118
f 1083/3908/78 1055/3880/78 1061/3883/78 1086/3909/78
f 1086/3913/79 1061/3887/79 1057/3857/79 1084/3860/79
f 1062/3850/80 1090/3849/80 1096/3916/80 1065/3889/80
f 1065/3894/81 1096/3918/81 1092/3859/81 1063/3858/81
f 1091/3846/119 1085/3845/119 1088/3912/119 1095/3917/119
f 1095/3917/83 1088/3912/83 1084/3860/83 1092/3859/83
f 1069/3897/84 1083/3908/84 1089/3911/84 1072/3898/84
f 1072/3898/122 1089/3911/122 1085/3845/122 1070/3848/122
f 1090/3849/86 1076/3852/86 1082/3905/86 1093/3914/86
f 1093/3914/124 1082/3905/124 1078/3847/124 1091/3846/124
f 1077/3842/88 1071/3841/88 1074/3901/88 1081/3906/88
f 1081/3906/126 1074/3901/126 1070/3848/126 1078/3847/126
f 1041/3861/90 1069/3897/90 1075/3900/90 1044/3862/90
f 1044/3867/91 1075/3902/91 1071/3841/91 1042/3844/91
f 1076/3852/92 1049/3851/92 1051/3876/92 1079/3903/92
f 1079/3907/93 1051/3871/93 1048/3843/93 1077/3842/93
f 1055/3880/7 1083/3908/7 1069/3897/7 1041/3861/7
f 1191/3919/3 1197/3920/3 1168/3921/3 1162/3922/3
f 1205/3923/2 1211/3924/2 1198/3925/2 1190/3926/2
f 1210/3927/4 1182/3928/4 1169/3929/4 1196/3930/4
f 1163/3931/5 1170/3932/5 1184/3933/5 1176/3934/5
f 1177/3935/6 1183/3936/6 1212/3937/6 1204/3938/6
f 1161/3939/127 1164/3940/127 1165/3941/127 1167/3942/127
f 1162/3922/47 1166/3943/47 1165/3944/47 1164/3945/47
f 1163/3931/48 1167/3946/48 1165/3947/48 1166/3948/48
f 1168/3921/95 1171/3949/95 1172/3950/95 1174/3951/95
f 1169/3929/130 1173/3952/130 1172/3953/130 1171/3954/130
f 1170/3932/51 1174/3955/51 1172/3956/51 1173/3957/51
f 1175/3958/52 1178/3959/52 1179/3960/52 1181/3961/52
f 1176/3934/97 1180/3962/97 1179/3963/97 1178/3964/97
f 1177/3935/98 1181/3965/98 1179/3966/98 1180/3962/98
f 1182/3928/55 1185/3967/55 1186/3968/55 1188/3969/55
f 1183/3936/99 1187/3970/99 1186/3971/99 1185/3972/99
f 1184/3933/100 1188/3973/100 1186/3974/100 1187/3970/100
f 1189/3975/135 1192/3976/135 1193/3977/135 1195/3978/135
f 1190/3926/179 1194/3979/179 1193/3977/179 1192/3976/179
f 1191/3919/154 1195/3980/154 1193/3977/154 1194/3979/154
f 1196/3930/61 1199/3981/61 1200/3982/61 1202/3983/61
f 1197/3920/155 1201/3984/155 1200/3982/155 1199/3985/155
f 1198/3925/136 1202/3983/136 1200/3982/136 1201/3984/136
f 1203/3986/106 1206/3987/106 1207/3988/106 1209/3989/106
f 1204/3938/165 1208/3990/165 1207/3988/165 1206/3991/165
f 1205/3923/180 1209/3989/180 1207/3988/180 1208/3990/180
f 1210/3927/67 1213/3992/67 1214/3993/67 1216/3994/67
f 1211/3924/68 1215/3995/68 1214/3993/68 1213/3992/68
f 1212/3937/158 1216/3996/158 1214/3993/158 1215/3995/158
f 1175/3958/111 1161/3939/111 1167/3942/111 1178/3959/111
f 1178/3964/71 1167/3946/71 1163/3931/71 1176/3934/71
f 1162/3922/72 1168/3921/72 1174/3951/72 1166/3943/72
f 1166/3948/73 1174/3955/73 1170/3932/73 1163/3931/73
f 1169/3929/115 1182/3928/115 1188/3969/115 1173/3952/115
f 1173/3957/75 1188/3973/75 1184/3933/75 1170/3932/75
f 1183/3936/76 1177/3935/76 1180/3962/76 1187/3970/76
f 1187/3970/77 1180/3962/77 1176/3934/77 1184/3933/77
f 1203/3986/78 1175/3958/78 1181/3961/78 1206/3987/78
f 1206/3991/79 1181/3965/79 1177/3935/79 1204/3938/79
f 1182/3928/80 1210/3927/80 1216/3994/80 1185/3967/80
f 1185/3972/81 1216/3996/81 1212/3937/81 1183/3936/81
f 1211/3924/82 1205/3923/82 1208/3990/82 1215/3995/82
f 1215/3995/83 1208/3990/83 1204/3938/83 1212/3937/83
f 1189/3975/121 1203/3986/121 1209/3989/121 1192/3976/121
f 1192/3976/85 1209/3989/85 1205/3923/85 1190/3926/85
f 1210/3927/123 1196/3930/123 1202/3983/123 1213/3992/123
f 1213/3992/87 1202/3983/87 1198/3925/87 1211/3924/87
f 1197/3920/88 1191/3919/88 1194/3979/88 1201/3984/88
f 1201/3984/89 1194/3979/89 1190/3926/89 1198/3925/89
f 1161/3939/90 1189/3975/90 1195/3978/90 1164/3940/90
f 1164/3945/91 1195/3980/91 1191/3919/91 1162/3922/91
f 1196/3930/92 1169/3929/92 1171/3954/92 1199/3981/92
f 1199/3985/93 1171/3949/93 1168/3921/93 1197/3920/93
f 1175/3958/7 1203/3986/7 1189/3975/7 1161/3939/7
f 1279/3997/3 1285/3998/3 1256/3999/3 1250/4000/3
f 1293/4001/2 1299/4002/2 1286/4003/2 1278/4004/2
f 1298/4005/4 1270/4006/4 1257/4007/4 1284/4008/4
f 1251/4009/5 1258/4010/5 1272/4011/5 1264/4012/5
f 1265/4013/6 1271/4014/6 1300/4015/6 1292/4016/6
f 1249/4017/127 1252/4018/127 1253/4019/127 1255/4020/127
f 1250/4000/47 1254/4021/47 1253/4022/47 1252/4023/47
f 1251/4009/48 1255/4024/48 1253/4025/48 1254/4026/48
f 1256/3999/95 1259/4027/95 1260/4028/95 1262/4029/95
f 1257/4007/130 1261/4030/130 1260/4031/130 1259/4032/130
f 1258/4010/159 1262/4033/159 1260/4034/159 1261/4035/159
f 1263/4036/52 1266/4037/52 1267/4038/52 1269/4039/52
f 1264/4012/97 1268/4040/97 1267/4041/97 1266/4042/97
f 1265/4013/98 1269/4043/98 1267/4044/98 1268/4040/98
f 1270/4006/55 1273/4045/55 1274/4046/55 1276/4047/55
f 1271/4014/99 1275/4048/99 1274/4049/99 1273/4050/99
f 1272/4011/100 1276/4051/100 1274/4052/100 1275/4048/100
f 1277/4053/135 1280/4054/135 1281/4055/135 1283/4056/135
f 1278/4004/144 1282/4057/144 1281/4055/144 1280/4054/144
f 1279/3997/154 1283/4058/154 1281/4055/154 1282/4057/154
f 1284/4008/104 1287/4059/104 1288/4060/104 1290/4061/104
f 1285/3998/155 1289/4062/155 1288/4060/155 1287/4063/155
f 1286/4003/136 1290/4061/136 1288/4060/136 1289/4062/136
f 1291/4064/106 1294/4065/106 1295/4066/106 1297/4067/106
f 1292/4016/165 1296/4068/165 1295/4066/165 1294/4069/165
f 1293/4001/66 1297/4067/66 1295/4066/66 1296/4068/66
f 1298/4005/108 1301/4070/108 1302/4071/108 1304/4072/108
f 1299/4002/68 1303/4073/68 1302/4071/68 1301/4070/68
f 1300/4015/158 1304/4074/158 1302/4071/158 1303/4073/158
f 1263/4036/111 1249/4017/111 1255/4020/111 1266/4037/111
f 1266/4042/71 1255/4024/71 1251/4009/71 1264/4012/71
f 1250/4000/72 1256/3999/72 1262/4029/72 1254/4021/72
f 1254/4026/73 1262/4033/73 1258/4010/73 1251/4009/73
f 1257/4007/115 1270/4006/115 1276/4047/115 1261/4030/115
f 1261/4035/75 1276/4051/75 1272/4011/75 1258/4010/75
f 1271/4014/76 1265/4013/76 1268/4040/76 1275/4048/76
f 1275/4048/77 1268/4040/77 1264/4012/77 1272/4011/77
f 1291/4064/78 1263/4036/78 1269/4039/78 1294/4065/78
f 1294/4069/79 1269/4043/79 1265/4013/79 1292/4016/79
f 1270/4006/80 1298/4005/80 1304/4072/80 1273/4045/80
f 1273/4050/81 1304/4074/81 1300/4015/81 1271/4014/81
f 1299/4002/82 1293/4001/82 1296/4068/82 1303/4073/82
f 1303/4073/83 1296/4068/83 1292/4016/83 1300/4015/83
f 1277/4053/121 1291/4064/121 1297/4067/121 1280/4054/121
f 1280/4054/85 1297/4067/85 1293/4001/85 1278/4004/85
f 1298/4005/123 1284/4008/123 1290/4061/123 1301/4070/123
f 1301/4070/87 1290/4061/87 1286/4003/87 1299/4002/87
f 1285/3998/88 1279/3997/88 1282/4057/88 1289/4062/88
f 1289/4062/89 1282/4057/89 1278/4004/89 1286/4003/89
f 1249/4017/90 1277/4053/90 1283/4056/90 1252/4018/90
f 1252/4023/91 1283/4058/91 1279/3997/91 1250/4000/91
f 1284/4008/92 1257/4007/92 1259/4032/92 1287/4059/92
f 1287/4063/93 1259/4027/93 1256/3999/93 1285/3998/93
f 1263/4036/7 1291/4064/7 1277/4053/7 1249/4017/7
f 1399/4075/3 1405/4076/3 1376/4077/3 1370/4078/3
f 1413/4079/2 1419/4080/2 1406/4081/2 1398/4082/2
f 1418/4083/4 1390/4084/4 1377/4085/4 1404/4086/4
f 1371/4087/5 1378/4088/5 1392/4089/5 1384/4090/5
f 1385/4091/6 1391/4092/6 1420/4093/6 1412/4094/6
f 1369/4095/127 1372/4096/127 1373/4097/127 1375/4098/127
f 1370/4078/47 1374/4099/47 1373/4100/47 1372/4101/47
f 1371/4087/48 1375/4102/48 1373/4103/48 1374/4104/48
f 1376/4077/95 1379/4105/95 1380/4106/95 1382/4107/95
f 1377/4085/130 1381/4108/130 1380/4109/130 1379/4110/130
f 1378/4088/159 1382/4111/159 1380/4112/159 1381/4113/159
f 1383/4114/52 1386/4115/52 1387/4116/52 1389/4117/52
f 1384/4090/53 1388/4118/53 1387/4119/53 1386/4120/53
f 1385/4091/98 1389/4121/98 1387/4122/98 1388/4118/98
f 1390/4084/55 1393/4123/55 1394/4124/55 1396/4125/55
f 1391/4092/99 1395/4126/99 1394/4127/99 1393/4128/99
f 1392/4089/57 1396/4129/57 1394/4130/57 1395/4126/57
f 1397/4131/135 1400/4132/135 1401/4133/135 1403/4134/135
f 1398/4082/144 1402/4135/144 1401/4133/144 1400/4132/144
f 1399/4075/154 1403/4136/154 1401/4133/154 1402/4135/154
f 1404/4086/104 1407/4137/104 1408/4138/104 1410/4139/104
f 1405/4076/155 1409/4140/155 1408/4138/155 1407/4141/155
f 1406/4081/136 1410/4139/136 1408/4138/136 1409/4140/136
f 1411/4142/106 1414/4143/106 1415/4144/106 1417/4145/106
f 1412/4094/165 1416/4146/165 1415/4144/165 1414/4147/165
f 1413/4079/66 1417/4145/66 1415/4144/66 1416/4146/66
f 1418/4083/108 1421/4148/108 1422/4149/108 1424/4150/108
f 1419/4080/68 1423/4151/68 1422/4149/68 1421/4148/68
f 1420/4093/158 1424/4152/158 1422/4149/158 1423/4151/158
f 1383/4114/111 1369/4095/111 1375/4098/111 1386/4115/111
f 1386/4120/71 1375/4102/71 1371/4087/71 1384/4090/71
f 1370/4078/72 1376/4077/72 1382/4107/72 1374/4099/72
f 1374/4104/73 1382/4111/73 1378/4088/73 1371/4087/73
f 1377/4085/115 1390/4084/115 1396/4125/115 1381/4108/115
f 1381/4113/75 1396/4129/75 1392/4089/75 1378/4088/75
f 1391/4092/76 1385/4091/76 1388/4118/76 1395/4126/76
f 1395/4126/77 1388/4118/77 1384/4090/77 1392/4089/77
f 1411/4142/78 1383/4114/78 1389/4117/78 1414/4143/78
f 1414/4147/79 1389/4121/79 1385/4091/79 1412/4094/79
f 1390/4084/80 1418/4083/80 1424/4150/80 1393/4123/80
f 1393/4128/81 1424/4152/81 1420/4093/81 1391/4092/81
f 1419/4080/82 1413/4079/82 1416/4146/82 1423/4151/82
f 1423/4151/83 1416/4146/83 1412/4094/83 1420/4093/83
f 1397/4131/121 1411/4142/121 1417/4145/121 1400/4132/121
f 1400/4132/85 1417/4145/85 1413/4079/85 1398/4082/85
f 1418/4083/123 1404/4086/123 1410/4139/123 1421/4148/123
f 1421/4148/87 1410/4139/87 1406/4081/87 1419/4080/87
f 1405/4076/88 1399/4075/88 1402/4135/88 1409/4140/88
f 1409/4140/89 1402/4135/89 1398/4082/89 1406/4081/89
f 1369/4095/90 1397/4131/90 1403/4134/90 1372/4096/90
f 1372/4101/91 1403/4136/91 1399/4075/91 1370/4078/91
f 1404/4086/92 1377/4085/92 1379/4110/92 1407/4137/92
f 1407/4141/93 1379/4105/93 1376/4077/93 1405/4076/93
f 1383/4114/7 1411/4142/7 1397/4131/7 1369/4095/7
f 1487/4153/3 1493/4154/3 1464/4155/3 1458/4156/3
f 1501/4157/2 1507/4158/2 1494/4159/2 1486/4160/2
f 1506/4161/4 1478/4162/4 1465/4163/4 1492/4164/4
f 1459/4165/5 1466/4166/5 1480/4167/5 1472/4168/5
f 1473/4169/6 1479/4170/6 1508/4171/6 1500/4172/6
f 1457/4173/127 1460/4174/127 1461/4175/127 1463/4176/127
f 1458/4156/47 1462/4177/47 1461/4178/47 1460/4179/47
f 1459/4165/48 1463/4180/48 1461/4181/48 1462/4182/48
f 1464/4155/95 1467/4183/95 1468/4184/95 1470/4185/95
f 1465/4163/130 1469/4186/130 1468/4187/130 1467/4188/130
f 1466/4166/51 1470/4189/51 1468/4190/51 1469/4191/51
f 1471/4192/52 1474/4193/52 1475/4194/52 1477/4195/52
f 1472/4168/53 1476/4196/53 1475/4197/53 1474/4198/53
f 1473/4169/98 1477/4199/98 1475/4200/98 1476/4196/98
f 1478/4162/55 1481/4201/55 1482/4202/55 1484/4203/55
f 1479/4170/99 1483/4204/99 1482/4205/99 1481/4206/99
f 1480/4167/57 1484/4207/57 1482/4208/57 1483/4204/57
f 1485/4209/135 1488/4210/135 1489/4211/135 1491/4212/135
f 1486/4160/166 1490/4213/166 1489/4211/166 1488/4210/166
f 1487/4153/154 1491/4214/154 1489/4211/154 1490/4213/154
f 1492/4164/104 1495/4215/104 1496/4216/104 1498/4217/104
f 1493/4154/155 1497/4218/155 1496/4216/155 1495/4219/155
f 1494/4159/136 1498/4217/136 1496/4216/136 1497/4218/136
f 1499/4220/156 1502/4221/156 1503/4222/156 1505/4223/156
f 1500/4172/165 1504/4224/165 1503/4222/165 1502/4225/165
f 1501/4157/162 1505/4223/162 1503/4222/162 1504/4224/162
f 1506/4161/67 1509/4226/67 1510/4227/67 1512/4228/67
f 1507/4158/181 1511/4229/181 1510/4227/181 1509/4226/181
f 1508/4171/158 1512/4230/158 1510/4227/158 1511/4229/158
f 1471/4192/111 1457/4173/111 1463/4176/111 1474/4193/111
f 1474/4198/71 1463/4180/71 1459/4165/71 1472/4168/71
f 1458/4156/72 1464/4155/72 1470/4185/72 1462/4177/72
f 1462/4182/73 1470/4189/73 1466/4166/73 1459/4165/73
f 1465/4163/115 1478/4162/115 1484/4203/115 1469/4186/115
f 1469/4191/75 1484/4207/75 1480/4167/75 1466/4166/75
f 1479/4170/76 1473/4169/76 1476/4196/76 1483/4204/76
f 1483/4204/77 1476/4196/77 1472/4168/77 1480/4167/77
f 1499/4220/78 1471/4192/78 1477/4195/78 1502/4221/78
f 1502/4225/79 1477/4199/79 1473/4169/79 1500/4172/79
f 1478/4162/80 1506/4161/80 1512/4228/80 1481/4201/80
f 1481/4206/81 1512/4230/81 1508/4171/81 1479/4170/81
f 1507/4158/82 1501/4157/82 1504/4224/82 1511/4229/82
f 1511/4229/83 1504/4224/83 1500/4172/83 1508/4171/83
f 1485/4209/121 1499/4220/121 1505/4223/121 1488/4210/121
f 1488/4210/85 1505/4223/85 1501/4157/85 1486/4160/85
f 1506/4161/123 1492/4164/123 1498/4217/123 1509/4226/123
f 1509/4226/87 1498/4217/87 1494/4159/87 1507/4158/87
f 1493/4154/88 1487/4153/88 1490/4213/88 1497/4218/88
f 1497/4218/89 1490/4213/89 1486/4160/89 1494/4159/89
f 1457/4173/90 1485/4209/90 1491/4212/90 1460/4174/90
f 1460/4179/91 1491/4214/91 1487/4153/91 1458/4156/91
f 1492/4164/92 1465/4163/92 1467/4188/92 1495/4215/92
f 1495/4219/93 1467/4183/93 1464/4155/93 1493/4154/93
f 1471/4192/7 1499/4220/7 1485/4209/7 1457/4173/7
f 1575/4231/3 1581/4232/3 1552/4233/3 1546/4234/3
f 1589/4235/2 1595/4236/2 1582/4237/2 1574/4238/2
f 1594/4239/4 1566/4240/4 1553/4241/4 1580/4242/4
f 1547/4243/5 1554/4244/5 1568/4245/5 1560/4246/5
f 1561/4247/6 1567/4248/6 1596/4249/6 1588/4250/6
f 1545/4251/127 1548/4252/127 1549/4253/127 1551/4254/127
f 1546/4234/47 1550/4255/47 1549/4256/47 1548/4257/47
f 1547/4243/48 1551/4258/48 1549/4259/48 1550/4260/48
f 1552/4233/95 1555/4261/95 1556/4262/95 1558/4263/95
f 1553/4241/130 1557/4264/130 1556/4265/130 1555/4266/130
f 1554/4244/51 1558/4267/51 1556/4268/51 1557/4269/51
f 1559/4270/52 1562/4271/52 1563/4272/52 1565/4273/52
f 1560/4246/97 1564/4274/97 1563/4275/97 1562/4276/97
f 1561/4247/98 1565/4277/98 1563/4278/98 1564/4274/98
f 1566/4240/55 1569/4279/55 1570/4280/55 1572/4281/55
f 1567/4248/99 1571/4282/99 1570/4283/99 1569/4284/99
f 1568/4245/57 1572/4285/57 1570/4286/57 1571/4282/57
f 1573/4287/135 1576/4288/135 1577/4289/135 1579/4290/135
f 1574/4238/144 1578/4291/144 1577/4289/144 1576/4288/144
f 1575/4231/154 1579/4292/154 1577/4289/154 1578/4291/154
f 1580/4242/104 1583/4293/104 1584/4294/104 1586/4295/104
f 1581/4232/155 1585/4296/155 1584/4294/155 1583/4297/155
f 1582/4237/136 1586/4295/136 1584/4294/136 1585/4296/136
f 1587/4298/106 1590/4299/106 1591/4300/106 1593/4301/106
f 1588/4250/165 1592/4302/165 1591/4300/165 1590/4303/165
f 1589/4235/66 1593/4301/66 1591/4300/66 1592/4302/66
f 1594/4239/108 1597/4304/108 1598/4305/108 1600/4306/108
f 1595/4236/68 1599/4307/68 1598/4305/68 1597/4304/68
f 1596/4249/158 1600/4308/158 1598/4305/158 1599/4307/158
f 1559/4270/111 1545/4251/111 1551/4254/111 1562/4271/111
f 1562/4276/71 1551/4258/71 1547/4243/71 1560/4246/71
f 1546/4234/72 1552/4233/72 1558/4263/72 1550/4255/72
f 1550/4260/73 1558/4267/73 1554/4244/73 1547/4243/73
f 1553/4241/115 1566/4240/115 1572/4281/115 1557/4264/115
f 1557/4269/75 1572/4285/75 1568/4245/75 1554/4244/75
f 1567/4248/76 1561/4247/76 1564/4274/76 1571/4282/76
f 1571/4282/77 1564/4274/77 1560/4246/77 1568/4245/77
f 1587/4298/78 1559/4270/78 1565/4273/78 1590/4299/78
f 1590/4303/79 1565/4277/79 1561/4247/79 1588/4250/79
f 1566/4240/80 1594/4239/80 1600/4306/80 1569/4279/80
f 1569/4284/81 1600/4308/81 1596/4249/81 1567/4248/81
f 1595/4236/82 1589/4235/82 1592/4302/82 1599/4307/82
f 1599/4307/83 1592/4302/83 1588/4250/83 1596/4249/83
f 1573/4287/121 1587/4298/121 1593/4301/121 1576/4288/121
f 1576/4288/85 1593/4301/85 1589/4235/85 1574/4238/85
f 1594/4239/123 1580/4242/123 1586/4295/123 1597/4304/123
f 1597/4304/87 1586/4295/87 1582/4237/87 1595/4236/87
f 1581/4232/88 1575/4231/88 1578/4291/88 1585/4296/88
f 1585/4296/89 1578/4291/89 1574/4238/89 1582/4237/89
f 1545/4251/90 1573/4287/90 1579/4290/90 1548/4252/90
f 1548/4257/91 1579/4292/91 1575/4231/91 1546/4234/91
f 1580/4242/92 1553/4241/92 1555/4266/92 1583/4293/92
f 1583/4297/93 1555/4261/93 1552/4233/93 1581/4232/93
f 1559/4270/7 1587/4298/7 1573/4287/7 1545/4251/7
f 1695/4309/3 1701/4310/3 1672/4311/3 1666/4312/3
f 1709/4313/2 1715/4314/2 1702/4315/2 1694/4316/2
f 1714/4317/4 1686/4318/4 1673/4319/4 1700/4320/4
f 1667/4321/5 1674/4322/5 1688/4323/5 1680/4324/5
f 1681/4325/6 1687/4326/6 1716/4327/6 1708/4328/6
f 1665/4329/127 1668/4330/127 1669/4331/127 1671/4332/127
f 1666/4312/47 1670/4333/47 1669/4334/47 1668/4335/47
f 1667/4321/48 1671/4336/48 1669/4337/48 1670/4338/48
f 1672/4311/95 1675/4339/95 1676/4340/95 1678/4341/95
f 1673/4319/130 1677/4342/130 1676/4343/130 1675/4344/130
f 1674/4322/51 1678/4345/51 1676/4346/51 1677/4347/51
f 1679/4348/52 1682/4349/52 1683/4350/52 1685/4351/52
f 1680/4324/97 1684/4352/97 1683/4353/97 1682/4354/97
f 1681/4325/98 1685/4355/98 1683/4356/98 1684/4352/98
f 1686/4318/55 1689/4357/55 1690/4358/55 1692/4359/55
f 1687/4326/99 1691/4360/99 1690/4361/99 1689/4362/99
f 1688/4323/100 1692/4363/100 1690/4364/100 1691/4360/100
f 1693/4365/135 1696/4366/135 1697/4367/135 1699/4368/135
f 1694/4316/144 1698/4369/144 1697/4367/144 1696/4366/144
f 1695/4309/154 1699/4370/154 1697/4367/154 1698/4369/154
f 1700/4320/104 1703/4371/104 1704/4372/104 1706/4373/104
f 1701/4310/155 1705/4374/155 1704/4372/155 1703/4375/155
f 1702/4315/136 1706/4373/136 1704/4372/136 1705/4374/136
f 1707/4376/106 1710/4377/106 1711/4378/106 1713/4379/106
f 1708/4328/165 1712/4380/165 1711/4378/165 1710/4381/165
f 1709/4313/66 1713/4379/66 1711/4378/66 1712/4380/66
f 1714/4317/108 1717/4382/108 1718/4383/108 1720/4384/108
f 1715/4314/68 1719/4385/68 1718/4383/68 1717/4382/68
f 1716/4327/158 1720/4386/158 1718/4383/158 1719/4385/158
f 1679/4348/111 1665/4329/111 1671/4332/111 1682/4349/111
f 1682/4354/112 1671/4336/112 1667/4321/112 1680/4324/112
f 1666/4312/72 1672/4311/72 1678/4341/72 1670/4333/72
f 1670/4338/73 1678/4345/73 1674/4322/73 1667/4321/73
f 1673/4319/115 1686/4318/115 1692/4359/115 1677/4342/115
f 1677/4347/116 1692/4363/116 1688/4323/116 1674/4322/116
f 1687/4326/76 1681/4325/76 1684/4352/76 1691/4360/76
f 1691/4360/77 1684/4352/77 1680/4324/77 1688/4323/77
f 1707/4376/78 1679/4348/78 1685/4351/78 1710/4377/78
f 1710/4381/79 1685/4355/79 1681/4325/79 1708/4328/79
f 1686/4318/80 1714/4317/80 1720/4384/80 1689/4357/80
f 1689/4362/81 1720/4386/81 1716/4327/81 1687/4326/81
f 1715/4314/82 1709/4313/82 1712/4380/82 1719/4385/82
f 1719/4385/83 1712/4380/83 1708/4328/83 1716/4327/83
f 1693/4365/121 1707/4376/121 1713/4379/121 1696/4366/121
f 1696/4366/148 1713/4379/148 1709/4313/148 1694/4316/148
f 1714/4317/123 1700/4320/123 1706/4373/123 1717/4382/123
f 1717/4382/149 1706/4373/149 1702/4315/149 1715/4314/149
f 1701/4310/88 1695/4309/88 1698/4369/88 1705/4374/88
f 1705/4374/89 1698/4369/89 1694/4316/89 1702/4315/89
f 1665/4329/90 1693/4365/90 1699/4368/90 1668/4330/90
f 1668/4335/91 1699/4370/91 1695/4309/91 1666/4312/91
f 1700/4320/92 1673/4319/92 1675/4344/92 1703/4371/92
f 1703/4375/93 1675/4339/93 1672/4311/93 1701/4310/93
f 1679/4348/7 1707/4376/7 1693/4365/7 1665/4329/7
f 1783/4387/3 1789/4388/3 1760/4389/3 1754/4390/3
f 1797/4391/2 1803/4392/2 1790/4393/2 1782/4394/2
f 1802/4395/4 1774/4396/4 1761/4397/4 1788/4398/4
f 1755/4399/5 1762/4400/5 1776/4401/5 1768/4402/5
f 1769/4403/6 1775/4404/6 1804/4405/6 1796/4406/6
f 1753/4407/127 1756/4408/127 1757/4409/127 1759/4410/127
f 1754/4390/47 1758/4411/47 1757/4412/47 1756/4413/47
f 1755/4399/48 1759/4414/48 1757/4415/48 1758/4416/48
f 1760/4389/95 1763/4417/95 1764/4418/95 1766/4419/95
f 1761/4397/130 1765/4420/130 1764/4421/130 1763/4422/130
f 1762/4400/51 1766/4423/51 1764/4424/51 1765/4425/51
f 1767/4426/52 1770/4427/52 1771/4428/52 1773/4429/52
f 1768/4402/97 1772/4430/97 1771/4431/97 1770/4432/97
f 1769/4403/98 1773/4433/98 1771/4434/98 1772/4430/98
f 1774/4396/55 1777/4435/55 1778/4436/55 1780/4437/55
f 1775/4404/99 1779/4438/99 1778/4439/99 1777/4440/99
f 1776/4401/100 1780/4441/100 1778/4442/100 1779/4438/100
f 1781/4443/135 1784/4444/135 1785/4445/135 1787/4446/135
f 1782/4394/166 1786/4447/166 1785/4445/166 1784/4444/166
f 1783/4387/167 1787/4448/167 1785/4445/167 1786/4447/167
f 1788/4398/104 1791/4449/104 1792/4450/104 1794/4451/104
f 1789/4388/155 1793/4452/155 1792/4450/155 1791/4453/155
f 1790/4393/136 1794/4451/136 1792/4450/136 1793/4452/136
f 1795/4454/156 1798/4455/156 1799/4456/156 1801/4457/156
f 1796/4406/182 1800/4458/182 1799/4456/182 1798/4459/182
f 1797/4391/137 1801/4457/137 1799/4456/137 1800/4458/137
f 1802/4395/67 1805/4460/67 1806/4461/67 1808/4462/67
f 1803/4392/68 1807/4463/68 1806/4461/68 1805/4460/68
f 1804/4405/158 1808/4464/158 1806/4461/158 1807/4463/158
f 1767/4426/111 1753/4407/111 1759/4410/111 1770/4427/111
f 1770/4432/112 1759/4414/112 1755/4399/112 1768/4402/112
f 1754/4390/72 1760/4389/72 1766/4419/72 1758/4411/72
f 1758/4416/73 1766/4423/73 1762/4400/73 1755/4399/73
f 1761/4397/115 1774/4396/115 1780/4437/115 1765/4420/115
f 1765/4425/116 1780/4441/116 1776/4401/116 1762/4400/116
f 1775/4404/76 1769/4403/76 1772/4430/76 1779/4438/76
f 1779/4438/77 1772/4430/77 1768/4402/77 1776/4401/77
f 1795/4454/78 1767/4426/78 1773/4429/78 1798/4455/78
f 1798/4459/79 1773/4433/79 1769/4403/79 1796/4406/79
f 1774/4396/80 1802/4395/80 1808/4462/80 1777/4435/80
f 1777/4440/81 1808/4464/81 1804/4405/81 1775/4404/81
f 1803/4392/82 1797/4391/82 1800/4458/82 1807/4463/82
f 1807/4463/83 1800/4458/83 1796/4406/83 1804/4405/83
f 1781/4443/121 1795/4454/121 1801/4457/121 1784/4444/121
f 1784/4444/148 1801/4457/148 1797/4391/148 1782/4394/148
f 1802/4395/123 1788/4398/123 1794/4451/123 1805/4460/123
f 1805/4460/149 1794/4451/149 1790/4393/149 1803/4392/149
f 1789/4388/88 1783/4387/88 1786/4447/88 1793/4452/88
f 1793/4452/89 1786/4447/89 1782/4394/89 1790/4393/89
f 1753/4407/90 1781/4443/90 1787/4446/90 1756/4408/90
f 1756/4413/91 1787/4448/91 1783/4387/91 1754/4390/91
f 1788/4398/92 1761/4397/92 1763/4422/92 1791/4449/92
f 1791/4453/93 1763/4417/93 1760/4389/93 1789/4388/93
f 1767/4426/7 1795/4454/7 1781/4443/7 1753/4407/7
f 1903/4465/3 1909/4466/3 1880/4467/3 1874/4468/3
f 1917/4469/2 1923/4470/2 1910/4471/2 1902/4472/2
f 1922/4473/4 1894/4474/4 1881/4475/4 1908/4476/4
f 1875/4477/5 1882/4478/5 1896/4479/5 1888/4480/5
f 1889/4481/6 1895/4482/6 1924/4483/6 1916/4484/6
f 1873/4485/127 1876/4486/127 1877/4487/127 1879/4488/127
f 1874/4468/47 1878/4489/47 1877/4490/47 1876/4491/47
f 1875/4477/48 1879/4492/48 1877/4493/48 1878/4494/48
f 1880/4467/95 1883/4495/95 1884/4496/95 1886/4497/95
f 1881/4475/130 1885/4498/130 1884/4499/130 1883/4500/130
f 1882/4478/51 1886/4501/51 1884/4502/51 1885/4503/51
f 1887/4504/52 1890/4505/52 1891/4506/52 1893/4507/52
f 1888/4480/97 1892/4508/97 1891/4509/97 1890/4510/97
f 1889/4481/98 1893/4511/98 1891/4512/98 1892/4508/98
f 1894/4474/55 1897/4513/55 1898/4514/55 1900/4515/55
f 1895/4482/99 1899/4516/99 1898/4517/99 1897/4518/99
f 1896/4479/100 1900/4519/100 1898/4520/100 1899/4516/100
f 1901/4521/135 1904/4522/135 1905/4523/135 1907/4524/135
f 1902/4472/166 1906/4525/166 1905/4523/166 1904/4522/166
f 1903/4465/154 1907/4526/154 1905/4523/154 1906/4525/154
f 1908/4476/104 1911/4527/104 1912/4528/104 1914/4529/104
f 1909/4466/155 1913/4530/155 1912/4528/155 1911/4531/155
f 1910/4471/136 1914/4529/136 1912/4528/136 1913/4530/136
f 1915/4532/106 1918/4533/106 1919/4534/106 1921/4535/106
f 1916/4484/165 1920/4536/165 1919/4534/165 1918/4537/165
f 1917/4469/137 1921/4535/137 1919/4534/137 1920/4536/137
f 1922/4473/108 1925/4538/108 1926/4539/108 1928/4540/108
f 1923/4470/68 1927/4541/68 1926/4539/68 1925/4538/68
f 1924/4483/158 1928/4542/158 1926/4539/158 1927/4541/158
f 1887/4504/111 1873/4485/111 1879/4488/111 1890/4505/111
f 1890/4510/112 1879/4492/112 1875/4477/112 1888/4480/112
f 1874/4468/72 1880/4467/72 1886/4497/72 1878/4489/72
f 1878/4494/73 1886/4501/73 1882/4478/73 1875/4477/73
f 1881/4475/115 1894/4474/115 1900/4515/115 1885/4498/115
f 1885/4503/116 1900/4519/116 1896/4479/116 1882/4478/116
f 1895/4482/76 1889/4481/76 1892/4508/76 1899/4516/76
f 1899/4516/77 1892/4508/77 1888/4480/77 1896/4479/77
f 1915/4532/78 1887/4504/78 1893/4507/78 1918/4533/78
f 1918/4537/79 1893/4511/79 1889/4481/79 1916/4484/79
f 1894/4474/80 1922/4473/80 1928/4540/80 1897/4513/80
f 1897/4518/81 1928/4542/81 1924/4483/81 1895/4482/81
f 1923/4470/82 1917/4469/82 1920/4536/82 1927/4541/82
f 1927/4541/83 1920/4536/83 1916/4484/83 1924/4483/83
f 1901/4521/121 1915/4532/121 1921/4535/121 1904/4522/121
f 1904/4522/148 1921/4535/148 1917/4469/148 1902/4472/148
f 1922/4473/123 1908/4476/123 1914/4529/123 1925/4538/123
f 1925/4538/149 1914/4529/149 1910/4471/149 1923/4470/149
f 1909/4466/88 1903/4465/88 1906/4525/88 1913/4530/88
f 1913/4530/89 1906/4525/89 1902/4472/89 1910/4471/89
f 1873/4485/90 1901/4521/90 1907/4524/90 1876/4486/90
f 1876/4491/91 1907/4526/91 1903/4465/91 1874/4468/91
f 1908/4476/92 1881/4475/92 1883/4500/92 1911/4527/92
f 1911/4531/93 1883/4495/93 1880/4467/93 1909/4466/93
f 1887/4504/7 1915/4532/7 1901/4521/7 1873/4485/7
f 1991/4543/3 1997/4544/3 1968/4545/3 1962/4546/3
f 2005/4547/2 2011/4548/2 1998/4549/2 1990/4550/2
f 2010/4551/4 1982/4552/4 1969/4553/4 1996/4554/4
f 1963/4555/5 1970/4556/5 1984/4557/5 1976/4558/5
f 1977/4559/6 1983/4560/6 2012/4561/6 2004/4562/6
f 1961/4563/127 1964/4564/127 1965/4565/127 1967/4566/127
f 1962/4546/47 1966/4567/47 1965/4568/47 1964/4569/47
f 1963/4555/48 1967/4570/48 1965/4571/48 1966/4572/48
f 1968/4545/95 1971/4573/95 1972/4574/95 1974/4575/95
f 1969/4553/130 1973/4576/130 1972/4577/130 1971/4578/130
f 1970/4556/51 1974/4579/51 1972/4580/51 1973/4581/51
f 1975/4582/52 1978/4583/52 1979/4584/52 1981/4585/52
f 1976/4558/97 1980/4586/97 1979/4587/97 1978/4588/97
f 1977/4559/98 1981/4589/98 1979/4590/98 1980/4586/98
f 1982/4552/55 1985/4591/55 1986/4592/55 1988/4593/55
f 1983/4560/99 1987/4594/99 1986/4595/99 1985/4596/99
f 1984/4557/100 1988/4597/100 1986/4598/100 1987/4594/100
f 1989/4599/135 1992/4600/135 1993/4601/135 1995/4602/135
f 1990/4550/144 1994/4603/144 1993/4601/144 1992/4600/144
f 1991/4543/154 1995/4604/154 1993/4601/154 1994/4603/154
f 1996/4554/104 1999/4605/104 2000/4606/104 2002/4607/104
f 1997/4544/155 2001/4608/155 2000/4606/155 1999/4609/155
f 1998/4549/136 2002/4607/136 2000/4606/136 2001/4608/136
f 2003/4610/106 2006/4611/106 2007/4612/106 2009/4613/106
f 2004/4562/165 2008/4614/165 2007/4612/165 2006/4615/165
f 2005/4547/66 2009/4613/66 2007/4612/66 2008/4614/66
f 2010/4551/108 2013/4616/108 2014/4617/108 2016/4618/108
f 2011/4548/68 2015/4619/68 2014/4617/68 2013/4616/68
f 2012/4561/158 2016/4620/158 2014/4617/158 2015/4619/158
f 1975/4582/111 1961/4563/111 1967/4566/111 1978/4583/111
f 1978/4588/71 1967/4570/71 1963/4555/71 1976/4558/71
f 1962/4546/72 1968/4545/72 1974/4575/72 1966/4567/72
f 1966/4572/73 1974/4579/73 1970/4556/73 1963/4555/73
f 1969/4553/115 1982/4552/115 1988/4593/115 1973/4576/115
f 1973/4581/75 1988/4597/75 1984/4557/75 1970/4556/75
f 1983/4560/76 1977/4559/76 1980/4586/76 1987/4594/76
f 1987/4594/77 1980/4586/77 1976/4558/77 1984/4557/77
f 2003/4610/78 1975/4582/78 1981/4585/78 2006/4611/78
f 2006/4615/79 1981/4589/79 1977/4559/79 2004/4562/79
f 1982/4552/80 2010/4551/80 2016/4618/80 1985/4591/80
f 1985/4596/81 2016/4620/81 2012/4561/81 1983/4560/81
f 2011/4548/82 2005/4547/82 2008/4614/82 2015/4619/82
f 2015/4619/83 2008/4614/83 2004/4562/83 2012/4561/83
f 1989/4599/121 2003/4610/121 2009/4613/121 1992/4600/121
f 1992/4600/148 2009/4613/148 2005/4547/148 1990/4550/148
f 2010/4551/123 1996/4554/123 2002/4607/123 2013/4616/123
f 2013/4616/149 2002/4607/149 1998/4549/149 2011/4548/149
f 1997/4544/88 1991/4543/88 1994/4603/88 2001/4608/88
f 2001/4608/89 1994/4603/89 1990/4550/89 1998/4549/89
f 1961/4563/90 1989/4599/90 1995/4602/90 1964/4564/90
f 1964/4569/91 1995/4604/91 1991/4543/91 1962/4546/91
f 1996/4554/92 1969/4553/92 1971/4578/92 1999/4605/92
f 1999/4609/93 1971/4573/93 1968/4545/93 1997/4544/93
f 1975/4582/7 2003/4610/7 1989/4599/7 1961/4563/7
f 2079/4621/3 2085/4622/3 2056/4623/3 2050/4624/3
f 2093/4625/2 2099/4626/2 2086/4627/2 2078/4628/2
f 2098/4629/4 2070/4630/4 2057/4631/4 2084/4632/4
f 2051/4633/5 2058/4634/5 2072/4635/5 2064/4636/5
f 2065/4637/6 2071/4638/6 2100/4639/6 2092/4640/6
f 2049/4641/127 2052/4642/127 2053/4643/127 2055/4644/127
f 2050/4624/47 2054/4645/47 2053/4646/47 2052/4647/47
f 2051/4633/48 2055/4648/48 2053/4649/48 2054/4650/48
f 2056/4623/95 2059/4651/95 2060/4652/95 2062/4653/95
f 2057/4631/130 2061/4654/130 2060/4655/130 2059/4656/130
f 2058/4634/51 2062/4657/51 2060/4658/51 2061/4659/51
f 2063/4660/52 2066/4661/52 2067/4662/52 2069/4663/52
f 2064/4636/97 2068/4664/97 2067/4665/97 2066/4666/97
f 2065/4637/98 2069/4667/98 2067/4668/98 2068/4664/98
f 2070/4630/55 2073/4669/55 2074/4670/55 2076/4671/55
f 2071/4638/99 2075/4672/99 2074/4673/99 2073/4674/99
f 2072/4635/100 2076/4675/100 2074/4676/100 2075/4672/100
f 2077/4677/135 2080/4678/135 2081/4679/135 2083/4680/135
f 2078/4628/144 2082/4681/144 2081/4679/144 2080/4678/144
f 2079/4621/154 2083/4682/154 2081/4679/154 2082/4681/154
f 2084/4632/104 2087/4683/104 2088/4684/104 2090/4685/104
f 2085/4622/155 2089/4686/155 2088/4684/155 2087/4687/155
f 2086/4627/136 2090/4685/136 2088/4684/136 2089/4686/136
f 2091/4688/106 2094/4689/106 2095/4690/106 2097/4691/106
f 2092/4640/165 2096/4692/165 2095/4690/165 2094/4693/165
f 2093/4625/66 2097/4691/66 2095/4690/66 2096/4692/66
f 2098/4629/108 2101/4694/108 2102/4695/108 2104/4696/108
f 2099/4626/68 2103/4697/68 2102/4695/68 2101/4694/68
f 2100/4639/158 2104/4698/158 2102/4695/158 2103/4697/158
f 2063/4660/111 2049/4641/111 2055/4644/111 2066/4661/111
f 2066/4666/112 2055/4648/112 2051/4633/112 2064/4636/112
f 2050/4624/72 2056/4623/72 2062/4653/72 2054/4645/72
f 2054/4650/73 2062/4657/73 2058/4634/73 2051/4633/73
f 2057/4631/115 2070/4630/115 2076/4671/115 2061/4654/115
f 2061/4659/116 2076/4675/116 2072/4635/116 2058/4634/116
f 2071/4638/76 2065/4637/76 2068/4664/76 2075/4672/76
f 2075/4672/77 2068/4664/77 2064/4636/77 2072/4635/77
f 2091/4688/78 2063/4660/78 2069/4663/78 2094/4689/78
f 2094/4693/79 2069/4667/79 2065/4637/79 2092/4640/79
f 2070/4630/80 2098/4629/80 2104/4696/80 2073/4669/80
f 2073/4674/81 2104/4698/81 2100/4639/81 2071/4638/81
f 2099/4626/82 2093/4625/82 2096/4692/82 2103/4697/82
f 2103/4697/83 2096/4692/83 2092/4640/83 2100/4639/83
f 2077/4677/121 2091/4688/121 2097/4691/121 2080/4678/121
f 2080/4678/148 2097/4691/148 2093/4625/148 2078/4628/148
f 2098/4629/123 2084/4632/123 2090/4685/123 2101/4694/123
f 2101/4694/149 2090/4685/149 2086/4627/149 2099/4626/149
f 2085/4622/88 2079/4621/88 2082/4681/88 2089/4686/88
f 2089/4686/89 2082/4681/89 2078/4628/89 2086/4627/89
f 2049/4641/90 2077/4677/90 2083/4680/90 2052/4642/90
f 2052/4647/91 2083/4682/91 2079/4621/91 2050/4624/91
f 2084/4632/92 2057/4631/92 2059/4656/92 2087/4683/92
f 2087/4687/93 2059/4651/93 2056/4623/93 2085/4622/93
f 2063/4660/7 2091/4688/7 2077/4677/7 2049/4641/7
f 2199/4699/3 2205/4700/3 2176/4701/3 2170/4702/3
f 2213/4703/2 2219/4704/2 2206/4705/2 2198/4706/2
f 2218/4707/4 2190/4708/4 2177/4709/4 2204/4710/4
f 2171/4711/5 2178/4712/5 2192/4713/5 2184/4714/5
f 2185/4715/6 2191/4716/6 2220/4717/6 2212/4718/6
f 2169/4719/127 2172/4720/127 2173/4721/127 2175/4722/127
f 2170/4702/47 2174/4723/47 2173/4724/47 2172/4725/47
f 2171/4711/48 2175/4726/48 2173/4727/48 2174/4728/48
f 2176/4701/95 2179/4729/95 2180/4730/95 2182/4731/95
f 2177/4709/130 2181/4732/130 2180/4733/130 2179/4734/130
f 2178/4712/159 2182/4735/159 2180/4736/159 2181/4737/159
f 2183/4738/52 2186/4739/52 2187/4740/52 2189/4741/52
f 2184/4714/97 2188/4742/97 2187/4743/97 2186/4744/97
f 2185/4715/98 2189/4745/98 2187/4746/98 2188/4742/98
f 2190/4708/55 2193/4747/55 2194/4748/55 2196/4749/55
f 2191/4716/99 2195/4750/99 2194/4751/99 2193/4752/99
f 2192/4713/57 2196/4753/57 2194/4754/57 2195/4750/57
f 2197/4755/135 2200/4756/135 2201/4757/135 2203/4758/135
f 2198/4706/144 2202/4759/144 2201/4757/144 2200/4756/144
f 2199/4699/154 2203/4760/154 2201/4757/154 2202/4759/154
f 2204/4710/61 2207/4761/61 2208/4762/61 2210/4763/61
f 2205/4700/155 2209/4764/155 2208/4762/155 2207/4765/155
f 2206/4705/136 2210/4763/136 2208/4762/136 2209/4764/136
f 2211/4766/106 2214/4767/106 2215/4768/106 2217/4769/106
f 2212/4718/165 2216/4770/165 2215/4768/165 2214/4771/165
f 2213/4703/137 2217/4769/137 2215/4768/137 2216/4770/137
f 2218/4707/108 2221/4772/108 2222/4773/108 2224/4774/108
f 2219/4704/68 2223/4775/68 2222/4773/68 2221/4772/68
f 2220/4717/158 2224/4776/158 2222/4773/158 2223/4775/158
f 2183/4738/111 2169/4719/111 2175/4722/111 2186/4739/111
f 2186/4744/112 2175/4726/112 2171/4711/112 2184/4714/112
f 2170/4702/72 2176/4701/72 2182/4731/72 2174/4723/72
f 2174/4728/73 2182/4735/73 2178/4712/73 2171/4711/73
f 2177/4709/115 2190/4708/115 2196/4749/115 2181/4732/115
f 2181/4737/116 2196/4753/116 2192/4713/116 2178/4712/116
f 2191/4716/76 2185/4715/76 2188/4742/76 2195/4750/76
f 2195/4750/77 2188/4742/77 2184/4714/77 2192/4713/77
f 2211/4766/78 2183/4738/78 2189/4741/78 2214/4767/78
f 2214/4771/79 2189/4745/79 2185/4715/79 2212/4718/79
f 2190/4708/80 2218/4707/80 2224/4774/80 2193/4747/80
f 2193/4752/81 2224/4776/81 2220/4717/81 2191/4716/81
f 2219/4704/119 2213/4703/119 2216/4770/119 2223/4775/119
f 2223/4775/83 2216/4770/83 2212/4718/83 2220/4717/83
f 2197/4755/121 2211/4766/121 2217/4769/121 2200/4756/121
f 2200/4756/148 2217/4769/148 2213/4703/148 2198/4706/148
f 2218/4707/123 2204/4710/123 2210/4763/123 2221/4772/123
f 2221/4772/149 2210/4763/149 2206/4705/149 2219/4704/149
f 2205/4700/88 2199/4699/88 2202/4759/88 2209/4764/88
f 2209/4764/126 2202/4759/126 2198/4706/126 2206/4705/126
f 2169/4719/90 2197/4755/90 2203/4758/90 2172/4720/90
f 2172/4725/91 2203/4760/91 2199/4699/91 2170/4702/91
f 2204/4710/92 2177/4709/92 2179/4734/92 2207/4761/92
f 2207/4765/93 2179/4729/93 2176/4701/93 2205/4700/93
f 2183/4738/7 2211/4766/7 2197/4755/7 2169/4719/7
f 2287/4777/3 2293/4778/3 2264/4779/3 2258/4780/3
f 2301/4781/2 2307/4782/2 2294/4783/2 2286/4784/2
f 2306/4785/4 2278/4786/4 2265/4787/4 2292/4788/4
f 2259/4789/5 2266/4790/5 2280/4791/5 2272/4792/5
f 2273/4793/6 2279/4794/6 2308/4795/6 2300/4796/6
f 2257/4797/127 2260/4798/127 2261/4799/127 2263/4800/127
f 2258/4780/128 2262/4801/128 2261/4802/128 2260/4803/128
f 2259/4789/129 2263/4804/129 2261/4805/129 2262/4806/129
f 2264/4779/176 2267/4807/176 2268/4808/176 2270/4809/176
f 2265/4787/130 2269/4810/130 2268/4811/130 2267/4812/130
f 2266/4790/183 2270/4813/183 2268/4814/183 2269/4815/183
f 2271/4816/52 2274/4817/52 2275/4818/52 2277/4819/52
f 2272/4792/184 2276/4820/184 2275/4821/184 2274/4822/184
f 2273/4793/177 2277/4823/177 2275/4824/177 2276/4820/177
f 2278/4786/55 2281/4825/55 2282/4826/55 2284/4827/55
f 2279/4794/185 2283/4828/185 2282/4829/185 2281/4830/185
f 2280/4791/134 2284/4831/134 2282/4832/134 2283/4828/134
f 2285/4833/135 2288/4834/135 2289/4835/135 2291/4836/135
f 2286/4784/144 2290/4837/144 2289/4835/144 2288/4834/144
f 2287/4777/154 2291/4838/154 2289/4835/154 2290/4837/154
f 2292/4788/104 2295/4839/104 2296/4840/104 2298/4841/104
f 2293/4778/172 2297/4842/172 2296/4840/172 2295/4843/172
f 2294/4783/136 2298/4841/136 2296/4840/136 2297/4842/136
f 2299/4844/106 2302/4845/106 2303/4846/106 2305/4847/106
f 2300/4796/173 2304/4848/173 2303/4846/173 2302/4849/173
f 2301/4781/66 2305/4847/66 2303/4846/66 2304/4848/66
f 2306/4785/108 2309/4850/108 2310/4851/108 2312/4852/108
f 2307/4782/68 2311/4853/68 2310/4851/68 2309/4850/68
f 2308/4795/174 2312/4854/174 2310/4851/174 2311/4853/174
f 2271/4816/111 2257/4797/111 2263/4800/111 2274/4817/111
f 2274/4822/186 2263/4804/186 2259/4789/186 2272/4792/186
f 2258/4780/113 2264/4779/113 2270/4809/113 2262/4801/113
f 2262/4806/114 2270/4813/114 2266/4790/114 2259/4789/114
f 2265/4787/115 2278/4786/115 2284/4827/115 2269/4810/115
f 2269/4815/187 2284/4831/187 2280/4791/187 2266/4790/187
f 2279/4794/117 2273/4793/117 2276/4820/117 2283/4828/117
f 2283/4828/118 2276/4820/118 2272/4792/118 2280/4791/118
f 2299/4844/78 2271/4816/78 2277/4819/78 2302/4845/78
f 2302/4849/79 2277/4823/79 2273/4793/79 2300/4796/79
f 2278/4786/80 2306/4785/80 2312/4852/80 2281/4825/80
f 2281/4830/81 2312/4854/81 2308/4795/81 2279/4794/81
f 2307/4782/119 2301/4781/119 2304/4848/119 2311/4853/119
f 2311/4853/83 2304/4848/83 2300/4796/83 2308/4795/83
f 2285/4833/84 2299/4844/84 2305/4847/84 2288/4834/84
f 2288/4834/122 2305/4847/122 2301/4781/122 2286/4784/122
f 2306/4785/86 2292/4788/86 2298/4841/86 2309/4850/86
f 2309/4850/124 2298/4841/124 2294/4783/124 2307/4782/124
f 2293/4778/88 2287/4777/88 2290/4837/88 2297/4842/88
f 2297/4842/126 2290/4837/126 2286/4784/126 2294/4783/126
f 2257/4797/90 2285/4833/90 2291/4836/90 2260/4798/90
f 2260/4803/91 2291/4838/91 2287/4777/91 2258/4780/91
f 2292/4788/92 2265/4787/92 2267/4812/92 2295/4839/92
f 2295/4843/93 2267/4807/93 2264/4779/93 2293/4778/93
f 2271/4816/7 2299/4844/7 2285/4833/7 2257/4797/7
f 2407/4855/3 2413/4856/3 2384/4857/3 2378/4858/3
f 2421/4859/2 2427/4860/2 2414/4861/2 2406/4862/2
f 2426/4863/4 2398/4864/4 2385/4865/4 2412/4866/4
f 2379/4867/5 2386/4868/5 2400/4869/5 2392/4870/5
f 2393/4871/6 2399/4872/6 2428/4873/6 2420/4874/6
f 2377/4875/127 2380/4876/127 2381/4877/127 2383/4878/127
f 2378/4858/128 2382/4879/128 2381/4880/128 2380/4881/128
f 2379/4867/129 2383/4882/129 2381/4883/129 2382/4884/129
f 2384/4857/176 2387/4885/176 2388/4886/176 2390/4887/176
f 2385/4865/130 2389/4888/130 2388/4889/130 2387/4890/130
f 2386/4868/188 2390/4891/188 2388/4892/188 2389/4893/188
f 2391/4894/52 2394/4895/52 2395/4896/52 2397/4897/52
f 2392/4870/184 2396/4898/184 2395/4899/184 2394/4900/184
f 2393/4871/177 2397/4901/177 2395/4902/177 2396/4898/177
f 2398/4864/55 2401/4903/55 2402/4904/55 2404/4905/55
f 2399/4872/189 2403/4906/189 2402/4907/189 2401/4908/189
f 2400/4869/190 2404/4909/190 2402/4910/190 2403/4906/190
f 2405/4911/135 2408/4912/135 2409/4913/135 2411/4914/135
f 2406/4862/144 2410/4915/144 2409/4913/144 2408/4912/144
f 2407/4855/154 2411/4916/154 2409/4913/154 2410/4915/154
f 2412/4866/104 2415/4917/104 2416/4918/104 2418/4919/104
f 2413/4856/155 2417/4920/155 2416/4918/155 2415/4921/155
f 2414/4861/136 2418/4919/136 2416/4918/136 2417/4920/136
f 2419/4922/106 2422/4923/106 2423/4924/106 2425/4925/106
f 2420/4874/157 2424/4926/157 2423/4924/157 2422/4927/157
f 2421/4859/66 2425/4925/66 2423/4924/66 2424/4926/66
f 2426/4863/108 2429/4928/108 2430/4929/108 2432/4930/108
f 2427/4860/68 2431/4931/68 2430/4929/68 2429/4928/68
f 2428/4873/158 2432/4932/158 2430/4929/158 2431/4931/158
f 2391/4894/111 2377/4875/111 2383/4878/111 2394/4895/111
f 2394/4900/112 2383/4882/112 2379/4867/112 2392/4870/112
f 2378/4858/113 2384/4857/113 2390/4887/113 2382/4879/113
f 2382/4884/114 2390/4891/114 2386/4868/114 2379/4867/114
f 2385/4865/115 2398/4864/115 2404/4905/115 2389/4888/115
f 2389/4893/116 2404/4909/116 2400/4869/116 2386/4868/116
f 2399/4872/117 2393/4871/117 2396/4898/117 2403/4906/117
f 2403/4906/118 2396/4898/118 2392/4870/118 2400/4869/118
f 2419/4922/78 2391/4894/78 2397/4897/78 2422/4923/78
f 2422/4927/79 2397/4901/79 2393/4871/79 2420/4874/79
f 2398/4864/80 2426/4863/80 2432/4930/80 2401/4903/80
f 2401/4908/81 2432/4932/81 2428/4873/81 2399/4872/81
f 2427/4860/119 2421/4859/119 2424/4926/119 2431/4931/119
f 2431/4931/83 2424/4926/83 2420/4874/83 2428/4873/83
f 2405/4911/84 2419/4922/84 2425/4925/84 2408/4912/84
f 2408/4912/148 2425/4925/148 2421/4859/148 2406/4862/148
f 2426/4863/86 2412/4866/86 2418/4919/86 2429/4928/86
f 2429/4928/149 2418/4919/149 2414/4861/149 2427/4860/149
f 2413/4856/88 2407/4855/88 2410/4915/88 2417/4920/88
f 2417/4920/126 2410/4915/126 2406/4862/126 2414/4861/126
f 2377/4875/90 2405/4911/90 2411/4914/90 2380/4876/90
f 2380/4881/91 2411/4916/91 2407/4855/91 2378/4858/91
f 2412/4866/92 2385/4865/92 2387/4890/92 2415/4917/92
f 2415/4921/93 2387/4885/93 2384/4857/93 2413/4856/93
f 2391/4894/7 2419/4922/7 2405/4911/7 2377/4875/7
f 2495/4933/3 2501/4934/3 2472/4935/3 2466/4936/3
f 2509/4937/2 2515/4938/2 2502/4939/2 2494/4940/2
f 2514/4941/4 2486/4942/4 2473/4943/4 2500/4944/4
f 2467/4945/5 2474/4946/5 2488/4947/5 2480/4948/5
f 2481/4949/6 2487/4950/6 2516/4951/6 2508/4952/6
f 2465/4953/191 2468/4954/191 2469/4955/191 2471/4956/191
f 2466/4936/192 2470/4957/192 2469/4958/192 2468/4959/192
f 2467/4945/129 2471/4960/129 2469/4961/129 2470/4962/129
f 2472/4935/193 2475/4963/193 2476/4964/193 2478/4965/193
f 2473/4943/50 2477/4966/50 2476/4967/50 2475/4968/50
f 2474/4946/188 2478/4969/188 2476/4970/188 2477/4971/188
f 2479/4972/131 2482/4973/131 2483/4974/131 2485/4975/131
f 2480/4948/184 2484/4976/184 2483/4977/184 2482/4978/184
f 2481/4949/194 2485/4979/194 2483/4980/194 2484/4976/194
f 2486/4942/133 2489/4981/133 2490/4982/133 2492/4983/133
f 2487/4950/195 2491/4984/195 2490/4985/195 2489/4986/195
f 2488/4947/190 2492/4987/190 2490/4988/190 2491/4984/190
f 2493/4989/135 2496/4990/135 2497/4991/135 2499/4992/135
f 2494/4940/144 2498/4993/144 2497/4991/144 2496/4990/144
f 2495/4933/154 2499/4994/154 2497/4991/154 2498/4993/154
f 2500/4944/104 2503/4995/104 2504/4996/104 2506/4997/104
f 2501/4934/172 2505/4998/172 2504/4996/172 2503/4999/172
f 2502/4939/136 2506/4997/136 2504/4996/136 2505/4998/136
f 2507/5000/156 2510/5001/156 2511/5002/156 2513/5003/156
f 2508/4952/173 2512/5004/173 2511/5002/173 2510/5005/173
f 2509/4937/66 2513/5003/66 2511/5002/66 2512/5004/66
f 2514/4941/67 2517/5006/67 2518/5007/67 2520/5008/67
f 2515/4938/68 2519/5009/68 2518/5007/68 2517/5006/68
f 2516/4951/174 2520/5010/174 2518/5007/174 2519/5009/174
f 2479/4972/70 2465/4953/70 2471/4956/70 2482/4973/70
f 2482/4978/112 2471/4960/112 2467/4945/112 2480/4948/112
f 2466/4936/72 2472/4935/72 2478/4965/72 2470/4957/72
f 2470/4962/114 2478/4969/114 2474/4946/114 2467/4945/114
f 2473/4943/74 2486/4942/74 2492/4983/74 2477/4966/74
f 2477/4971/116 2492/4987/116 2488/4947/116 2474/4946/116
f 2487/4950/76 2481/4949/76 2484/4976/76 2491/4984/76
f 2491/4984/118 2484/4976/118 2480/4948/118 2488/4947/118
f 2507/5000/78 2479/4972/78 2485/4975/78 2510/5001/78
f 2510/5005/79 2485/4979/79 2481/4949/79 2508/4952/79
f 2486/4942/80 2514/4941/80 2520/5008/80 2489/4981/80
f 2489/4986/81 2520/5010/81 2516/4951/81 2487/4950/81
f 2515/4938/119 2509/4937/119 2512/5004/119 2519/5009/119
f 2519/5009/83 2512/5004/83 2508/4952/83 2516/4951/83
f 2493/4989/84 2507/5000/84 2513/5003/84 2496/4990/84
f 2496/4990/148 2513/5003/148 2509/4937/148 2494/4940/148
f 2514/4941/86 2500/4944/86 2506/4997/86 2517/5006/86
f 2517/5006/149 2506/4997/149 2502/4939/149 2515/4938/149
f 2501/4934/88 2495/4933/88 2498/4993/88 2505/4998/88
f 2505/4998/126 2498/4993/126 2494/4940/126 2502/4939/126
f 2465/4953/90 2493/4989/90 2499/4992/90 2468/4954/90
f 2468/4959/91 2499/4994/91 2495/4933/91 2466/4936/91
f 2500/4944/92 2473/4943/92 2475/4968/92 2503/4995/92
f 2503/4999/93 2475/4963/93 2472/4935/93 2501/4934/93
f 2479/4972/7 2507/5000/7 2493/4989/7 2465/4953/7
f 2583/5011/3 2589/5012/3 2560/5013/3 2554/5014/3
f 2597/5015/2 2603/5016/2 2590/5017/2 2582/5018/2
f 2602/5019/4 2574/5020/4 2561/5021/4 2588/5022/4
f 2555/5023/5 2562/5024/5 2576/5025/5 2568/5026/5
f 2569/5027/6 2575/5028/6 2604/5029/6 2596/5030/6
f 2553/5031/127 2556/5032/127 2557/5033/127 2559/5034/127
f 2554/5014/128 2558/5035/128 2557/5036/128 2556/5037/128
f 2555/5023/129 2559/5038/129 2557/5039/129 2558/5040/129
f 2560/5013/176 2563/5041/176 2564/5042/176 2566/5043/176
f 2561/5021/130 2565/5044/130 2564/5045/130 2563/5046/130
f 2562/5024/188 2566/5047/188 2564/5048/188 2565/5049/188
f 2567/5050/52 2570/5051/52 2571/5052/52 2573/5053/52
f 2568/5026/184 2572/5054/184 2571/5055/184 2570/5056/184
f 2569/5027/177 2573/5057/177 2571/5058/177 2572/5054/177
f 2574/5020/55 2577/5059/55 2578/5060/55 2580/5061/55
f 2575/5028/185 2579/5062/185 2578/5063/185 2577/5064/185
f 2576/5025/190 2580/5065/190 2578/5066/190 2579/5062/190
f 2581/5067/135 2584/5068/135 2585/5069/135 2587/5070/135
f 2582/5018/144 2586/5071/144 2585/5069/144 2584/5068/144
f 2583/5011/154 2587/5072/154 2585/5069/154 2586/5071/154
f 2588/5022/104 2591/5073/104 2592/5074/104 2594/5075/104
f 2589/5012/155 2593/5076/155 2592/5074/155 2591/5077/155
f 2590/5017/63 2594/5075/63 2592/5074/63 2593/5076/63
f 2595/5078/156 2598/5079/156 2599/5080/156 2601/5081/156
f 2596/5030/173 2600/5082/173 2599/5080/173 2598/5083/173
f 2597/5015/66 2601/5081/66 2599/5080/66 2600/5082/66
f 2602/5019/67 2605/5084/67 2606/5085/67 2608/5086/67
f 2603/5016/68 2607/5087/68 2606/5085/68 2605/5084/68
f 2604/5029/174 2608/5088/174 2606/5085/174 2607/5087/174
f 2567/5050/111 2553/5031/111 2559/5034/111 2570/5051/111
f 2570/5056/186 2559/5038/186 2555/5023/186 2568/5026/186
f 2554/5014/113 2560/5013/113 2566/5043/113 2558/5035/113
f 2558/5040/114 2566/5047/114 2562/5024/114 2555/5023/114
f 2561/5021/115 2574/5020/115 2580/5061/115 2565/5044/115
f 2565/5049/187 2580/5065/187 2576/5025/187 2562/5024/187
f 2575/5028/117 2569/5027/117 2572/5054/117 2579/5062/117
f 2579/5062/118 2572/5054/118 2568/5026/118 2576/5025/118
f 2595/5078/78 2567/5050/78 2573/5053/78 2598/5079/78
f 2598/5083/79 2573/5057/79 2569/5027/79 2596/5030/79
f 2574/5020/80 2602/5019/80 2608/5086/80 2577/5059/80
f 2577/5064/81 2608/5088/81 2604/5029/81 2575/5028/81
f 2603/5016/119 2597/5015/119 2600/5082/119 2607/5087/119
f 2607/5087/83 2600/5082/83 2596/5030/83 2604/5029/83
f 2581/5067/84 2595/5078/84 2601/5081/84 2584/5068/84
f 2584/5068/148 2601/5081/148 2597/5015/148 2582/5018/148
f 2602/5019/86 2588/5022/86 2594/5075/86 2605/5084/86
f 2605/5084/149 2594/5075/149 2590/5017/149 2603/5016/149
f 2589/5012/88 2583/5011/88 2586/5071/88 2593/5076/88
f 2593/5076/126 2586/5071/126 2582/5018/126 2590/5017/126
f 2553/5031/90 2581/5067/90 2587/5070/90 2556/5032/90
f 2556/5037/91 2587/5072/91 2583/5011/91 2554/5014/91
f 2588/5022/92 2561/5021/92 2563/5046/92 2591/5073/92
f 2591/5077/93 2563/5041/93 2560/5013/93 2589/5012/93
f 2567/5050/7 2595/5078/7 2581/5067/7 2553/5031/7
f 2703/5089/3 2709/5090/3 2680/5091/3 2674/5092/3
f 2717/5093/2 2723/5094/2 2710/5095/2 2702/5096/2
f 2722/5097/4 2694/5098/4 2681/5099/4 2708/5100/4
f 2675/5101/5 2682/5102/5 2696/5103/5 2688/5104/5
f 2689/5105/6 2695/5106/6 2724/5107/6 2716/5108/6
f 2673/5109/127 2676/5110/127 2677/5111/127 2679/5112/127
f 2674/5092/128 2678/5113/128 2677/5114/128 2676/5115/128
f 2675/5101/129 2679/5116/129 2677/5117/129 2678/5118/129
f 2680/5091/176 2683/5119/176 2684/5120/176 2686/5121/176
f 2681/5099/130 2685/5122/130 2684/5123/130 2683/5124/130
f 2682/5102/96 2686/5125/96 2684/5126/96 2685/5127/96
f 2687/5128/52 2690/5129/52 2691/5130/52 2693/5131/52
f 2688/5104/132 2692/5132/132 2691/5133/132 2690/5134/132
f 2689/5105/177 2693/5135/177 2691/5136/177 2692/5132/177
f 2694/5098/55 2697/5137/55 2698/5138/55 2700/5139/55
f 2695/5106/185 2699/5140/185 2698/5141/185 2697/5142/185
f 2696/5103/134 2700/5143/134 2698/5144/134 2699/5140/134
f 2701/5145/135 2704/5146/135 2705/5147/135 2707/5148/135
f 2702/5096/59 2706/5149/59 2705/5147/59 2704/5146/59
f 2703/5089/154 2707/5150/154 2705/5147/154 2706/5149/154
f 2708/5100/61 2711/5151/61 2712/5152/61 2714/5153/61
f 2709/5090/155 2713/5154/155 2712/5152/155 2711/5155/155
f 2710/5095/63 2714/5153/63 2712/5152/63 2713/5154/63
f 2715/5156/156 2718/5157/156 2719/5158/156 2721/5159/156
f 2716/5108/173 2720/5160/173 2719/5158/173 2718/5161/173
f 2717/5093/196 2721/5159/196 2719/5158/196 2720/5160/196
f 2722/5097/67 2725/5162/67 2726/5163/67 2728/5164/67
f 2723/5094/109 2727/5165/109 2726/5163/109 2725/5162/109
f 2724/5107/174 2728/5166/174 2726/5163/174 2727/5165/174
f 2687/5128/111 2673/5109/111 2679/5112/111 2690/5129/111
f 2690/5134/186 2679/5116/186 2675/5101/186 2688/5104/186
f 2674/5092/113 2680/5091/113 2686/5121/113 2678/5113/113
f 2678/5118/114 2686/5125/114 2682/5102/114 2675/5101/114
f 2681/5099/115 2694/5098/115 2700/5139/115 2685/5122/115
f 2685/5127/187 2700/5143/187 2696/5103/187 2682/5102/187
f 2695/5106/117 2689/5105/117 2692/5132/117 2699/5140/117
f 2699/5140/118 2692/5132/118 2688/5104/118 2696/5103/118
f 2715/5156/78 2687/5128/78 2693/5131/78 2718/5157/78
f 2718/5161/79 2693/5135/79 2689/5105/79 2716/5108/79
f 2694/5098/80 2722/5097/80 2728/5164/80 2697/5137/80
f 2697/5142/81 2728/5166/81 2724/5107/81 2695/5106/81
f 2723/5094/119 2717/5093/119 2720/5160/119 2727/5165/119
f 2727/5165/83 2720/5160/83 2716/5108/83 2724/5107/83
f 2701/5145/84 2715/5156/84 2721/5159/84 2704/5146/84
f 2704/5146/148 2721/5159/148 2717/5093/148 2702/5096/148
f 2722/5097/86 2708/5100/86 2714/5153/86 2725/5162/86
f 2725/5162/149 2714/5153/149 2710/5095/149 2723/5094/149
f 2709/5090/88 2703/5089/88 2706/5149/88 2713/5154/88
f 2713/5154/126 2706/5149/126 2702/5096/126 2710/5095/126
f 2673/5109/90 2701/5145/90 2707/5148/90 2676/5110/90
f 2676/5115/91 2707/5150/91 2703/5089/91 2674/5092/91
f 2708/5100/92 2681/5099/92 2683/5124/92 2711/5151/92
f 2711/5155/93 2683/5119/93 2680/5091/93 2709/5090/93
f 2687/5128/7 2715/5156/7 2701/5145/7 2673/5109/7
f 2791/5167/3 2797/5168/3 2768/5169/3 2762/5170/3
f 2805/5171/2 2811/5172/2 2798/5173/2 2790/5174/2
f 2810/5175/4 2782/5176/4 2769/5177/4 2796/5178/4
f 2763/5179/5 2770/5180/5 2784/5181/5 2776/5182/5
f 2777/5183/6 2783/5184/6 2812/5185/6 2804/5186/6
f 2761/5187/191 2764/5188/191 2765/5189/191 2767/5190/191
f 2762/5170/192 2766/5191/192 2765/5192/192 2764/5193/192
f 2763/5179/129 2767/5194/129 2765/5195/129 2766/5196/129
f 2768/5169/193 2771/5197/193 2772/5198/193 2774/5199/193
f 2769/5177/50 2773/5200/50 2772/5201/50 2771/5202/50
f 2770/5180/96 2774/5203/96 2772/5204/96 2773/5205/96
f 2775/5206/131 2778/5207/131 2779/5208/131 2781/5209/131
f 2776/5182/132 2780/5210/132 2779/5211/132 2778/5212/132
f 2777/5183/169 2781/5213/169 2779/5214/169 2780/5210/169
f 2782/5176/133 2785/5215/133 2786/5216/133 2788/5217/133
f 2783/5184/195 2787/5218/195 2786/5219/195 2785/5220/195
f 2784/5181/134 2788/5221/134 2786/5222/134 2787/5218/134
f 2789/5223/135 2792/5224/135 2793/5225/135 2795/5226/135
f 2790/5174/59 2794/5227/59 2793/5225/59 2792/5224/59
f 2791/5167/154 2795/5228/154 2793/5225/154 2794/5227/154
f 2796/5178/104 2799/5229/104 2800/5230/104 2802/5231/104
f 2797/5168/155 2801/5232/155 2800/5230/155 2799/5233/155
f 2798/5173/63 2802/5231/63 2800/5230/63 2801/5232/63
f 2803/5234/106 2806/5235/106 2807/5236/106 2809/5237/106
f 2804/5186/157 2808/5238/157 2807/5236/157 2806/5239/157
f 2805/5171/66 2809/5237/66 2807/5236/66 2808/5238/66
f 2810/5175/108 2813/5240/108 2814/5241/108 2816/5242/108
f 2811/5172/109 2815/5243/109 2814/5241/109 2813/5240/109
f 2812/5185/158 2816/5244/158 2814/5241/158 2815/5243/158
f 2775/5206/70 2761/5187/70 2767/5190/70 2778/5207/70
f 2778/5212/186 2767/5194/186 2763/5179/186 2776/5182/186
f 2762/5170/72 2768/5169/72 2774/5199/72 2766/5191/72
f 2766/5196/114 2774/5203/114 2770/5180/114 2763/5179/114
f 2769/5177/74 2782/5176/74 2788/5217/74 2773/5200/74
f 2773/5205/187 2788/5221/187 2784/5181/187 2770/5180/187
f 2783/5184/76 2777/5183/76 2780/5210/76 2787/5218/76
f 2787/5218/118 2780/5210/118 2776/5182/118 2784/5181/118
f 2803/5234/78 2775/5206/78 2781/5209/78 2806/5235/78
f 2806/5239/79 2781/5213/79 2777/5183/79 2804/5186/79
f 2782/5176/80 2810/5175/80 2816/5242/80 2785/5215/80
f 2785/5220/81 2816/5244/81 2812/5185/81 2783/5184/81
f 2811/5172/119 2805/5171/119 2808/5238/119 2815/5243/119
f 2815/5243/83 2808/5238/83 2804/5186/83 2812/5185/83
f 2789/5223/84 2803/5234/84 2809/5237/84 2792/5224/84
f 2792/5224/122 2809/5237/122 2805/5171/122 2790/5174/122
f 2810/5175/86 2796/5178/86 2802/5231/86 2813/5240/86
f 2813/5240/124 2802/5231/124 2798/5173/124 2811/5172/124
f 2797/5168/88 2791/5167/88 2794/5227/88 2801/5232/88
f 2801/5232/126 2794/5227/126 2790/5174/126 2798/5173/126
f 2761/5187/90 2789/5223/90 2795/5226/90 2764/5188/90
f 2764/5193/91 2795/5228/91 2791/5167/91 2762/5170/91
f 2796/5178/92 2769/5177/92 2771/5202/92 2799/5229/92
f 2799/5233/93 2771/5197/93 2768/5169/93 2797/5168/93
f 2775/5206/7 2803/5234/7 2789/5223/7 2761/5187/7
f 2911/5245/3 2917/5246/3 2888/5247/3 2882/5248/3
f 2925/5249/2 2931/5250/2 2918/5251/2 2910/5252/2
f 2930/5253/4 2902/5254/4 2889/5255/4 2916/5256/4
f 2883/5257/5 2890/5258/5 2904/5259/5 2896/5260/5
f 2897/5261/6 2903/5262/6 2932/5263/6 2924/5264/6
f 2881/5265/46 2884/5266/46 2885/5267/46 2887/5268/46
f 2882/5248/192 2886/5269/192 2885/5270/192 2884/5271/192
f 2883/5257/197 2887/5272/197 2885/5273/197 2886/5274/197
f 2888/5247/152 2891/5275/152 2892/5276/152 2894/5277/152
f 2889/5255/50 2893/5278/50 2892/5279/50 2891/5280/50
f 2890/5258/51 2894/5281/51 2892/5282/51 2893/5283/51
f 2895/5284/52 2898/5285/52 2899/5286/52 2901/5287/52
f 2896/5260/198 2900/5288/198 2899/5289/198 2898/5290/198
f 2897/5261/194 2901/5291/194 2899/5292/194 2900/5288/194
f 2902/5254/133 2905/5293/133 2906/5294/133 2908/5295/133
f 2903/5262/56 2907/5296/56 2906/5297/56 2905/5298/56
f 2904/5259/100 2908/5299/100 2906/5300/100 2907/5296/100
f 2909/5301/135 2912/5302/135 2913/5303/135 2915/5304/135
f 2910/5252/59 2914/5305/59 2913/5303/59 2912/5302/59
f 2911/5245/154 2915/5306/154 2913/5303/154 2914/5305/154
f 2916/5256/104 2919/5307/104 2920/5308/104 2922/5309/104
f 2917/5246/155 2921/5310/155 2920/5308/155 2919/5311/155
f 2918/5251/63 2922/5309/63 2920/5308/63 2921/5310/63
f 2923/5312/106 2926/5313/106 2927/5314/106 2929/5315/106
f 2924/5264/157 2928/5316/157 2927/5314/157 2926/5317/157
f 2925/5249/66 2929/5315/66 2927/5314/66 2928/5316/66
f 2930/5253/108 2933/5318/108 2934/5319/108 2936/5320/108
f 2931/5250/68 2935/5321/68 2934/5319/68 2933/5318/68
f 2932/5263/158 2936/5322/158 2934/5319/158 2935/5321/158
f 2895/5284/70 2881/5265/70 2887/5268/70 2898/5285/70
f 2898/5290/112 2887/5272/112 2883/5257/112 2896/5260/112
f 2882/5248/72 2888/5247/72 2894/5277/72 2886/5269/72
f 2886/5274/114 2894/5281/114 2890/5258/114 2883/5257/114
f 2889/5255/74 2902/5254/74 2908/5295/74 2893/5278/74
f 2893/5283/116 2908/5299/116 2904/5259/116 2890/5258/116
f 2903/5262/76 2897/5261/76 2900/5288/76 2907/5296/76
f 2907/5296/118 2900/5288/118 2896/5260/118 2904/5259/118
f 2923/5312/78 2895/5284/78 2901/5287/78 2926/5313/78
f 2926/5317/79 2901/5291/79 2897/5261/79 2924/5264/79
f 2902/5254/80 2930/5253/80 2936/5320/80 2905/5293/80
f 2905/5298/81 2936/5322/81 2932/5263/81 2903/5262/81
f 2931/5250/119 2925/5249/119 2928/5316/119 2935/5321/119
f 2935/5321/83 2928/5316/83 2924/5264/83 2932/5263/83
f 2909/5301/84 2923/5312/84 2929/5315/84 2912/5302/84
f 2912/5302/122 2929/5315/122 2925/5249/122 2910/5252/122
f 2930/5253/86 2916/5256/86 2922/5309/86 2933/5318/86
f 2933/5318/124 2922/5309/124 2918/5251/124 2931/5250/124
f 2917/5246/88 2911/5245/88 2914/5305/88 2921/5310/88
f 2921/5310/126 2914/5305/126 2910/5252/126 2918/5251/126
f 2881/5265/90 2909/5301/90 2915/5304/90 2884/5266/90
f 2884/5271/91 2915/5306/91 2911/5245/91 2882/5248/91
f 2916/5256/92 2889/5255/92 2891/5280/92 2919/5307/92
f 2919/5311/93 2891/5275/93 2888/5247/93 2917/5246/93
f 2895/5284/7 2923/5312/7 2909/5301/7 2881/5265/7
f 2999/5323/3 3005/5324/3 2976/5325/3 2970/5326/3
f 3013/5327/2 3019/5328/2 3006/5329/2 2998/5330/2
f 3018/5331/4 2990/5332/4 2977/5333/4 3004/5334/4
f 2971/5335/5 2978/5336/5 2992/5337/5 2984/5338/5
f 2985/5339/6 2991/5340/6 3020/5341/6 3012/5342/6
f 2969/5343/127 2972/5344/127 2973/5345/127 2975/5346/127
f 2970/5326/128 2974/5347/128 2973/5348/128 2972/5349/128
f 2971/5335/129 2975/5350/129 2973/5351/129 2974/5352/129
f 2976/5325/176 2979/5353/176 2980/5354/176 2982/5355/176
f 2977/5333/130 2981/5356/130 2980/5357/130 2979/5358/130
f 2978/5336/96 2982/5359/96 2980/5360/96 2981/5361/96
f 2983/5362/52 2986/5363/52 2987/5364/52 2989/5365/52
f 2984/5338/184 2988/5366/184 2987/5367/184 2986/5368/184
f 2985/5339/177 2989/5369/177 2987/5370/177 2988/5366/177
f 2990/5332/55 2993/5371/55 2994/5372/55 2996/5373/55
f 2991/5340/189 2995/5374/189 2994/5375/189 2993/5376/189
f 2992/5337/143 2996/5377/143 2994/5378/143 2995/5374/143
f 2997/5379/135 3000/5380/135 3001/5381/135 3003/5382/135
f 2998/5330/59 3002/5383/59 3001/5381/59 3000/5380/59
f 2999/5323/171 3003/5384/171 3001/5381/171 3002/5383/171
f 3004/5334/104 3007/5385/104 3008/5386/104 3010/5387/104
f 3005/5324/172 3009/5388/172 3008/5386/172 3007/5389/172
f 3006/5329/63 3010/5387/63 3008/5386/63 3009/5388/63
f 3011/5390/106 3014/5391/106 3015/5392/106 3017/5393/106
f 3012/5342/173 3016/5394/173 3015/5392/173 3014/5395/173
f 3013/5327/66 3017/5393/66 3015/5392/66 3016/5394/66
f 3018/5331/108 3021/5396/108 3022/5397/108 3024/5398/108
f 3019/5328/68 3023/5399/68 3022/5397/68 3021/5396/68
f 3020/5341/174 3024/5400/174 3022/5397/174 3023/5399/174
f 2983/5362/111 2969/5343/111 2975/5346/111 2986/5363/111
f 2986/5368/112 2975/5350/112 2971/5335/112 2984/5338/112
f 2970/5326/113 2976/5325/113 2982/5355/113 2974/5347/113
f 2974/5352/114 2982/5359/114 2978/5336/114 2971/5335/114
f 2977/5333/115 2990/5332/115 2996/5373/115 2981/5356/115
f 2981/5361/116 2996/5377/116 2992/5337/116 2978/5336/116
f 2991/5340/117 2985/5339/117 2988/5366/117 2995/5374/117
f 2995/5374/118 2988/5366/118 2984/5338/118 2992/5337/118
f 3011/5390/78 2983/5362/78 2989/5365/78 3014/5391/78
f 3014/5395/79 2989/5369/79 2985/5339/79 3012/5342/79
f 2990/5332/80 3018/5331/80 3024/5398/80 2993/5371/80
f 2993/5376/81 3024/5400/81 3020/5341/81 2991/5340/81
f 3019/5328/119 3013/5327/119 3016/5394/119 3023/5399/119
f 3023/5399/83 3016/5394/83 3012/5342/83 3020/5341/83
f 2997/5379/84 3011/5390/84 3017/5393/84 3000/5380/84
f 3000/5380/148 3017/5393/148 3013/5327/148 2998/5330/148
f 3018/5331/86 3004/5334/86 3010/5387/86 3021/5396/86
f 3021/5396/149 3010/5387/149 3006/5329/149 3019/5328/149
f 3005/5324/88 2999/5323/88 3002/5383/88 3009/5388/88
f 3009/5388/126 3002/5383/126 2998/5330/126 3006/5329/126
f 2969/5343/90 2997/5379/90 3003/5382/90 2972/5344/90
f 2972/5349/91 3003/5384/91 2999/5323/91 2970/5326/91
f 3004/5334/92 2977/5333/92 2979/5358/92 3007/5385/92
f 3007/5389/93 2979/5353/93 2976/5325/93 3005/5324/93
f 2983/5362/7 3011/5390/7 2997/5379/7 2969/5343/7
f 3087/5401/3 3093/5402/3 3064/5403/3 3058/5404/3
f 3101/5405/2 3107/5406/2 3094/5407/2 3086/5408/2
f 3106/5409/4 3078/5410/4 3065/5411/4 3092/5412/4
f 3059/5413/5 3066/5414/5 3080/5415/5 3072/5416/5
f 3073/5417/6 3079/5418/6 3108/5419/6 3100/5420/6
f 3057/5421/191 3060/5422/191 3061/5423/191 3063/5424/191
f 3058/5404/168 3062/5425/168 3061/5426/168 3060/5427/168
f 3059/5413/129 3063/5428/129 3061/5429/129 3062/5430/129
f 3064/5403/49 3067/5431/49 3068/5432/49 3070/5433/49
f 3065/5411/50 3069/5434/50 3068/5435/50 3067/5436/50
f 3066/5414/96 3070/5437/96 3068/5438/96 3069/5439/96
f 3071/5440/131 3074/5441/131 3075/5442/131 3077/5443/131
f 3072/5416/132 3076/5444/132 3075/5445/132 3074/5446/132
f 3073/5417/194 3077/5447/194 3075/5448/194 3076/5444/194
f 3078/5410/133 3081/5449/133 3082/5450/133 3084/5451/133
f 3079/5418/195 3083/5452/195 3082/5453/195 3081/5454/195
f 3080/5415/134 3084/5455/134 3082/5456/134 3083/5452/134
f 3085/5457/135 3088/5458/135 3089/5459/135 3091/5460/135
f 3086/5408/59 3090/5461/59 3089/5459/59 3088/5458/59
f 3087/5401/171 3091/5462/171 3089/5459/171 3090/5461/171
f 3092/5412/104 3095/5463/104 3096/5464/104 3098/5465/104
f 3093/5402/172 3097/5466/172 3096/5464/172 3095/5467/172
f 3094/5407/63 3098/5465/63 3096/5464/63 3097/5466/63
f 3099/5468/106 3102/5469/106 3103/5470/106 3105/5471/106
f 3100/5420/173 3104/5472/173 3103/5470/173 3102/5473/173
f 3101/5405/66 3105/5471/66 3103/5470/66 3104/5472/66
f 3106/5409/108 3109/5474/108 3110/5475/108 3112/5476/108
f 3107/5406/68 3111/5477/68 3110/5475/68 3109/5474/68
f 3108/5419/174 3112/5478/174 3110/5475/174 3111/5477/174
f 3071/5440/70 3057/5421/70 3063/5424/70 3074/5441/70
f 3074/5446/71 3063/5428/71 3059/5413/71 3072/5416/71
f 3058/5404/72 3064/5403/72 3070/5433/72 3062/5425/72
f 3062/5430/114 3070/5437/114 3066/5414/114 3059/5413/114
f 3065/5411/74 3078/5410/74 3084/5451/74 3069/5434/74
f 3069/5439/75 3084/5455/75 3080/5415/75 3066/5414/75
f 3079/5418/76 3073/5417/76 3076/5444/76 3083/5452/76
f 3083/5452/118 3076/5444/118 3072/5416/118 3080/5415/118
f 3099/5468/78 3071/5440/78 3077/5443/78 3102/5469/78
f 3102/5473/79 3077/5447/79 3073/5417/79 3100/5420/79
f 3078/5410/80 3106/5409/80 3112/5476/80 3081/5449/80
f 3081/5454/81 3112/5478/81 3108/5419/81 3079/5418/81
f 3107/5406/119 3101/5405/119 3104/5472/119 3111/5477/119
f 3111/5477/83 3104/5472/83 3100/5420/83 3108/5419/83
f 3085/5457/84 3099/5468/84 3105/5471/84 3088/5458/84
f 3088/5458/122 3105/5471/122 3101/5405/122 3086/5408/122
f 3106/5409/86 3092/5412/86 3098/5465/86 3109/5474/86
f 3109/5474/124 3098/5465/124 3094/5407/124 3107/5406/124
f 3093/5402/88 3087/5401/88 3090/5461/88 3097/5466/88
f 3097/5466/126 3090/5461/126 3086/5408/126 3094/5407/126
f 3057/5421/90 3085/5457/90 3091/5460/90 3060/5422/90
f 3060/5427/91 3091/5462/91 3087/5401/91 3058/5404/91
f 3092/5412/92 3065/5411/92 3067/5436/92 3095/5463/92
f 3095/5467/93 3067/5431/93 3064/5403/93 3093/5402/93
f 3071/5440/7 3099/5468/7 3085/5457/7 3057/5421/7
f 3207/5479/3 3213/5480/3 3184/5481/3 3178/5482/3
f 3221/5483/2 3227/5484/2 3214/5485/2 3206/5486/2
f 3226/5487/4 3198/5488/4 3185/5489/4 3212/5490/4
f 3179/5491/5 3186/5492/5 3200/5493/5 3192/5494/5
f 3193/5495/6 3199/5496/6 3228/5497/6 3220/5498/6
f 3177/5499/46 3180/5500/46 3181/5501/46 3183/5502/46
f 3178/5482/168 3182/5503/168 3181/5504/168 3180/5505/168
f 3179/5491/129 3183/5506/129 3181/5507/129 3182/5508/129
f 3184/5481/49 3187/5509/49 3188/5510/49 3190/5511/49
f 3185/5489/50 3189/5512/50 3188/5513/50 3187/5514/50
f 3186/5492/96 3190/5515/96 3188/5516/96 3189/5517/96
f 3191/5518/131 3194/5519/131 3195/5520/131 3197/5521/131
f 3192/5494/184 3196/5522/184 3195/5523/184 3194/5524/184
f 3193/5495/194 3197/5525/194 3195/5526/194 3196/5522/194
f 3198/5488/133 3201/5527/133 3202/5528/133 3204/5529/133
f 3199/5496/195 3203/5530/195 3202/5531/195 3201/5532/195
f 3200/5493/134 3204/5533/134 3202/5534/134 3203/5530/134
f 3205/5535/135 3208/5536/135 3209/5537/135 3211/5538/135
f 3206/5486/59 3210/5539/59 3209/5537/59 3208/5536/59
f 3207/5479/154 3211/5540/154 3209/5537/154 3210/5539/154
f 3212/5490/104 3215/5541/104 3216/5542/104 3218/5543/104
f 3213/5480/155 3217/5544/155 3216/5542/155 3215/5545/155
f 3214/5485/136 3218/5543/136 3216/5542/136 3217/5544/136
f 3219/5546/156 3222/5547/156 3223/5548/156 3225/5549/156
f 3220/5498/157 3224/5550/157 3223/5548/157 3222/5551/157
f 3221/5483/66 3225/5549/66 3223/5548/66 3224/5550/66
f 3226/5487/108 3229/5552/108 3230/5553/108 3232/5554/108
f 3227/5484/109 3231/5555/109 3230/5553/109 3229/5552/109
f 3228/5497/158 3232/5556/158 3230/5553/158 3231/5555/158
f 3191/5518/70 3177/5499/70 3183/5502/70 3194/5519/70
f 3194/5524/112 3183/5506/112 3179/5491/112 3192/5494/112
f 3178/5482/72 3184/5481/72 3190/5511/72 3182/5503/72
f 3182/5508/114 3190/5515/114 3186/5492/114 3179/5491/114
f 3185/5489/74 3198/5488/74 3204/5529/74 3189/5512/74
f 3189/5517/116 3204/5533/116 3200/5493/116 3186/5492/116
f 3199/5496/76 3193/5495/76 3196/5522/76 3203/5530/76
f 3203/5530/118 3196/5522/118 3192/5494/118 3200/5493/118
f 3219/5546/78 3191/5518/78 3197/5521/78 3222/5547/78
f 3222/5551/79 3197/5525/79 3193/5495/79 3220/5498/79
f 3198/5488/80 3226/5487/80 3232/5554/80 3201/5527/80
f 3201/5532/81 3232/5556/81 3228/5497/81 3199/5496/81
f 3227/5484/119 3221/5483/119 3224/5550/119 3231/5555/119
f 3231/5555/83 3224/5550/83 3220/5498/83 3228/5497/83
f 3205/5535/84 3219/5546/84 3225/5549/84 3208/5536/84
f 3208/5536/148 3225/5549/148 3221/5483/148 3206/5486/148
f 3226/5487/86 3212/5490/86 3218/5543/86 3229/5552/86
f 3229/5552/149 3218/5543/149 3214/5485/149 3227/5484/149
f 3213/5480/88 3207/5479/88 3210/5539/88 3217/5544/88
f 3217/5544/126 3210/5539/126 3206/5486/126 3214/5485/126
f 3177/5499/90 3205/5535/90 3211/5538/90 3180/5500/90
f 3180/5505/91 3211/5540/91 3207/5479/91 3178/5482/91
f 3212/5490/92 3185/5489/92 3187/5514/92 3215/5541/92
f 3215/5545/93 3187/5509/93 3184/5481/93 3213/5480/93
f 3191/5518/7 3219/5546/7 3205/5535/7 3177/5499/7
f 3295/5557/3 3301/5558/3 3272/5559/3 3266/5560/3
f 3309/5561/2 3315/5562/2 3302/5563/2 3294/5564/2
f 3314/5565/4 3286/5566/4 3273/5567/4 3300/5568/4
f 3267/5569/5 3274/5570/5 3288/5571/5 3280/5572/5
f 3281/5573/6 3287/5574/6 3316/5575/6 3308/5576/6
f 3265/5577/127 3268/5578/127 3269/5579/127 3271/5580/127
f 3266/5560/47 3270/5581/47 3269/5582/47 3268/5583/47
f 3267/5569/199 3271/5584/199 3269/5585/199 3270/5586/199
f 3272/5559/95 3275/5587/95 3276/5588/95 3278/5589/95
f 3273/5567/130 3277/5590/130 3276/5591/130 3275/5592/130
f 3274/5570/96 3278/5593/96 3276/5594/96 3277/5595/96
f 3279/5596/52 3282/5597/52 3283/5598/52 3285/5599/52
f 3280/5572/132 3284/5600/132 3283/5601/132 3282/5602/132
f 3281/5573/98 3285/5603/98 3283/5604/98 3284/5600/98
f 3286/5566/55 3289/5605/55 3290/5606/55 3292/5607/55
f 3287/5574/99 3291/5608/99 3290/5609/99 3289/5610/99
f 3288/5571/134 3292/5611/134 3290/5612/134 3291/5608/134
f 3293/5613/135 3296/5614/135 3297/5615/135 3299/5616/135
f 3294/5564/144 3298/5617/144 3297/5615/144 3296/5614/144
f 3295/5557/154 3299/5618/154 3297/5615/154 3298/5617/154
f 3300/5568/104 3303/5619/104 3304/5620/104 3306/5621/104
f 3301/5558/155 3305/5622/155 3304/5620/155 3303/5623/155
f 3302/5563/136 3306/5621/136 3304/5620/136 3305/5622/136
f 3307/5624/156 3310/5625/156 3311/5626/156 3313/5627/156
f 3308/5576/157 3312/5628/157 3311/5626/157 3310/5629/157
f 3309/5561/66 3313/5627/66 3311/5626/66 3312/5628/66
f 3314/5565/67 3317/5630/67 3318/5631/67 3320/5632/67
f 3315/5562/68 3319/5633/68 3318/5631/68 3317/5630/68
f 3316/5575/158 3320/5634/158 3318/5631/158 3319/5633/158
f 3279/5596/111 3265/5577/111 3271/5580/111 3282/5597/111
f 3282/5602/112 3271/5584/112 3267/5569/112 3280/5572/112
f 3266/5560/113 3272/5559/113 3278/5589/113 3270/5581/113
f 3270/5586/114 3278/5593/114 3274/5570/114 3267/5569/114
f 3273/5567/115 3286/5566/115 3292/5607/115 3277/5590/115
f 3277/5595/116 3292/5611/116 3288/5571/116 3274/5570/116
f 3287/5574/117 3281/5573/117 3284/5600/117 3291/5608/117
f 3291/5608/118 3284/5600/118 3280/5572/118 3288/5571/118
f 3307/5624/78 3279/5596/78 3285/5599/78 3310/5625/78
f 3310/5629/79 3285/5603/79 3281/5573/79 3308/5576/79
f 3286/5566/80 3314/5565/80 3320/5632/80 3289/5605/80
f 3289/5610/81 3320/5634/81 3316/5575/81 3287/5574/81
f 3315/5562/119 3309/5561/119 3312/5628/119 3319/5633/119
f 3319/5633/83 3312/5628/83 3308/5576/83 3316/5575/83
f 3293/5613/84 3307/5624/84 3313/5627/84 3296/5614/84
f 3296/5614/122 3313/5627/122 3309/5561/122 3294/5564/122
f 3314/5565/86 3300/5568/86 3306/5621/86 3317/5630/86
f 3317/5630/124 3306/5621/124 3302/5563/124 3315/5562/124
f 3301/5558/88 3295/5557/88 3298/5617/88 3305/5622/88
f 3305/5622/126 3298/5617/126 3294/5564/126 3302/5563/126
f 3265/5577/90 3293/5613/90 3299/5616/90 3268/5578/90
f 3268/5583/91 3299/5618/91 3295/5557/91 3266/5560/91
f 3300/5568/92 3273/5567/92 3275/5592/92 3303/5619/92
f 3303/5623/93 3275/5587/93 3272/5559/93 3301/5558/93
f 3279/5596/7 3307/5624/7 3293/5613/7 3265/5577/7
f 3415/5635/3 3421/5636/3 3392/5637/3 3386/5638/3
f 3429/5639/2 3435/5640/2 3422/5641/2 3414/5642/2
f 3434/5643/4 3406/5644/4 3393/5645/4 3420/5646/4
f 3387/5647/5 3394/5648/5 3408/5649/5 3400/5650/5
f 3401/5651/6 3407/5652/6 3436/5653/6 3428/5654/6
f 3385/5655/127 3388/5656/127 3389/5657/127 3391/5658/127
f 3386/5638/128 3390/5659/128 3389/5660/128 3388/5661/128
f 3387/5647/129 3391/5662/129 3389/5663/129 3390/5664/129
f 3392/5637/95 3395/5665/95 3396/5666/95 3398/5667/95
f 3393/5645/130 3397/5668/130 3396/5669/130 3395/5670/130
f 3394/5648/96 3398/5671/96 3396/5672/96 3397/5673/96
f 3399/5674/52 3402/5675/52 3403/5676/52 3405/5677/52
f 3400/5650/132 3404/5678/132 3403/5679/132 3402/5680/132
f 3401/5651/98 3405/5681/98 3403/5682/98 3404/5678/98
f 3406/5644/55 3409/5683/55 3410/5684/55 3412/5685/55
f 3407/5652/99 3411/5686/99 3410/5687/99 3409/5688/99
f 3408/5649/134 3412/5689/134 3410/5690/134 3411/5686/134
f 3413/5691/58 3416/5692/58 3417/5693/58 3419/5694/58
f 3414/5642/160 3418/5695/160 3417/5693/160 3416/5692/160
f 3415/5635/171 3419/5696/171 3417/5693/171 3418/5695/171
f 3420/5646/61 3423/5697/61 3424/5698/61 3426/5699/61
f 3421/5636/172 3425/5700/172 3424/5698/172 3423/5701/172
f 3422/5641/136 3426/5699/136 3424/5698/136 3425/5700/136
f 3427/5702/156 3430/5703/156 3431/5704/156 3433/5705/156
f 3428/5654/173 3432/5706/173 3431/5704/173 3430/5707/173
f 3429/5639/200 3433/5705/200 3431/5704/200 3432/5706/200
f 3434/5643/67 3437/5708/67 3438/5709/67 3440/5710/67
f 3435/5640/201 3439/5711/201 3438/5709/201 3437/5708/201
f 3436/5653/174 3440/5712/174 3438/5709/174 3439/5711/174
f 3399/5674/111 3385/5655/111 3391/5658/111 3402/5675/111
f 3402/5680/112 3391/5662/112 3387/5647/112 3400/5650/112
f 3386/5638/113 3392/5637/113 3398/5667/113 3390/5659/113
f 3390/5664/114 3398/5671/114 3394/5648/114 3387/5647/114
f 3393/5645/115 3406/5644/115 3412/5685/115 3397/5668/115
f 3397/5673/116 3412/5689/116 3408/5649/116 3394/5648/116
f 3407/5652/117 3401/5651/117 3404/5678/117 3411/5686/117
f 3411/5686/118 3404/5678/118 3400/5650/118 3408/5649/118
f 3427/5702/78 3399/5674/78 3405/5677/78 3430/5703/78
f 3430/5707/79 3405/5681/79 3401/5651/79 3428/5654/79
f 3406/5644/80 3434/5643/80 3440/5710/80 3409/5683/80
f 3409/5688/81 3440/5712/81 3436/5653/81 3407/5652/81
f 3435/5640/119 3429/5639/119 3432/5706/119 3439/5711/119
f 3439/5711/83 3432/5706/83 3428/5654/83 3436/5653/83
f 3413/5691/84 3427/5702/84 3433/5705/84 3416/5692/84
f 3416/5692/148 3433/5705/148 3429/5639/148 3414/5642/148
f 3434/5643/86 3420/5646/86 3426/5699/86 3437/5708/86
f 3437/5708/149 3426/5699/149 3422/5641/149 3435/5640/149
f 3421/5636/88 3415/5635/88 3418/5695/88 3425/5700/88
f 3425/5700/126 3418/5695/126 3414/5642/126 3422/5641/126
f 3385/5655/90 3413/5691/90 3419/5694/90 3388/5656/90
f 3388/5661/91 3419/5696/91 3415/5635/91 3386/5638/91
f 3420/5646/92 3393/5645/92 3395/5670/92 3423/5697/92
f 3423/5701/93 3395/5665/93 3392/5637/93 3421/5636/93
f 3399/5674/7 3427/5702/7 3413/5691/7 3385/5655/7
f 3503/5713/3 3509/5714/3 3480/5715/3 3474/5716/3
f 3517/5717/2 3523/5718/2 3510/5719/2 3502/5720/2
f 3522/5721/4 3494/5722/4 3481/5723/4 3508/5724/4
f 3475/5725/5 3482/5726/5 3496/5727/5 3488/5728/5
f 3489/5729/6 3495/5730/6 3524/5731/6 3516/5732/6
f 3473/5733/46 3476/5734/46 3477/5735/46 3479/5736/46
f 3474/5716/192 3478/5737/192 3477/5738/192 3476/5739/192
f 3475/5725/202 3479/5740/202 3477/5741/202 3478/5742/202
f 3480/5715/193 3483/5743/193 3484/5744/193 3486/5745/193
f 3481/5723/50 3485/5746/50 3484/5747/50 3483/5748/50
f 3482/5726/51 3486/5749/51 3484/5750/51 3485/5751/51
f 3487/5752/52 3490/5753/52 3491/5754/52 3493/5755/52
f 3488/5728/184 3492/5756/184 3491/5757/184 3490/5758/184
f 3489/5729/194 3493/5759/194 3491/5760/194 3492/5756/194
f 3494/5722/133 3497/5761/133 3498/5762/133 3500/5763/133
f 3495/5730/195 3499/5764/195 3498/5765/195 3497/5766/195
f 3496/5727/134 3500/5767/134 3498/5768/134 3499/5764/134
f 3501/5769/203 3504/5770/203 3505/5771/203 3507/5772/203
f 3502/5720/204 3506/5773/204 3505/5771/204 3504/5770/204
f 3503/5713/60 3507/5774/60 3505/5771/60 3506/5773/60
f 3508/5724/61 3511/5775/61 3512/5776/61 3514/5777/61
f 3509/5714/62 3513/5778/62 3512/5776/62 3511/5779/62
f 3510/5719/161 3514/5777/161 3512/5776/161 3513/5778/161
f 3515/5780/156 3518/5781/156 3519/5782/156 3521/5783/156
f 3516/5732/65 3520/5784/65 3519/5782/65 3518/5785/65
f 3517/5717/162 3521/5783/162 3519/5782/162 3520/5784/162
f 3522/5721/67 3525/5786/67 3526/5787/67 3528/5788/67
f 3523/5718/163 3527/5789/163 3526/5787/163 3525/5786/163
f 3524/5731/69 3528/5790/69 3526/5787/69 3527/5789/69
f 3487/5752/70 3473/5733/70 3479/5736/70 3490/5753/70
f 3490/5758/186 3479/5740/186 3475/5725/186 3488/5728/186
f 3474/5716/72 3480/5715/72 3486/5745/72 3478/5737/72
f 3478/5742/114 3486/5749/114 3482/5726/114 3475/5725/114
f 3481/5723/74 3494/5722/74 3500/5763/74 3485/5746/74
f 3485/5751/187 3500/5767/187 3496/5727/187 3482/5726/187
f 3495/5730/76 3489/5729/76 3492/5756/76 3499/5764/76
f 3499/5764/118 3492/5756/118 3488/5728/118 3496/5727/118
f 3515/5780/78 3487/5752/78 3493/5755/78 3518/5781/78
f 3518/5785/205 3493/5759/205 3489/5729/205 3516/5732/205
f 3494/5722/80 3522/5721/80 3528/5788/80 3497/5761/80
f 3497/5766/81 3528/5790/81 3524/5731/81 3495/5730/81
f 3523/5718/119 3517/5717/119 3520/5784/119 3527/5789/119
f 3527/5789/83 3520/5784/83 3516/5732/83 3524/5731/83
f 3501/5769/84 3515/5780/84 3521/5783/84 3504/5770/84
f 3504/5770/122 3521/5783/122 3517/5717/122 3502/5720/122
f 3522/5721/86 3508/5724/86 3514/5777/86 3525/5786/86
f 3525/5786/124 3514/5777/124 3510/5719/124 3523/5718/124
f 3509/5714/88 3503/5713/88 3506/5773/88 3513/5778/88
f 3513/5778/126 3506/5773/126 3502/5720/126 3510/5719/126
f 3473/5733/90 3501/5769/90 3507/5772/90 3476/5734/90
f 3476/5739/91 3507/5774/91 3503/5713/91 3474/5716/91
f 3508/5724/92 3481/5723/92 3483/5748/92 3511/5775/92
f 3511/5779/93 3483/5743/93 3480/5715/93 3509/5714/93
f 3487/5752/7 3515/5780/7 3501/5769/7 3473/5733/7
f 3591/5791/3 3597/5792/3 3568/5793/3 3562/5794/3
f 3605/5795/2 3611/5796/2 3598/5797/2 3590/5798/2
f 3610/5799/4 3582/5800/4 3569/5801/4 3596/5802/4
f 3563/5803/5 3570/5804/5 3584/5805/5 3576/5806/5
f 3577/5807/6 3583/5808/6 3612/5809/6 3604/5810/6
f 3561/5811/46 3564/5812/46 3565/5813/46 3567/5814/46
f 3562/5794/128 3566/5815/128 3565/5816/128 3564/5817/128
f 3563/5803/199 3567/5818/199 3565/5819/199 3566/5820/199
f 3568/5793/95 3571/5821/95 3572/5822/95 3574/5823/95
f 3569/5801/50 3573/5824/50 3572/5825/50 3571/5826/50
f 3570/5804/96 3574/5827/96 3572/5828/96 3573/5829/96
f 3575/5830/131 3578/5831/131 3579/5832/131 3581/5833/131
f 3576/5806/132 3580/5834/132 3579/5835/132 3578/5836/132
f 3577/5807/98 3581/5837/98 3579/5838/98 3580/5834/98
f 3582/5800/133 3585/5839/133 3586/5840/133 3588/5841/133
f 3583/5808/99 3587/5842/99 3586/5843/99 3585/5844/99
f 3584/5805/134 3588/5845/134 3586/5846/134 3587/5842/134
f 3589/5847/58 3592/5848/58 3593/5849/58 3595/5850/58
f 3590/5798/160 3594/5851/160 3593/5849/160 3592/5848/160
f 3591/5791/60 3595/5852/60 3593/5849/60 3594/5851/60
f 3596/5802/61 3599/5853/61 3600/5854/61 3602/5855/61
f 3597/5792/62 3601/5856/62 3600/5854/62 3599/5857/62
f 3598/5797/161 3602/5855/161 3600/5854/161 3601/5856/161
f 3603/5858/64 3606/5859/64 3607/5860/64 3609/5861/64
f 3604/5810/65 3608/5862/65 3607/5860/65 3606/5863/65
f 3605/5795/200 3609/5861/200 3607/5860/200 3608/5862/200
f 3610/5799/67 3613/5864/67 3614/5865/67 3616/5866/67
f 3611/5796/163 3615/5867/163 3614/5865/163 3613/5864/163
f 3612/5809/69 3616/5868/69 3614/5865/69 3615/5867/69
f 3575/5830/111 3561/5811/111 3567/5814/111 3578/5831/111
f 3578/5836/186 3567/5818/186 3563/5803/186 3576/5806/186
f 3562/5794/113 3568/5793/113 3574/5823/113 3566/5815/113
f 3566/5820/114 3574/5827/114 3570/5804/114 3563/5803/114
f 3569/5801/115 3582/5800/115 3588/5841/115 3573/5824/115
f 3573/5829/187 3588/5845/187 3584/5805/187 3570/5804/187
f 3583/5808/117 3577/5807/117 3580/5834/117 3587/5842/117
f 3587/5842/118 3580/5834/118 3576/5806/118 3584/5805/118
f 3603/5858/78 3575/5830/78 3581/5833/78 3606/5859/78
f 3606/5863/79 3581/5837/79 3577/5807/79 3604/5810/79
f 3582/5800/80 3610/5799/80 3616/5866/80 3585/5839/80
f 3585/5844/81 3616/5868/81 3612/5809/81 3583/5808/81
f 3611/5796/119 3605/5795/119 3608/5862/119 3615/5867/119
f 3615/5867/83 3608/5862/83 3604/5810/83 3612/5809/83
f 3589/5847/84 3603/5858/84 3609/5861/84 3592/5848/84
f 3592/5848/148 3609/5861/148 3605/5795/148 3590/5798/148
f 3610/5799/86 3596/5802/86 3602/5855/86 3613/5864/86
f 3613/5864/149 3602/5855/149 3598/5797/149 3611/5796/149
f 3597/5792/88 3591/5791/88 3594/5851/88 3601/5856/88
f 3601/5856/126 3594/5851/126 3590/5798/126 3598/5797/126
f 3561/5811/90 3589/5847/90 3595/5850/90 3564/5812/90
f 3564/5817/91 3595/5852/91 3591/5791/91 3562/5794/91
f 3596/5802/92 3569/5801/92 3571/5826/92 3599/5853/92
f 3599/5857/93 3571/5821/93 3568/5793/93 3597/5792/93
f 3575/5830/7 3603/5858/7 3589/5847/7 3561/5811/7
o Piano_Cube.004
v -1.336813 0.078689 0.325664
v -1.336813 2.108621 0.168475
v -1.407172 2.155440 -0.554838
v 1.336813 0.078689 0.325664
v 1.336813 2.108621 0.168475
v 1.407172 2.155440 -0.554838
v 1.336813 1.469457 0.168475
v 1.405796 1.422638 -0.554116
v -1.403448 1.422638 -0.554116
v -1.336813 1.469457 0.168475
v 1.407172 1.019085 0.715691
v -1.407172 1.019085 0.715691
v 1.336813 0.944260 0.325664
v -1.336813 0.944260 0.325664
v -1.407172 1.168943 0.715691
v 1.407172 1.168943 0.715691
v -1.403448 1.237130 -0.554116
v 1.405796 1.237130 -0.554116
v -1.407172 1.267155 0.452031
v -1.407172 1.418886 0.246889
v -1.407171 1.237130 0.233206
v -1.407172 1.274083 0.412454
v -1.407172 1.293746 0.367465
v -1.407172 1.328139 0.320965
v -1.407172 1.372090 0.279947
v 1.407172 1.418886 0.246889
v 1.407172 1.267155 0.452031
v 1.407171 1.237130 0.233206
v 1.407172 1.372090 0.279947
v 1.407172 1.328139 0.320965
v 1.407172 1.293746 0.367465
v 1.407172 1.274083 0.412454
v -1.407172 1.422638 0.168475
v -1.407172 2.155440 0.168475
v 1.407172 2.155440 0.168475
v 1.407172 1.422638 0.168475
v -1.336813 1.469457 0.137197
v -1.336813 2.108621 0.137197
v 1.336813 2.108621 0.137197
v 1.336813 1.469457 0.137197
v 1.336813 0.944260 0.294386
v 1.336813 0.078689 0.294386
v -1.336813 0.078689 0.294386
v -1.336813 0.944260 0.294386
v -1.389358 0.031870 -0.552256
v 1.398919 0.031870 -0.549265
v -1.403448 0.991079 -0.554116
v -1.403448 0.991079 -0.554116
v 1.405796 0.991079 -0.554116
v 1.363958 0.962323 0.325664
v 1.407172 0.991079 0.312144
v 1.407172 0.992049 0.339177
v 1.377312 0.971209 0.325003
v 1.389358 0.979226 0.323082
v 1.398919 0.985587 0.320091
v 1.405056 0.989672 0.316322
v 1.407172 0.031870 0.312144
v 1.363958 0.060625 0.325664
v 1.363958 0.031870 0.325664
v 1.405056 0.033277 0.316322
v 1.398919 0.037361 0.320091
v 1.389358 0.043723 0.323082
v 1.377312 0.051739 0.325003
v -1.363958 0.060625 0.325664
v -1.407172 0.031870 0.312144
v -1.363958 0.031870 0.325664
v -1.377312 0.051739 0.325003
v -1.389358 0.043723 0.323082
v -1.398919 0.037361 0.320091
v -1.405056 0.033277 0.316322
v -1.407172 0.991079 0.312144
v -1.363958 0.962323 0.325664
v -1.407172 0.992049 0.339177
v -1.405056 0.989672 0.316322
v -1.398919 0.985587 0.320091
v -1.389358 0.979226 0.323082
v -1.377312 0.971209 0.325003
v 1.326732 1.170139 0.512426
v -1.326732 1.170139 0.512426
v 1.326732 1.019085 0.715691
v -1.326732 1.019085 0.715691
v 1.326732 1.168943 0.715691
v -1.326732 1.168943 0.715691
v -1.326732 1.267155 0.452031
v 1.326732 1.267155 0.452031
v -1.407172 1.267912 0.512426
v 1.407172 1.267912 0.512426
v 1.326732 1.267913 0.512426
v -1.326732 1.267913 0.512426
v -1.407172 1.205451 0.715691
v -1.407172 1.266886 0.686887
v -1.407172 1.224391 0.714282
v -1.407172 1.241494 0.710190
v -1.407172 1.255086 0.703818
v -1.407172 1.263835 0.695788
v 1.407172 1.266886 0.686887
v 1.407172 1.205451 0.715691
v 1.407172 1.263835 0.695788
v 1.407172 1.255086 0.703818
v 1.407172 1.241494 0.710190
v 1.407172 1.224391 0.714282
v -1.326732 1.266886 0.686887
v -1.326732 1.205451 0.715691
v -1.326732 1.263835 0.695788
v -1.326732 1.255086 0.703818
v -1.326732 1.241494 0.710190
v -1.326732 1.224391 0.714282
v 1.326732 1.205451 0.715691
v 1.326732 1.266886 0.686887
v 1.326732 1.224391 0.714282
v 1.326732 1.241494 0.710190
v 1.326732 1.255086 0.703818
v 1.326732 1.263835 0.695788
v -1.291816 2.155440 0.190122
v -1.476362 2.155440 0.142209
v -1.407221 2.155440 0.168490
v -1.320975 2.155440 0.190122
v -1.350134 2.155440 0.190122
v -1.379292 2.155440 0.190121
v -1.408451 2.155440 0.190092
v -1.437583 2.155440 0.189769
v -1.464956 2.155440 0.187161
v -1.475004 2.155440 0.180054
v -1.476245 2.155440 0.172490
v -1.476356 2.155440 0.164920
v -1.476361 2.155440 0.157350
v -1.476362 2.155440 0.149779
v -1.476362 2.155440 -0.528572
v -1.291816 2.155440 -0.576485
v -1.407221 2.155440 -0.554854
v -1.476362 2.155440 -0.536143
v -1.476361 2.155440 -0.543713
v -1.476356 2.155440 -0.551284
v -1.476245 2.155440 -0.558854
v -1.475004 2.155440 -0.566417
v -1.464956 2.155440 -0.573524
v -1.437583 2.155440 -0.576133
v -1.408451 2.155440 -0.576455
v -1.379292 2.155440 -0.576484
v -1.350134 2.155440 -0.576485
v -1.320975 2.155440 -0.576485
v 1.291816 2.155440 -0.576485
v 1.476361 2.155440 -0.528572
v 1.407221 2.155440 -0.554854
v 1.320975 2.155440 -0.576485
v 1.350134 2.155440 -0.576485
v 1.379292 2.155440 -0.576484
v 1.408450 2.155440 -0.576455
v 1.437583 2.155440 -0.576133
v 1.464955 2.155440 -0.573524
v 1.475004 2.155440 -0.566417
v 1.476245 2.155440 -0.558854
v 1.476356 2.155440 -0.551284
v 1.476361 2.155440 -0.543713
v 1.476361 2.155440 -0.536143
v 1.476361 2.155440 0.142209
v 1.291816 2.155440 0.190122
v 1.407221 2.155440 0.168490
v 1.476361 2.155440 0.149779
v 1.476361 2.155440 0.157350
v 1.476356 2.155440 0.164920
v 1.476245 2.155440 0.172490
v 1.475004 2.155440 0.180054
v 1.464955 2.155440 0.187161
v 1.437583 2.155440 0.189769
v 1.408450 2.155440 0.190092
v 1.379292 2.155440 0.190121
v 1.350134 2.155440 0.190122
v 1.320975 2.155440 0.190122
v -1.476362 2.210091 0.142209
v -1.291816 2.210091 0.190122
v -1.476362 2.210091 0.149779
v -1.476361 2.210091 0.157350
v -1.476356 2.210091 0.164920
v -1.476245 2.210091 0.172490
v -1.475004 2.210091 0.180054
v -1.464956 2.210091 0.187161
v -1.437583 2.210091 0.189769
v -1.408451 2.210091 0.190092
v -1.379292 2.210091 0.190121
v -1.350134 2.210091 0.190122
v -1.320975 2.210091 0.190122
v -1.291816 2.210091 -0.576485
v -1.476362 2.210091 -0.528572
v -1.320975 2.210091 -0.576485
v -1.350134 2.210091 -0.576485
v -1.379292 2.210091 -0.576484
v -1.408451 2.210091 -0.576455
v -1.437583 2.210091 -0.576133
v -1.464956 2.210091 -0.573524
v -1.475004 2.210091 -0.566417
v -1.476245 2.210091 -0.558854
v -1.476356 2.210091 -0.551284
v -1.476361 2.210091 -0.543713
v -1.476362 2.210091 -0.536143
v 1.476361 2.210091 -0.528572
v 1.291816 2.210091 -0.576485
v 1.476361 2.210091 -0.536143
v 1.476361 2.210091 -0.543713
v 1.476356 2.210091 -0.551284
v 1.476245 2.210091 -0.558854
v 1.475004 2.210091 -0.566417
v 1.464955 2.210091 -0.573524
v 1.437583 2.210091 -0.576133
v 1.408450 2.210091 -0.576455
v 1.379292 2.210091 -0.576484
v 1.350134 2.210091 -0.576485
v 1.320975 2.210091 -0.576485
v 1.291816 2.210091 0.190122
v 1.476361 2.210091 0.142209
v 1.320975 2.210091 0.190122
v 1.350134 2.210091 0.190122
v 1.379292 2.210091 0.190121
v 1.408450 2.210091 0.190092
v 1.437583 2.210091 0.189769
v 1.464955 2.210091 0.187161
v 1.475004 2.210091 0.180054
v 1.476245 2.210091 0.172490
v 1.476356 2.210091 0.164920
v 1.476361 2.210091 0.157350
v 1.476361 2.210091 0.149779
v -1.407172 1.342790 0.307293
v -1.407172 1.357440 0.293620
v 1.407172 1.357440 0.293620
v 1.407172 1.342790 0.307293
v -0.845685 1.372090 0.279947
v 0.845685 1.372090 0.279947
v 0.845685 1.342790 0.307293
v -0.845685 1.342790 0.307293
v 0.845685 1.357440 0.293620
v -0.845685 1.357440 0.293620
v 0.845685 1.387901 0.330490
v -0.845685 1.387901 0.330490
v 0.845685 1.394397 0.320360
v -0.845685 1.394397 0.320360
vt 0.553856 0.000000
vt 0.625000 0.000000
vt 0.625000 0.250000
vt 0.553856 0.250000
vt 0.553856 0.500000
vt 0.625000 0.500000
vt 0.625000 0.750000
vt 0.553856 0.750000
vt 0.375000 0.501582
vt 0.469567 0.501582
vt 0.469567 0.746161
vt 0.375000 0.746161
vt 0.625000 0.734375
vt 0.625000 0.515625
vt 0.625000 0.515625
vt 0.625000 0.734375
vt 0.625000 0.234375
vt 0.625000 0.015625
vt 0.625000 0.015625
vt 0.625000 0.234375
vt 0.625000 0.984375
vt 0.625000 0.765625
vt 0.625000 0.765625
vt 0.625000 0.984375
vt 0.625000 0.513156
vt 0.625000 0.510687
vt 0.625000 0.508219
vt 0.625010 0.505750
vt 0.625115 0.503283
vt 0.625966 0.500966
vt 0.628283 0.500115
vt 0.630750 0.500010
vt 0.633219 0.500000
vt 0.635687 0.500000
vt 0.638156 0.500000
vt 0.640625 0.500000
vt 0.859375 0.500000
vt 0.861844 0.500000
vt 0.864313 0.500000
vt 0.866781 0.500000
vt 0.869250 0.500010
vt 0.871717 0.500115
vt 0.874034 0.500966
vt 0.874885 0.503283
vt 0.874990 0.505750
vt 0.875000 0.508219
vt 0.875000 0.510687
vt 0.875000 0.513156
vt 0.875000 0.515625
vt 0.875000 0.734375
vt 0.875000 0.736844
vt 0.875000 0.739313
vt 0.875000 0.741781
vt 0.874990 0.744250
vt 0.874885 0.746717
vt 0.874034 0.749034
vt 0.871717 0.749885
vt 0.869250 0.749990
vt 0.866781 0.750000
vt 0.864313 0.750000
vt 0.861844 0.750000
vt 0.859375 0.750000
vt 0.640625 0.750000
vt 0.638156 0.750000
vt 0.635687 0.750000
vt 0.633219 0.750000
vt 0.630750 0.749990
vt 0.628283 0.749885
vt 0.625966 0.749034
vt 0.625115 0.746717
vt 0.625010 0.744250
vt 0.625000 0.741781
vt 0.625000 0.739313
vt 0.625000 0.736844
vt 0.552469 0.500000
vt 0.469567 0.251582
vt 0.469567 0.250733
vt 0.552469 0.250000
vt 0.530432 0.750000
vt 0.515816 0.750000
vt 0.496500 0.750000
vt 0.495514 0.750000
vt 0.494624 0.750000
vt 0.493514 0.750000
vt 0.493363 0.750000
vt 0.493310 0.750000
vt 0.493310 0.750000
vt 0.473306 0.750000
vt 0.469697 0.750000
vt 0.552469 0.705947
vt 0.465728 0.753839
vt 0.466915 0.752652
vt 0.467985 0.751582
vt 0.468834 0.750733
vt 0.469379 0.750188
vt 0.469567 0.750000
vt 0.469567 0.000000
vt 0.469567 0.003839
vt 0.469379 0.002652
vt 0.469567 0.001582
vt 0.467985 0.000000
vt 0.466915 0.000000
vt 0.465728 0.996161
vt 0.463317 0.993750
vt 0.463317 0.756250
vt 0.381250 0.756250
vt 0.378839 0.753839
vt 0.126582 0.500733
vt 0.374267 0.501582
vt 0.371161 0.750000
vt 0.128839 0.750000
vt 0.125000 0.746161
vt 0.381250 0.993750
vt 0.381250 0.993750
vt 0.463317 0.993750
vt 0.473306 0.916667
vt 0.493310 0.916667
vt 0.493310 1.000000
vt 0.473306 1.000000
vt 0.553291 0.750000
vt 0.469697 0.000000
vt 0.473306 0.000000
vt 0.493310 0.000000
vt 0.493310 0.000000
vt 0.493467 0.000000
vt 0.493920 0.000000
vt 0.494625 0.000000
vt 0.495514 0.000000
vt 0.496500 0.000000
vt 0.515816 0.000000
vt 0.530432 0.000000
vt 0.552469 0.044053
vt 0.531476 0.008395
vt 0.544919 0.000000
vt 0.552469 0.010921
vt 0.552469 0.014653
vt 0.552469 0.018386
vt 0.552469 0.022118
vt 0.552469 0.031142
vt 0.553049 0.750000
vt 0.552950 0.750000
vt 0.552850 0.750000
vt 0.552750 0.750000
vt 0.552413 0.750000
vt 0.552087 0.750000
vt 0.553291 0.000000
vt 0.558402 0.993750
vt 0.620454 0.993750
vt 0.625000 1.000000
vt 0.553856 1.000000
vt 0.620454 0.756250
vt 0.558402 0.756250
vt 0.620454 0.756250
vt 0.558402 0.756250
vt 0.558402 0.993750
vt 0.620454 0.993750
vt 0.473306 0.833333
vt 0.469697 1.000000
vt 0.378839 0.996161
vt 0.375000 0.996161
vt 0.375000 0.753839
vt 0.381250 0.756250
vt 0.463317 0.756250
vt 0.375000 0.750000
vt 0.375188 0.750188
vt 0.375733 0.750733
vt 0.376582 0.751582
vt 0.377652 0.752652
vt 0.377652 0.997347
vt 0.376582 0.998418
vt 0.375733 0.999267
vt 0.375188 0.999812
vt 0.375000 1.000000
vt 0.375000 0.251582
vt 0.375000 0.003839
vt 0.469567 0.248418
vt 0.375733 0.748418
vt 0.468834 0.748418
vt 0.375188 0.747348
vt 0.469379 0.747348
vt 0.466915 0.997347
vt 0.467985 0.998418
vt 0.376582 0.000000
vt 0.468834 0.001582
vt 0.375733 0.001582
vt 0.375188 0.002652
vt 0.000000 0.000000
vt 0.552887 0.696871
vt 0.553049 0.916667
vt 0.553049 1.000000
vt 0.552856 0.670307
vt 0.553291 1.000000
vt 0.553049 0.833333
vt 0.493310 0.833333
vt 0.515816 0.833333
vt 0.515816 0.916667
vt 0.530432 0.833333
vt 0.530432 0.916667
vt 0.625000 0.500000
vt 0.625000 0.750000
vt 0.625000 0.250000
vt 0.625000 0.265625
vt 0.625000 0.484375
vt 0.625000 0.000000
vt 0.625000 0.265625
vt 0.625000 0.484375
vt 0.515816 0.916667
vt 0.496500 0.916667
vt 0.495514 0.916667
vt 0.494624 0.916667
vt 0.493514 0.916667
vt 0.493362 0.916667
vt 0.493310 0.916667
vt 0.515816 0.833333
vt 0.496500 0.833333
vt 0.493310 0.833333
vt 0.493362 0.833333
vt 0.493514 0.833333
vt 0.494624 0.833333
vt 0.495514 0.833333
vt 0.493310 1.000000
vt 0.496500 0.858291
vt 0.495514 0.902100
vt 0.494623 0.941660
vt 0.493310 1.000000
vt 0.493310 1.000000
vt 0.625000 0.000000
vt 0.625000 0.000000
vt 0.625000 0.007054
vt 0.625000 0.000000
vt 0.625000 0.000000
vt 0.625000 0.000010
vt 0.625000 0.000115
vt 0.625000 0.000966
vt 0.625000 0.003283
vt 0.625000 0.005750
vt 0.625000 0.008219
vt 0.625000 0.010687
vt 0.625000 0.013156
vt 0.625000 0.236844
vt 0.625000 0.239313
vt 0.625000 0.241781
vt 0.625000 0.244250
vt 0.625000 0.246717
vt 0.625000 0.249034
vt 0.625000 0.249885
vt 0.625000 0.249990
vt 0.625000 0.250000
vt 0.625000 0.250000
vt 0.625000 0.250000
vt 0.625000 0.250000
vt 0.625000 0.486844
vt 0.625000 0.489313
vt 0.625000 0.491781
vt 0.625000 0.494250
vt 0.625000 0.496717
vt 0.625000 0.499034
vt 0.625000 0.499885
vt 0.625000 0.499990
vt 0.625000 0.500000
vt 0.625000 0.500000
vt 0.625000 0.500000
vt 0.625000 0.500000
vt 0.625000 0.736844
vt 0.625000 0.739313
vt 0.625000 0.741781
vt 0.625000 0.744250
vt 0.625000 0.746717
vt 0.625000 0.749034
vt 0.625000 0.749885
vt 0.625000 0.749990
vt 0.625000 0.750000
vt 0.625000 0.750000
vt 0.625000 0.750000
vt 0.625000 0.750000
vt 0.625000 0.986844
vt 0.625000 0.986844
vt 0.625000 0.989313
vt 0.625000 0.989313
vt 0.625000 0.991781
vt 0.625000 0.991781
vt 0.625000 0.994250
vt 0.625000 0.994250
vt 0.625000 0.996717
vt 0.625000 0.996717
vt 0.625000 1.000000
vt 0.625000 1.000000
vt 0.625000 0.000000
vt 0.625000 0.000000
vt 0.625000 0.003283
vt 0.625000 0.005750
vt 0.625000 0.008219
vt 0.625000 0.010687
vt 0.625000 0.013156
vt 0.625000 0.263156
vt 0.625000 0.263156
vt 0.625000 0.260687
vt 0.625000 0.260687
vt 0.625000 0.258219
vt 0.625000 0.258219
vt 0.625000 0.255750
vt 0.625000 0.255750
vt 0.625000 0.253283
vt 0.625000 0.253283
vt 0.625000 0.250000
vt 0.625000 0.250000
vt 0.625000 0.246717
vt 0.625000 0.244250
vt 0.625000 0.241781
vt 0.625000 0.239313
vt 0.625000 0.236844
vt 0.625000 0.746717
vt 0.625000 0.750000
vt 0.625000 0.750000
vt 0.625000 0.753283
vt 0.625000 0.753283
vt 0.625000 0.755750
vt 0.625000 0.755750
vt 0.625000 0.758219
vt 0.625000 0.758219
vt 0.625000 0.760687
vt 0.625000 0.760687
vt 0.625000 0.763156
vt 0.625000 0.763156
vt 0.625000 0.513156
vt 0.625000 0.510687
vt 0.625000 0.508219
vt 0.625000 0.505750
vt 0.625000 0.503283
vt 0.625000 0.503283
vt 0.625000 0.500000
vt 0.625000 0.500000
vt 0.625000 0.496717
vt 0.625000 0.494250
vt 0.625000 0.491781
vt 0.625000 0.489313
vt 0.625000 0.486844
vt 0.625000 1.000000
vt 0.552725 0.477076
vt 0.552662 0.340614
vt 0.552787 0.613538
vt 0.552918 0.723436
vt 0.552918 0.723436
vt 0.552787 0.613538
vt 0.552887 0.696871
vt 0.552725 0.477076
vn -1.0000 -0.0014 -0.0040
vn -1.0000 -0.0025 -0.0026
vn -1.0000 -0.0017 -0.0036
vn 1.0000 -0.0006 -0.0013
vn 1.0000 -0.0009 -0.0010
vn 1.0000 -0.0005 -0.0015
vn 1.0000 -0.0036 -0.0056
vn 1.0000 -0.0019 -0.0033
vn 1.0000 -0.0013 -0.0026
vn 1.0000 0.0000 0.0000
vn -1.0000 0.0000 0.0000
vn 0.0000 0.0000 1.0000
vn 0.0000 1.0000 -0.0000
vn 0.0000 0.0000 -1.0000
vn 0.0003 -0.0017 -1.0000
vn 1.0000 -0.0002 -0.0010
vn 1.0000 -0.0002 -0.0011
vn 1.0000 -0.0002 -0.0014
vn 0.0173 -0.1406 0.9899
vn 0.0634 -0.1399 0.9881
vn 0.1317 -0.1403 0.9813
vn 0.0000 -0.2802 0.9599
vn -0.1317 -0.1403 0.9813
vn -0.0634 -0.1399 0.9881
vn -0.0173 -0.1406 0.9899
vn 0.0000 -0.1534 0.9882
vn 0.0248 0.0000 0.9997
vn 0.0000 -1.0000 0.0000
vn 1.0000 -0.0002 -0.0012
vn -1.0000 -0.0039 -0.0077
vn -1.0000 -0.0028 -0.0061
vn -1.0000 -0.0005 -0.0029
vn -1.0000 -0.0004 -0.0026
vn -1.0000 -0.0005 -0.0027
vn -1.0000 -0.0006 -0.0038
vn -1.0000 -0.0006 -0.0032
vn 0.0000 -0.9974 0.0716
vn -0.0248 0.0000 0.9997
vn -0.0574 -0.0463 0.9973
vn 0.0574 -0.0463 0.9973
vn 0.1155 -0.9222 0.3691
vn 0.2107 -0.4729 0.8556
vn 0.3392 -0.2100 0.9170
vn 0.2098 -0.0697 0.9752
vn 0.1054 -0.0127 0.9943
vn -0.1054 -0.0127 0.9943
vn -0.2098 -0.0697 0.9752
vn -0.3392 -0.2100 0.9170
vn -0.2107 -0.4729 0.8556
vn -0.1155 -0.9222 0.3691
vn 0.0005 -0.0035 -1.0000
vn -0.9999 -0.0074 -0.0124
vn 0.4533 0.0000 0.8914
vn 0.5233 0.0000 0.8522
vn 0.8922 0.0000 0.4517
vn -0.4533 0.0000 0.8914
vn -0.5233 0.0000 0.8522
vn -0.8922 0.0000 0.4517
vn -0.0000 0.9575 0.2885
vn -0.0000 0.8656 0.5007
vn -0.0000 0.7463 0.6657
vn -0.0000 0.6823 0.7311
vn -0.0000 0.6311 0.7757
vn -0.0000 0.5770 0.8168
vn 0.0000 0.9989 0.0478
vn 0.0000 1.0000 0.0059
vn 0.0000 0.5285 0.8489
vn 0.0000 -0.0005 -1.0000
vn 0.0000 -0.0010 -1.0000
vn 0.0000 0.9859 0.1673
vn 0.0000 1.0000 -0.0033
vn 0.0000 0.0371 0.9993
vn 0.0000 0.9968 0.0803
vn 0.0000 0.9938 0.1112
vn 0.0000 0.9460 0.3242
vn 0.0000 0.6762 0.7368
vn 0.0000 0.5568 0.8307
vn 0.0000 0.3303 0.9439
vn 0.0000 0.1539 0.9881
vn -0.0005 0.0000 1.0000
vn -0.0060 0.0000 1.0000
vn -0.0530 0.0000 0.9986
vn -0.0949 0.0000 0.9955
vn -0.5774 0.0000 0.8164
vn -0.9868 0.0000 0.1619
vn -0.9961 0.0000 0.0886
vn -1.0000 0.0000 0.0077
vn -1.0000 0.0000 0.0003
vn -0.0005 0.0000 -1.0000
vn -0.0060 0.0000 -1.0000
vn -0.0530 0.0000 -0.9986
vn -0.0949 0.0000 -0.9955
vn -0.5774 0.0000 -0.8164
vn -0.9868 0.0000 -0.1619
vn -0.9961 0.0000 -0.0886
vn -1.0000 0.0000 -0.0077
vn -1.0000 0.0000 -0.0003
vn 1.0000 0.0000 0.0003
vn 1.0000 0.0000 0.0077
vn 0.9961 0.0000 0.0886
vn 0.9868 0.0000 0.1619
vn 0.5774 0.0000 0.8164
vn 0.0949 0.0000 0.9955
vn 0.0530 0.0000 0.9986
vn 0.0060 0.0000 1.0000
vn 0.0005 0.0000 1.0000
vn 1.0000 0.0000 -0.0003
vn 1.0000 0.0000 -0.0077
vn 0.9961 0.0000 -0.0886
vn 0.9868 0.0000 -0.1619
vn 0.5774 0.0000 -0.8164
vn 0.0949 0.0000 -0.9955
vn 0.0530 0.0000 -0.9986
vn 0.0060 0.0000 -1.0000
vn 0.0005 0.0000 -1.0000
vn 0.0000 0.8418 0.5398
vn 0.0000 -0.4573 0.8893
vn -0.0000 0.5862 -0.8102
usemtl Piano_surface
s 1
f 3681/5869/206 3682/5870/207 3651/5871/207 3657/5872/208
f 3656/5873/209 3654/5874/210 3683/5875/210 3684/5876/211
f 3694/5877/212 3697/5878/213 3699/5879/214 3705/5880/212
f 3804/5881/215 3791/5882/215 3844/5883/215 3858/5884/215
f 3776/5885/216 3763/5886/216 3818/5887/216 3832/5888/216
f 3762/5889/217 3805/5890/217 3857/5891/217 3819/5892/217
f 3844/5883/218 3846/5893/218 3847/5894/218 3848/5895/218 3849/5896/218 3850/5897/218 3851/5898/218 3852/5899/218 3853/5900/218 3854/5901/218 3855/5902/218 3856/5903/218 3845/5904/218 3831/5905/218 3833/5906/218 3834/5907/218 3835/5908/218 3836/5909/218 3837/5910/218 3838/5911/218 3839/5912/218 3840/5913/218 3841/5914/218 3842/5915/218 3843/5916/218 3832/5917/218 3818/5918/218 3820/5919/218 3821/5920/218 3822/5921/218 3823/5922/218 3824/5923/218 3825/5924/218 3826/5925/218 3827/5926/218 3828/5927/218 3829/5928/218 3830/5929/218 3819/5930/218 3857/5931/218 3859/5932/218 3860/5933/218 3861/5934/218 3862/5935/218 3863/5936/218 3864/5937/218 3865/5938/218 3866/5939/218 3867/5940/218 3868/5941/218 3869/5942/218 3858/5884/218
f 3666/5943/219 3697/5878/220 3695/5944/220 3696/5945/219 3665/5946/219
f 3675/5947/221 3735/5948/222 3744/5949/222 3746/5950/222 3747/5951/222 3748/5952/222 3749/5953/222 3745/5954/222 3664/5955/222 3659/5956/222 3700/5957/222 3699/5879/214 3697/5878/213 3666/5943/223 3676/5958/221
f 3698/5959/224 3701/5960/225 3702/5961/226 3703/5962/227 3704/5963/227 3699/5964/227 3700/5957/227 3721/5965/227 3719/5966/227 3722/5967/227 3723/5968/227 3724/5969/228 3725/5970/229 3720/5971/230 3662/5972/231 3661/5973/231
f 3661/5973/231 3652/5974/217 3706/5975/232 3698/5959/224
f 3693/5976/233 3694/5977/233 3705/5880/233 3707/5978/233 3714/5979/233 3713/5980/233
f 3662/5972/215 3649/5981/215 3691/5982/215 3692/5983/215
f 3729/5984/217 3731/5985/217 3663/5986/217 3660/5987/217
f 3666/5943/223 3656/5873/209 3684/5876/211 3674/5988/234 3676/5958/221
f 3696/5945/235 3719/5966/236 3721/5989/237 3660/5990/237 3663/5991/237 3738/5992/237 3740/5993/237 3741/5994/237 3742/5995/237 3743/5996/237 3739/5997/237 3734/5998/237 3667/5999/238 3669/6000/239 3665/5946/240
f 3667/5999/238 3670/6001/216 3669/6000/239
f 3670/6001/216 3671/6002/216 3669/6000/239
f 3671/6002/216 3672/6003/216 3669/6000/239
f 3672/6003/216 3870/6004/216 3871/6005/216 3673/6006/216 3669/6000/239
f 3673/6006/216 3668/6007/241 3669/6000/239
f 3674/5988/234 3677/6008/215 3676/5958/221
f 3677/6008/215 3872/6009/215 3873/6010/215 3678/6011/215 3676/5958/221
f 3678/6011/215 3679/6012/215 3676/5958/221
f 3679/6012/215 3680/6013/215 3676/5958/221
f 3669/6000/239 3668/6014/241 3681/5869/206 3657/5872/208 3665/5946/240
f 3658/6015/217 3650/6016/217 3682/6017/217 3681/6018/217
f 3653/6019/217 3655/6020/217 3684/5876/217 3683/5875/217
f 3655/6020/216 3653/6019/216 3687/6021/216 3688/6022/216
f 3650/6016/215 3658/6015/215 3685/6023/215 3686/6024/215
f 3700/5957/242 3659/5956/242 3728/6025/242 3729/5984/242 3660/5987/242 3721/6026/242
f 3649/5981/217 3662/5972/231 3720/5971/230 3712/6027/243
f 3652/5974/217 3649/5981/217 3712/6027/243 3714/6028/244 3707/6029/245 3706/5975/232
f 3690/6030/217 3689/6031/217 3692/5983/217 3691/5982/217
f 3652/5974/216 3661/5973/216 3689/6031/216 3690/6030/216
f 3661/5973/233 3662/5972/233 3692/5983/233 3689/6031/233
f 3649/5981/218 3652/5974/218 3690/6030/218 3691/5982/218
f 3705/6032/246 3708/6033/246 3707/6029/246
f 3708/6033/247 3709/6034/248 3707/6029/245
f 3709/6034/248 3710/6035/249 3707/6029/245
f 3710/6035/249 3711/6036/250 3707/6029/245
f 3711/6036/250 3706/5975/232 3707/6029/245
f 3712/6027/243 3715/6037/251 3714/6028/244
f 3715/6037/251 3716/6038/252 3714/6028/244
f 3716/6038/252 3717/6039/253 3714/6028/244
f 3717/6039/253 3718/6040/254 3714/6028/244
f 3718/6040/255 3713/6041/255 3714/6028/255
f 3694/5877/256 3693/6042/256 3695/5944/220 3697/5878/220
f 3693/6042/257 3713/6043/257 3719/5966/236 3696/6044/235 3695/5944/257
f 3698/5959/224 3706/5975/232 3711/6036/250 3701/5960/225
f 3701/5960/225 3711/6036/250 3710/6035/249 3702/5961/226
f 3702/5961/226 3710/6035/249 3709/6045/248 3703/6046/258
f 3703/6046/258 3709/6045/248 3708/6047/259 3704/6048/259
f 3704/6048/260 3708/6047/260 3705/5880/260 3699/5879/260
f 3712/6027/243 3720/5971/230 3725/6049/229 3715/6037/251
f 3715/6037/251 3725/6049/229 3724/6050/228 3716/6038/252
f 3716/6051/252 3724/5969/228 3723/6052/261 3717/6053/253
f 3717/6053/253 3723/6052/261 3722/5967/262 3718/6054/262
f 3718/6054/263 3722/5967/263 3719/5966/263 3713/6043/263
f 3653/6019/233 3650/6016/233 3686/6024/233 3687/6021/233
f 3687/6021/217 3686/6024/217 3685/6023/217 3688/6022/217
f 3655/6020/217 3658/6015/217 3681/6018/217 3684/5876/217
f 3650/6016/217 3653/6019/217 3683/5875/217 3682/6017/217
f 3680/6055/264 3679/6012/265 3671/6002/265 3670/6001/264
f 3679/6012/265 3678/6011/266 3672/6003/266 3671/6002/265
f 3879/6056/267 3874/6057/268 3673/6058/268 3871/6059/267
f 3674/5988/269 3668/6060/269 3673/6058/268 3874/6057/268 3875/6061/268 3677/6008/268
f 3684/5876/270 3681/6018/270 3668/6060/270 3674/5988/270
f 3659/5956/217 3664/5955/217 3730/6062/217 3728/6025/217
f 3728/6025/217 3730/6062/217 3731/5985/217 3729/5984/217
f 3730/6062/271 3726/6063/271 3727/6064/271 3731/5985/271
f 3726/6063/272 3733/6065/272 3732/6066/272 3727/6064/272
f 3657/5872/273 3656/5873/273 3666/5943/219 3665/5946/219
f 3683/5875/233 3654/5874/233 3792/6067/233 3791/5882/233 3804/5881/233 3806/6068/233
f 3654/5874/233 3651/5871/233 3778/6069/233 3777/6070/233 3790/6071/233 3792/6067/233
f 3651/5871/233 3682/5870/233 3764/6072/233 3763/5886/233 3776/5885/233 3778/6069/233
f 3790/6071/219 3777/6070/219 3831/6073/219 3845/6074/219
f 3658/6015/218 3655/6020/218 3688/6022/218 3685/6023/218
f 3651/5871/274 3654/5874/274 3656/5873/273 3657/5872/273
f 3731/5985/215 3727/6064/215 3737/6075/215 3750/6076/215 3752/6077/215 3753/6078/215 3754/6079/215 3755/6080/215 3751/6081/215
f 3744/5949/275 3735/5948/276 3736/6082/276 3757/6083/275
f 3726/6063/216 3730/6062/216 3756/6084/216 3758/6085/216 3759/6086/216 3760/6087/216 3761/6088/216 3757/6083/216 3736/6082/216
f 3727/6064/215 3732/6066/215 3737/6075/215
f 3726/6063/216 3736/6082/216 3733/6065/216
f 3730/6062/217 3664/5955/217 3745/5954/277 3756/6084/277
f 3735/5948/276 3675/5947/278 3733/6065/279 3736/6082/276
f 3675/5947/278 3680/6055/264 3670/6001/264 3732/6066/279 3733/6065/279
f 3737/6075/276 3732/6066/279 3667/5999/278 3734/5998/276
f 3663/5986/217 3731/5985/217 3751/6081/277 3738/6089/277
f 3667/5999/278 3732/6066/279 3670/6001/264
f 3750/6076/275 3739/6090/275 3743/6091/280 3752/6077/280
f 3752/6077/281 3743/6091/281 3742/6092/282 3753/6078/282
f 3753/6078/282 3742/6092/282 3741/6093/283 3754/6079/283
f 3754/6079/283 3741/6093/283 3740/6094/284 3755/6080/284
f 3755/6080/284 3740/6094/284 3738/6089/277 3751/6081/277
f 3744/5949/275 3757/6083/275 3761/6088/280 3746/5950/280
f 3746/5950/281 3761/6088/281 3760/6087/282 3747/5951/282
f 3747/5951/282 3760/6087/282 3759/6086/283 3748/5952/283
f 3748/5952/283 3759/6086/283 3758/6085/284 3749/5953/284
f 3749/5953/284 3758/6085/284 3756/6084/277 3745/5954/277
f 3739/6090/275 3750/6076/275 3737/6075/276 3734/5998/276
f 3762/6095/233 3765/6096/233 3764/6097/233
f 3765/6096/233 3766/6098/233 3764/6097/233
f 3766/6098/233 3767/6099/233 3764/6097/233
f 3767/6099/233 3768/6100/233 3764/6097/233
f 3768/6100/233 3769/6101/233 3764/6097/233
f 3769/6101/233 3770/6102/233 3764/6097/233
f 3770/6102/233 3771/6103/233 3764/6097/233
f 3771/6103/233 3772/6104/233 3764/6097/233
f 3772/6104/233 3773/6105/233 3764/6097/233
f 3773/6105/233 3774/6106/233 3764/6097/233
f 3774/6106/233 3775/6107/233 3764/6097/233
f 3775/6107/233 3763/5886/233 3764/6097/233
f 3776/5885/233 3779/6108/233 3778/6069/233
f 3779/6108/233 3780/6109/233 3778/6069/233
f 3780/6109/233 3781/6110/233 3778/6069/233
f 3781/6110/233 3782/6111/233 3778/6069/233
f 3782/6111/233 3783/6112/233 3778/6069/233
f 3783/6112/233 3784/6113/233 3778/6069/233
f 3784/6113/233 3785/6114/233 3778/6069/233
f 3785/6114/233 3786/6115/233 3778/6069/233
f 3786/6115/233 3787/6116/233 3778/6069/233
f 3787/6116/233 3788/6117/233 3778/6069/233
f 3788/6117/233 3789/6118/233 3778/6069/233
f 3789/6118/233 3777/6119/233 3778/6069/233
f 3790/6071/233 3793/6120/233 3792/6067/233
f 3793/6120/233 3794/6121/233 3792/6067/233
f 3794/6121/233 3795/6122/233 3792/6067/233
f 3795/6122/233 3796/6123/233 3792/6067/233
f 3796/6123/233 3797/6124/233 3792/6067/233
f 3797/6124/233 3798/6125/233 3792/6067/233
f 3798/6125/233 3799/6126/233 3792/6067/233
f 3799/6126/233 3800/6127/233 3792/6067/233
f 3800/6127/233 3801/6128/233 3792/6067/233
f 3801/6128/233 3802/6129/233 3792/6067/233
f 3802/6129/233 3803/6130/233 3792/6067/233
f 3803/6130/233 3791/6131/233 3792/6067/233
f 3804/5881/233 3807/6132/233 3806/6068/233
f 3807/6132/233 3808/6133/233 3806/6068/233
f 3808/6133/233 3809/6134/233 3806/6068/233
f 3809/6134/233 3810/6135/233 3806/6068/233
f 3810/6135/233 3811/6136/233 3806/6068/233
f 3811/6136/233 3812/6137/233 3806/6068/233
f 3812/6137/233 3813/6138/233 3806/6068/233
f 3813/6138/233 3814/6139/233 3806/6068/233
f 3814/6139/233 3815/6140/233 3806/6068/233
f 3815/6140/233 3816/6141/233 3806/6068/233
f 3816/6141/233 3817/6142/233 3806/6068/233
f 3817/6142/233 3805/6143/233 3806/6068/233
f 3762/5889/217 3819/5892/217 3830/6144/217 3765/6145/217
f 3765/6145/217 3830/6144/217 3829/6146/217 3766/6147/217
f 3766/6147/217 3829/6146/217 3828/6148/285 3767/6149/285
f 3767/6149/285 3828/6148/285 3827/6150/286 3768/6151/286
f 3768/6151/286 3827/6150/286 3826/6152/287 3769/6153/287
f 3769/6153/287 3826/6152/287 3825/6154/288 3770/6155/288
f 3770/6156/289 3825/6157/289 3824/6158/289 3771/6103/289
f 3771/6103/290 3824/6158/290 3823/6159/291 3772/6104/291
f 3772/6104/291 3823/6159/291 3822/6160/292 3773/6105/292
f 3773/6105/292 3822/6160/292 3821/6161/293 3774/6106/293
f 3774/6106/293 3821/6161/293 3820/6162/216 3775/6107/216
f 3775/6107/216 3820/6162/216 3818/5887/216 3763/5886/216
f 3831/6073/219 3777/6070/219 3789/6163/219 3833/6164/219
f 3833/6164/219 3789/6163/219 3788/6165/219 3834/6166/219
f 3834/6166/219 3788/6165/219 3787/6167/294 3835/6168/294
f 3835/6168/294 3787/6167/294 3786/6169/295 3836/6170/295
f 3836/6170/295 3786/6169/295 3785/6171/296 3837/6172/296
f 3837/6172/296 3785/6171/296 3784/6173/297 3838/6174/297
f 3838/6174/298 3784/6173/298 3783/6112/298 3839/6175/298
f 3839/6175/299 3783/6112/299 3782/6111/300 3840/6176/300
f 3840/6176/300 3782/6111/300 3781/6110/301 3841/6177/301
f 3841/6177/301 3781/6110/301 3780/6109/302 3842/6178/302
f 3842/6178/302 3780/6109/302 3779/6108/216 3843/6179/216
f 3843/6179/216 3779/6108/216 3776/5885/216 3832/5888/216
f 3804/5881/215 3858/5884/215 3869/5942/215 3807/6132/215
f 3807/6132/215 3869/5942/215 3868/5941/303 3808/6133/303
f 3808/6133/303 3868/5941/303 3867/5940/304 3809/6134/304
f 3809/6134/304 3867/5940/304 3866/5939/305 3810/6135/305
f 3810/6135/305 3866/5939/305 3865/6180/306 3811/6136/306
f 3811/6136/307 3865/6180/307 3864/6181/307 3812/6182/307
f 3812/6182/308 3864/6181/308 3863/6183/309 3813/6184/309
f 3813/6184/309 3863/6183/309 3862/6185/310 3814/6186/310
f 3814/6186/310 3862/6185/310 3861/6187/311 3815/6188/311
f 3815/6188/311 3861/6187/311 3860/6189/217 3816/6190/217
f 3816/6190/217 3860/6189/217 3859/6191/217 3817/6192/217
f 3817/6192/217 3859/6191/217 3857/5891/217 3805/5890/217
f 3844/5883/215 3791/5882/215 3803/6193/215 3846/5893/215
f 3846/5893/215 3803/6193/215 3802/6194/312 3847/5894/312
f 3847/5894/312 3802/6194/312 3801/6195/313 3848/5895/313
f 3848/5895/313 3801/6195/313 3800/6196/314 3849/5896/314
f 3849/5896/314 3800/6196/314 3799/6197/315 3850/6198/315
f 3850/6198/316 3799/6197/316 3798/6199/316 3851/6200/316
f 3851/6200/317 3798/6199/317 3797/6124/318 3852/6201/318
f 3852/6201/318 3797/6124/318 3796/6123/319 3853/6202/319
f 3853/6202/319 3796/6123/319 3795/6122/320 3854/6203/320
f 3854/6203/320 3795/6122/320 3794/6121/219 3855/6204/219
f 3855/6204/219 3794/6121/219 3793/6120/219 3856/6205/219
f 3856/6205/219 3793/6120/219 3790/6071/219 3845/6074/219
f 3682/6017/233 3683/5875/233 3806/6068/233 3805/5890/233 3762/5889/233 3764/6206/233
f 3877/6207/267 3879/6056/267 3871/6059/267 3870/6208/267
f 3678/6011/266 3873/6010/267 3876/6209/267 3877/6207/267 3870/6208/267 3672/6003/266
f 3873/6010/267 3872/6009/267 3878/6210/267 3876/6209/267
f 3876/6209/215 3878/6210/215 3882/6211/215 3880/6212/215
f 3872/6009/267 3677/6008/268 3875/6061/268 3878/6210/267
f 3878/6210/267 3875/6061/268 3874/6057/268 3879/6056/267
f 3880/6212/321 3882/6211/321 3883/6213/321 3881/6214/321
f 3877/6207/322 3876/6209/322 3880/6212/322 3881/6214/322
f 3879/6056/216 3877/6207/216 3881/6214/216 3883/6213/216
f 3878/6210/323 3879/6056/323 3883/6213/323 3882/6211/323
f 3680/6013/215 3675/5947/221 3676/5958/221
o Legs_Cube.003
v -1.235896 -0.000202 -0.374885
v -1.235896 -0.000202 -0.454712
v -1.315723 -0.000202 -0.374885
v -1.315723 -0.000202 -0.454712
v -1.235896 0.018257 -0.374885
v -1.235896 0.018257 -0.454712
v -1.315723 0.018257 -0.374885
v -1.315723 0.018257 -0.454712
v -1.235896 -0.000202 -0.374885
v -1.235896 -0.000202 -0.454712
v -1.315723 -0.000202 -0.374885
v -1.315723 -0.000202 -0.454712
v -1.270654 0.018257 -0.320030
v -1.181042 0.018257 -0.409642
v -1.235896 0.018257 -0.374885
v -1.242962 0.018257 -0.324416
v -1.217981 0.018257 -0.337144
v -1.198156 0.018257 -0.356969
v -1.185428 0.018257 -0.381951
v -1.181042 0.018257 -0.419955
v -1.270654 0.018257 -0.509567
v -1.235896 0.018257 -0.454713
v -1.185428 0.018257 -0.447647
v -1.198156 0.018257 -0.472628
v -1.217981 0.018257 -0.492453
v -1.242962 0.018257 -0.505181
v -1.370579 0.018257 -0.409642
v -1.280967 0.018257 -0.320030
v -1.315724 0.018257 -0.374885
v -1.366193 0.018257 -0.381951
v -1.353465 0.018257 -0.356969
v -1.333640 0.018257 -0.337144
v -1.308658 0.018257 -0.324416
v -1.280967 0.018257 -0.509567
v -1.370579 0.018257 -0.419955
v -1.315724 0.018257 -0.454713
v -1.308658 0.018257 -0.505181
v -1.333640 0.018257 -0.492453
v -1.353465 0.018257 -0.472628
v -1.366193 0.018257 -0.447647
v -1.181042 -0.000202 -0.409642
v -1.270654 -0.000202 -0.320030
v -1.235896 -0.000202 -0.374885
v -1.185428 -0.000202 -0.381951
v -1.198156 -0.000202 -0.356969
v -1.217981 -0.000202 -0.337144
v -1.242962 -0.000202 -0.324416
v -1.270654 -0.000202 -0.509567
v -1.181042 -0.000202 -0.419955
v -1.235896 -0.000202 -0.454713
v -1.242962 -0.000202 -0.505181
v -1.217981 -0.000202 -0.492453
v -1.198156 -0.000202 -0.472628
v -1.185428 -0.000202 -0.447647
v -1.280967 -0.000202 -0.320030
v -1.370579 -0.000202 -0.409642
v -1.315724 -0.000202 -0.374885
v -1.308658 -0.000202 -0.324416
v -1.333640 -0.000202 -0.337144
v -1.353465 -0.000202 -0.356969
v -1.366193 -0.000202 -0.381951
v -1.370579 -0.000202 -0.419955
v -1.280967 -0.000202 -0.509567
v -1.315724 -0.000202 -0.454713
v -1.366193 -0.000202 -0.447647
v -1.353465 -0.000202 -0.472628
v -1.333640 -0.000202 -0.492453
v -1.308658 -0.000202 -0.505181
v -1.275262 0.018257 -0.454712
v -1.235896 0.018257 -0.415347
v -1.235896 0.018257 -0.454712
v -1.263097 0.018257 -0.452785
v -1.252123 0.018257 -0.447194
v -1.243415 0.018257 -0.438485
v -1.237823 0.018257 -0.427511
v -1.235896 1.049210 -0.415347
v -1.275262 1.049210 -0.454712
v -1.237823 1.049210 -0.427511
v -1.243415 1.049210 -0.438485
v -1.252123 1.049210 -0.447194
v -1.263097 1.049210 -0.452785
v -1.235896 0.018257 -0.414251
v -1.275262 0.018257 -0.374885
v -1.235896 0.018257 -0.374885
v -1.237823 0.018257 -0.402086
v -1.243415 0.018257 -0.391112
v -1.252123 0.018257 -0.382404
v -1.263097 0.018257 -0.376812
v -1.275262 1.049210 -0.374885
v -1.235896 1.049210 -0.414251
v -1.263097 1.049210 -0.376812
v -1.252123 1.049210 -0.382404
v -1.243415 1.049210 -0.391112
v -1.237823 1.049210 -0.402086
v -1.315723 0.018257 -0.415347
v -1.276358 0.018257 -0.454712
v -1.315723 0.018257 -0.454712
v -1.313797 0.018257 -0.427511
v -1.308205 0.018257 -0.438485
v -1.299496 0.018257 -0.447194
v -1.288522 0.018257 -0.452785
v -1.276358 1.049210 -0.454712
v -1.315723 1.049210 -0.415347
v -1.288522 1.049210 -0.452785
v -1.299496 1.049210 -0.447194
v -1.308205 1.049210 -0.438485
v -1.313797 1.049210 -0.427511
v -1.276358 0.018257 -0.374885
v -1.315723 0.018257 -0.414251
v -1.315723 0.018257 -0.374885
v -1.288522 0.018257 -0.376812
v -1.299496 0.018257 -0.382404
v -1.308205 0.018257 -0.391112
v -1.313797 0.018257 -0.402086
v -1.315723 1.049210 -0.414251
v -1.276358 1.049210 -0.374885
v -1.313797 1.049210 -0.402086
v -1.308205 1.049210 -0.391112
v -1.299496 1.049210 -0.382404
v -1.288522 1.049210 -0.376812
v 1.235898 -0.000202 -0.374885
v 1.235898 -0.000202 -0.454712
v 1.315725 -0.000202 -0.374885
v 1.315725 -0.000202 -0.454712
v 1.235898 0.018257 -0.374885
v 1.235898 0.018257 -0.454712
v 1.315725 0.018257 -0.374885
v 1.315725 0.018257 -0.454712
v 1.235898 -0.000202 -0.374885
v 1.235898 -0.000202 -0.454712
v 1.315725 -0.000202 -0.374885
v 1.315725 -0.000202 -0.454712
v 1.270656 0.018257 -0.320030
v 1.181044 0.018257 -0.409642
v 1.235898 0.018257 -0.374885
v 1.242964 0.018257 -0.324416
v 1.217983 0.018257 -0.337144
v 1.198158 0.018257 -0.356969
v 1.185430 0.018257 -0.381951
v 1.181044 0.018257 -0.419955
v 1.270656 0.018257 -0.509567
v 1.235898 0.018257 -0.454713
v 1.185430 0.018257 -0.447647
v 1.198158 0.018257 -0.472628
v 1.217983 0.018257 -0.492453
v 1.242964 0.018257 -0.505181
v 1.370581 0.018257 -0.409642
v 1.280969 0.018257 -0.320030
v 1.315726 0.018257 -0.374885
v 1.366195 0.018257 -0.381951
v 1.353467 0.018257 -0.356969
v 1.333641 0.018257 -0.337144
v 1.308660 0.018257 -0.324416
v 1.280969 0.018257 -0.509567
v 1.370581 0.018257 -0.419955
v 1.315726 0.018257 -0.454713
v 1.308660 0.018257 -0.505181
v 1.333641 0.018257 -0.492453
v 1.353467 0.018257 -0.472628
v 1.366195 0.018257 -0.447647
v 1.181044 -0.000202 -0.409642
v 1.270656 -0.000202 -0.320030
v 1.235898 -0.000202 -0.374885
v 1.185430 -0.000202 -0.381951
v 1.198158 -0.000202 -0.356969
v 1.217983 -0.000202 -0.337144
v 1.242964 -0.000202 -0.324416
v 1.270656 -0.000202 -0.509567
v 1.181044 -0.000202 -0.419955
v 1.235898 -0.000202 -0.454713
v 1.242964 -0.000202 -0.505181
v 1.217983 -0.000202 -0.492453
v 1.198158 -0.000202 -0.472628
v 1.185430 -0.000202 -0.447647
v 1.280969 -0.000202 -0.320030
v 1.370581 -0.000202 -0.409642
v 1.315726 -0.000202 -0.374885
v 1.308660 -0.000202 -0.324416
v 1.333641 -0.000202 -0.337144
v 1.353467 -0.000202 -0.356969
v 1.366195 -0.000202 -0.381951
v 1.370581 -0.000202 -0.419955
v 1.280969 -0.000202 -0.509567
v 1.315726 -0.000202 -0.454713
v 1.366195 -0.000202 -0.447647
v 1.353467 -0.000202 -0.472628
v 1.333641 -0.000202 -0.492453
v 1.308660 -0.000202 -0.505181
v 1.275264 0.018257 -0.454712
v 1.235898 0.018257 -0.415347
v 1.235898 0.018257 -0.454712
v 1.263099 0.018257 -0.452785
v 1.252125 0.018257 -0.447194
v 1.243416 0.018257 -0.438485
v 1.237825 0.018257 -0.427511
v 1.235898 1.049210 -0.415347
v 1.275264 1.049210 -0.454712
v 1.237825 1.049210 -0.427511
v 1.243416 1.049210 -0.438485
v 1.252125 1.049210 -0.447194
v 1.263099 1.049210 -0.452785
v 1.235898 0.018257 -0.414251
v 1.275264 0.018257 -0.374885
v 1.235898 0.018257 -0.374885
v 1.237825 0.018257 -0.402086
v 1.243416 0.018257 -0.391112
v 1.252125 0.018257 -0.382404
v 1.263099 0.018257 -0.376812
v 1.275264 1.049210 -0.374885
v 1.235898 1.049210 -0.414251
v 1.263099 1.049210 -0.376812
v 1.252125 1.049210 -0.382404
v 1.243416 1.049210 -0.391112
v 1.237825 1.049210 -0.402086
v 1.315725 0.018257 -0.415347
v 1.276360 0.018257 -0.454712
v 1.315725 0.018257 -0.454712
v 1.313798 0.018257 -0.427511
v 1.308207 0.018257 -0.438485
v 1.299498 0.018257 -0.447194
v 1.288524 0.018257 -0.452785
v 1.276360 1.049210 -0.454712
v 1.315725 1.049210 -0.415347
v 1.288524 1.049210 -0.452785
v 1.299498 1.049210 -0.447194
v 1.308207 1.049210 -0.438485
v 1.313798 1.049210 -0.427511
v 1.276360 0.018257 -0.374885
v 1.315725 0.018257 -0.414251
v 1.315725 0.018257 -0.374885
v 1.288524 0.018257 -0.376812
v 1.299498 0.018257 -0.382404
v 1.308207 0.018257 -0.391112
v 1.313798 0.018257 -0.402086
v 1.315725 1.049210 -0.414251
v 1.276360 1.049210 -0.374885
v 1.313798 1.049210 -0.402086
v 1.308207 1.049210 -0.391112
v 1.299498 1.049210 -0.382404
v 1.288524 1.049210 -0.376812
v -1.235896 -0.000202 0.562362
v -1.235896 -0.000202 0.642188
v -1.315723 -0.000202 0.562362
v -1.315723 -0.000202 0.642188
v -1.235896 0.018257 0.562362
v -1.235896 0.018257 0.642188
v -1.315723 0.018257 0.562362
v -1.315723 0.018257 0.642188
v -1.235896 -0.000202 0.562362
v -1.235896 -0.000202 0.642188
v -1.315723 -0.000202 0.562362
v -1.315723 -0.000202 0.642188
v -1.270654 0.018257 0.507506
v -1.181042 0.018257 0.597119
v -1.235896 0.018257 0.562361
v -1.242962 0.018257 0.511892
v -1.217981 0.018257 0.524620
v -1.198156 0.018257 0.544446
v -1.185428 0.018257 0.569427
v -1.181042 0.018257 0.607431
v -1.270654 0.018257 0.697044
v -1.235896 0.018257 0.642189
v -1.185428 0.018257 0.635123
v -1.198156 0.018257 0.660104
v -1.217981 0.018257 0.679929
v -1.242962 0.018257 0.692658
v -1.370579 0.018257 0.597119
v -1.280967 0.018257 0.507506
v -1.315724 0.018257 0.562361
v -1.366193 0.018257 0.569427
v -1.353465 0.018257 0.544446
v -1.333640 0.018257 0.524620
v -1.308658 0.018257 0.511892
v -1.280967 0.018257 0.697044
v -1.370579 0.018257 0.607431
v -1.315724 0.018257 0.642189
v -1.308658 0.018257 0.692658
v -1.333640 0.018257 0.679929
v -1.353465 0.018257 0.660104
v -1.366193 0.018257 0.635123
v -1.181042 -0.000202 0.597119
v -1.270654 -0.000202 0.507506
v -1.235896 -0.000202 0.562361
v -1.185428 -0.000202 0.569427
v -1.198156 -0.000202 0.544446
v -1.217981 -0.000202 0.524620
v -1.242962 -0.000202 0.511892
v -1.270654 -0.000202 0.697044
v -1.181042 -0.000202 0.607431
v -1.235896 -0.000202 0.642189
v -1.242962 -0.000202 0.692658
v -1.217981 -0.000202 0.679929
v -1.198156 -0.000202 0.660104
v -1.185428 -0.000202 0.635123
v -1.280967 -0.000202 0.507506
v -1.370579 -0.000202 0.597119
v -1.315724 -0.000202 0.562361
v -1.308658 -0.000202 0.511892
v -1.333640 -0.000202 0.524620
v -1.353465 -0.000202 0.544446
v -1.366193 -0.000202 0.569427
v -1.370579 -0.000202 0.607431
v -1.280967 -0.000202 0.697044
v -1.315724 -0.000202 0.642189
v -1.366193 -0.000202 0.635123
v -1.353465 -0.000202 0.660104
v -1.333640 -0.000202 0.679929
v -1.308658 -0.000202 0.692658
v -1.275262 0.018257 0.642188
v -1.235896 0.018257 0.602823
v -1.235896 0.018257 0.642188
v -1.263097 0.018257 0.640262
v -1.252123 0.018257 0.634670
v -1.243415 0.018257 0.625961
v -1.237823 0.018257 0.614987
v -1.235896 1.049210 0.602823
v -1.275262 1.049210 0.642188
v -1.237823 1.049210 0.614987
v -1.243415 1.049210 0.625961
v -1.252123 1.049210 0.634670
v -1.263097 1.049210 0.640262
v -1.235896 0.018257 0.601727
v -1.275262 0.018257 0.562362
v -1.235896 0.018257 0.562362
v -1.237823 0.018257 0.589563
v -1.243415 0.018257 0.578589
v -1.252123 0.018257 0.569880
v -1.263097 0.018257 0.564288
v -1.275262 1.049210 0.562362
v -1.235896 1.049210 0.601727
v -1.263097 1.049210 0.564288
v -1.252123 1.049210 0.569880
v -1.243415 1.049210 0.578589
v -1.237823 1.049210 0.589563
v -1.315723 0.018257 0.602823
v -1.276358 0.018257 0.642188
v -1.315723 0.018257 0.642188
v -1.313797 0.018257 0.614987
v -1.308205 0.018257 0.625961
v -1.299496 0.018257 0.634670
v -1.288522 0.018257 0.640262
v -1.276358 1.049210 0.642188
v -1.315723 1.049210 0.602823
v -1.288522 1.049210 0.640262
v -1.299496 1.049210 0.634670
v -1.308205 1.049210 0.625961
v -1.313797 1.049210 0.614987
v -1.276358 0.018257 0.562362
v -1.315723 0.018257 0.601727
v -1.315723 0.018257 0.562362
v -1.288522 0.018257 0.564288
v -1.299496 0.018257 0.569880
v -1.308205 0.018257 0.578589
v -1.313797 0.018257 0.589563
v -1.315723 1.049210 0.601727
v -1.276358 1.049210 0.562362
v -1.313797 1.049210 0.589563
v -1.308205 1.049210 0.578589
v -1.299496 1.049210 0.569880
v -1.288522 1.049210 0.564288
v 1.235898 -0.000202 0.562362
v 1.235898 -0.000202 0.642188
v 1.315725 -0.000202 0.562362
v 1.315725 -0.000202 0.642188
v 1.235898 0.018257 0.562362
v 1.235898 0.018257 0.642188
v 1.315725 0.018257 0.562362
v 1.315725 0.018257 0.642188
v 1.235898 -0.000202 0.562362
v 1.235898 -0.000202 0.642188
v 1.315725 -0.000202 0.562362
v 1.315725 -0.000202 0.642188
v 1.270656 0.018257 0.507506
v 1.181044 0.018257 0.597119
v 1.235898 0.018257 0.562361
v 1.242964 0.018257 0.511892
v 1.217983 0.018257 0.524620
v 1.198158 0.018257 0.544446
v 1.185430 0.018257 0.569427
v 1.181044 0.018257 0.607431
v 1.270656 0.018257 0.697044
v 1.235898 0.018257 0.642189
v 1.185430 0.018257 0.635123
v 1.198158 0.018257 0.660104
v 1.217983 0.018257 0.679929
v 1.242964 0.018257 0.692658
v 1.370581 0.018257 0.597119
v 1.280969 0.018257 0.507506
v 1.315726 0.018257 0.562361
v 1.366195 0.018257 0.569427
v 1.353467 0.018257 0.544446
v 1.333641 0.018257 0.524620
v 1.308660 0.018257 0.511892
v 1.280969 0.018257 0.697044
v 1.370581 0.018257 0.607431
v 1.315726 0.018257 0.642189
v 1.308660 0.018257 0.692658
v 1.333641 0.018257 0.679929
v 1.353467 0.018257 0.660104
v 1.366195 0.018257 0.635123
v 1.181044 -0.000202 0.597119
v 1.270656 -0.000202 0.507506
v 1.235898 -0.000202 0.562361
v 1.185430 -0.000202 0.569427
v 1.198158 -0.000202 0.544446
v 1.217983 -0.000202 0.524620
v 1.242964 -0.000202 0.511892
v 1.270656 -0.000202 0.697044
v 1.181044 -0.000202 0.607431
v 1.235898 -0.000202 0.642189
v 1.242964 -0.000202 0.692658
v 1.217983 -0.000202 0.679929
v 1.198158 -0.000202 0.660104
v 1.185430 -0.000202 0.635123
v 1.280969 -0.000202 0.507506
v 1.370581 -0.000202 0.597119
v 1.315726 -0.000202 0.562361
v 1.308660 -0.000202 0.511892
v 1.333641 -0.000202 0.524620
v 1.353467 -0.000202 0.544446
v 1.366195 -0.000202 0.569427
v 1.370581 -0.000202 0.607431
v 1.280969 -0.000202 0.697044
v 1.315726 -0.000202 0.642189
v 1.366195 -0.000202 0.635123
v 1.353467 -0.000202 0.660104
v 1.333641 -0.000202 0.679929
v 1.308660 -0.000202 0.692658
v 1.275264 0.018257 0.642188
v 1.235898 0.018257 0.602823
v 1.235898 0.018257 0.642188
v 1.263099 0.018257 0.640262
v 1.252125 0.018257 0.634670
v 1.243416 0.018257 0.625961
v 1.237825 0.018257 0.614987
v 1.235898 1.049210 0.602823
v 1.275264 1.049210 0.642188
v 1.237825 1.049210 0.614987
v 1.243416 1.049210 0.625961
v 1.252125 1.049210 0.634670
v 1.263099 1.049210 0.640262
v 1.235898 0.018257 0.601727
v 1.275264 0.018257 0.562362
v 1.235898 0.018257 0.562362
v 1.237825 0.018257 0.589563
v 1.243416 0.018257 0.578589
v 1.252125 0.018257 0.569880
v 1.263099 0.018257 0.564288
v 1.275264 1.049210 0.562362
v 1.235898 1.049210 0.601727
v 1.263099 1.049210 0.564288
v 1.252125 1.049210 0.569880
v 1.243416 1.049210 0.578589
v 1.237825 1.049210 0.589563
v 1.315725 0.018257 0.602823
v 1.276360 0.018257 0.642188
v 1.315725 0.018257 0.642188
v 1.313798 0.018257 0.614987
v 1.308207 0.018257 0.625961
v 1.299498 0.018257 0.634670
v 1.288524 0.018257 0.640262
v 1.276360 1.049210 0.642188
v 1.315725 1.049210 0.602823
v 1.288524 1.049210 0.640262
v 1.299498 1.049210 0.634670
v 1.308207 1.049210 0.625961
v 1.313798 1.049210 0.614987
v 1.276360 0.018257 0.562362
v 1.315725 0.018257 0.601727
v 1.315725 0.018257 0.562362
v 1.288524 0.018257 0.564288
v 1.299498 0.018257 0.569880
v 1.308207 0.018257 0.578589
v 1.313798 0.018257 0.589563
v 1.315725 1.049210 0.601727
v 1.276360 1.049210 0.562362
v 1.313798 1.049210 0.589563
v 1.308207 1.049210 0.578589
v 1.299498 1.049210 0.569880
v 1.288524 1.049210 0.564288
vt 0.375000 0.250000
vt 0.375000 0.373284
vt 0.375000 0.376716
vt 0.375000 0.500000
vt 0.375000 0.500000
vt 0.375000 0.250000
vt 0.375000 0.750000
vt 0.375000 0.873284
vt 0.375000 0.876716
vt 0.375000 1.000000
vt 0.375000 1.000000
vt 0.375000 0.750000
vt 0.125000 0.500000
vt 0.375000 0.500000
vt 0.375000 0.750000
vt 0.125000 0.750000
vt 0.125000 0.750000
vt 0.125000 0.500000
vt 0.375000 0.500000
vt 0.375000 0.750000
vt 0.375000 0.868199
vt 0.375000 0.881801
vt 0.375000 0.881801
vt 0.375000 0.868199
vt 0.375000 0.750000
vt 0.256801 0.750000
vt 0.243199 0.750000
vt 0.125000 0.750000
vt 0.375000 0.500000
vt 0.375000 0.618199
vt 0.375000 0.631801
vt 0.375000 0.368199
vt 0.375000 0.381801
vt 0.375000 0.381801
vt 0.375000 0.368199
vt 0.375000 0.623284
vt 0.375000 0.626716
vt 0.125000 0.631801
vt 0.125000 0.618199
vt 0.125000 0.500000
vt 0.375000 0.750000
vt 0.375000 0.631801
vt 0.375000 0.618199
vt 0.375000 0.500000
vt 0.375000 0.118199
vt 0.375000 0.131801
vt 0.375000 0.131801
vt 0.375000 0.118199
vt 0.375000 1.000000
vt 0.375000 0.000000
vt 0.375000 0.250000
vt 0.375000 0.000000
vt 0.243199 0.500000
vt 0.256801 0.500000
vt 0.375000 0.331674
vt 0.375000 0.298724
vt 0.375000 0.272574
vt 0.375000 0.255785
vt 0.375000 0.250000
vt 0.375000 0.078900
vt 0.375000 0.000000
vt 0.375000 0.000000
vt 0.375000 0.000000
vt 0.375000 0.000000
vt 0.375000 0.581674
vt 0.375000 0.548723
vt 0.375000 0.522574
vt 0.375000 0.505785
vt 0.375000 0.500000
vt 0.375000 0.831674
vt 0.375000 0.798723
vt 0.375000 0.772574
vt 0.375000 0.755785
vt 0.375000 0.750000
vt 0.125000 0.578900
vt 0.125000 0.500000
vt 0.125000 0.500000
vt 0.125000 0.500000
vt 0.125000 0.500000
vt 0.125000 0.858828
vt 0.125000 0.832173
vt 0.125000 0.750000
vt 0.125000 0.750000
vt 0.125000 0.668326
vt 0.296100 0.500000
vt 0.375000 0.500000
vt 0.375000 0.500000
vt 0.375000 0.500000
vt 0.375000 0.500000
vt 0.483830 0.750000
vt 0.457174 0.750000
vt 0.375000 0.750000
vt 0.375000 0.750000
vt 0.293326 0.750000
vt 0.375000 0.831674
vt 0.375000 0.798724
vt 0.375000 0.701277
vt 0.375000 0.701277
vt 0.375000 0.668326
vt 0.375000 0.668327
vt 0.375000 0.418326
vt 0.375000 0.418326
vt 0.375000 0.451276
vt 0.375000 0.451276
vt 0.375000 0.548723
vt 0.375000 0.581674
vt 0.375000 0.081673
vt 0.375000 0.081673
vt 0.375000 0.048723
vt 0.375000 0.048723
vt 0.375000 0.000000
vt 0.375000 0.951276
vt 0.375000 0.951276
vt 0.375000 0.918326
vt 0.375000 0.918326
vt 0.375000 0.168327
vt 0.375000 0.168326
vt 0.375000 0.201277
vt 0.375000 0.201277
vt 0.375000 0.298724
vt 0.375000 0.331674
vt 0.375000 0.000000
vt 0.375000 0.123284
vt 0.375000 0.126716
vt 0.375000 0.250000
vt 0.375000 0.250000
vt 0.375000 0.500000
vt 0.375000 0.500000
vt 0.375000 0.376716
vt 0.375000 0.373284
vt 0.375000 0.750000
vt 0.375000 0.750000
vt 0.375000 1.000000
vt 0.375000 1.000000
vt 0.375000 0.876716
vt 0.375000 0.873284
vt 0.125000 0.500000
vt 0.125000 0.750000
vt 0.375000 0.750000
vt 0.375000 0.500000
vt 0.125000 0.500000
vt 0.125000 0.750000
vt 0.375000 0.750000
vt 0.375000 0.500000
vt 0.375000 0.868199
vt 0.375000 0.868199
vt 0.375000 0.881801
vt 0.375000 0.881801
vt 0.125000 0.750000
vt 0.243199 0.750000
vt 0.256801 0.750000
vt 0.375000 0.750000
vt 0.375000 0.631801
vt 0.375000 0.618199
vt 0.375000 0.500000
vt 0.375000 0.368199
vt 0.375000 0.368199
vt 0.375000 0.381801
vt 0.375000 0.381801
vt 0.375000 0.626716
vt 0.375000 0.623284
vt 0.125000 0.500000
vt 0.125000 0.618199
vt 0.125000 0.631801
vt 0.375000 0.500000
vt 0.375000 0.618199
vt 0.375000 0.631801
vt 0.375000 0.750000
vt 0.375000 0.118199
vt 0.375000 0.118199
vt 0.375000 0.131801
vt 0.375000 0.131801
vt 0.375000 1.000000
vt 0.375000 0.000000
vt 0.375000 0.000000
vt 0.375000 0.250000
vt 0.256801 0.500000
vt 0.243199 0.500000
vt 0.375000 0.331674
vt 0.375000 0.298724
vt 0.375000 0.272574
vt 0.375000 0.255785
vt 0.375000 0.250000
vt 0.375000 0.078900
vt 0.375000 0.000000
vt 0.375000 0.000000
vt 0.375000 0.000000
vt 0.375000 0.000000
vt 0.375000 0.581674
vt 0.375000 0.548723
vt 0.375000 0.522574
vt 0.375000 0.505785
vt 0.375000 0.500000
vt 0.375000 0.831674
vt 0.375000 0.798723
vt 0.375000 0.772574
vt 0.375000 0.755785
vt 0.375000 0.750000
vt 0.125000 0.578900
vt 0.125000 0.500000
vt 0.125000 0.500000
vt 0.125000 0.500000
vt 0.125000 0.500000
vt 0.125000 0.858828
vt 0.125000 0.832173
vt 0.125000 0.750000
vt 0.125000 0.750000
vt 0.125000 0.668326
vt 0.296100 0.500000
vt 0.375000 0.500000
vt 0.375000 0.500000
vt 0.375000 0.500000
vt 0.375000 0.500000
vt 0.483830 0.750000
vt 0.457174 0.750000
vt 0.375000 0.750000
vt 0.375000 0.750000
vt 0.293326 0.750000
vt 0.375000 0.831674
vt 0.375000 0.798724
vt 0.375000 0.701277
vt 0.375000 0.701277
vt 0.375000 0.668327
vt 0.375000 0.668326
vt 0.375000 0.418326
vt 0.375000 0.418326
vt 0.375000 0.451276
vt 0.375000 0.451276
vt 0.375000 0.548723
vt 0.375000 0.581674
vt 0.375000 0.081673
vt 0.375000 0.081673
vt 0.375000 0.048723
vt 0.375000 0.048723
vt 0.375000 0.000000
vt 0.375000 0.951276
vt 0.375000 0.918326
vt 0.375000 0.918326
vt 0.375000 0.951276
vt 0.375000 0.168326
vt 0.375000 0.168327
vt 0.375000 0.201277
vt 0.375000 0.201277
vt 0.375000 0.298724
vt 0.375000 0.331674
vt 0.375000 0.000000
vt 0.375000 0.126716
vt 0.375000 0.123284
vt 0.375000 0.250000
vt 0.375000 0.250000
vt 0.375000 0.500000
vt 0.375000 0.500000
vt 0.375000 0.376716
vt 0.375000 0.373284
vt 0.375000 0.750000
vt 0.375000 0.750000
vt 0.375000 1.000000
vt 0.375000 1.000000
vt 0.375000 0.876716
vt 0.375000 0.873284
vt 0.125000 0.500000
vt 0.125000 0.750000
vt 0.375000 0.750000
vt 0.375000 0.500000
vt 0.125000 0.500000
vt 0.125000 0.750000
vt 0.375000 0.750000
vt 0.375000 0.500000
vt 0.375000 0.868199
vt 0.375000 0.868199
vt 0.375000 0.881801
vt 0.375000 0.881801
vt 0.125000 0.750000
vt 0.243199 0.750000
vt 0.256801 0.750000
vt 0.375000 0.750000
vt 0.375000 0.631801
vt 0.375000 0.618199
vt 0.375000 0.500000
vt 0.375000 0.368199
vt 0.375000 0.368199
vt 0.375000 0.381801
vt 0.375000 0.381801
vt 0.375000 0.626716
vt 0.375000 0.623284
vt 0.125000 0.500000
vt 0.125000 0.618199
vt 0.125000 0.631801
vt 0.375000 0.500000
vt 0.375000 0.618199
vt 0.375000 0.631801
vt 0.375000 0.750000
vt 0.375000 0.118199
vt 0.375000 0.118199
vt 0.375000 0.131801
vt 0.375000 0.131801
vt 0.375000 1.000000
vt 0.375000 0.000000
vt 0.375000 0.000000
vt 0.375000 0.250000
vt 0.256801 0.500000
vt 0.243199 0.500000
vt 0.375000 0.331674
vt 0.375000 0.298724
vt 0.375000 0.272574
vt 0.375000 0.255785
vt 0.375000 0.250000
vt 0.375000 0.078900
vt 0.375000 0.000000
vt 0.375000 0.000000
vt 0.375000 0.000000
vt 0.375000 0.000000
vt 0.375000 0.581674
vt 0.375000 0.548723
vt 0.375000 0.522574
vt 0.375000 0.505785
vt 0.375000 0.500000
vt 0.375000 0.831674
vt 0.375000 0.798723
vt 0.375000 0.772574
vt 0.375000 0.755785
vt 0.375000 0.750000
vt 0.125000 0.578900
vt 0.125000 0.500000
vt 0.125000 0.500000
vt 0.125000 0.500000
vt 0.125000 0.500000
vt 0.125000 0.858828
vt 0.125000 0.832173
vt 0.125000 0.750000
vt 0.125000 0.750000
vt 0.125000 0.668326
vt 0.296100 0.500000
vt 0.375000 0.500000
vt 0.375000 0.500000
vt 0.375000 0.500000
vt 0.375000 0.500000
vt 0.483830 0.750000
vt 0.457174 0.750000
vt 0.375000 0.750000
vt 0.375000 0.750000
vt 0.293326 0.750000
vt 0.375000 0.831674
vt 0.375000 0.798724
vt 0.375000 0.701277
vt 0.375000 0.701277
vt 0.375000 0.668327
vt 0.375000 0.668326
vt 0.375000 0.418326
vt 0.375000 0.418326
vt 0.375000 0.451276
vt 0.375000 0.451276
vt 0.375000 0.548723
vt 0.375000 0.581674
vt 0.375000 0.081673
vt 0.375000 0.081673
vt 0.375000 0.048723
vt 0.375000 0.048723
vt 0.375000 0.000000
vt 0.375000 0.951276
vt 0.375000 0.918326
vt 0.375000 0.918326
vt 0.375000 0.951276
vt 0.375000 0.168326
vt 0.375000 0.168327
vt 0.375000 0.201277
vt 0.375000 0.201277
vt 0.375000 0.298724
vt 0.375000 0.331674
vt 0.375000 0.000000
vt 0.375000 0.126716
vt 0.375000 0.123284
vt 0.375000 0.250000
vt 0.375000 0.373284
vt 0.375000 0.376716
vt 0.375000 0.500000
vt 0.375000 0.500000
vt 0.375000 0.250000
vt 0.375000 0.750000
vt 0.375000 0.873284
vt 0.375000 0.876716
vt 0.375000 1.000000
vt 0.375000 1.000000
vt 0.375000 0.750000
vt 0.125000 0.500000
vt 0.375000 0.500000
vt 0.375000 0.750000
vt 0.125000 0.750000
vt 0.125000 0.750000
vt 0.125000 0.500000
vt 0.375000 0.500000
vt 0.375000 0.750000
vt 0.375000 0.868199
vt 0.375000 0.881801
vt 0.375000 0.881801
vt 0.375000 0.868199
vt 0.375000 0.750000
vt 0.256801 0.750000
vt 0.243199 0.750000
vt 0.125000 0.750000
vt 0.375000 0.500000
vt 0.375000 0.618199
vt 0.375000 0.631801
vt 0.375000 0.368199
vt 0.375000 0.381801
vt 0.375000 0.381801
vt 0.375000 0.368199
vt 0.375000 0.623284
vt 0.375000 0.626716
vt 0.125000 0.631801
vt 0.125000 0.618199
vt 0.125000 0.500000
vt 0.375000 0.750000
vt 0.375000 0.631801
vt 0.375000 0.618199
vt 0.375000 0.500000
vt 0.375000 0.118199
vt 0.375000 0.131801
vt 0.375000 0.131801
vt 0.375000 0.118199
vt 0.375000 1.000000
vt 0.375000 0.000000
vt 0.375000 0.250000
vt 0.375000 0.000000
vt 0.243199 0.500000
vt 0.256801 0.500000
vt 0.375000 0.331674
vt 0.375000 0.298724
vt 0.375000 0.272574
vt 0.375000 0.255785
vt 0.375000 0.250000
vt 0.375000 0.078900
vt 0.375000 0.000000
vt 0.375000 0.000000
vt 0.375000 0.000000
vt 0.375000 0.000000
vt 0.375000 0.581674
vt 0.375000 0.548723
vt 0.375000 0.522574
vt 0.375000 0.505785
vt 0.375000 0.500000
vt 0.375000 0.831674
vt 0.375000 0.798723
vt 0.375000 0.772574
vt 0.375000 0.755785
vt 0.375000 0.750000
vt 0.125000 0.578900
vt 0.125000 0.500000
vt 0.125000 0.500000
vt 0.125000 0.500000
vt 0.125000 0.500000
vt 0.125000 0.858828
vt 0.125000 0.832173
vt 0.125000 0.750000
vt 0.125000 0.750000
vt 0.125000 0.668326
vt 0.296100 0.500000
vt 0.375000 0.500000
vt 0.375000 0.500000
vt 0.375000 0.500000
vt 0.375000 0.500000
vt 0.483830 0.750000
vt 0.457174 0.750000
vt 0.375000 0.750000
vt 0.375000 0.750000
vt 0.293326 0.750000
vt 0.375000 0.831674
vt 0.375000 0.798724
vt 0.375000 0.701277
vt 0.375000 0.701277
vt 0.375000 0.668326
vt 0.375000 0.668327
vt 0.375000 0.418326
vt 0.375000 0.418326
vt 0.375000 0.451276
vt 0.375000 0.451276
vt 0.375000 0.548723
vt 0.375000 0.581674
vt 0.375000 0.081673
vt 0.375000 0.081673
vt 0.375000 0.048723
vt 0.375000 0.048723
vt 0.375000 0.000000
vt 0.375000 0.951276
vt 0.375000 0.951276
vt 0.375000 0.918326
vt 0.375000 0.918326
vt 0.375000 0.168327
vt 0.375000 0.168326
vt 0.375000 0.201277
vt 0.375000 0.201277
vt 0.375000 0.298724
vt 0.375000 0.331674
vt 0.375000 0.000000
vt 0.375000 0.123284
vt 0.375000 0.126716
vt 0.625000 0.873284
vt 0.625000 0.876716
vt 0.625000 0.623284
vt 0.631034 0.585187
vt 0.648545 0.550820
vt 0.675820 0.523545
vt 0.710187 0.506034
vt 0.748284 0.500000
vt 0.751716 0.500000
vt 0.789813 0.506034
vt 0.824180 0.523545
vt 0.851455 0.550820
vt 0.868966 0.585187
vt 0.875000 0.623284
vt 0.875000 0.626716
vt 0.868966 0.664813
vt 0.851455 0.699181
vt 0.824180 0.726455
vt 0.789813 0.743966
vt 0.751716 0.750000
vt 0.748284 0.750000
vt 0.710187 0.743966
vt 0.675820 0.726455
vt 0.648545 0.699181
vt 0.631034 0.664813
vt 0.625000 0.626716
vt 0.625000 0.373284
vt 0.625000 0.376716
vt 0.625000 0.123284
vt 0.625000 0.126716
vt 0.375000 0.000000
vt 0.375000 0.006034
vt 0.375000 0.023545
vt 0.375000 0.050819
vt 0.375000 0.085187
vt 0.375000 0.164813
vt 0.375000 0.199180
vt 0.375000 0.226455
vt 0.375000 0.243966
vt 0.375000 0.250000
vt 0.375000 0.664813
vt 0.375000 0.699181
vt 0.375000 0.726455
vt 0.375000 0.743966
vt 0.375000 0.750000
vt 0.375000 0.414813
vt 0.375000 0.449180
vt 0.375000 0.476455
vt 0.375000 0.493966
vt 0.375000 0.500000
vt 0.625000 0.914813
vt 0.375000 0.914813
vt 0.625000 0.949180
vt 0.375000 0.949180
vt 0.375000 0.000000
vt 0.625000 0.000000
vt 0.625000 0.050819
vt 0.625000 0.085187
vt 0.375000 0.335187
vt 0.625000 0.335187
vt 0.375000 0.300820
vt 0.625000 0.300820
vt 0.625000 0.199180
vt 0.625000 0.164813
vt 0.375000 0.585187
vt 0.625000 0.585187
vt 0.375000 0.550820
vt 0.625000 0.550820
vt 0.625000 0.449180
vt 0.625000 0.414813
vt 0.375000 0.835187
vt 0.625000 0.835187
vt 0.375000 0.800820
vt 0.625000 0.800820
vt 0.625000 0.699181
vt 0.625000 0.664813
vt 0.625000 0.876716
vt 0.625000 0.873284
vt 0.625000 0.623284
vt 0.625000 0.626716
vt 0.631034 0.664813
vt 0.648545 0.699181
vt 0.675820 0.726455
vt 0.710187 0.743966
vt 0.748284 0.750000
vt 0.751716 0.750000
vt 0.789813 0.743966
vt 0.824180 0.726455
vt 0.851455 0.699181
vt 0.868966 0.664813
vt 0.875000 0.626716
vt 0.875000 0.623284
vt 0.868966 0.585187
vt 0.851455 0.550820
vt 0.824180 0.523545
vt 0.789813 0.506034
vt 0.751716 0.500000
vt 0.748284 0.500000
vt 0.710187 0.506034
vt 0.675820 0.523545
vt 0.648545 0.550820
vt 0.631034 0.585187
vt 0.625000 0.376716
vt 0.625000 0.373284
vt 0.625000 0.126716
vt 0.625000 0.123284
vt 0.375000 0.000000
vt 0.375000 0.006034
vt 0.375000 0.023545
vt 0.375000 0.050819
vt 0.375000 0.085187
vt 0.375000 0.164813
vt 0.375000 0.199180
vt 0.375000 0.226455
vt 0.375000 0.243966
vt 0.375000 0.250000
vt 0.375000 0.664813
vt 0.375000 0.699181
vt 0.375000 0.726455
vt 0.375000 0.743966
vt 0.375000 0.750000
vt 0.375000 0.414813
vt 0.375000 0.449180
vt 0.375000 0.476455
vt 0.375000 0.493966
vt 0.375000 0.500000
vt 0.375000 0.914813
vt 0.625000 0.914813
vt 0.375000 0.949180
vt 0.625000 0.949180
vt 0.375000 0.000000
vt 0.625000 0.050819
vt 0.625000 0.000000
vt 0.625000 0.085187
vt 0.625000 0.335187
vt 0.375000 0.335187
vt 0.625000 0.300820
vt 0.375000 0.300820
vt 0.625000 0.199180
vt 0.625000 0.164813
vt 0.625000 0.585187
vt 0.375000 0.585187
vt 0.625000 0.550820
vt 0.375000 0.550820
vt 0.625000 0.449180
vt 0.625000 0.414813
vt 0.625000 0.835187
vt 0.375000 0.835187
vt 0.625000 0.800820
vt 0.375000 0.800820
vt 0.625000 0.699181
vt 0.625000 0.664813
vt 0.625000 0.876716
vt 0.625000 0.873284
vt 0.625000 0.623284
vt 0.625000 0.626716
vt 0.631034 0.664813
vt 0.648545 0.699181
vt 0.675820 0.726455
vt 0.710187 0.743966
vt 0.748284 0.750000
vt 0.751716 0.750000
vt 0.789813 0.743966
vt 0.824180 0.726455
vt 0.851455 0.699181
vt 0.868966 0.664813
vt 0.875000 0.626716
vt 0.875000 0.623284
vt 0.868966 0.585187
vt 0.851455 0.550820
vt 0.824180 0.523545
vt 0.789813 0.506034
vt 0.751716 0.500000
vt 0.748284 0.500000
vt 0.710187 0.506034
vt 0.675820 0.523545
vt 0.648545 0.550820
vt 0.631034 0.585187
vt 0.625000 0.376716
vt 0.625000 0.373284
vt 0.625000 0.126716
vt 0.625000 0.123284
vt 0.375000 0.000000
vt 0.375000 0.006034
vt 0.375000 0.023545
vt 0.375000 0.050819
vt 0.375000 0.085187
vt 0.375000 0.164813
vt 0.375000 0.199180
vt 0.375000 0.226455
vt 0.375000 0.243966
vt 0.375000 0.250000
vt 0.375000 0.664813
vt 0.375000 0.699181
vt 0.375000 0.726455
vt 0.375000 0.743966
vt 0.375000 0.750000
vt 0.375000 0.414813
vt 0.375000 0.449180
vt 0.375000 0.476455
vt 0.375000 0.493966
vt 0.375000 0.500000
vt 0.375000 0.914813
vt 0.625000 0.914813
vt 0.375000 0.949180
vt 0.625000 0.949180
vt 0.375000 0.000000
vt 0.625000 0.050819
vt 0.625000 0.000000
vt 0.625000 0.085187
vt 0.625000 0.335187
vt 0.375000 0.335187
vt 0.625000 0.300820
vt 0.375000 0.300820
vt 0.625000 0.199180
vt 0.625000 0.164813
vt 0.625000 0.585187
vt 0.375000 0.585187
vt 0.625000 0.550820
vt 0.375000 0.550820
vt 0.625000 0.449180
vt 0.625000 0.414813
vt 0.625000 0.835187
vt 0.375000 0.835187
vt 0.625000 0.800820
vt 0.375000 0.800820
vt 0.625000 0.699181
vt 0.625000 0.664813
vt 0.625000 0.873284
vt 0.625000 0.876716
vt 0.625000 0.623284
vt 0.631034 0.585187
vt 0.648545 0.550820
vt 0.675820 0.523545
vt 0.710187 0.506034
vt 0.748284 0.500000
vt 0.751716 0.500000
vt 0.789813 0.506034
vt 0.824180 0.523545
vt 0.851455 0.550820
vt 0.868966 0.585187
vt 0.875000 0.623284
vt 0.875000 0.626716
vt 0.868966 0.664813
vt 0.851455 0.699181
vt 0.824180 0.726455
vt 0.789813 0.743966
vt 0.751716 0.750000
vt 0.748284 0.750000
vt 0.710187 0.743966
vt 0.675820 0.726455
vt 0.648545 0.699181
vt 0.631034 0.664813
vt 0.625000 0.626716
vt 0.625000 0.373284
vt 0.625000 0.376716
vt 0.625000 0.123284
vt 0.625000 0.126716
vt 0.375000 0.000000
vt 0.375000 0.006034
vt 0.375000 0.023545
vt 0.375000 0.050819
vt 0.375000 0.085187
vt 0.375000 0.164813
vt 0.375000 0.199180
vt 0.375000 0.226455
vt 0.375000 0.243966
vt 0.375000 0.250000
vt 0.375000 0.664813
vt 0.375000 0.699181
vt 0.375000 0.726455
vt 0.375000 0.743966
vt 0.375000 0.750000
vt 0.375000 0.414813
vt 0.375000 0.449180
vt 0.375000 0.476455
vt 0.375000 0.493966
vt 0.375000 0.500000
vt 0.625000 0.914813
vt 0.375000 0.914813
vt 0.625000 0.949180
vt 0.375000 0.949180
vt 0.375000 0.000000
vt 0.625000 0.000000
vt 0.625000 0.050819
vt 0.625000 0.085187
vt 0.375000 0.335187
vt 0.625000 0.335187
vt 0.375000 0.300820
vt 0.625000 0.300820
vt 0.625000 0.199180
vt 0.625000 0.164813
vt 0.375000 0.585187
vt 0.625000 0.585187
vt 0.375000 0.550820
vt 0.625000 0.550820
vt 0.625000 0.449180
vt 0.625000 0.414813
vt 0.375000 0.835187
vt 0.625000 0.835187
vt 0.375000 0.800820
vt 0.625000 0.800820
vt 0.625000 0.699181
vt 0.625000 0.664813
vn 0.0000 0.0000 -1.0000
vn 0.0000 0.0000 1.0000
vn 0.0000 -1.0000 0.0000
vn -0.0785 0.0000 -0.9969
vn 0.0785 0.0000 -0.9969
vn 0.0785 0.0000 0.9969
vn -0.0785 0.0000 0.9969
vn 0.0000 1.0000 0.0000
vn 0.9969 0.0000 -0.0785
vn 0.9969 0.0000 0.0785
vn -0.9969 0.0000 0.0785
vn -0.9969 0.0000 -0.0785
vn -0.3090 0.0000 -0.9511
vn -0.5878 0.0000 -0.8090
vn -0.8090 0.0000 -0.5878
vn -0.9511 0.0000 -0.3090
vn -0.3090 0.0000 0.9511
vn -0.5878 0.0000 0.8090
vn -0.8090 0.0000 0.5878
vn -0.9511 0.0000 0.3090
vn 0.9511 0.0000 -0.3090
vn 0.8090 0.0000 -0.5878
vn 0.5878 0.0000 -0.8090
vn 0.3090 0.0000 -0.9511
vn 0.9511 0.0000 0.3090
vn 0.8090 0.0000 0.5878
vn 0.5878 0.0000 0.8090
vn 0.3090 0.0000 0.9511
usemtl Piano_leg_stands
s 1
f 3967/6215/324 3966/6216/324 3991/6217/324 3993/6218/324 3890/6219/324 3888/6220/324
f 3980/6221/325 3979/6222/325 3952/6223/325 3954/6224/325 3889/6225/325 3891/6226/325
f 3884/6227/326 3886/6228/326 3887/6229/326 3885/6230/326
f 3884/6227/325 3885/6230/325 3893/6231/325 3892/6232/325
f 3887/6229/325 3886/6228/325 3894/6233/325 3895/6234/325
f 3917/6235/327 3904/6236/328 3931/6237/328 3946/6238/327
f 3893/6231/326 3895/6234/326 3947/6239/326 3946/6240/326 3931/6241/326 3933/6242/326
f 3895/6234/326 3894/6233/326 3940/6243/326 3939/6244/326 3945/6245/326 3947/6239/326
f 3896/6246/329 3911/6247/330 3938/6248/330 3925/6249/329
f 3885/6230/325 3887/6229/325 3895/6234/325 3893/6231/325
f 3993/6218/326 3992/6250/326 3978/6251/326 3980/6221/326 3891/6226/326 3890/6219/326
f 3886/6228/325 3884/6227/325 3892/6232/325 3894/6233/325
f 3892/6232/326 3893/6231/326 3933/6242/326 3932/6252/326 3924/6253/326 3926/6254/326
f 3890/6219/331 3891/6226/331 3919/6255/331 3918/6256/331 3910/6257/331 3912/6258/331
f 3903/6259/332 3897/6260/333 3924/6261/333 3932/6262/332
f 3891/6226/331 3889/6225/331 3905/6263/331 3904/6236/331 3917/6235/331 3919/6255/331
f 3889/6264/331 3888/6220/331 3898/6265/331 3897/6260/331 3903/6259/331 3905/6266/331
f 3894/6233/326 3892/6232/326 3926/6254/326 3925/6267/326 3938/6268/326 3940/6243/326
f 3910/6257/334 3918/6256/335 3945/6245/335 3939/6244/334
f 3896/6246/331 3899/6269/331 3898/6265/331
f 3899/6269/331 3900/6270/331 3898/6265/331
f 3900/6270/331 3901/6271/331 3898/6265/331
f 3901/6271/331 3902/6272/331 3898/6265/331
f 3902/6272/331 3897/6273/331 3898/6265/331
f 3903/6259/331 3906/6274/331 3905/6266/331
f 3906/6274/331 3907/6275/331 3905/6266/331
f 3907/6275/331 3908/6276/331 3905/6266/331
f 3908/6276/331 3909/6277/331 3905/6266/331
f 3909/6277/331 3904/6278/331 3905/6266/331
f 3910/6257/331 3913/6279/331 3912/6258/331
f 3913/6279/331 3914/6280/331 3912/6258/331
f 3914/6280/331 3915/6281/331 3912/6258/331
f 3915/6281/331 3916/6282/331 3912/6258/331
f 3916/6282/331 3911/6283/331 3912/6258/331
f 3917/6235/331 3920/6284/331 3919/6255/331
f 3920/6284/331 3921/6285/331 3919/6255/331
f 3921/6285/331 3922/6286/331 3919/6255/331
f 3922/6286/331 3923/6287/331 3919/6255/331
f 3923/6287/331 3918/6288/331 3919/6255/331
f 3924/6253/326 3927/6289/326 3926/6254/326
f 3927/6289/326 3928/6290/326 3926/6254/326
f 3928/6290/326 3929/6291/326 3926/6254/326
f 3929/6291/326 3930/6292/326 3926/6254/326
f 3930/6292/326 3925/6293/326 3926/6254/326
f 3931/6294/326 3934/6295/326 3933/6242/326
f 3934/6295/326 3935/6296/326 3933/6242/326
f 3935/6296/326 3936/6297/326 3933/6242/326
f 3936/6297/326 3937/6298/326 3933/6242/326
f 3937/6298/326 3932/6252/326 3933/6242/326
f 3938/6268/326 3941/6299/326 3940/6243/326
f 3941/6299/326 3942/6300/326 3940/6243/326
f 3942/6300/326 3943/6301/326 3940/6243/326
f 3943/6301/326 3944/6302/326 3940/6243/326
f 3944/6302/326 3939/6303/326 3940/6243/326
f 3945/6304/326 3948/6305/326 3947/6239/326
f 3948/6305/326 3949/6306/326 3947/6239/326
f 3949/6306/326 3950/6307/326 3947/6239/326
f 3950/6307/326 3951/6308/326 3947/6239/326
f 3951/6308/326 3946/6240/326 3947/6239/326
f 3917/6235/327 3946/6238/327 3951/6309/336 3920/6284/336
f 3920/6284/336 3951/6309/336 3950/6310/337 3921/6285/337
f 3921/6285/337 3950/6310/337 3949/6311/338 3922/6312/338
f 3922/6312/338 3949/6311/338 3948/6313/339 3923/6314/339
f 3923/6314/339 3948/6313/339 3945/6245/335 3918/6256/335
f 3938/6248/330 3911/6247/330 3916/6315/340 3941/6316/340
f 3941/6316/340 3916/6315/340 3915/6317/341 3942/6318/341
f 3942/6318/341 3915/6317/341 3914/6280/342 3943/6319/342
f 3943/6319/342 3914/6280/342 3913/6279/343 3944/6320/343
f 3944/6320/343 3913/6279/343 3910/6257/334 3939/6244/334
f 3903/6259/332 3932/6262/332 3937/6321/344 3906/6322/344
f 3906/6322/344 3937/6321/344 3936/6323/345 3907/6324/345
f 3907/6324/345 3936/6323/345 3935/6325/346 3908/6276/346
f 3908/6326/346 3935/6327/346 3934/6328/347 3909/6329/347
f 3909/6329/347 3934/6328/347 3931/6237/328 3904/6236/328
f 3924/6261/333 3897/6260/333 3902/6330/348 3927/6331/348
f 3927/6331/348 3902/6330/348 3901/6332/349 3928/6333/349
f 3928/6333/349 3901/6332/349 3900/6270/350 3929/6334/350
f 3929/6334/350 3900/6270/350 3899/6269/351 3930/6335/351
f 3930/6335/351 3899/6269/351 3896/6246/329 3925/6249/329
f 3888/6220/331 3890/6219/331 3912/6258/331 3911/6247/331 3896/6246/331 3898/6265/331
f 3954/6336/325 3953/6337/325 3965/6338/325 3967/6215/325 3888/6220/325 3889/6264/325
f 4087/6339/324 4008/6340/324 4010/6341/324 4113/6342/324 4111/6343/324 4086/6344/324
f 4100/6345/325 4011/6346/325 4009/6347/325 4074/6348/325 4072/6349/325 4099/6350/325
f 4004/6351/326 4005/6352/326 4007/6353/326 4006/6354/326
f 4004/6351/325 4012/6355/325 4013/6356/325 4005/6352/325
f 4007/6353/325 4015/6357/325 4014/6358/325 4006/6354/325
f 4037/6359/328 4066/6360/328 4051/6361/327 4024/6362/327
f 4013/6356/326 4053/6363/326 4051/6364/326 4066/6365/326 4067/6366/326 4015/6357/326
f 4015/6357/326 4067/6366/326 4065/6367/326 4059/6368/326 4060/6369/326 4014/6358/326
f 4016/6370/330 4045/6371/330 4058/6372/329 4031/6373/329
f 4005/6352/325 4013/6356/325 4015/6357/325 4007/6353/325
f 4113/6342/331 4010/6341/331 4011/6346/331 4100/6345/331 4098/6374/331 4112/6375/331
f 4006/6354/325 4014/6358/325 4012/6355/325 4004/6351/325
f 4012/6355/326 4046/6376/326 4044/6377/326 4052/6378/326 4053/6363/326 4013/6356/326
f 4010/6341/331 4032/6379/331 4030/6380/331 4038/6381/331 4039/6382/331 4011/6346/331
f 4023/6383/335 4052/6384/335 4044/6385/334 4017/6386/334
f 4011/6346/331 4039/6382/331 4037/6359/331 4024/6362/331 4025/6387/331 4009/6347/331
f 4009/6388/331 4025/6389/331 4023/6383/331 4017/6386/331 4018/6390/331 4008/6340/331
f 4014/6358/326 4060/6369/326 4058/6391/326 4045/6392/326 4046/6376/326 4012/6355/326
f 4030/6380/333 4059/6368/333 4065/6367/332 4038/6381/332
f 4016/6370/331 4018/6390/331 4019/6393/331
f 4019/6393/331 4018/6390/331 4020/6394/331
f 4020/6394/331 4018/6390/331 4021/6395/331
f 4021/6395/331 4018/6390/331 4022/6396/331
f 4022/6396/331 4018/6390/331 4017/6397/331
f 4023/6383/331 4025/6389/331 4026/6398/331
f 4026/6398/331 4025/6389/331 4027/6399/331
f 4027/6399/331 4025/6389/331 4028/6400/331
f 4028/6400/331 4025/6389/331 4029/6401/331
f 4029/6401/331 4025/6389/331 4024/6402/331
f 4030/6380/331 4032/6379/331 4033/6403/331
f 4033/6403/331 4032/6379/331 4034/6404/331
f 4034/6404/331 4032/6379/331 4035/6405/331
f 4035/6405/331 4032/6379/331 4036/6406/331
f 4036/6406/331 4032/6379/331 4031/6407/331
f 4037/6359/331 4039/6382/331 4040/6408/331
f 4040/6408/331 4039/6382/331 4041/6409/331
f 4041/6409/331 4039/6382/331 4042/6410/331
f 4042/6410/331 4039/6382/331 4043/6411/331
f 4043/6411/331 4039/6382/331 4038/6412/331
f 4044/6377/326 4046/6376/326 4047/6413/326
f 4047/6413/326 4046/6376/326 4048/6414/326
f 4048/6414/326 4046/6376/326 4049/6415/326
f 4049/6415/326 4046/6376/326 4050/6416/326
f 4050/6416/326 4046/6376/326 4045/6417/326
f 4051/6418/326 4053/6363/326 4054/6419/326
f 4054/6419/326 4053/6363/326 4055/6420/326
f 4055/6420/326 4053/6363/326 4056/6421/326
f 4056/6421/326 4053/6363/326 4057/6422/326
f 4057/6422/326 4053/6363/326 4052/6378/326
f 4058/6391/326 4060/6369/326 4061/6423/326
f 4061/6423/326 4060/6369/326 4062/6424/326
f 4062/6424/326 4060/6369/326 4063/6425/326
f 4063/6425/326 4060/6369/326 4064/6426/326
f 4064/6426/326 4060/6369/326 4059/6427/326
f 4065/6428/326 4067/6366/326 4068/6429/326
f 4068/6429/326 4067/6366/326 4069/6430/326
f 4069/6430/326 4067/6366/326 4070/6431/326
f 4070/6431/326 4067/6366/326 4071/6432/326
f 4071/6432/326 4067/6366/326 4066/6365/326
f 4037/6359/328 4040/6408/347 4071/6433/347 4066/6360/328
f 4040/6408/347 4041/6409/346 4070/6434/346 4071/6433/347
f 4041/6409/346 4042/6435/345 4069/6436/345 4070/6434/346
f 4042/6435/345 4043/6437/344 4068/6438/344 4069/6436/345
f 4043/6437/344 4038/6381/332 4065/6367/332 4068/6438/344
f 4058/6372/329 4061/6439/351 4036/6440/351 4031/6373/329
f 4061/6439/351 4062/6441/350 4035/6442/350 4036/6440/351
f 4062/6441/350 4063/6443/349 4034/6404/349 4035/6442/350
f 4063/6443/349 4064/6444/348 4033/6403/348 4034/6404/349
f 4064/6444/348 4059/6368/333 4030/6380/333 4033/6403/348
f 4023/6383/335 4026/6445/339 4057/6446/339 4052/6384/335
f 4026/6445/339 4027/6447/338 4056/6448/338 4057/6446/339
f 4027/6447/338 4028/6400/337 4055/6449/337 4056/6448/338
f 4028/6450/337 4029/6451/336 4054/6452/336 4055/6453/337
f 4029/6451/336 4024/6362/327 4051/6361/327 4054/6452/336
f 4044/6385/334 4047/6454/343 4022/6455/343 4017/6386/334
f 4047/6454/343 4048/6456/342 4021/6457/342 4022/6455/343
f 4048/6456/342 4049/6458/341 4020/6394/341 4021/6457/342
f 4049/6458/341 4050/6459/340 4019/6393/340 4020/6394/341
f 4050/6459/340 4045/6371/330 4016/6370/330 4019/6393/340
f 4008/6340/331 4018/6390/331 4016/6370/331 4031/6373/331 4032/6379/331 4010/6341/331
f 4074/6460/326 4009/6388/326 4008/6340/326 4087/6339/326 4085/6461/326 4073/6462/326
f 4207/6463/325 4128/6464/325 4130/6465/325 4233/6466/325 4231/6467/325 4206/6468/325
f 4220/6469/324 4131/6470/324 4129/6471/324 4194/6472/324 4192/6473/324 4219/6474/324
f 4124/6475/326 4125/6476/326 4127/6477/326 4126/6478/326
f 4124/6475/325 4132/6479/325 4133/6480/325 4125/6476/325
f 4127/6477/325 4135/6481/325 4134/6482/325 4126/6478/325
f 4157/6483/330 4186/6484/330 4171/6485/329 4144/6486/329
f 4133/6480/326 4173/6487/326 4171/6488/326 4186/6489/326 4187/6490/326 4135/6481/326
f 4135/6481/326 4187/6490/326 4185/6491/326 4179/6492/326 4180/6493/326 4134/6482/326
f 4136/6494/328 4165/6495/328 4178/6496/327 4151/6497/327
f 4125/6476/325 4133/6480/325 4135/6481/325 4127/6477/325
f 4233/6466/326 4130/6465/326 4131/6470/326 4220/6469/326 4218/6498/326 4232/6499/326
f 4126/6478/325 4134/6482/325 4132/6479/325 4124/6475/325
f 4132/6479/326 4166/6500/326 4164/6501/326 4172/6502/326 4173/6487/326 4133/6480/326
f 4130/6465/331 4152/6503/331 4150/6504/331 4158/6505/331 4159/6506/331 4131/6470/331
f 4143/6507/333 4172/6508/333 4164/6509/332 4137/6510/332
f 4131/6470/331 4159/6506/331 4157/6483/331 4144/6486/331 4145/6511/331 4129/6471/331
f 4129/6512/331 4145/6513/331 4143/6507/331 4137/6510/331 4138/6514/331 4128/6464/331
f 4134/6482/326 4180/6493/326 4178/6515/326 4165/6516/326 4166/6500/326 4132/6479/326
f 4150/6504/335 4179/6492/335 4185/6491/334 4158/6505/334
f 4136/6494/331 4138/6514/331 4139/6517/331
f 4139/6517/331 4138/6514/331 4140/6518/331
f 4140/6518/331 4138/6514/331 4141/6519/331
f 4141/6519/331 4138/6514/331 4142/6520/331
f 4142/6520/331 4138/6514/331 4137/6521/331
f 4143/6507/331 4145/6513/331 4146/6522/331
f 4146/6522/331 4145/6513/331 4147/6523/331
f 4147/6523/331 4145/6513/331 4148/6524/331
f 4148/6524/331 4145/6513/331 4149/6525/331
f 4149/6525/331 4145/6513/331 4144/6526/331
f 4150/6504/331 4152/6503/331 4153/6527/331
f 4153/6527/331 4152/6503/331 4154/6528/331
f 4154/6528/331 4152/6503/331 4155/6529/331
f 4155/6529/331 4152/6503/331 4156/6530/331
f 4156/6530/331 4152/6503/331 4151/6531/331
f 4157/6483/331 4159/6506/331 4160/6532/331
f 4160/6532/331 4159/6506/331 4161/6533/331
f 4161/6533/331 4159/6506/331 4162/6534/331
f 4162/6534/331 4159/6506/331 4163/6535/331
f 4163/6535/331 4159/6506/331 4158/6536/331
f 4164/6501/326 4166/6500/326 4167/6537/326
f 4167/6537/326 4166/6500/326 4168/6538/326
f 4168/6538/326 4166/6500/326 4169/6539/326
f 4169/6539/326 4166/6500/326 4170/6540/326
f 4170/6540/326 4166/6500/326 4165/6541/326
f 4171/6542/326 4173/6487/326 4174/6543/326
f 4174/6543/326 4173/6487/326 4175/6544/326
f 4175/6544/326 4173/6487/326 4176/6545/326
f 4176/6545/326 4173/6487/326 4177/6546/326
f 4177/6546/326 4173/6487/326 4172/6502/326
f 4178/6515/326 4180/6493/326 4181/6547/326
f 4181/6547/326 4180/6493/326 4182/6548/326
f 4182/6548/326 4180/6493/326 4183/6549/326
f 4183/6549/326 4180/6493/326 4184/6550/326
f 4184/6550/326 4180/6493/326 4179/6551/326
f 4185/6552/326 4187/6490/326 4188/6553/326
f 4188/6553/326 4187/6490/326 4189/6554/326
f 4189/6554/326 4187/6490/326 4190/6555/326
f 4190/6555/326 4187/6490/326 4191/6556/326
f 4191/6556/326 4187/6490/326 4186/6489/326
f 4157/6483/330 4160/6532/340 4191/6557/340 4186/6484/330
f 4160/6532/340 4161/6533/341 4190/6558/341 4191/6557/340
f 4161/6533/341 4162/6559/342 4189/6560/342 4190/6558/341
f 4162/6559/342 4163/6561/343 4188/6562/343 4189/6560/342
f 4163/6561/343 4158/6505/334 4185/6491/334 4188/6562/343
f 4178/6496/327 4181/6563/336 4156/6564/336 4151/6497/327
f 4181/6563/336 4182/6565/337 4155/6566/337 4156/6564/336
f 4182/6565/337 4183/6567/338 4154/6528/338 4155/6566/337
f 4183/6567/338 4184/6568/339 4153/6527/339 4154/6528/338
f 4184/6568/339 4179/6492/335 4150/6504/335 4153/6527/339
f 4143/6507/333 4146/6569/348 4177/6570/348 4172/6508/333
f 4146/6569/348 4147/6571/349 4176/6572/349 4177/6570/348
f 4147/6571/349 4148/6524/350 4175/6573/350 4176/6572/349
f 4148/6574/350 4149/6575/351 4174/6576/351 4175/6577/350
f 4149/6575/351 4144/6486/329 4171/6485/329 4174/6576/351
f 4164/6509/332 4167/6578/344 4142/6579/344 4137/6510/332
f 4167/6578/344 4168/6580/345 4141/6581/345 4142/6579/344
f 4168/6580/345 4169/6582/346 4140/6518/346 4141/6581/345
f 4169/6582/346 4170/6583/347 4139/6517/347 4140/6518/346
f 4170/6583/347 4165/6495/328 4136/6494/328 4139/6517/347
f 4128/6464/331 4138/6514/331 4136/6494/331 4151/6497/331 4152/6503/331 4130/6465/331
f 4194/6584/331 4129/6512/331 4128/6464/331 4207/6463/331 4205/6585/331 4193/6586/331
f 4327/6587/325 4326/6588/325 4351/6589/325 4353/6590/325 4250/6591/325 4248/6592/325
f 4340/6593/324 4339/6594/324 4312/6595/324 4314/6596/324 4249/6597/324 4251/6598/324
f 4244/6599/326 4246/6600/326 4247/6601/326 4245/6602/326
f 4244/6599/325 4245/6602/325 4253/6603/325 4252/6604/325
f 4247/6601/325 4246/6600/325 4254/6605/325 4255/6606/325
f 4277/6607/329 4264/6608/330 4291/6609/330 4306/6610/329
f 4253/6603/326 4255/6606/326 4307/6611/326 4306/6612/326 4291/6613/326 4293/6614/326
f 4255/6606/326 4254/6605/326 4300/6615/326 4299/6616/326 4305/6617/326 4307/6611/326
f 4256/6618/327 4271/6619/328 4298/6620/328 4285/6621/327
f 4245/6602/325 4247/6601/325 4255/6606/325 4253/6603/325
f 4353/6590/325 4352/6622/325 4338/6623/325 4340/6593/325 4251/6598/325 4250/6591/325
f 4246/6600/325 4244/6599/325 4252/6604/325 4254/6605/325
f 4252/6604/326 4253/6603/326 4293/6614/326 4292/6624/326 4284/6625/326 4286/6626/326
f 4250/6591/331 4251/6598/331 4279/6627/331 4278/6628/331 4270/6629/331 4272/6630/331
f 4263/6631/334 4257/6632/335 4284/6633/335 4292/6634/334
f 4251/6598/331 4249/6597/331 4265/6635/331 4264/6608/331 4277/6607/331 4279/6627/331
f 4249/6636/331 4248/6592/331 4258/6637/331 4257/6632/331 4263/6631/331 4265/6638/331
f 4254/6605/326 4252/6604/326 4286/6626/326 4285/6639/326 4298/6640/326 4300/6615/326
f 4270/6629/332 4278/6628/333 4305/6617/333 4299/6616/332
f 4256/6618/331 4259/6641/331 4258/6637/331
f 4259/6641/331 4260/6642/331 4258/6637/331
f 4260/6642/331 4261/6643/331 4258/6637/331
f 4261/6643/331 4262/6644/331 4258/6637/331
f 4262/6644/331 4257/6645/331 4258/6637/331
f 4263/6631/331 4266/6646/331 4265/6638/331
f 4266/6646/331 4267/6647/331 4265/6638/331
f 4267/6647/331 4268/6648/331 4265/6638/331
f 4268/6648/331 4269/6649/331 4265/6638/331
f 4269/6649/331 4264/6650/331 4265/6638/331
f 4270/6629/331 4273/6651/331 4272/6630/331
f 4273/6651/331 4274/6652/331 4272/6630/331
f 4274/6652/331 4275/6653/331 4272/6630/331
f 4275/6653/331 4276/6654/331 4272/6630/331
f 4276/6654/331 4271/6655/331 4272/6630/331
f 4277/6607/331 4280/6656/331 4279/6627/331
f 4280/6656/331 4281/6657/331 4279/6627/331
f 4281/6657/331 4282/6658/331 4279/6627/331
f 4282/6658/331 4283/6659/331 4279/6627/331
f 4283/6659/331 4278/6660/331 4279/6627/331
f 4284/6625/326 4287/6661/326 4286/6626/326
f 4287/6661/326 4288/6662/326 4286/6626/326
f 4288/6662/326 4289/6663/326 4286/6626/326
f 4289/6663/326 4290/6664/326 4286/6626/326
f 4290/6664/326 4285/6665/326 4286/6626/326
f 4291/6666/326 4294/6667/326 4293/6614/326
f 4294/6667/326 4295/6668/326 4293/6614/326
f 4295/6668/326 4296/6669/326 4293/6614/326
f 4296/6669/326 4297/6670/326 4293/6614/326
f 4297/6670/326 4292/6624/326 4293/6614/326
f 4298/6640/326 4301/6671/326 4300/6615/326
f 4301/6671/326 4302/6672/326 4300/6615/326
f 4302/6672/326 4303/6673/326 4300/6615/326
f 4303/6673/326 4304/6674/326 4300/6615/326
f 4304/6674/326 4299/6675/326 4300/6615/326
f 4305/6676/326 4308/6677/326 4307/6611/326
f 4308/6677/326 4309/6678/326 4307/6611/326
f 4309/6678/326 4310/6679/326 4307/6611/326
f 4310/6679/326 4311/6680/326 4307/6611/326
f 4311/6680/326 4306/6612/326 4307/6611/326
f 4277/6607/329 4306/6610/329 4311/6681/351 4280/6656/351
f 4280/6656/351 4311/6681/351 4310/6682/350 4281/6657/350
f 4281/6657/350 4310/6682/350 4309/6683/349 4282/6684/349
f 4282/6684/349 4309/6683/349 4308/6685/348 4283/6686/348
f 4283/6686/348 4308/6685/348 4305/6617/333 4278/6628/333
f 4298/6620/328 4271/6619/328 4276/6687/347 4301/6688/347
f 4301/6688/347 4276/6687/347 4275/6689/346 4302/6690/346
f 4302/6690/346 4275/6689/346 4274/6652/345 4303/6691/345
f 4303/6691/345 4274/6652/345 4273/6651/344 4304/6692/344
f 4304/6692/344 4273/6651/344 4270/6629/332 4299/6616/332
f 4263/6631/334 4292/6634/334 4297/6693/343 4266/6694/343
f 4266/6694/343 4297/6693/343 4296/6695/342 4267/6696/342
f 4267/6696/342 4296/6695/342 4295/6697/341 4268/6648/341
f 4268/6698/341 4295/6699/341 4294/6700/340 4269/6701/340
f 4269/6701/340 4294/6700/340 4291/6609/330 4264/6608/330
f 4284/6633/335 4257/6632/335 4262/6702/339 4287/6703/339
f 4287/6703/339 4262/6702/339 4261/6704/338 4288/6705/338
f 4288/6705/338 4261/6704/338 4260/6642/337 4289/6706/337
f 4289/6706/337 4260/6642/337 4259/6641/336 4290/6707/336
f 4290/6707/336 4259/6641/336 4256/6618/327 4285/6621/327
f 4248/6592/331 4250/6591/331 4272/6630/331 4271/6619/331 4256/6618/331 4258/6637/331
f 4314/6708/325 4313/6709/325 4325/6710/325 4327/6587/325 4248/6592/325 4249/6636/325
usemtl Piano_keys_black
f 3979/6222/327 3985/6711/327 3960/6712/328 3952/6223/328
f 3998/6713/331 4000/6714/331 4001/6715/331 4002/6716/331 4003/6717/331 3999/6718/331 3972/6719/331 3974/6720/331 3975/6721/331 3976/6722/331 3977/6723/331 3973/6724/331 3959/6725/331 3961/6726/331 3962/6727/331 3963/6728/331 3964/6729/331 3960/6730/331 3985/6731/331 3987/6732/331 3988/6733/331 3989/6734/331 3990/6735/331 3986/6736/331
f 3966/6216/329 3972/6737/329 3999/6738/330 3991/6217/330
f 3992/6250/334 3998/6713/334 3986/6736/335 3978/6251/335
f 3953/6337/332 3959/6739/332 3973/6740/333 3965/6338/333
f 3952/6741/331 3955/6742/331 3954/6336/331
f 3955/6742/331 3956/6743/331 3954/6336/331
f 3956/6743/331 3957/6744/331 3954/6336/331
f 3957/6744/331 3958/6745/331 3954/6336/331
f 3958/6745/331 3953/6337/331 3954/6336/331
f 3965/6338/331 3968/6746/331 3967/6215/331
f 3968/6746/331 3969/6747/331 3967/6215/331
f 3969/6747/331 3970/6748/331 3967/6215/331
f 3970/6748/331 3971/6749/331 3967/6215/331
f 3971/6749/331 3966/6750/331 3967/6215/331
f 3978/6251/331 3981/6751/331 3980/6221/331
f 3981/6751/331 3982/6752/331 3980/6221/331
f 3982/6752/331 3983/6753/331 3980/6221/331
f 3983/6753/331 3984/6754/331 3980/6221/331
f 3984/6754/331 3979/6755/331 3980/6221/331
f 3991/6217/331 3994/6756/331 3993/6218/331
f 3994/6756/331 3995/6757/331 3993/6218/331
f 3995/6757/331 3996/6758/331 3993/6218/331
f 3996/6758/331 3997/6759/331 3993/6218/331
f 3997/6759/331 3992/6760/331 3993/6218/331
f 3952/6223/328 3960/6712/328 3964/6761/347 3955/6762/347
f 3955/6762/347 3964/6761/347 3963/6763/346 3956/6764/346
f 3956/6765/346 3963/6766/346 3962/6767/345 3957/6744/345
f 3957/6744/345 3962/6767/345 3961/6768/344 3958/6745/344
f 3958/6745/344 3961/6768/344 3959/6739/332 3953/6337/332
f 3972/6737/329 3966/6216/329 3971/6769/351 3974/6770/351
f 3974/6770/351 3971/6769/351 3970/6771/350 3975/6772/350
f 3975/6772/350 3970/6771/350 3969/6747/349 3976/6773/349
f 3976/6773/349 3969/6747/349 3968/6746/348 3977/6774/348
f 3977/6774/348 3968/6746/348 3965/6338/333 3973/6740/333
f 3998/6713/334 3992/6250/334 3997/6775/343 4000/6776/343
f 4000/6776/343 3997/6775/343 3996/6777/342 4001/6778/342
f 4001/6778/342 3996/6777/342 3995/6757/341 4002/6779/341
f 4002/6779/341 3995/6757/341 3994/6756/340 4003/6780/340
f 4003/6780/340 3994/6756/340 3991/6217/330 3999/6738/330
f 3985/6711/327 3979/6222/327 3984/6781/336 3987/6782/336
f 3987/6782/336 3984/6781/336 3983/6783/337 3988/6784/337
f 3988/6784/337 3983/6783/337 3982/6752/338 3989/6785/338
f 3989/6785/338 3982/6752/338 3981/6751/339 3990/6786/339
f 3990/6786/339 3981/6751/339 3978/6251/335 3986/6736/335
f 4099/6350/328 4072/6349/327 4080/6787/327 4105/6788/328
f 4118/6789/331 4106/6790/331 4110/6791/331 4109/6792/331 4108/6793/331 4107/6794/331 4105/6795/331 4080/6796/331 4084/6797/331 4083/6798/331 4082/6799/331 4081/6800/331 4079/6801/331 4093/6802/331 4097/6803/331 4096/6804/331 4095/6805/331 4094/6806/331 4092/6807/331 4119/6808/331 4123/6809/331 4122/6810/331 4121/6811/331 4120/6812/331
f 4086/6344/330 4111/6343/329 4119/6813/329 4092/6814/330
f 4112/6375/333 4098/6374/332 4106/6790/332 4118/6789/333
f 4073/6462/335 4085/6461/334 4093/6815/334 4079/6816/335
f 4072/6817/331 4074/6460/331 4075/6818/331
f 4075/6818/331 4074/6460/331 4076/6819/331
f 4076/6819/331 4074/6460/331 4077/6820/331
f 4077/6820/331 4074/6460/331 4078/6821/331
f 4078/6821/331 4074/6460/331 4073/6462/331
f 4085/6461/331 4087/6339/331 4088/6822/331
f 4088/6822/331 4087/6339/331 4089/6823/331
f 4089/6823/331 4087/6339/331 4090/6824/331
f 4090/6824/331 4087/6339/331 4091/6825/331
f 4091/6825/331 4087/6339/331 4086/6826/331
f 4098/6374/331 4100/6345/331 4101/6827/331
f 4101/6827/331 4100/6345/331 4102/6828/331
f 4102/6828/331 4100/6345/331 4103/6829/331
f 4103/6829/331 4100/6345/331 4104/6830/331
f 4104/6830/331 4100/6345/331 4099/6831/331
f 4111/6343/331 4113/6342/331 4114/6832/331
f 4114/6832/331 4113/6342/331 4115/6833/331
f 4115/6833/331 4113/6342/331 4116/6834/331
f 4116/6834/331 4113/6342/331 4117/6835/331
f 4117/6835/331 4113/6342/331 4112/6836/331
f 4072/6349/327 4075/6837/336 4084/6838/336 4080/6787/327
f 4075/6837/336 4076/6839/337 4083/6840/337 4084/6838/336
f 4076/6841/337 4077/6820/338 4082/6842/338 4083/6843/337
f 4077/6820/338 4078/6821/339 4081/6844/339 4082/6842/338
f 4078/6821/339 4073/6462/335 4079/6816/335 4081/6844/339
f 4092/6814/330 4094/6845/340 4091/6846/340 4086/6344/330
f 4094/6845/340 4095/6847/341 4090/6848/341 4091/6846/340
f 4095/6847/341 4096/6849/342 4089/6823/342 4090/6848/341
f 4096/6849/342 4097/6850/343 4088/6822/343 4089/6823/342
f 4097/6850/343 4093/6815/334 4085/6461/334 4088/6822/343
f 4118/6789/333 4120/6851/348 4117/6852/348 4112/6375/333
f 4120/6851/348 4121/6853/349 4116/6854/349 4117/6852/348
f 4121/6853/349 4122/6855/350 4115/6833/350 4116/6854/349
f 4122/6855/350 4123/6856/351 4114/6832/351 4115/6833/350
f 4123/6856/351 4119/6813/329 4111/6343/329 4114/6832/351
f 4105/6788/328 4107/6857/347 4104/6858/347 4099/6350/328
f 4107/6857/347 4108/6859/346 4103/6860/346 4104/6858/347
f 4108/6859/346 4109/6861/345 4102/6828/345 4103/6860/346
f 4109/6861/345 4110/6862/344 4101/6827/344 4102/6828/345
f 4110/6862/344 4106/6790/332 4098/6374/332 4101/6827/344
f 4219/6474/330 4192/6473/329 4200/6863/329 4225/6864/330
f 4238/6865/331 4226/6866/331 4230/6867/331 4229/6868/331 4228/6869/331 4227/6870/331 4225/6871/331 4200/6872/331 4204/6873/331 4203/6874/331 4202/6875/331 4201/6876/331 4199/6877/331 4213/6878/331 4217/6879/331 4216/6880/331 4215/6881/331 4214/6882/331 4212/6883/331 4239/6884/331 4243/6885/331 4242/6886/331 4241/6887/331 4240/6888/331
f 4206/6468/328 4231/6467/327 4239/6889/327 4212/6890/328
f 4232/6499/335 4218/6498/334 4226/6866/334 4238/6865/335
f 4193/6586/333 4205/6585/332 4213/6891/332 4199/6892/333
f 4192/6893/331 4194/6584/331 4195/6894/331
f 4195/6894/331 4194/6584/331 4196/6895/331
f 4196/6895/331 4194/6584/331 4197/6896/331
f 4197/6896/331 4194/6584/331 4198/6897/331
f 4198/6897/331 4194/6584/331 4193/6586/331
f 4205/6585/331 4207/6463/331 4208/6898/331
f 4208/6898/331 4207/6463/331 4209/6899/331
f 4209/6899/331 4207/6463/331 4210/6900/331
f 4210/6900/331 4207/6463/331 4211/6901/331
f 4211/6901/331 4207/6463/331 4206/6902/331
f 4218/6498/331 4220/6469/331 4221/6903/331
f 4221/6903/331 4220/6469/331 4222/6904/331
f 4222/6904/331 4220/6469/331 4223/6905/331
f 4223/6905/331 4220/6469/331 4224/6906/331
f 4224/6906/331 4220/6469/331 4219/6907/331
f 4231/6467/331 4233/6466/331 4234/6908/331
f 4234/6908/331 4233/6466/331 4235/6909/331
f 4235/6909/331 4233/6466/331 4236/6910/331
f 4236/6910/331 4233/6466/331 4237/6911/331
f 4237/6911/331 4233/6466/331 4232/6912/331
f 4192/6473/329 4195/6913/351 4204/6914/351 4200/6863/329
f 4195/6913/351 4196/6915/350 4203/6916/350 4204/6914/351
f 4196/6917/350 4197/6896/349 4202/6918/349 4203/6919/350
f 4197/6896/349 4198/6897/348 4201/6920/348 4202/6918/349
f 4198/6897/348 4193/6586/333 4199/6892/333 4201/6920/348
f 4212/6890/328 4214/6921/347 4211/6922/347 4206/6468/328
f 4214/6921/347 4215/6923/346 4210/6924/346 4211/6922/347
f 4215/6923/346 4216/6925/345 4209/6899/345 4210/6924/346
f 4216/6925/345 4217/6926/344 4208/6898/344 4209/6899/345
f 4217/6926/344 4213/6891/332 4205/6585/332 4208/6898/344
f 4238/6865/335 4240/6927/339 4237/6928/339 4232/6499/335
f 4240/6927/339 4241/6929/338 4236/6930/338 4237/6928/339
f 4241/6929/338 4242/6931/337 4235/6909/337 4236/6930/338
f 4242/6931/337 4243/6932/336 4234/6908/336 4235/6909/337
f 4243/6932/336 4239/6889/327 4231/6467/327 4234/6908/336
f 4225/6864/330 4227/6933/340 4224/6934/340 4219/6474/330
f 4227/6933/340 4228/6935/341 4223/6936/341 4224/6934/340
f 4228/6935/341 4229/6937/342 4222/6904/342 4223/6936/341
f 4229/6937/342 4230/6938/343 4221/6903/343 4222/6904/342
f 4230/6938/343 4226/6866/334 4218/6498/334 4221/6903/343
f 4339/6594/329 4345/6939/329 4320/6940/330 4312/6595/330
f 4358/6941/331 4360/6942/331 4361/6943/331 4362/6944/331 4363/6945/331 4359/6946/331 4332/6947/331 4334/6948/331 4335/6949/331 4336/6950/331 4337/6951/331 4333/6952/331 4319/6953/331 4321/6954/331 4322/6955/331 4323/6956/331 4324/6957/331 4320/6958/331 4345/6959/331 4347/6960/331 4348/6961/331 4349/6962/331 4350/6963/331 4346/6964/331
f 4326/6588/327 4332/6965/327 4359/6966/328 4351/6589/328
f 4352/6622/332 4358/6941/332 4346/6964/333 4338/6623/333
f 4313/6709/334 4319/6967/334 4333/6968/335 4325/6710/335
f 4312/6969/331 4315/6970/331 4314/6708/331
f 4315/6970/331 4316/6971/331 4314/6708/331
f 4316/6971/331 4317/6972/331 4314/6708/331
f 4317/6972/331 4318/6973/331 4314/6708/331
f 4318/6973/331 4313/6709/331 4314/6708/331
f 4325/6710/331 4328/6974/331 4327/6587/331
f 4328/6974/331 4329/6975/331 4327/6587/331
f 4329/6975/331 4330/6976/331 4327/6587/331
f 4330/6976/331 4331/6977/331 4327/6587/331
f 4331/6977/331 4326/6978/331 4327/6587/331
f 4338/6623/331 4341/6979/331 4340/6593/331
f 4341/6979/331 4342/6980/331 4340/6593/331
f 4342/6980/331 4343/6981/331 4340/6593/331
f 4343/6981/331 4344/6982/331 4340/6593/331
f 4344/6982/331 4339/6983/331 4340/6593/331
f 4351/6589/331 4354/6984/331 4353/6590/331
f 4354/6984/331 4355/6985/331 4353/6590/331
f 4355/6985/331 4356/6986/331 4353/6590/331
f 4356/6986/331 4357/6987/331 4353/6590/331
f 4357/6987/331 4352/6988/331 4353/6590/331
f 4312/6595/330 4320/6940/330 4324/6989/340 4315/6990/340
f 4315/6990/340 4324/6989/340 4323/6991/341 4316/6992/341
f 4316/6993/341 4323/6994/341 4322/6995/342 4317/6972/342
f 4317/6972/342 4322/6995/342 4321/6996/343 4318/6973/343
f 4318/6973/343 4321/6996/343 4319/6967/334 4313/6709/334
f 4332/6965/327 4326/6588/327 4331/6997/336 4334/6998/336
f 4334/6998/336 4331/6997/336 4330/6999/337 4335/7000/337
f 4335/7000/337 4330/6999/337 4329/6975/338 4336/7001/338
f 4336/7001/338 4329/6975/338 4328/6974/339 4337/7002/339
f 4337/7002/339 4328/6974/339 4325/6710/335 4333/6968/335
f 4358/6941/332 4352/6622/332 4357/7003/344 4360/7004/344
f 4360/7004/344 4357/7003/344 4356/7005/345 4361/7006/345
f 4361/7006/345 4356/7005/345 4355/6985/346 4362/7007/346
f 4362/7007/346 4355/6985/346 4354/6984/347 4363/7008/347
f 4363/7008/347 4354/6984/347 4351/6589/328 4359/6966/328
f 4345/6939/329 4339/6594/329 4344/7009/351 4347/7010/351
f 4347/7010/351 4344/7009/351 4343/7011/350 4348/7012/350
f 4348/7012/350 4343/7011/350 4342/6980/349 4349/7013/349
f 4349/7013/349 4342/6980/349 4341/6979/348 4350/7014/348
f 4350/7014/348 4341/6979/348 4338/6623/333 4346/6964/333
o Pedals_Cube.005
v -0.048843 0.091828 0.274581
v 0.048843 0.091828 0.274581
v 0.219793 0.142278 0.274326
v 0.122107 0.142278 0.274326
v 0.185954 0.209841 0.304528
v 0.200248 0.215379 0.289995
v 0.141651 0.215379 0.289995
v 0.155944 0.209841 0.304528
v 0.122107 0.091828 0.274581
v 0.219793 0.091828 0.274581
v 0.170917 0.091940 0.275496
v 0.152358 0.098380 0.328151
v 0.170934 0.091939 0.275490
v 0.169595 0.092706 0.281758
v 0.164475 0.093747 0.290271
v 0.159685 0.095104 0.301366
v 0.155552 0.096685 0.314286
v 0.135904 0.129556 0.325312
v 0.144245 0.135761 0.274581
v 0.122107 0.142277 0.274327
v 0.133088 0.131162 0.312182
v 0.131972 0.132659 0.299946
v 0.132632 0.133944 0.289439
v 0.135024 0.134930 0.281377
v 0.138985 0.135550 0.276309
v 0.133986 0.097170 0.494337
v 0.157791 0.100809 0.530224
v 0.136615 0.098112 0.503625
v 0.140136 0.098990 0.512280
v 0.144309 0.099743 0.519713
v 0.148850 0.100322 0.525416
v 0.153448 0.100685 0.529001
v 0.157791 0.126780 0.530224
v 0.133986 0.130419 0.494337
v 0.153448 0.126904 0.529001
v 0.148850 0.127267 0.525416
v 0.144309 0.127846 0.519713
v 0.140136 0.128599 0.512280
v 0.136615 0.129477 0.503625
v 0.189540 0.098380 0.328151
v 0.170977 0.091940 0.275496
v 0.186346 0.096685 0.314286
v 0.182213 0.095104 0.301366
v 0.177423 0.093747 0.290271
v 0.172303 0.092706 0.281758
v 0.170960 0.091939 0.275490
v 0.197655 0.135761 0.274581
v 0.205995 0.129556 0.325312
v 0.219793 0.142277 0.274327
v 0.202915 0.135550 0.276309
v 0.206876 0.134930 0.281377
v 0.209268 0.133944 0.289439
v 0.209928 0.132659 0.299946
v 0.208812 0.131162 0.312182
v 0.184108 0.100809 0.530224
v 0.207914 0.097170 0.494338
v 0.188451 0.100685 0.529001
v 0.193049 0.100322 0.525416
v 0.197590 0.099743 0.519713
v 0.201763 0.098990 0.512281
v 0.205284 0.098112 0.503626
v 0.207914 0.130419 0.494338
v 0.184108 0.126780 0.530224
v 0.205284 0.129477 0.503626
v 0.201763 0.128599 0.512281
v 0.197590 0.127846 0.519713
v 0.193049 0.127267 0.525416
v 0.188451 0.126904 0.529001
v 0.152539 0.098263 0.329660
v 0.137603 0.098797 0.394472
v 0.160639 0.102545 0.362194
v 0.150546 0.099244 0.337351
v 0.148121 0.099902 0.349018
v 0.145429 0.100193 0.361396
v 0.142654 0.100097 0.373644
v 0.139984 0.099621 0.384925
v 0.137603 0.128792 0.394472
v 0.137307 0.128925 0.330471
v 0.145935 0.130700 0.341886
v 0.160639 0.125045 0.362194
v 0.139465 0.127954 0.385037
v 0.140613 0.127438 0.374083
v 0.140968 0.127279 0.362356
v 0.140505 0.127487 0.350657
v 0.139257 0.128048 0.339781
v 0.204296 0.098797 0.394472
v 0.189359 0.098263 0.329661
v 0.181259 0.102545 0.362194
v 0.201915 0.099621 0.384925
v 0.199245 0.100097 0.373644
v 0.196470 0.100193 0.361396
v 0.193778 0.099902 0.349018
v 0.191353 0.099244 0.337351
v 0.204592 0.128925 0.330471
v 0.204296 0.128792 0.394472
v 0.181259 0.125045 0.362194
v 0.195964 0.130700 0.341886
v 0.202642 0.128048 0.339782
v 0.201394 0.127487 0.350657
v 0.200931 0.127279 0.362356
v 0.201286 0.127438 0.374083
v 0.202434 0.127954 0.385037
v 0.132027 0.131300 0.485650
v 0.132868 0.130922 0.412815
v 0.139915 0.135066 0.448511
v 0.130174 0.132134 0.474821
v 0.129075 0.132628 0.462298
v 0.128805 0.132749 0.448933
v 0.129382 0.132489 0.435638
v 0.130768 0.131866 0.423319
v 0.209873 0.096289 0.485650
v 0.209032 0.096667 0.412815
v 0.201985 0.092523 0.448511
v 0.211726 0.095456 0.474821
v 0.212825 0.094961 0.462298
v 0.213095 0.094840 0.448933
v 0.212517 0.095100 0.435638
v 0.211131 0.095723 0.423319
v 0.132868 0.096667 0.412815
v 0.132027 0.096289 0.485650
v 0.139915 0.092523 0.448511
v 0.130768 0.095723 0.423319
v 0.129382 0.095100 0.435638
v 0.128805 0.094840 0.448933
v 0.129075 0.094961 0.462298
v 0.130174 0.095456 0.474821
v 0.209032 0.130922 0.412815
v 0.209873 0.131300 0.485650
v 0.201985 0.135066 0.448511
v 0.211131 0.131866 0.423319
v 0.212517 0.132489 0.435638
v 0.213095 0.132749 0.448933
v 0.212825 0.132628 0.462298
v 0.211726 0.132134 0.474821
v 0.195964 0.130700 0.341886
v 0.187226 0.200551 0.306519
v 0.219791 0.142278 0.274330
v 0.195536 0.135690 0.334514
v 0.194295 0.146437 0.326525
v 0.192362 0.161890 0.318701
v 0.189926 0.180537 0.311808
v 0.154672 0.200551 0.306519
v 0.145935 0.130700 0.341886
v 0.122109 0.142278 0.274330
v 0.151972 0.180537 0.311808
v 0.149537 0.161890 0.318701
v 0.147604 0.146437 0.326525
v 0.146363 0.135690 0.334515
v -0.122107 0.142278 0.274326
v -0.219793 0.142278 0.274326
v -0.155946 0.209841 0.304528
v -0.141652 0.215379 0.289995
v -0.200249 0.215379 0.289995
v -0.185956 0.209841 0.304528
v -0.219793 0.091828 0.274581
v -0.122107 0.091828 0.274581
v -0.170983 0.091940 0.275496
v -0.189542 0.098380 0.328151
v -0.170966 0.091939 0.275490
v -0.172305 0.092706 0.281758
v -0.177426 0.093747 0.290271
v -0.182215 0.095104 0.301366
v -0.186348 0.096685 0.314286
v -0.205996 0.129556 0.325312
v -0.197656 0.135761 0.274581
v -0.219793 0.142277 0.274327
v -0.208812 0.131162 0.312182
v -0.209928 0.132659 0.299946
v -0.209268 0.133944 0.289439
v -0.206876 0.134930 0.281377
v -0.202915 0.135550 0.276309
v -0.207915 0.097170 0.494337
v -0.184109 0.100809 0.530224
v -0.205285 0.098112 0.503625
v -0.201764 0.098990 0.512280
v -0.197591 0.099743 0.519713
v -0.193050 0.100322 0.525416
v -0.188452 0.100685 0.529001
v -0.184109 0.126780 0.530224
v -0.207915 0.130419 0.494337
v -0.188452 0.126904 0.529001
v -0.193050 0.127267 0.525416
v -0.197591 0.127846 0.519713
v -0.201764 0.128599 0.512280
v -0.205285 0.129477 0.503625
v -0.152360 0.098380 0.328151
v -0.170923 0.091940 0.275496
v -0.155554 0.096685 0.314286
v -0.159687 0.095104 0.301366
v -0.164477 0.093747 0.290271
v -0.169597 0.092706 0.281758
v -0.170940 0.091939 0.275490
v -0.144245 0.135761 0.274581
v -0.135905 0.129556 0.325312
v -0.122107 0.142277 0.274327
v -0.138985 0.135550 0.276309
v -0.135025 0.134930 0.281377
v -0.132633 0.133944 0.289439
v -0.131972 0.132659 0.299946
v -0.133088 0.131162 0.312182
v -0.157792 0.100809 0.530224
v -0.133986 0.097170 0.494338
v -0.153449 0.100685 0.529001
v -0.148851 0.100322 0.525416
v -0.144311 0.099743 0.519713
v -0.140138 0.098990 0.512281
v -0.136616 0.098112 0.503626
v -0.133986 0.130419 0.494338
v -0.157792 0.126780 0.530224
v -0.136616 0.129477 0.503626
v -0.140138 0.128599 0.512281
v -0.144311 0.127846 0.519713
v -0.148851 0.127267 0.525416
v -0.153449 0.126904 0.529001
v -0.189361 0.098263 0.329660
v -0.204297 0.098797 0.394472
v -0.181261 0.102545 0.362194
v -0.191354 0.099244 0.337351
v -0.193779 0.099902 0.349018
v -0.196471 0.100193 0.361396
v -0.199246 0.100097 0.373644
v -0.201916 0.099621 0.384925
v -0.204297 0.128792 0.394472
v -0.204593 0.128925 0.330471
v -0.195965 0.130700 0.341886
v -0.181261 0.125045 0.362194
v -0.202435 0.127954 0.385037
v -0.201287 0.127438 0.374083
v -0.200933 0.127279 0.362356
v -0.201395 0.127487 0.350657
v -0.202644 0.128048 0.339781
v -0.137604 0.098797 0.394472
v -0.152541 0.098263 0.329661
v -0.160641 0.102545 0.362194
v -0.139986 0.099621 0.384925
v -0.142655 0.100097 0.373644
v -0.145430 0.100193 0.361396
v -0.148122 0.099902 0.349018
v -0.150548 0.099244 0.337351
v -0.137308 0.128925 0.330471
v -0.137604 0.128792 0.394472
v -0.160641 0.125045 0.362194
v -0.145936 0.130700 0.341886
v -0.139258 0.128048 0.339782
v -0.140506 0.127487 0.350657
v -0.140969 0.127279 0.362356
v -0.140614 0.127438 0.374083
v -0.139466 0.127954 0.385037
v -0.209873 0.131300 0.485650
v -0.209032 0.130922 0.412815
v -0.201985 0.135066 0.448511
v -0.211727 0.132134 0.474821
v -0.212826 0.132628 0.462298
v -0.213095 0.132749 0.448933
v -0.212518 0.132489 0.435638
v -0.211132 0.131866 0.423319
v -0.132027 0.096289 0.485650
v -0.132869 0.096667 0.412815
v -0.139915 0.092523 0.448511
v -0.130174 0.095456 0.474821
v -0.129075 0.094961 0.462298
v -0.128805 0.094840 0.448933
v -0.129383 0.095100 0.435638
v -0.130769 0.095723 0.423319
v -0.209032 0.096667 0.412815
v -0.209873 0.096289 0.485650
v -0.201985 0.092523 0.448511
v -0.211132 0.095723 0.423319
v -0.212518 0.095100 0.435638
v -0.213095 0.094840 0.448933
v -0.212826 0.094961 0.462298
v -0.211727 0.095456 0.474821
v -0.132869 0.130922 0.412815
v -0.132027 0.131300 0.485650
v -0.139915 0.135066 0.448511
v -0.130769 0.131866 0.423319
v -0.129383 0.132489 0.435638
v -0.128805 0.132749 0.448933
v -0.129075 0.132628 0.462298
v -0.130174 0.132134 0.474821
v -0.145936 0.130700 0.341886
v -0.154674 0.200551 0.306519
v -0.122109 0.142278 0.274330
v -0.146364 0.135690 0.334514
v -0.147605 0.146437 0.326525
v -0.149538 0.161890 0.318701
v -0.151974 0.180537 0.311808
v -0.187228 0.200551 0.306519
v -0.195965 0.130700 0.341886
v -0.219791 0.142278 0.274330
v -0.189928 0.180537 0.311808
v -0.192364 0.161890 0.318701
v -0.194297 0.146437 0.326525
v -0.195537 0.135690 0.334515
v 0.048843 0.142278 0.274326
v -0.048843 0.142278 0.274326
v 0.015004 0.209841 0.304528
v 0.029298 0.215379 0.289995
v -0.029299 0.215379 0.289995
v -0.015006 0.209841 0.304528
v -0.048843 0.091828 0.274581
v 0.048843 0.091828 0.274581
v -0.000033 0.091940 0.275496
v -0.018592 0.098380 0.328151
v -0.000016 0.091939 0.275490
v -0.001355 0.092706 0.281758
v -0.006475 0.093747 0.290271
v -0.011265 0.095104 0.301366
v -0.015398 0.096685 0.314286
v -0.035046 0.129556 0.325312
v -0.026705 0.135761 0.274581
v -0.048843 0.142277 0.274327
v -0.037862 0.131162 0.312182
v -0.038978 0.132659 0.299946
v -0.038318 0.133944 0.289439
v -0.035926 0.134930 0.281377
v -0.031965 0.135550 0.276309
v -0.036965 0.097170 0.494337
v -0.013159 0.100809 0.530224
v -0.034335 0.098112 0.503625
v -0.030814 0.098990 0.512280
v -0.026641 0.099743 0.519713
v -0.022100 0.100322 0.525416
v -0.017502 0.100685 0.529001
v -0.013159 0.126780 0.530224
v -0.036965 0.130419 0.494337
v -0.017502 0.126904 0.529001
v -0.022100 0.127267 0.525416
v -0.026641 0.127846 0.519713
v -0.030814 0.128599 0.512280
v -0.034335 0.129477 0.503625
v 0.018590 0.098380 0.328151
v 0.000027 0.091940 0.275496
v 0.015396 0.096685 0.314286
v 0.011263 0.095104 0.301366
v 0.006473 0.093747 0.290271
v 0.001353 0.092706 0.281758
v 0.000010 0.091939 0.275490
v 0.026705 0.135761 0.274581
v 0.035045 0.129556 0.325312
v 0.048843 0.142277 0.274327
v 0.031965 0.135550 0.276309
v 0.035925 0.134930 0.281377
v 0.038318 0.133944 0.289439
v 0.038978 0.132659 0.299946
v 0.037862 0.131162 0.312182
v 0.013158 0.100809 0.530224
v 0.036964 0.097170 0.494338
v 0.017501 0.100685 0.529001
v 0.022099 0.100322 0.525416
v 0.026639 0.099743 0.519713
v 0.030813 0.098990 0.512281
v 0.034334 0.098112 0.503626
v 0.036964 0.130419 0.494338
v 0.013158 0.126780 0.530224
v 0.034334 0.129477 0.503626
v 0.030813 0.128599 0.512281
v 0.026639 0.127846 0.519713
v 0.022099 0.127267 0.525416
v 0.017501 0.126904 0.529001
v -0.018411 0.098263 0.329660
v -0.033347 0.098797 0.394472
v -0.010311 0.102545 0.362194
v -0.020404 0.099244 0.337351
v -0.022829 0.099902 0.349018
v -0.025521 0.100193 0.361396
v -0.028296 0.100097 0.373644
v -0.030966 0.099621 0.384925
v -0.033347 0.128792 0.394472
v -0.033643 0.128925 0.330471
v -0.025015 0.130700 0.341886
v -0.010311 0.125045 0.362194
v -0.031485 0.127954 0.385037
v -0.030337 0.127438 0.374083
v -0.029982 0.127279 0.362356
v -0.030445 0.127487 0.350657
v -0.031694 0.128048 0.339781
v 0.033346 0.098797 0.394472
v 0.018409 0.098263 0.329661
v 0.010309 0.102545 0.362194
v 0.030965 0.099621 0.384925
v 0.028295 0.100097 0.373644
v 0.025520 0.100193 0.361396
v 0.022828 0.099902 0.349018
v 0.020402 0.099244 0.337351
v 0.033642 0.128925 0.330471
v 0.033346 0.128792 0.394472
v 0.010309 0.125045 0.362194
v 0.025014 0.130700 0.341886
v 0.031692 0.128048 0.339782
v 0.030444 0.127487 0.350657
v 0.029981 0.127279 0.362356
v 0.030336 0.127438 0.374083
v 0.031484 0.127954 0.385037
v -0.038923 0.131300 0.485650
v -0.038082 0.130922 0.412815
v -0.031035 0.135066 0.448511
v -0.040777 0.132134 0.474821
v -0.041876 0.132628 0.462298
v -0.042145 0.132749 0.448933
v -0.041568 0.132489 0.435638
v -0.040182 0.131866 0.423319
v 0.038923 0.096289 0.485650
v 0.038082 0.096667 0.412815
v 0.031035 0.092523 0.448511
v 0.040776 0.095456 0.474821
v 0.041875 0.094961 0.462298
v 0.042145 0.094840 0.448933
v 0.041567 0.095100 0.435638
v 0.040181 0.095723 0.423319
v -0.038082 0.096667 0.412815
v -0.038923 0.096289 0.485650
v -0.031035 0.092523 0.448511
v -0.040182 0.095723 0.423319
v -0.041568 0.095100 0.435638
v -0.042145 0.094840 0.448933
v -0.041876 0.094961 0.462298
v -0.040777 0.095456 0.474821
v 0.038082 0.130922 0.412815
v 0.038923 0.131300 0.485650
v 0.031035 0.135066 0.448511
v 0.040181 0.131866 0.423319
v 0.041567 0.132489 0.435638
v 0.042145 0.132749 0.448933
v 0.041875 0.132628 0.462298
v 0.040776 0.132134 0.474821
v 0.025014 0.130700 0.341886
v 0.016276 0.200551 0.306519
v 0.048841 0.142278 0.274330
v 0.024586 0.135690 0.334514
v 0.023345 0.146437 0.326525
v 0.021412 0.161890 0.318701
v 0.018976 0.180537 0.311808
v -0.016278 0.200551 0.306519
v -0.025015 0.130700 0.341886
v -0.048841 0.142278 0.274330
v -0.018978 0.180537 0.311808
v -0.021414 0.161890 0.318701
v -0.023346 0.146437 0.326525
v -0.024587 0.135690 0.334515
v -0.000002 0.305793 0.279455
v -0.000002 0.305793 0.299711
v 0.047578 0.302166 0.279455
v 0.047578 0.302166 0.299711
v 0.093329 0.291424 0.279455
v 0.093329 0.291424 0.299711
v 0.135494 0.273981 0.279455
v 0.135494 0.273981 0.299711
v 0.172452 0.250506 0.279455
v 0.172452 0.250506 0.299711
v 0.202782 0.221903 0.279455
v 0.202782 0.221903 0.299711
v 0.225320 0.189269 0.279455
v 0.225320 0.189269 0.299711
v 0.239199 0.153859 0.279455
v 0.239199 0.153859 0.299711
v 0.243885 0.041109 0.279455
v 0.243885 0.041109 0.299711
v -0.243889 0.041109 0.279455
v -0.243889 0.041109 0.299711
v -0.239203 0.153859 0.279455
v -0.239203 0.153859 0.299711
v -0.225325 0.189269 0.279455
v -0.225325 0.189269 0.299711
v -0.202787 0.221903 0.279455
v -0.202787 0.221903 0.299711
v -0.172457 0.250506 0.279455
v -0.172457 0.250506 0.299711
v -0.135499 0.273981 0.279455
v -0.135499 0.273981 0.299711
v -0.093334 0.291424 0.279455
v -0.093334 0.291424 0.299711
v -0.047582 0.302166 0.279455
v -0.047582 0.302166 0.299711
vt 0.625007 0.532641
vt 0.625009 0.540543
vt 0.672318 0.574323
vt 0.852861 0.574323
vt 0.888725 0.540543
vt 0.886050 0.532642
vt 0.881410 0.524193
vt 0.873359 0.516321
vt 0.861528 0.509560
vt 0.844788 0.504373
vt 0.825660 0.501112
vt 0.806969 0.500000
vt 0.693030 0.500000
vt 0.674717 0.501112
vt 0.656693 0.504373
vt 0.641711 0.509560
vt 0.632170 0.516320
vt 0.626786 0.524193
vt 0.113950 0.532642
vt 0.111275 0.540543
vt 0.147139 0.574323
vt 0.327681 0.574323
vt 0.374990 0.540543
vt 0.374992 0.532641
vt 0.373214 0.524193
vt 0.367830 0.516320
vt 0.358289 0.509560
vt 0.343307 0.504373
vt 0.325283 0.501112
vt 0.306970 0.500000
vt 0.193031 0.500000
vt 0.174340 0.501112
vt 0.155212 0.504373
vt 0.138472 0.509560
vt 0.126641 0.516321
vt 0.118590 0.524193
vt 0.625000 0.665837
vt 0.625000 0.665837
vt 0.875000 0.665837
vt 0.875000 0.665837
vt 0.125000 0.699460
vt 0.125000 0.698539
vt 0.129225 0.711858
vt 0.143671 0.724269
vt 0.174008 0.734927
vt 0.231276 0.743105
vt 0.304664 0.748246
vt 0.375000 0.750000
vt 0.125000 0.750000
vt 0.195336 0.748246
vt 0.268724 0.743106
vt 0.325992 0.734927
vt 0.356329 0.724269
vt 0.370775 0.711858
vt 0.375000 0.698539
vt 0.375000 0.699460
vt 0.301519 0.665837
vt 0.198480 0.665837
vt 0.625000 1.000000
vt 0.625000 1.000000
vt 0.625000 0.750000
vt 0.625000 0.750000
vt 0.625000 0.806655
vt 0.625000 0.943345
vt 0.374990 0.612169
vt 0.374993 0.631616
vt 0.625006 0.631616
vt 0.625010 0.612169
vt 0.625000 0.749994
vt 0.625000 0.665837
vt 0.625000 0.665837
vt 0.625000 0.696310
vt 0.625000 0.701266
vt 0.698481 0.665837
vt 0.801520 0.665837
vt 0.884409 0.631615
vt 0.889756 0.612169
vt 0.375000 1.000000
vt 0.365591 0.118385
vt 0.360244 0.137831
vt 0.639756 0.137831
vt 0.634409 0.118385
vt 0.361274 0.209456
vt 0.363949 0.217358
vt 0.636051 0.217358
vt 0.638726 0.209456
vt 0.110244 0.612169
vt 0.115591 0.631615
vt 0.625000 1.000000
vt 0.625000 0.750000
vt 0.375000 0.318031
vt 0.375000 0.431970
vt 0.625000 0.431970
vt 0.625000 0.318031
vt 0.875000 0.750000
vt 0.625000 0.084163
vt 0.625000 0.084163
vt 0.625000 0.000006
vt 0.625000 0.000000
vt 0.625000 0.000000
vt 0.625000 0.048734
vt 0.625000 0.053689
vt 0.875000 0.665837
vt 0.875000 0.665837
vt 0.625000 0.084163
vt 0.625000 0.084163
vt 0.625000 0.000000
vt 0.589689 0.974815
vt 0.598828 0.979450
vt 0.607344 0.979399
vt 0.625000 0.973064
vt 0.625000 0.966942
vt 0.625000 0.956805
vt 0.623797 0.793036
vt 0.620269 0.782272
vt 0.614658 0.774719
vt 0.607344 0.770602
vt 0.598828 0.770551
vt 0.589689 0.775187
vt 0.123605 0.690410
vt 0.119675 0.681282
vt 0.125000 0.671356
vt 0.125000 0.665837
vt 0.125000 0.665837
vt 0.125000 0.665837
vt 0.875409 0.664348
vt 0.875000 0.665837
vt 0.875309 0.664714
vt 0.876252 0.661281
vt 0.877751 0.655831
vt 0.884644 0.650261
vt 0.883224 0.640863
vt 0.372998 0.641628
vt 0.367164 0.653268
vt 0.359451 0.665743
vt 0.353657 0.678203
vt 0.347534 0.689798
vt 0.339482 0.699739
vt 0.664488 0.636956
vt 0.655334 0.645510
vt 0.647905 0.655601
vt 0.640710 0.666464
vt 0.632764 0.677300
vt 0.626986 0.687464
vt 0.645508 0.189425
vt 0.640366 0.200236
vt 0.639326 0.190690
vt 0.633806 0.175676
vt 0.631972 0.175676
vt 0.627572 0.175676
vt 0.620906 0.175676
vt 0.376291 0.549763
vt 0.379999 0.559309
vt 0.385436 0.568530
vt 0.391198 0.576798
vt 0.397092 0.583550
vt 0.403833 0.588324
vt 0.128056 0.588326
vt 0.121754 0.583550
vt 0.116987 0.576799
vt 0.114823 0.574323
vt 0.105408 0.557872
vt 0.108277 0.549398
vt 0.623732 0.601839
vt 0.620108 0.591144
vt 0.614858 0.580813
vt 0.609547 0.571550
vt 0.604373 0.563986
vt 0.598274 0.558636
vt 0.376271 0.819944
vt 0.623797 0.956965
vt 0.379996 0.894539
vt 0.620269 0.967728
vt 0.382515 1.000000
vt 0.606660 1.000000
vt 0.382515 0.000000
vt 0.372811 0.026334
vt 0.623565 0.025100
vt 0.606660 0.000000
vt 0.374435 0.038296
vt 0.624628 0.036307
vt 0.375000 0.051461
vt 0.626194 0.299229
vt 0.373806 0.299229
vt 0.629693 0.279322
vt 0.370307 0.279322
vt 0.625000 0.250000
vt 0.375000 0.250000
vt 0.631736 0.235931
vt 0.368264 0.235931
vt 0.633495 0.226379
vt 0.366505 0.226379
vt 0.625450 0.523620
vt 0.374550 0.523620
vt 0.626772 0.514068
vt 0.373228 0.514068
vt 0.625000 0.500000
vt 0.375000 0.500000
vt 0.629693 0.470678
vt 0.370307 0.470678
vt 0.626194 0.450771
vt 0.373806 0.450771
vt 0.376271 0.930056
vt 0.379996 0.855461
vt 0.606659 0.750000
vt 0.382515 0.750000
vt 0.623564 0.724901
vt 0.372811 0.723666
vt 0.624628 0.713693
vt 0.374435 0.711704
vt 0.373495 0.689773
vt 0.369078 0.678777
vt 0.625000 0.665837
vt 0.375000 0.665837
vt 0.630074 0.650261
vt 0.626287 0.640863
vt 0.633299 0.109137
vt 0.366114 0.108372
vt 0.634935 0.099739
vt 0.362792 0.096732
vt 0.625000 0.084163
vt 0.375000 0.084163
vt 0.632764 0.072700
vt 0.369078 0.071223
vt 0.626986 0.062536
vt 0.373495 0.060227
vt 0.375000 0.050540
vt 0.376268 0.601839
vt 0.379892 0.591144
vt 0.611399 0.574323
vt 0.388600 0.574323
vt 0.620000 0.559309
vt 0.623709 0.549763
vt 0.359634 0.200236
vt 0.360674 0.190690
vt 0.366194 0.175676
vt 0.639895 0.158856
vt 0.360105 0.158856
vt 0.641137 0.148161
vt 0.358863 0.148161
vt 0.627137 0.665837
vt 0.633339 0.665837
vt 0.642998 0.665837
vt 0.655170 0.665837
vt 0.668662 0.665837
vt 0.831340 0.665837
vt 0.875000 0.665837
vt 0.844832 0.665837
vt 0.857003 0.665837
vt 0.866662 0.665837
vt 0.875000 0.665837
vt 0.874730 0.665837
vt 0.625270 0.665837
vt 0.874058 0.665837
vt 0.625942 0.665837
vt 0.872863 0.665837
vt 0.625007 0.532641
vt 0.625009 0.540543
vt 0.672318 0.574323
vt 0.852861 0.574323
vt 0.888725 0.540543
vt 0.886050 0.532642
vt 0.881410 0.524193
vt 0.873359 0.516321
vt 0.861528 0.509560
vt 0.844788 0.504373
vt 0.825660 0.501112
vt 0.806969 0.500000
vt 0.693030 0.500000
vt 0.674717 0.501112
vt 0.656693 0.504373
vt 0.641711 0.509560
vt 0.632170 0.516320
vt 0.626786 0.524193
vt 0.113950 0.532642
vt 0.111275 0.540543
vt 0.147139 0.574323
vt 0.327681 0.574323
vt 0.374990 0.540543
vt 0.374992 0.532641
vt 0.373214 0.524193
vt 0.367830 0.516320
vt 0.358289 0.509560
vt 0.343307 0.504373
vt 0.325283 0.501112
vt 0.306970 0.500000
vt 0.193031 0.500000
vt 0.174340 0.501112
vt 0.155212 0.504373
vt 0.138472 0.509560
vt 0.126641 0.516321
vt 0.118590 0.524193
vt 0.625000 0.665837
vt 0.625000 0.665837
vt 0.875000 0.665837
vt 0.875000 0.665837
vt 0.125000 0.699460
vt 0.125000 0.698539
vt 0.129225 0.711858
vt 0.143671 0.724269
vt 0.174008 0.734927
vt 0.231276 0.743105
vt 0.304664 0.748246
vt 0.375000 0.750000
vt 0.125000 0.750000
vt 0.195336 0.748246
vt 0.268724 0.743106
vt 0.325992 0.734927
vt 0.356329 0.724269
vt 0.370775 0.711858
vt 0.375000 0.698539
vt 0.375000 0.699460
vt 0.301519 0.665837
vt 0.198480 0.665837
vt 0.625000 1.000000
vt 0.625000 1.000000
vt 0.625000 0.750000
vt 0.625000 0.750000
vt 0.625000 0.806655
vt 0.625000 0.943345
vt 0.374990 0.612169
vt 0.374993 0.631616
vt 0.625006 0.631616
vt 0.625010 0.612169
vt 0.625000 0.749994
vt 0.625000 0.665837
vt 0.625000 0.665837
vt 0.625000 0.696310
vt 0.625000 0.701266
vt 0.698481 0.665837
vt 0.801520 0.665837
vt 0.884409 0.631615
vt 0.889756 0.612169
vt 0.375000 1.000000
vt 0.365591 0.118385
vt 0.360244 0.137831
vt 0.639756 0.137831
vt 0.634409 0.118385
vt 0.361274 0.209456
vt 0.363949 0.217358
vt 0.636051 0.217358
vt 0.638726 0.209456
vt 0.110244 0.612169
vt 0.115591 0.631615
vt 0.625000 1.000000
vt 0.625000 0.750000
vt 0.375000 0.318031
vt 0.375000 0.431970
vt 0.625000 0.431970
vt 0.625000 0.318031
vt 0.875000 0.750000
vt 0.625000 0.084163
vt 0.625000 0.084163
vt 0.625000 0.000006
vt 0.625000 0.000000
vt 0.625000 0.000000
vt 0.625000 0.048734
vt 0.625000 0.053689
vt 0.875000 0.665837
vt 0.875000 0.665837
vt 0.625000 0.084163
vt 0.625000 0.084163
vt 0.625000 0.000000
vt 0.589689 0.974815
vt 0.598828 0.979450
vt 0.607344 0.979399
vt 0.625000 0.973064
vt 0.625000 0.966942
vt 0.625000 0.956805
vt 0.623797 0.793036
vt 0.620269 0.782272
vt 0.614658 0.774719
vt 0.607344 0.770602
vt 0.598828 0.770551
vt 0.589689 0.775187
vt 0.123605 0.690410
vt 0.119675 0.681282
vt 0.125000 0.671356
vt 0.125000 0.665837
vt 0.125000 0.665837
vt 0.125000 0.665837
vt 0.875409 0.664348
vt 0.875000 0.665837
vt 0.875309 0.664714
vt 0.876252 0.661281
vt 0.877751 0.655831
vt 0.884644 0.650261
vt 0.883224 0.640863
vt 0.372998 0.641628
vt 0.367164 0.653268
vt 0.359451 0.665743
vt 0.353657 0.678203
vt 0.347534 0.689798
vt 0.339482 0.699739
vt 0.664488 0.636956
vt 0.655334 0.645510
vt 0.647905 0.655601
vt 0.640710 0.666464
vt 0.632764 0.677300
vt 0.626986 0.687464
vt 0.645508 0.189425
vt 0.640366 0.200236
vt 0.639326 0.190690
vt 0.633806 0.175676
vt 0.631972 0.175676
vt 0.627572 0.175676
vt 0.620906 0.175676
vt 0.376291 0.549763
vt 0.379999 0.559309
vt 0.385436 0.568530
vt 0.391198 0.576798
vt 0.397092 0.583550
vt 0.403833 0.588324
vt 0.128056 0.588326
vt 0.121754 0.583550
vt 0.116987 0.576799
vt 0.114823 0.574323
vt 0.105408 0.557872
vt 0.108277 0.549398
vt 0.623732 0.601839
vt 0.620108 0.591144
vt 0.614858 0.580813
vt 0.609547 0.571550
vt 0.604373 0.563986
vt 0.598274 0.558636
vt 0.376271 0.819944
vt 0.623797 0.956965
vt 0.379996 0.894539
vt 0.620269 0.967728
vt 0.382515 1.000000
vt 0.606660 1.000000
vt 0.382515 0.000000
vt 0.372811 0.026334
vt 0.623565 0.025100
vt 0.606660 0.000000
vt 0.374435 0.038296
vt 0.624628 0.036307
vt 0.375000 0.051461
vt 0.626194 0.299229
vt 0.373806 0.299229
vt 0.629693 0.279322
vt 0.370307 0.279322
vt 0.625000 0.250000
vt 0.375000 0.250000
vt 0.631736 0.235931
vt 0.368264 0.235931
vt 0.633495 0.226379
vt 0.366505 0.226379
vt 0.625450 0.523620
vt 0.374550 0.523620
vt 0.626772 0.514068
vt 0.373228 0.514068
vt 0.625000 0.500000
vt 0.375000 0.500000
vt 0.629693 0.470678
vt 0.370307 0.470678
vt 0.626194 0.450771
vt 0.373806 0.450771
vt 0.376271 0.930056
vt 0.379996 0.855461
vt 0.606659 0.750000
vt 0.382515 0.750000
vt 0.623564 0.724901
vt 0.372811 0.723666
vt 0.624628 0.713693
vt 0.374435 0.711704
vt 0.373495 0.689773
vt 0.369078 0.678777
vt 0.625000 0.665837
vt 0.375000 0.665837
vt 0.630074 0.650261
vt 0.626287 0.640863
vt 0.633299 0.109137
vt 0.366114 0.108372
vt 0.634935 0.099739
vt 0.362792 0.096732
vt 0.625000 0.084163
vt 0.375000 0.084163
vt 0.632764 0.072700
vt 0.369078 0.071223
vt 0.626986 0.062536
vt 0.373495 0.060227
vt 0.375000 0.050540
vt 0.376268 0.601839
vt 0.379892 0.591144
vt 0.611399 0.574323
vt 0.388600 0.574323
vt 0.620000 0.559309
vt 0.623709 0.549763
vt 0.359634 0.200236
vt 0.360674 0.190690
vt 0.366194 0.175676
vt 0.639895 0.158856
vt 0.360105 0.158856
vt 0.641137 0.148161
vt 0.358863 0.148161
vt 0.627137 0.665837
vt 0.633339 0.665837
vt 0.642998 0.665837
vt 0.655170 0.665837
vt 0.668662 0.665837
vt 0.831340 0.665837
vt 0.875000 0.665837
vt 0.844832 0.665837
vt 0.857003 0.665837
vt 0.866662 0.665837
vt 0.875000 0.665837
vt 0.874730 0.665837
vt 0.625270 0.665837
vt 0.874058 0.665837
vt 0.625942 0.665837
vt 0.872863 0.665837
vt 0.625007 0.532641
vt 0.625009 0.540543
vt 0.672318 0.574323
vt 0.852861 0.574323
vt 0.888725 0.540543
vt 0.886050 0.532642
vt 0.881410 0.524193
vt 0.873359 0.516321
vt 0.861528 0.509560
vt 0.844788 0.504373
vt 0.825660 0.501112
vt 0.806969 0.500000
vt 0.693030 0.500000
vt 0.674717 0.501112
vt 0.656693 0.504373
vt 0.641711 0.509560
vt 0.632170 0.516320
vt 0.626786 0.524193
vt 0.113950 0.532642
vt 0.111275 0.540543
vt 0.147139 0.574323
vt 0.327681 0.574323
vt 0.374990 0.540543
vt 0.374992 0.532641
vt 0.373214 0.524193
vt 0.367830 0.516320
vt 0.358289 0.509560
vt 0.343307 0.504373
vt 0.325283 0.501112
vt 0.306970 0.500000
vt 0.193031 0.500000
vt 0.174340 0.501112
vt 0.155212 0.504373
vt 0.138472 0.509560
vt 0.126641 0.516321
vt 0.118590 0.524193
vt 0.625000 0.665837
vt 0.625000 0.665837
vt 0.875000 0.665837
vt 0.875000 0.665837
vt 0.125000 0.699460
vt 0.125000 0.698539
vt 0.129225 0.711858
vt 0.143671 0.724269
vt 0.174008 0.734927
vt 0.231276 0.743105
vt 0.304664 0.748246
vt 0.375000 0.750000
vt 0.125000 0.750000
vt 0.195336 0.748246
vt 0.268724 0.743106
vt 0.325992 0.734927
vt 0.356329 0.724269
vt 0.370775 0.711858
vt 0.375000 0.698539
vt 0.375000 0.699460
vt 0.301519 0.665837
vt 0.198480 0.665837
vt 0.625000 1.000000
vt 0.625000 1.000000
vt 0.625000 0.750000
vt 0.625000 0.750000
vt 0.625000 0.806655
vt 0.625000 0.943345
vt 0.374990 0.612169
vt 0.374993 0.631616
vt 0.625006 0.631616
vt 0.625010 0.612169
vt 0.625000 0.749994
vt 0.625000 0.665837
vt 0.625000 0.665837
vt 0.625000 0.696310
vt 0.625000 0.701266
vt 0.698481 0.665837
vt 0.801520 0.665837
vt 0.884409 0.631615
vt 0.889756 0.612169
vt 0.375000 1.000000
vt 0.365591 0.118385
vt 0.360244 0.137831
vt 0.639756 0.137831
vt 0.634409 0.118385
vt 0.361274 0.209456
vt 0.363949 0.217358
vt 0.636051 0.217358
vt 0.638726 0.209456
vt 0.110244 0.612169
vt 0.115591 0.631615
vt 0.625000 1.000000
vt 0.625000 0.750000
vt 0.375000 0.318031
vt 0.375000 0.431970
vt 0.625000 0.431970
vt 0.625000 0.318031
vt 0.875000 0.750000
vt 0.625000 0.084163
vt 0.625000 0.084163
vt 0.625000 0.000006
vt 0.625000 0.000000
vt 0.625000 0.000000
vt 0.625000 0.048734
vt 0.625000 0.053689
vt 0.875000 0.665837
vt 0.875000 0.665837
vt 0.625000 0.084163
vt 0.625000 0.084163
vt 0.625000 0.000000
vt 0.589689 0.974815
vt 0.598828 0.979450
vt 0.607344 0.979399
vt 0.625000 0.973064
vt 0.625000 0.966942
vt 0.625000 0.956805
vt 0.623797 0.793036
vt 0.620269 0.782272
vt 0.614658 0.774719
vt 0.607344 0.770602
vt 0.598828 0.770551
vt 0.589689 0.775187
vt 0.123605 0.690410
vt 0.119675 0.681282
vt 0.125000 0.671356
vt 0.125000 0.665837
vt 0.125000 0.665837
vt 0.125000 0.665837
vt 0.875409 0.664348
vt 0.875000 0.665837
vt 0.875309 0.664714
vt 0.876252 0.661281
vt 0.877751 0.655831
vt 0.884644 0.650261
vt 0.883224 0.640863
vt 0.372998 0.641628
vt 0.367164 0.653268
vt 0.359451 0.665743
vt 0.353657 0.678203
vt 0.347534 0.689798
vt 0.339482 0.699739
vt 0.664488 0.636956
vt 0.655334 0.645510
vt 0.647905 0.655601
vt 0.640710 0.666464
vt 0.632764 0.677300
vt 0.626986 0.687464
vt 0.645508 0.189425
vt 0.640366 0.200236
vt 0.639326 0.190690
vt 0.633806 0.175676
vt 0.631972 0.175676
vt 0.627572 0.175676
vt 0.620906 0.175676
vt 0.376291 0.549763
vt 0.379999 0.559309
vt 0.385436 0.568530
vt 0.391198 0.576798
vt 0.397092 0.583550
vt 0.403833 0.588324
vt 0.128056 0.588326
vt 0.121754 0.583550
vt 0.116987 0.576799
vt 0.114823 0.574323
vt 0.105408 0.557872
vt 0.108277 0.549398
vt 0.623732 0.601839
vt 0.620108 0.591144
vt 0.614858 0.580813
vt 0.609547 0.571550
vt 0.604373 0.563986
vt 0.598274 0.558636
vt 0.376271 0.819944
vt 0.623797 0.956965
vt 0.379996 0.894539
vt 0.620269 0.967728
vt 0.382515 1.000000
vt 0.606660 1.000000
vt 0.382515 0.000000
vt 0.372811 0.026334
vt 0.623565 0.025100
vt 0.606660 0.000000
vt 0.374435 0.038296
vt 0.624628 0.036307
vt 0.375000 0.051461
vt 0.626194 0.299229
vt 0.373806 0.299229
vt 0.629693 0.279322
vt 0.370307 0.279322
vt 0.625000 0.250000
vt 0.375000 0.250000
vt 0.631736 0.235931
vt 0.368264 0.235931
vt 0.633495 0.226379
vt 0.366505 0.226379
vt 0.625450 0.523620
vt 0.374550 0.523620
vt 0.626772 0.514068
vt 0.373228 0.514068
vt 0.625000 0.500000
vt 0.375000 0.500000
vt 0.629693 0.470678
vt 0.370307 0.470678
vt 0.626194 0.450771
vt 0.373806 0.450771
vt 0.376271 0.930056
vt 0.379996 0.855461
vt 0.606659 0.750000
vt 0.382515 0.750000
vt 0.623564 0.724901
vt 0.372811 0.723666
vt 0.624628 0.713693
vt 0.374435 0.711704
vt 0.373495 0.689773
vt 0.369078 0.678777
vt 0.625000 0.665837
vt 0.375000 0.665837
vt 0.630074 0.650261
vt 0.626287 0.640863
vt 0.633299 0.109137
vt 0.366114 0.108372
vt 0.634935 0.099739
vt 0.362792 0.096732
vt 0.625000 0.084163
vt 0.375000 0.084163
vt 0.632764 0.072700
vt 0.369078 0.071223
vt 0.626986 0.062536
vt 0.373495 0.060227
vt 0.375000 0.050540
vt 0.376268 0.601839
vt 0.379892 0.591144
vt 0.611399 0.574323
vt 0.388600 0.574323
vt 0.620000 0.559309
vt 0.623709 0.549763
vt 0.359634 0.200236
vt 0.360674 0.190690
vt 0.366194 0.175676
vt 0.639895 0.158856
vt 0.360105 0.158856
vt 0.641137 0.148161
vt 0.358863 0.148161
vt 0.627137 0.665837
vt 0.633339 0.665837
vt 0.642998 0.665837
vt 0.655170 0.665837
vt 0.668662 0.665837
vt 0.831340 0.665837
vt 0.875000 0.665837
vt 0.844832 0.665837
vt 0.857003 0.665837
vt 0.866662 0.665837
vt 0.875000 0.665837
vt 0.874730 0.665837
vt 0.625270 0.665837
vt 0.874058 0.665837
vt 0.625942 0.665837
vt 0.872863 0.665837
vt 1.000000 0.500000
vt 0.968750 0.500000
vt 0.968750 1.000000
vt 1.000000 1.000000
vt 0.937500 0.500000
vt 0.937500 1.000000
vt 0.906250 0.500000
vt 0.906250 1.000000
vt 0.875000 0.500000
vt 0.875000 1.000000
vt 0.843750 0.500000
vt 0.843750 1.000000
vt 0.812500 0.500000
vt 0.812500 1.000000
vt 0.781250 0.500000
vt 0.781250 1.000000
vt 0.750000 0.500000
vt 0.750000 1.000000
vt 0.250000 0.500000
vt 0.218750 0.500000
vt 0.218750 1.000000
vt 0.250000 1.000000
vt 0.187500 0.500000
vt 0.187500 1.000000
vt 0.156250 0.500000
vt 0.156250 1.000000
vt 0.125000 0.500000
vt 0.125000 1.000000
vt 0.093750 0.500000
vt 0.093750 1.000000
vt 0.062500 0.500000
vt 0.062500 1.000000
vt 0.796822 0.485388
vt 0.841844 0.471731
vt 0.883337 0.449553
vt 0.919706 0.419706
vt 0.949553 0.383337
vt 0.971731 0.341844
vt 0.985388 0.296822
vt 0.990000 0.250000
vt 0.510000 0.250000
vt 0.514612 0.296822
vt 0.528269 0.341844
vt 0.550447 0.383337
vt 0.580294 0.419706
vt 0.616663 0.449553
vt 0.658156 0.471731
vt 0.703178 0.485388
vt 0.750000 0.490000
vt 0.031250 0.500000
vt 0.031250 1.000000
vt 0.000000 0.500000
vt 0.000000 1.000000
vt 0.250000 0.490000
vt 0.203178 0.485388
vt 0.158156 0.471731
vt 0.116663 0.449553
vt 0.080294 0.419706
vt 0.050447 0.383337
vt 0.028269 0.341844
vt 0.014612 0.296822
vt 0.010000 0.250000
vt 0.490000 0.250000
vt 0.485388 0.296822
vt 0.471731 0.341844
vt 0.449553 0.383337
vt 0.419706 0.419706
vt 0.383337 0.449553
vt 0.341844 0.471731
vt 0.296822 0.485388
vn -0.0000 0.9949 0.1009
vn 0.0077 0.9950 0.0993
vn 0.0776 0.9970 -0.0077
vn -0.0776 0.9970 -0.0077
vn -0.0077 0.9950 0.0993
vn 0.0000 -0.9949 0.1009
vn -0.0077 -0.9950 0.0993
vn -0.0776 -0.9970 -0.0077
vn 0.0776 -0.9970 -0.0077
vn 0.0077 -0.9950 0.0993
vn 0.0000 0.2345 0.9721
vn 0.0000 0.2096 0.9778
vn 0.0012 -0.9926 0.1214
vn 0.0000 -0.9927 0.1202
vn -0.0012 -0.9926 0.1214
vn -0.0472 -0.9988 0.0098
vn 0.0472 -0.9988 0.0098
vn 0.0000 -0.0390 -0.9992
vn 0.0000 0.0749 -0.9972
vn 0.1044 -0.0931 -0.9902
vn -0.1044 -0.0931 -0.9902
vn 0.9752 0.0000 -0.2213
vn 0.9720 -0.0039 -0.2351
vn 0.6365 0.6937 0.3373
vn 0.7547 0.4412 0.4856
vn 0.6612 0.6672 0.3431
vn 0.0083 0.9935 -0.1137
vn -0.0009 0.9958 -0.0917
vn -0.0022 0.9973 0.0736
vn 0.0022 0.9973 0.0736
vn 0.0009 0.9958 -0.0917
vn -0.0083 0.9935 -0.1137
vn 0.1514 -0.1127 -0.9820
vn -0.1514 -0.1127 -0.9820
vn -0.9720 -0.0039 -0.2351
vn -0.9752 0.0000 -0.2213
vn -0.9812 0.0000 0.1930
vn -0.9696 0.0000 0.2446
vn 0.8993 -0.4292 0.0841
vn 0.8741 -0.4796 0.0765
vn 0.8734 -0.4830 0.0621
vn 0.8983 -0.4303 0.0887
vn -0.0083 -0.9935 -0.1137
vn 0.0076 -0.9939 -0.1100
vn -0.0076 -0.9939 -0.1100
vn 0.0083 -0.9935 -0.1137
vn 0.0000 0.2096 -0.9778
vn 0.9696 0.0000 0.2446
vn 0.9812 0.0000 0.1930
vn -0.1380 0.0000 0.9904
vn 0.1380 0.0000 0.9904
vn 0.0000 0.9345 0.3561
vn -0.6365 0.6936 0.3373
vn -0.6612 0.6672 0.3431
vn -0.7547 0.4411 0.4856
vn -0.0046 0.9904 0.1384
vn 0.0000 0.9086 0.4176
vn 0.0046 0.9904 0.1384
vn -0.7821 0.1190 0.6117
vn -0.7472 0.0792 0.6599
vn -0.8734 -0.4830 0.0621
vn -0.4164 -0.8672 -0.2731
vn -0.8706 -0.4905 0.0387
vn -0.7164 -0.6908 -0.0979
vn -0.6139 -0.7600 -0.2134
vn -0.5441 -0.7765 -0.3178
vn -0.2361 -0.7679 -0.5955
vn -0.1978 -0.6989 -0.6873
vn 0.1978 -0.6989 -0.6873
vn 0.4164 -0.8672 -0.2731
vn 0.2361 -0.7679 -0.5955
vn 0.5440 -0.7765 -0.3179
vn 0.6139 -0.7600 -0.2134
vn 0.7163 -0.6908 -0.0979
vn 0.8706 -0.4905 0.0387
vn 0.0301 -0.9924 0.1196
vn 0.1314 -0.9886 0.0735
vn 0.1506 -0.9878 0.0397
vn 0.1335 -0.9910 -0.0022
vn 0.0741 -0.9954 -0.0607
vn 0.0072 0.9979 0.0644
vn -0.0741 -0.9954 -0.0607
vn -0.1335 -0.9910 -0.0021
vn -0.1506 -0.9878 0.0397
vn -0.1314 -0.9886 0.0735
vn -0.0301 -0.9924 0.1196
vn -0.0072 0.9979 0.0644
vn -0.0767 0.9936 0.0823
vn -0.1661 0.9851 0.0436
vn -0.2044 0.9789 -0.0069
vn -0.1696 0.9838 -0.0582
vn -0.0796 0.9921 -0.0971
vn 0.0767 -0.9936 0.0824
vn 0.1661 -0.9851 0.0436
vn 0.2044 -0.9789 -0.0069
vn 0.1696 -0.9838 -0.0582
vn 0.0796 -0.9921 -0.0971
vn -0.0796 -0.9921 -0.0971
vn -0.1696 -0.9838 -0.0582
vn -0.2044 -0.9789 -0.0069
vn -0.1661 -0.9851 0.0436
vn -0.0767 -0.9936 0.0824
vn 0.0796 0.9921 -0.0971
vn 0.1696 0.9838 -0.0582
vn 0.2044 0.9789 -0.0069
vn 0.1661 0.9851 0.0436
vn 0.0767 0.9936 0.0824
vn -0.2984 -0.2011 -0.9330
vn -0.7441 -0.5749 -0.3404
vn -0.7396 -0.5829 -0.3364
vn -0.7513 -0.5986 -0.2779
vn -0.7932 -0.5893 -0.1534
vn -0.8358 -0.5459 -0.0583
vn -0.8741 -0.4796 0.0765
vn -0.4564 0.0000 0.8898
vn -0.7073 0.0000 0.7069
vn -0.8322 0.0000 0.5545
vn -0.9025 0.0000 0.4308
vn -0.9468 0.0000 0.3219
vn 0.9468 0.0000 0.3220
vn 0.9024 0.0000 0.4308
vn 0.8322 0.0000 0.5545
vn 0.7073 0.0000 0.7069
vn 0.4564 0.0000 0.8898
vn 0.2983 -0.2011 -0.9330
vn 0.7440 -0.5749 -0.3406
vn 0.7396 -0.5829 -0.3365
vn 0.7513 -0.5986 -0.2779
vn 0.7932 -0.5894 -0.1534
vn 0.8358 -0.5459 -0.0583
vn 0.9316 -0.3628 -0.0233
vn 0.9294 -0.3684 -0.0204
vn 0.9624 -0.2629 -0.0689
vn 0.9611 -0.2679 -0.0669
vn 0.9807 -0.1618 -0.1094
vn 0.9803 -0.1652 -0.1081
vn 0.9857 -0.0779 -0.1494
vn 0.9857 -0.0792 -0.1487
vn 0.9805 -0.0251 -0.1948
vn 0.9806 -0.0253 -0.1945
vn -0.9805 -0.0251 -0.1948
vn -0.9806 -0.0253 -0.1945
vn -0.9857 -0.0779 -0.1494
vn -0.9857 -0.0792 -0.1486
vn -0.9807 -0.1618 -0.1094
vn -0.9803 -0.1652 -0.1081
vn -0.9624 -0.2629 -0.0689
vn -0.9611 -0.2679 -0.0669
vn -0.9316 -0.3628 -0.0233
vn -0.9294 -0.3684 -0.0204
vn -0.8983 -0.4303 0.0887
vn -0.8993 -0.4292 0.0841
vn 0.9884 0.0000 -0.1522
vn 0.9970 0.0000 -0.0769
vn 0.9999 0.0000 -0.0115
vn 0.9986 0.0000 0.0533
vn 0.9919 0.0000 0.1267
vn -0.9919 0.0000 0.1267
vn -0.9986 0.0000 0.0533
vn -0.9999 0.0000 -0.0115
vn -0.9970 0.0000 -0.0769
vn -0.9884 0.0000 -0.1522
vn 0.7613 0.5355 0.3655
vn 0.8514 0.3533 0.3877
vn 0.8663 0.2879 0.4083
vn 0.8648 0.2464 0.4376
vn 0.7821 0.1190 0.6117
vn -0.8648 0.2464 0.4376
vn -0.8663 0.2879 0.4082
vn -0.8514 0.3533 0.3877
vn -0.7614 0.5355 0.3654
vn 0.0000 0.3051 0.9523
vn 0.0000 0.4038 0.9148
vn 0.0000 0.5308 0.8475
vn 0.0000 0.7279 0.6857
vn 0.7472 0.0792 0.6599
vn 0.7547 0.4413 0.4855
vn -0.7547 0.4412 0.4856
vn 0.0767 -0.9936 0.0823
vn 0.2984 -0.2011 -0.9330
vn 0.7614 0.5355 0.3655
vn 0.7547 0.4411 0.4856
vn 0.0767 0.9936 0.0823
vn -0.0000 -1.0000 -0.0000
vn -0.1527 -0.9883 0.0000
vn -0.3064 -0.9519 0.0000
vn -0.4610 -0.8874 0.0000
vn -0.6139 -0.7894 0.0000
vn -0.7587 -0.6515 0.0000
vn -0.8828 -0.4697 -0.0000
vn -0.9785 -0.2061 -0.0000
vn -0.9991 -0.0415 -0.0000
vn 0.9991 -0.0415 0.0000
vn 0.9785 -0.2061 0.0000
vn 0.8828 -0.4697 0.0000
vn 0.7587 -0.6515 0.0000
vn 0.6139 -0.7894 0.0000
vn 0.4610 -0.8874 -0.0000
vn 0.3064 -0.9519 -0.0000
vn -0.0000 0.0000 -1.0000
vn 0.1527 -0.9883 -0.0000
vn -0.0000 0.0000 1.0000
usemtl Piano_gold
s 1
f 4425/7015/352 4491/7016/353 4492/7017/354 4468/7018/355 4466/7019/356 4397/7020/352 4402/7021/352 4401/7022/352 4400/7023/352 4399/7024/352 4398/7025/352 4396/7026/352 4426/7027/352 4431/7028/352 4430/7029/352 4429/7030/352 4428/7031/352 4427/7032/352
f 4389/7033/357 4483/7034/358 4484/7035/359 4476/7036/360 4474/7037/361 4419/7038/357 4424/7039/357 4423/7040/357 4422/7041/357 4421/7042/357 4420/7043/357 4418/7044/357 4390/7045/357 4395/7046/357 4394/7047/357 4393/7048/357 4392/7049/357 4391/7050/357
f 4499/7051/362 4368/7052/363 4371/7053/363 4505/7054/362
f 4432/7055/364 4375/7056/365 4380/7057/365 4379/7058/365 4378/7059/365 4377/7060/365 4376/7061/365 4374/7062/365 4404/7063/365 4409/7064/365 4408/7065/365 4407/7066/365 4406/7067/365 4405/7068/365 4403/7069/365 4450/7070/366 4451/7071/367 4434/7072/368
f 4383/7073/369 4367/7074/370 4366/7075/370 4412/7076/369 4410/7077/371 4382/7078/372
f 4475/7079/373 4449/7080/374 4458/7081/374 4490/7082/373
f 4412/7076/375 4366/7075/375 4500/7083/376 4498/7084/377 4460/7085/375 4457/7086/375 4411/7087/375
f 4490/7082/378 4458/7081/379 4459/7088/380 4443/7089/381 4440/7090/382 4467/7091/383 4468/7018/355 4492/7017/354
f 4404/7092/384 4374/7062/385 4382/7078/372 4410/7077/371
f 4433/7093/386 4482/7094/387 4467/7095/387 4440/7096/386
f 4483/7097/388 4389/7098/389 4397/7099/389 4466/7100/388
f 4450/7070/390 4403/7069/391 4411/7087/392 4457/7086/393
f 4482/7101/394 4433/7102/395 4434/7072/368 4451/7071/367 4449/7080/396 4475/7079/397 4476/7036/360 4484/7035/359
f 4367/7074/370 4370/7103/398 4369/7104/398 4366/7075/370
f 4419/7038/399 4474/7037/400 4491/7016/400 4425/7015/399
f 4390/7105/401 4418/7106/402 4426/7107/402 4396/7108/401
f 4368/7052/403 4369/7104/403 4370/7109/403 4371/7053/403
f 4442/7110/404 4506/7111/405 4507/7112/406 4367/7113/404 4383/7114/404 4381/7115/404 4441/7116/404
f 4460/7085/407 4498/7084/408 4506/7117/408 4442/7118/409 4443/7089/381 4459/7088/380
f 4505/7119/410 4371/7120/411 4370/7121/411 4367/7113/411 4507/7112/406
f 4381/7122/412 4383/7073/413 4384/7123/414
f 4384/7123/414 4383/7073/413 4385/7124/415
f 4385/7124/415 4383/7073/413 4386/7125/416
f 4386/7125/416 4383/7073/413 4387/7126/417
f 4387/7126/417 4383/7073/413 4388/7127/418
f 4388/7127/418 4383/7073/413 4382/7078/419
f 4410/7077/420 4412/7076/421 4413/7128/422
f 4413/7128/422 4412/7076/421 4414/7129/423
f 4414/7129/423 4412/7076/421 4415/7130/424
f 4415/7130/424 4412/7076/421 4416/7131/425
f 4416/7131/425 4412/7076/421 4417/7132/426
f 4417/7132/426 4412/7076/421 4411/7133/392
f 4432/7055/364 4434/7072/368 4435/7134/427
f 4435/7134/427 4434/7072/368 4436/7135/428
f 4436/7135/428 4434/7072/368 4437/7136/429
f 4437/7136/429 4434/7072/368 4438/7137/430
f 4438/7137/430 4434/7072/368 4439/7138/431
f 4439/7138/431 4434/7072/368 4433/7139/395
f 4440/7090/382 4443/7089/381 4442/7140/409 4441/7141/432 4448/7142/432 4447/7143/432 4446/7144/432 4445/7145/432 4444/7146/432
f 4449/7080/396 4451/7071/367 4452/7147/433
f 4452/7147/433 4451/7071/367 4453/7148/434
f 4453/7148/434 4451/7071/367 4454/7149/435
f 4454/7149/435 4451/7071/367 4455/7150/436
f 4455/7150/436 4451/7071/367 4456/7151/437
f 4456/7151/437 4451/7071/367 4450/7152/366
f 4457/7086/438 4460/7085/407 4459/7088/380 4458/7153/379 4465/7154/438 4464/7155/438 4463/7156/438 4462/7157/438 4461/7158/438
f 4466/7100/356 4468/7159/355 4469/7160/439
f 4469/7160/439 4468/7159/355 4470/7161/440
f 4470/7161/440 4468/7159/355 4471/7162/441
f 4471/7162/441 4468/7159/355 4472/7163/442
f 4472/7163/442 4468/7159/355 4473/7164/443
f 4473/7164/443 4468/7159/355 4467/7165/383
f 4474/7037/361 4476/7036/360 4477/7166/444
f 4477/7166/444 4476/7036/360 4478/7167/445
f 4478/7167/445 4476/7036/360 4479/7168/446
f 4479/7168/446 4476/7036/360 4480/7169/447
f 4480/7169/447 4476/7036/360 4481/7170/448
f 4481/7170/448 4476/7036/360 4475/7171/397
f 4482/7172/394 4484/7035/359 4485/7173/449
f 4485/7173/449 4484/7035/359 4486/7174/450
f 4486/7174/450 4484/7035/359 4487/7175/451
f 4487/7175/451 4484/7035/359 4488/7176/452
f 4488/7176/452 4484/7035/359 4489/7177/453
f 4489/7177/453 4484/7035/359 4483/7034/358
f 4490/7082/378 4492/7017/354 4493/7178/454
f 4493/7178/454 4492/7017/354 4494/7179/455
f 4494/7179/455 4492/7017/354 4495/7180/456
f 4495/7180/456 4492/7017/354 4496/7181/457
f 4496/7181/457 4492/7017/354 4497/7182/458
f 4497/7182/458 4492/7017/354 4491/7183/353
f 4374/7062/385 4376/7184/459 4388/7185/459 4382/7078/372
f 4376/7184/460 4377/7186/461 4387/7187/417 4388/7185/460
f 4377/7186/461 4378/7188/462 4386/7189/416 4387/7187/417
f 4378/7190/462 4379/7191/463 4385/7192/415 4386/7193/416
f 4379/7191/463 4380/7194/464 4384/7195/414 4385/7192/415
f 4380/7194/464 4375/7196/465 4381/7115/412 4384/7195/414
f 4396/7108/401 4398/7197/466 4395/7198/466 4390/7105/401
f 4398/7197/466 4399/7199/467 4394/7200/467 4395/7198/466
f 4399/7199/467 4400/7201/468 4393/7202/468 4394/7200/467
f 4400/7201/468 4401/7203/469 4392/7204/469 4393/7202/468
f 4401/7203/469 4402/7205/470 4391/7206/470 4392/7204/469
f 4402/7205/470 4397/7099/389 4389/7098/389 4391/7206/470
f 4425/7015/399 4427/7207/471 4424/7208/471 4419/7038/399
f 4427/7207/471 4428/7209/472 4423/7210/472 4424/7208/471
f 4428/7209/472 4429/7211/473 4422/7212/473 4423/7210/472
f 4429/7211/473 4430/7213/474 4421/7214/474 4422/7212/473
f 4430/7213/474 4431/7215/475 4420/7216/475 4421/7214/474
f 4431/7215/475 4426/7107/402 4418/7106/402 4420/7216/475
f 4410/7077/371 4413/7128/476 4409/7217/476 4404/7092/384
f 4413/7128/477 4414/7129/423 4408/7218/478 4409/7217/477
f 4414/7129/423 4415/7219/424 4407/7220/479 4408/7218/478
f 4415/7219/424 4416/7221/425 4406/7222/480 4407/7220/479
f 4416/7221/425 4417/7223/426 4405/7224/481 4406/7222/480
f 4417/7223/426 4411/7087/392 4403/7069/391 4405/7224/481
f 4457/7086/393 4461/7158/482 4456/7225/483 4450/7070/390
f 4461/7158/482 4462/7157/484 4455/7226/485 4456/7225/483
f 4462/7157/484 4463/7227/486 4454/7228/487 4455/7226/485
f 4463/7227/486 4464/7229/488 4453/7148/489 4454/7228/487
f 4464/7229/488 4465/7230/490 4452/7147/491 4453/7148/489
f 4465/7230/490 4458/7081/374 4449/7080/374 4452/7147/491
f 4440/7096/386 4444/7231/492 4439/7232/493 4433/7093/386
f 4444/7231/492 4445/7233/494 4438/7234/495 4439/7232/493
f 4445/7233/494 4446/7235/496 4437/7236/497 4438/7234/495
f 4446/7235/496 4447/7237/498 4436/7238/499 4437/7236/497
f 4447/7237/498 4448/7239/500 4435/7240/501 4436/7238/499
f 4448/7239/500 4441/7116/502 4432/7241/503 4435/7240/501
f 4490/7082/373 4493/7178/504 4481/7242/504 4475/7079/373
f 4493/7178/504 4494/7179/505 4480/7243/505 4481/7242/504
f 4494/7179/505 4495/7244/506 4479/7245/506 4480/7243/505
f 4495/7244/506 4496/7246/507 4478/7167/507 4479/7245/506
f 4496/7246/507 4497/7247/508 4477/7166/508 4478/7167/507
f 4497/7247/508 4491/7016/400 4474/7037/400 4477/7166/508
f 4466/7100/388 4469/7160/509 4489/7248/509 4483/7097/388
f 4469/7160/509 4470/7161/510 4488/7249/510 4489/7248/509
f 4470/7161/510 4471/7162/511 4487/7250/511 4488/7249/510
f 4471/7162/511 4472/7251/512 4486/7252/512 4487/7250/511
f 4472/7251/512 4473/7253/513 4485/7254/513 4486/7252/512
f 4473/7253/513 4467/7095/387 4482/7094/387 4485/7254/513
f 4375/7196/465 4432/7241/503 4441/7116/502 4381/7115/412
f 4498/7084/377 4500/7083/376 4501/7255/514
f 4501/7255/514 4500/7083/376 4502/7256/515
f 4502/7256/515 4500/7083/376 4503/7257/516
f 4503/7257/516 4500/7083/376 4504/7258/517
f 4504/7258/517 4500/7083/376 4499/7259/518
f 4505/7260/410 4507/7261/406 4508/7262/519
f 4508/7262/519 4507/7261/406 4509/7263/520
f 4509/7263/520 4507/7261/406 4510/7264/521
f 4510/7264/521 4507/7261/406 4511/7265/522
f 4511/7265/522 4507/7261/406 4506/7117/405
f 4505/7054/362 4508/7266/523 4504/7267/523 4499/7051/362
f 4508/7266/523 4509/7268/524 4503/7269/524 4504/7267/523
f 4509/7268/524 4510/7264/525 4502/7256/525 4503/7269/524
f 4510/7264/525 4511/7270/526 4501/7255/526 4502/7256/525
f 4511/7270/526 4506/7117/408 4498/7084/408 4501/7255/526
f 4366/7075/527 4369/7104/527 4368/7052/527 4499/7051/518 4500/7083/376
f 4571/7271/352 4637/7272/353 4638/7273/354 4614/7274/355 4612/7275/356 4543/7276/352 4548/7277/352 4547/7278/352 4546/7279/352 4545/7280/352 4544/7281/352 4542/7282/352 4572/7283/352 4577/7284/352 4576/7285/352 4575/7286/352 4574/7287/352 4573/7288/352
f 4535/7289/357 4629/7290/358 4630/7291/359 4622/7292/360 4620/7293/361 4565/7294/357 4570/7295/357 4569/7296/357 4568/7297/357 4567/7298/357 4566/7299/357 4564/7300/357 4536/7301/357 4541/7302/357 4540/7303/357 4539/7304/357 4538/7305/357 4537/7306/357
f 4645/7307/362 4514/7308/363 4517/7309/363 4651/7310/362
f 4578/7311/364 4521/7312/365 4526/7313/365 4525/7314/365 4524/7315/365 4523/7316/365 4522/7317/365 4520/7318/365 4550/7319/365 4555/7320/365 4554/7321/365 4553/7322/365 4552/7323/365 4551/7324/365 4549/7325/365 4596/7326/366 4597/7327/367 4580/7328/368
f 4529/7329/369 4513/7330/370 4512/7331/370 4558/7332/369 4556/7333/371 4528/7334/372
f 4621/7335/373 4595/7336/374 4604/7337/374 4636/7338/373
f 4558/7332/375 4512/7331/375 4646/7339/528 4644/7340/377 4606/7341/375 4603/7342/375 4557/7343/375
f 4636/7338/378 4604/7337/379 4605/7344/380 4589/7345/381 4586/7346/382 4613/7347/383 4614/7274/355 4638/7273/354
f 4550/7348/384 4520/7318/385 4528/7334/372 4556/7333/371
f 4579/7349/386 4628/7350/387 4613/7351/387 4586/7352/386
f 4629/7353/388 4535/7354/389 4543/7355/389 4612/7356/388
f 4596/7326/390 4549/7325/391 4557/7343/392 4603/7342/393
f 4628/7357/394 4579/7358/395 4580/7328/368 4597/7327/367 4595/7336/396 4621/7335/397 4622/7292/360 4630/7291/359
f 4513/7330/370 4516/7359/398 4515/7360/398 4512/7331/370
f 4565/7294/399 4620/7293/400 4637/7272/400 4571/7271/399
f 4536/7361/401 4564/7362/402 4572/7363/402 4542/7364/401
f 4514/7308/403 4515/7360/403 4516/7365/403 4517/7309/403
f 4588/7366/404 4652/7367/405 4653/7368/529 4513/7369/404 4529/7370/404 4527/7371/404 4587/7372/404
f 4606/7341/407 4644/7340/408 4652/7373/408 4588/7374/409 4589/7345/381 4605/7344/380
f 4651/7375/410 4517/7376/411 4516/7377/411 4513/7369/411 4653/7368/529
f 4527/7378/412 4529/7329/413 4530/7379/414
f 4530/7379/414 4529/7329/413 4531/7380/415
f 4531/7380/415 4529/7329/413 4532/7381/416
f 4532/7381/416 4529/7329/413 4533/7382/417
f 4533/7382/417 4529/7329/413 4534/7383/418
f 4534/7383/418 4529/7329/413 4528/7334/419
f 4556/7333/420 4558/7332/421 4559/7384/422
f 4559/7384/422 4558/7332/421 4560/7385/423
f 4560/7385/423 4558/7332/421 4561/7386/424
f 4561/7386/424 4558/7332/421 4562/7387/425
f 4562/7387/425 4558/7332/421 4563/7388/426
f 4563/7388/426 4558/7332/421 4557/7389/392
f 4578/7311/364 4580/7328/368 4581/7390/427
f 4581/7390/427 4580/7328/368 4582/7391/428
f 4582/7391/428 4580/7328/368 4583/7392/429
f 4583/7392/429 4580/7328/368 4584/7393/430
f 4584/7393/430 4580/7328/368 4585/7394/431
f 4585/7394/431 4580/7328/368 4579/7395/395
f 4586/7346/382 4589/7345/381 4588/7396/409 4587/7397/432 4594/7398/432 4593/7399/432 4592/7400/432 4591/7401/432 4590/7402/432
f 4595/7336/396 4597/7327/367 4598/7403/433
f 4598/7403/433 4597/7327/367 4599/7404/434
f 4599/7404/434 4597/7327/367 4600/7405/435
f 4600/7405/435 4597/7327/367 4601/7406/436
f 4601/7406/436 4597/7327/367 4602/7407/437
f 4602/7407/437 4597/7327/367 4596/7408/366
f 4603/7342/438 4606/7341/407 4605/7344/380 4604/7409/379 4611/7410/438 4610/7411/438 4609/7412/438 4608/7413/438 4607/7414/438
f 4612/7356/356 4614/7415/355 4615/7416/439
f 4615/7416/439 4614/7415/355 4616/7417/440
f 4616/7417/440 4614/7415/355 4617/7418/441
f 4617/7418/441 4614/7415/355 4618/7419/442
f 4618/7419/442 4614/7415/355 4619/7420/443
f 4619/7420/443 4614/7415/355 4613/7421/383
f 4620/7293/361 4622/7292/360 4623/7422/530
f 4623/7422/530 4622/7292/360 4624/7423/445
f 4624/7423/445 4622/7292/360 4625/7424/446
f 4625/7424/446 4622/7292/360 4626/7425/447
f 4626/7425/447 4622/7292/360 4627/7426/448
f 4627/7426/448 4622/7292/360 4621/7427/397
f 4628/7428/394 4630/7291/359 4631/7429/449
f 4631/7429/449 4630/7291/359 4632/7430/450
f 4632/7430/450 4630/7291/359 4633/7431/451
f 4633/7431/451 4630/7291/359 4634/7432/452
f 4634/7432/452 4630/7291/359 4635/7433/453
f 4635/7433/453 4630/7291/359 4629/7290/358
f 4636/7338/378 4638/7273/354 4639/7434/454
f 4639/7434/454 4638/7273/354 4640/7435/455
f 4640/7435/455 4638/7273/354 4641/7436/456
f 4641/7436/456 4638/7273/354 4642/7437/457
f 4642/7437/457 4638/7273/354 4643/7438/458
f 4643/7438/458 4638/7273/354 4637/7439/353
f 4520/7318/385 4522/7440/459 4534/7441/459 4528/7334/372
f 4522/7440/460 4523/7442/461 4533/7443/417 4534/7441/460
f 4523/7442/461 4524/7444/462 4532/7445/416 4533/7443/417
f 4524/7446/462 4525/7447/463 4531/7448/415 4532/7449/416
f 4525/7447/463 4526/7450/464 4530/7451/414 4531/7448/415
f 4526/7450/464 4521/7452/465 4527/7371/412 4530/7451/414
f 4542/7364/401 4544/7453/466 4541/7454/466 4536/7361/401
f 4544/7453/466 4545/7455/467 4540/7456/467 4541/7454/466
f 4545/7455/467 4546/7457/468 4539/7458/468 4540/7456/467
f 4546/7457/468 4547/7459/469 4538/7460/469 4539/7458/468
f 4547/7459/469 4548/7461/470 4537/7462/470 4538/7460/469
f 4548/7461/470 4543/7355/389 4535/7354/389 4537/7462/470
f 4571/7271/399 4573/7463/471 4570/7464/471 4565/7294/399
f 4573/7463/471 4574/7465/472 4569/7466/472 4570/7464/471
f 4574/7465/472 4575/7467/473 4568/7468/473 4569/7466/472
f 4575/7467/473 4576/7469/474 4567/7470/474 4568/7468/473
f 4576/7469/474 4577/7471/475 4566/7472/475 4567/7470/474
f 4577/7471/475 4572/7363/402 4564/7362/402 4566/7472/475
f 4556/7333/371 4559/7384/531 4555/7473/531 4550/7348/384
f 4559/7384/477 4560/7385/423 4554/7474/478 4555/7473/477
f 4560/7385/423 4561/7475/424 4553/7476/479 4554/7474/478
f 4561/7475/424 4562/7477/425 4552/7478/480 4553/7476/479
f 4562/7477/425 4563/7479/426 4551/7480/481 4552/7478/480
f 4563/7479/426 4557/7343/392 4549/7325/391 4551/7480/481
f 4603/7342/393 4607/7414/482 4602/7481/483 4596/7326/390
f 4607/7414/482 4608/7413/484 4601/7482/485 4602/7481/483
f 4608/7413/484 4609/7483/486 4600/7484/487 4601/7482/485
f 4609/7483/486 4610/7485/488 4599/7404/489 4600/7484/487
f 4610/7485/488 4611/7486/490 4598/7403/491 4599/7404/489
f 4611/7486/490 4604/7337/374 4595/7336/374 4598/7403/491
f 4586/7352/386 4590/7487/492 4585/7488/493 4579/7349/386
f 4590/7487/492 4591/7489/494 4584/7490/495 4585/7488/493
f 4591/7489/494 4592/7491/496 4583/7492/497 4584/7490/495
f 4592/7491/496 4593/7493/498 4582/7494/499 4583/7492/497
f 4593/7493/498 4594/7495/500 4581/7496/501 4582/7494/499
f 4594/7495/500 4587/7372/502 4578/7497/503 4581/7496/501
f 4636/7338/373 4639/7434/504 4627/7498/504 4621/7335/373
f 4639/7434/504 4640/7435/505 4626/7499/505 4627/7498/504
f 4640/7435/505 4641/7500/506 4625/7501/506 4626/7499/505
f 4641/7500/506 4642/7502/507 4624/7423/507 4625/7501/506
f 4642/7502/507 4643/7503/508 4623/7422/508 4624/7423/507
f 4643/7503/508 4637/7272/400 4620/7293/400 4623/7422/508
f 4612/7356/388 4615/7416/509 4635/7504/509 4629/7353/388
f 4615/7416/509 4616/7417/510 4634/7505/510 4635/7504/509
f 4616/7417/510 4617/7418/511 4633/7506/511 4634/7505/510
f 4617/7418/511 4618/7507/512 4632/7508/512 4633/7506/511
f 4618/7507/512 4619/7509/513 4631/7510/513 4632/7508/512
f 4619/7509/513 4613/7351/387 4628/7350/387 4631/7510/513
f 4521/7452/465 4578/7497/503 4587/7372/502 4527/7371/412
f 4644/7340/377 4646/7339/528 4647/7511/532
f 4647/7511/532 4646/7339/528 4648/7512/515
f 4648/7512/515 4646/7339/528 4649/7513/516
f 4649/7513/516 4646/7339/528 4650/7514/517
f 4650/7514/517 4646/7339/528 4645/7515/518
f 4651/7516/410 4653/7517/529 4654/7518/519
f 4654/7518/519 4653/7517/529 4655/7519/520
f 4655/7519/520 4653/7517/529 4656/7520/521
f 4656/7520/521 4653/7517/529 4657/7521/522
f 4657/7521/522 4653/7517/529 4652/7373/405
f 4651/7310/362 4654/7522/523 4650/7523/523 4645/7307/362
f 4654/7522/523 4655/7524/524 4649/7525/524 4650/7523/523
f 4655/7524/524 4656/7520/525 4648/7512/525 4649/7525/524
f 4656/7520/525 4657/7526/526 4647/7511/526 4648/7512/525
f 4657/7526/526 4652/7373/408 4644/7340/408 4647/7511/526
f 4512/7331/527 4515/7360/527 4514/7308/527 4645/7307/518 4646/7339/528
f 4717/7527/352 4783/7528/353 4784/7529/354 4760/7530/355 4758/7531/356 4689/7532/352 4694/7533/352 4693/7534/352 4692/7535/352 4691/7536/352 4690/7537/352 4688/7538/352 4718/7539/352 4723/7540/352 4722/7541/352 4721/7542/352 4720/7543/352 4719/7544/352
f 4681/7545/357 4775/7546/358 4776/7547/359 4768/7548/360 4766/7549/361 4711/7550/357 4716/7551/357 4715/7552/357 4714/7553/357 4713/7554/357 4712/7555/357 4710/7556/357 4682/7557/357 4687/7558/357 4686/7559/357 4685/7560/357 4684/7561/357 4683/7562/357
f 4791/7563/362 4660/7564/363 4663/7565/363 4797/7566/362
f 4724/7567/364 4667/7568/365 4672/7569/365 4671/7570/365 4670/7571/365 4669/7572/365 4668/7573/365 4666/7574/365 4696/7575/365 4701/7576/365 4700/7577/365 4699/7578/365 4698/7579/365 4697/7580/365 4695/7581/365 4742/7582/366 4743/7583/367 4726/7584/368
f 4675/7585/369 4659/7586/370 4658/7587/370 4704/7588/369 4702/7589/371 4674/7590/372
f 4767/7591/373 4741/7592/374 4750/7593/374 4782/7594/373
f 4704/7588/375 4658/7587/375 4792/7595/533 4790/7596/377 4752/7597/375 4749/7598/375 4703/7599/375
f 4782/7594/378 4750/7593/379 4751/7600/380 4735/7601/381 4732/7602/382 4759/7603/383 4760/7530/355 4784/7529/354
f 4696/7604/384 4666/7574/385 4674/7590/372 4702/7589/371
f 4725/7605/386 4774/7606/387 4759/7607/387 4732/7608/386
f 4775/7609/388 4681/7610/389 4689/7611/389 4758/7612/388
f 4742/7582/390 4695/7581/391 4703/7599/392 4749/7598/393
f 4774/7613/394 4725/7614/395 4726/7584/368 4743/7583/367 4741/7592/396 4767/7591/397 4768/7548/360 4776/7547/359
f 4659/7586/370 4662/7615/398 4661/7616/398 4658/7587/370
f 4711/7550/399 4766/7549/400 4783/7528/400 4717/7527/399
f 4682/7617/401 4710/7618/402 4718/7619/402 4688/7620/401
f 4660/7564/403 4661/7616/403 4662/7621/403 4663/7565/403
f 4734/7622/404 4798/7623/405 4799/7624/406 4659/7625/404 4675/7626/404 4673/7627/404 4733/7628/404
f 4752/7597/407 4790/7596/408 4798/7629/408 4734/7630/409 4735/7601/381 4751/7600/380
f 4797/7631/410 4663/7632/411 4662/7633/411 4659/7625/411 4799/7624/406
f 4673/7634/412 4675/7585/413 4676/7635/414
f 4676/7635/414 4675/7585/413 4677/7636/415
f 4677/7636/415 4675/7585/413 4678/7637/416
f 4678/7637/416 4675/7585/413 4679/7638/417
f 4679/7638/417 4675/7585/413 4680/7639/418
f 4680/7639/418 4675/7585/413 4674/7590/419
f 4702/7589/420 4704/7588/421 4705/7640/422
f 4705/7640/422 4704/7588/421 4706/7641/423
f 4706/7641/423 4704/7588/421 4707/7642/424
f 4707/7642/424 4704/7588/421 4708/7643/425
f 4708/7643/425 4704/7588/421 4709/7644/426
f 4709/7644/426 4704/7588/421 4703/7645/392
f 4724/7567/364 4726/7584/368 4727/7646/427
f 4727/7646/427 4726/7584/368 4728/7647/428
f 4728/7647/428 4726/7584/368 4729/7648/429
f 4729/7648/429 4726/7584/368 4730/7649/430
f 4730/7649/430 4726/7584/368 4731/7650/431
f 4731/7650/431 4726/7584/368 4725/7651/395
f 4732/7602/382 4735/7601/381 4734/7652/409 4733/7653/432 4740/7654/432 4739/7655/432 4738/7656/432 4737/7657/432 4736/7658/432
f 4741/7592/396 4743/7583/367 4744/7659/433
f 4744/7659/433 4743/7583/367 4745/7660/434
f 4745/7660/434 4743/7583/367 4746/7661/435
f 4746/7661/435 4743/7583/367 4747/7662/436
f 4747/7662/436 4743/7583/367 4748/7663/437
f 4748/7663/437 4743/7583/367 4742/7664/366
f 4749/7598/438 4752/7597/407 4751/7600/380 4750/7665/379 4757/7666/438 4756/7667/438 4755/7668/438 4754/7669/438 4753/7670/438
f 4758/7612/356 4760/7671/355 4761/7672/439
f 4761/7672/439 4760/7671/355 4762/7673/440
f 4762/7673/440 4760/7671/355 4763/7674/441
f 4763/7674/441 4760/7671/355 4764/7675/442
f 4764/7675/442 4760/7671/355 4765/7676/443
f 4765/7676/443 4760/7671/355 4759/7677/383
f 4766/7549/361 4768/7548/360 4769/7678/444
f 4769/7678/444 4768/7548/360 4770/7679/445
f 4770/7679/445 4768/7548/360 4771/7680/446
f 4771/7680/446 4768/7548/360 4772/7681/447
f 4772/7681/447 4768/7548/360 4773/7682/448
f 4773/7682/448 4768/7548/360 4767/7683/397
f 4774/7684/394 4776/7547/359 4777/7685/449
f 4777/7685/449 4776/7547/359 4778/7686/450
f 4778/7686/450 4776/7547/359 4779/7687/451
f 4779/7687/451 4776/7547/359 4780/7688/452
f 4780/7688/452 4776/7547/359 4781/7689/453
f 4781/7689/453 4776/7547/359 4775/7546/358
f 4782/7594/378 4784/7529/354 4785/7690/454
f 4785/7690/454 4784/7529/354 4786/7691/455
f 4786/7691/455 4784/7529/354 4787/7692/456
f 4787/7692/456 4784/7529/354 4788/7693/457
f 4788/7693/457 4784/7529/354 4789/7694/534
f 4789/7694/534 4784/7529/354 4783/7695/353
f 4666/7574/385 4668/7696/459 4680/7697/459 4674/7590/372
f 4668/7696/460 4669/7698/461 4679/7699/417 4680/7697/460
f 4669/7698/461 4670/7700/462 4678/7701/416 4679/7699/417
f 4670/7702/462 4671/7703/463 4677/7704/415 4678/7705/416
f 4671/7703/463 4672/7706/464 4676/7707/414 4677/7704/415
f 4672/7706/464 4667/7708/465 4673/7627/412 4676/7707/414
f 4688/7620/401 4690/7709/466 4687/7710/466 4682/7617/401
f 4690/7709/466 4691/7711/467 4686/7712/467 4687/7710/466
f 4691/7711/467 4692/7713/468 4685/7714/468 4686/7712/467
f 4692/7713/468 4693/7715/469 4684/7716/469 4685/7714/468
f 4693/7715/469 4694/7717/470 4683/7718/470 4684/7716/469
f 4694/7717/470 4689/7611/389 4681/7610/389 4683/7718/470
f 4717/7527/399 4719/7719/471 4716/7720/471 4711/7550/399
f 4719/7719/471 4720/7721/472 4715/7722/472 4716/7720/471
f 4720/7721/472 4721/7723/473 4714/7724/473 4715/7722/472
f 4721/7723/473 4722/7725/474 4713/7726/474 4714/7724/473
f 4722/7725/474 4723/7727/475 4712/7728/475 4713/7726/474
f 4723/7727/475 4718/7619/402 4710/7618/402 4712/7728/475
f 4702/7589/371 4705/7640/476 4701/7729/476 4696/7604/384
f 4705/7640/477 4706/7641/423 4700/7730/478 4701/7729/477
f 4706/7641/423 4707/7731/424 4699/7732/479 4700/7730/478
f 4707/7731/424 4708/7733/425 4698/7734/480 4699/7732/479
f 4708/7733/425 4709/7735/426 4697/7736/481 4698/7734/480
f 4709/7735/426 4703/7599/392 4695/7581/391 4697/7736/481
f 4749/7598/393 4753/7670/482 4748/7737/483 4742/7582/390
f 4753/7670/482 4754/7669/484 4747/7738/485 4748/7737/483
f 4754/7669/484 4755/7739/486 4746/7740/487 4747/7738/485
f 4755/7739/486 4756/7741/488 4745/7660/489 4746/7740/487
f 4756/7741/488 4757/7742/490 4744/7659/491 4745/7660/489
f 4757/7742/490 4750/7593/374 4741/7592/374 4744/7659/491
f 4732/7608/386 4736/7743/492 4731/7744/493 4725/7605/386
f 4736/7743/492 4737/7745/494 4730/7746/495 4731/7744/493
f 4737/7745/494 4738/7747/496 4729/7748/497 4730/7746/495
f 4738/7747/496 4739/7749/498 4728/7750/499 4729/7748/497
f 4739/7749/498 4740/7751/500 4727/7752/501 4728/7750/499
f 4740/7751/500 4733/7628/502 4724/7753/503 4727/7752/501
f 4782/7594/373 4785/7690/504 4773/7754/504 4767/7591/373
f 4785/7690/504 4786/7691/505 4772/7755/505 4773/7754/504
f 4786/7691/505 4787/7756/506 4771/7757/506 4772/7755/505
f 4787/7756/506 4788/7758/507 4770/7679/507 4771/7757/506
f 4788/7758/507 4789/7759/508 4769/7678/508 4770/7679/507
f 4789/7759/508 4783/7528/400 4766/7549/400 4769/7678/508
f 4758/7612/388 4761/7672/509 4781/7760/509 4775/7609/388
f 4761/7672/509 4762/7673/510 4780/7761/510 4781/7760/509
f 4762/7673/510 4763/7674/511 4779/7762/511 4780/7761/510
f 4763/7674/511 4764/7763/512 4778/7764/512 4779/7762/511
f 4764/7763/512 4765/7765/513 4777/7766/513 4778/7764/512
f 4765/7765/513 4759/7607/387 4774/7606/387 4777/7766/513
f 4667/7708/465 4724/7753/503 4733/7628/502 4673/7627/412
f 4790/7596/377 4792/7595/533 4793/7767/532
f 4793/7767/532 4792/7595/533 4794/7768/515
f 4794/7768/515 4792/7595/533 4795/7769/516
f 4795/7769/516 4792/7595/533 4796/7770/517
f 4796/7770/517 4792/7595/533 4791/7771/518
f 4797/7772/410 4799/7773/406 4800/7774/519
f 4800/7774/519 4799/7773/406 4801/7775/520
f 4801/7775/520 4799/7773/406 4802/7776/521
f 4802/7776/521 4799/7773/406 4803/7777/522
f 4803/7777/522 4799/7773/406 4798/7629/405
f 4797/7566/362 4800/7778/523 4796/7779/523 4791/7563/362
f 4800/7778/523 4801/7780/524 4795/7781/524 4796/7779/523
f 4801/7780/524 4802/7776/525 4794/7768/525 4795/7781/524
f 4802/7776/525 4803/7782/526 4793/7767/526 4794/7768/525
f 4803/7782/526 4798/7629/408 4790/7596/408 4793/7767/526
f 4658/7587/527 4661/7616/527 4660/7564/527 4791/7563/518 4792/7595/533
f 4804/7783/535 4806/7784/536 4807/7785/536 4805/7786/535
f 4806/7784/536 4808/7787/537 4809/7788/537 4807/7785/536
f 4808/7787/537 4810/7789/538 4811/7790/538 4809/7788/537
f 4810/7789/538 4812/7791/539 4813/7792/539 4811/7790/538
f 4812/7791/539 4814/7793/540 4815/7794/540 4813/7792/539
f 4814/7793/540 4816/7795/541 4817/7796/541 4815/7794/540
f 4816/7795/541 4818/7797/542 4819/7798/542 4817/7796/541
f 4818/7797/542 4820/7799/543 4821/7800/543 4819/7798/542
f 4822/7801/544 4824/7802/545 4825/7803/545 4823/7804/544
f 4824/7802/545 4826/7805/546 4827/7806/546 4825/7803/545
f 4826/7805/546 4828/7807/547 4829/7808/547 4827/7806/546
f 4828/7807/547 4830/7809/548 4831/7810/548 4829/7808/547
f 4830/7809/548 4832/7811/549 4833/7812/549 4831/7810/548
f 4832/7811/549 4834/7813/550 4835/7814/550 4833/7812/549
f 4807/7815/551 4809/7816/551 4811/7817/551 4813/7818/551 4815/7819/551 4817/7820/551 4819/7821/551 4821/7822/551 4823/7823/551 4825/7824/551 4827/7825/551 4829/7826/551 4831/7827/551 4833/7828/551 4835/7829/551 4837/7830/551 4805/7831/551
f 4834/7813/550 4836/7832/552 4837/7833/552 4835/7814/550
f 4836/7832/552 4804/7834/535 4805/7835/535 4837/7833/552
f 4804/7836/553 4836/7837/553 4834/7838/553 4832/7839/553 4830/7840/553 4828/7841/553 4826/7842/553 4824/7843/553 4822/7844/553 4820/7845/553 4818/7846/553 4816/7847/553 4814/7848/553 4812/7849/553 4810/7850/553 4808/7851/553 4806/7852/553
l 4364 4365
l 4372 4373
l 4518 4519
l 4664 4665
